[2026-07-20T07:20:25.079+0000] {processor.py:161} INFO - Started process (PID=14491) to work on /opt/airflow/dags/scd.py
[2026-07-20T07:20:25.081+0000] {processor.py:830} INFO - Processing file /opt/airflow/dags/scd.py for tasks to queue
[2026-07-20T07:20:25.084+0000] {logging_mixin.py:188} INFO - [2026-07-20T07:20:25.084+0000] {dagbag.py:545} INFO - Filling up the DagBag from /opt/airflow/dags/scd.py
[2026-07-20T07:20:25.125+0000] {processor.py:840} INFO - DAG(s) 'SCD2_snapshots' retrieved from /opt/airflow/dags/scd.py
[2026-07-20T07:20:25.607+0000] {logging_mixin.py:188} INFO - [2026-07-20T07:20:25.606+0000] {override.py:1858} INFO - Created Permission View: can read on DAG:SCD2_snapshots
[2026-07-20T07:20:25.621+0000] {logging_mixin.py:188} INFO - [2026-07-20T07:20:25.620+0000] {override.py:1858} INFO - Created Permission View: can edit on DAG:SCD2_snapshots
[2026-07-20T07:20:25.630+0000] {logging_mixin.py:188} INFO - [2026-07-20T07:20:25.630+0000] {override.py:1858} INFO - Created Permission View: can delete on DAG:SCD2_snapshots
[2026-07-20T07:20:25.631+0000] {logging_mixin.py:188} INFO - [2026-07-20T07:20:25.631+0000] {dag.py:3089} INFO - Sync 1 DAGs
[2026-07-20T07:20:25.646+0000] {logging_mixin.py:188} INFO - [2026-07-20T07:20:25.645+0000] {dag.py:3111} INFO - Creating ORM DAG for SCD2_snapshots
[2026-07-20T07:20:25.668+0000] {logging_mixin.py:188} INFO - [2026-07-20T07:20:25.667+0000] {dag.py:3947} INFO - Setting next_dagrun for SCD2_snapshots to 2026-07-19 00:00:00+00:00, run_after=2026-07-20 00:00:00+00:00
[2026-07-20T07:20:25.702+0000] {processor.py:183} INFO - Processing /opt/airflow/dags/scd.py took 0.637 seconds
[2026-07-20T07:20:56.321+0000] {processor.py:161} INFO - Started process (PID=14496) to work on /opt/airflow/dags/scd.py
[2026-07-20T07:20:56.322+0000] {processor.py:830} INFO - Processing file /opt/airflow/dags/scd.py for tasks to queue
[2026-07-20T07:20:56.325+0000] {logging_mixin.py:188} INFO - [2026-07-20T07:20:56.324+0000] {dagbag.py:545} INFO - Filling up the DagBag from /opt/airflow/dags/scd.py
[2026-07-20T07:20:56.353+0000] {processor.py:840} INFO - DAG(s) 'SCD2_snapshots' retrieved from /opt/airflow/dags/scd.py
[2026-07-20T07:20:56.395+0000] {logging_mixin.py:188} INFO - [2026-07-20T07:20:56.395+0000] {dag.py:3089} INFO - Sync 1 DAGs
[2026-07-20T07:20:56.426+0000] {logging_mixin.py:188} INFO - [2026-07-20T07:20:56.426+0000] {dag.py:3947} INFO - Setting next_dagrun for SCD2_snapshots to 2026-07-19 00:00:00+00:00, run_after=2026-07-20 00:00:00+00:00
[2026-07-20T07:20:56.455+0000] {processor.py:183} INFO - Processing /opt/airflow/dags/scd.py took 0.142 seconds
[2026-07-20T07:21:26.554+0000] {processor.py:161} INFO - Started process (PID=14501) to work on /opt/airflow/dags/scd.py
[2026-07-20T07:21:26.556+0000] {processor.py:830} INFO - Processing file /opt/airflow/dags/scd.py for tasks to queue
[2026-07-20T07:21:26.559+0000] {logging_mixin.py:188} INFO - [2026-07-20T07:21:26.558+0000] {dagbag.py:545} INFO - Filling up the DagBag from /opt/airflow/dags/scd.py
[2026-07-20T07:21:26.592+0000] {processor.py:840} INFO - DAG(s) 'SCD2_snapshots' retrieved from /opt/airflow/dags/scd.py
[2026-07-20T07:21:26.638+0000] {logging_mixin.py:188} INFO - [2026-07-20T07:21:26.638+0000] {dag.py:3089} INFO - Sync 1 DAGs
[2026-07-20T07:21:26.673+0000] {logging_mixin.py:188} INFO - [2026-07-20T07:21:26.673+0000] {dag.py:3947} INFO - Setting next_dagrun for SCD2_snapshots to 2026-07-19 00:00:00+00:00, run_after=2026-07-20 00:00:00+00:00
[2026-07-20T07:21:26.706+0000] {processor.py:183} INFO - Processing /opt/airflow/dags/scd.py took 0.166 seconds
[2026-07-20T07:21:56.836+0000] {processor.py:161} INFO - Started process (PID=14506) to work on /opt/airflow/dags/scd.py
[2026-07-20T07:21:56.838+0000] {processor.py:830} INFO - Processing file /opt/airflow/dags/scd.py for tasks to queue
[2026-07-20T07:21:56.841+0000] {logging_mixin.py:188} INFO - [2026-07-20T07:21:56.841+0000] {dagbag.py:545} INFO - Filling up the DagBag from /opt/airflow/dags/scd.py
[2026-07-20T07:21:56.874+0000] {processor.py:840} INFO - DAG(s) 'SCD2_snapshots' retrieved from /opt/airflow/dags/scd.py
[2026-07-20T07:21:56.919+0000] {logging_mixin.py:188} INFO - [2026-07-20T07:21:56.919+0000] {dag.py:3089} INFO - Sync 1 DAGs
[2026-07-20T07:21:56.952+0000] {logging_mixin.py:188} INFO - [2026-07-20T07:21:56.952+0000] {dag.py:3947} INFO - Setting next_dagrun for SCD2_snapshots to 2026-07-19 00:00:00+00:00, run_after=2026-07-20 00:00:00+00:00
[2026-07-20T07:21:56.982+0000] {processor.py:183} INFO - Processing /opt/airflow/dags/scd.py took 0.156 seconds
[2026-07-20T07:22:27.161+0000] {processor.py:161} INFO - Started process (PID=14511) to work on /opt/airflow/dags/scd.py
[2026-07-20T07:22:27.162+0000] {processor.py:830} INFO - Processing file /opt/airflow/dags/scd.py for tasks to queue
[2026-07-20T07:22:27.165+0000] {logging_mixin.py:188} INFO - [2026-07-20T07:22:27.164+0000] {dagbag.py:545} INFO - Filling up the DagBag from /opt/airflow/dags/scd.py
[2026-07-20T07:22:27.196+0000] {processor.py:840} INFO - DAG(s) 'SCD2_snapshots' retrieved from /opt/airflow/dags/scd.py
[2026-07-20T07:22:27.239+0000] {logging_mixin.py:188} INFO - [2026-07-20T07:22:27.238+0000] {dag.py:3089} INFO - Sync 1 DAGs
[2026-07-20T07:22:27.457+0000] {logging_mixin.py:188} INFO - [2026-07-20T07:22:27.457+0000] {dag.py:3947} INFO - Setting next_dagrun for SCD2_snapshots to 2026-07-19 00:00:00+00:00, run_after=2026-07-20 00:00:00+00:00
[2026-07-20T07:22:27.479+0000] {processor.py:183} INFO - Processing /opt/airflow/dags/scd.py took 0.326 seconds
[2026-07-20T07:22:58.425+0000] {processor.py:161} INFO - Started process (PID=14516) to work on /opt/airflow/dags/scd.py
[2026-07-20T07:22:58.427+0000] {processor.py:830} INFO - Processing file /opt/airflow/dags/scd.py for tasks to queue
[2026-07-20T07:22:58.429+0000] {logging_mixin.py:188} INFO - [2026-07-20T07:22:58.428+0000] {dagbag.py:545} INFO - Filling up the DagBag from /opt/airflow/dags/scd.py
[2026-07-20T07:22:58.456+0000] {processor.py:840} INFO - DAG(s) 'SCD2_snapshots' retrieved from /opt/airflow/dags/scd.py
[2026-07-20T07:22:58.501+0000] {logging_mixin.py:188} INFO - [2026-07-20T07:22:58.501+0000] {dag.py:3089} INFO - Sync 1 DAGs
[2026-07-20T07:22:58.533+0000] {logging_mixin.py:188} INFO - [2026-07-20T07:22:58.532+0000] {dag.py:3947} INFO - Setting next_dagrun for SCD2_snapshots to 2026-07-19 00:00:00+00:00, run_after=2026-07-20 00:00:00+00:00
[2026-07-20T07:22:58.568+0000] {processor.py:183} INFO - Processing /opt/airflow/dags/scd.py took 0.149 seconds
[2026-07-20T07:23:28.801+0000] {processor.py:161} INFO - Started process (PID=14521) to work on /opt/airflow/dags/scd.py
[2026-07-20T07:23:28.803+0000] {processor.py:830} INFO - Processing file /opt/airflow/dags/scd.py for tasks to queue
[2026-07-20T07:23:28.805+0000] {logging_mixin.py:188} INFO - [2026-07-20T07:23:28.805+0000] {dagbag.py:545} INFO - Filling up the DagBag from /opt/airflow/dags/scd.py
[2026-07-20T07:23:28.833+0000] {processor.py:840} INFO - DAG(s) 'SCD2_snapshots' retrieved from /opt/airflow/dags/scd.py
[2026-07-20T07:23:28.872+0000] {logging_mixin.py:188} INFO - [2026-07-20T07:23:28.871+0000] {dag.py:3089} INFO - Sync 1 DAGs
[2026-07-20T07:23:28.900+0000] {logging_mixin.py:188} INFO - [2026-07-20T07:23:28.899+0000] {dag.py:3947} INFO - Setting next_dagrun for SCD2_snapshots to 2026-07-19 00:00:00+00:00, run_after=2026-07-20 00:00:00+00:00
[2026-07-20T07:23:28.923+0000] {processor.py:183} INFO - Processing /opt/airflow/dags/scd.py took 0.130 seconds
[2026-07-20T07:23:59.076+0000] {processor.py:161} INFO - Started process (PID=14526) to work on /opt/airflow/dags/scd.py
[2026-07-20T07:23:59.078+0000] {processor.py:830} INFO - Processing file /opt/airflow/dags/scd.py for tasks to queue
[2026-07-20T07:23:59.081+0000] {logging_mixin.py:188} INFO - [2026-07-20T07:23:59.081+0000] {dagbag.py:545} INFO - Filling up the DagBag from /opt/airflow/dags/scd.py
[2026-07-20T07:23:59.108+0000] {processor.py:840} INFO - DAG(s) 'SCD2_snapshots' retrieved from /opt/airflow/dags/scd.py
[2026-07-20T07:23:59.147+0000] {logging_mixin.py:188} INFO - [2026-07-20T07:23:59.147+0000] {dag.py:3089} INFO - Sync 1 DAGs
[2026-07-20T07:23:59.175+0000] {logging_mixin.py:188} INFO - [2026-07-20T07:23:59.175+0000] {dag.py:3947} INFO - Setting next_dagrun for SCD2_snapshots to 2026-07-19 00:00:00+00:00, run_after=2026-07-20 00:00:00+00:00
[2026-07-20T07:23:59.202+0000] {processor.py:183} INFO - Processing /opt/airflow/dags/scd.py took 0.134 seconds
[2026-07-20T07:24:29.596+0000] {processor.py:161} INFO - Started process (PID=14531) to work on /opt/airflow/dags/scd.py
[2026-07-20T07:24:29.597+0000] {processor.py:830} INFO - Processing file /opt/airflow/dags/scd.py for tasks to queue
[2026-07-20T07:24:29.600+0000] {logging_mixin.py:188} INFO - [2026-07-20T07:24:29.600+0000] {dagbag.py:545} INFO - Filling up the DagBag from /opt/airflow/dags/scd.py
[2026-07-20T07:24:29.631+0000] {processor.py:840} INFO - DAG(s) 'SCD2_snapshots' retrieved from /opt/airflow/dags/scd.py
[2026-07-20T07:24:29.676+0000] {logging_mixin.py:188} INFO - [2026-07-20T07:24:29.675+0000] {dag.py:3089} INFO - Sync 1 DAGs
[2026-07-20T07:24:29.880+0000] {logging_mixin.py:188} INFO - [2026-07-20T07:24:29.880+0000] {dag.py:3947} INFO - Setting next_dagrun for SCD2_snapshots to 2026-07-19 00:00:00+00:00, run_after=2026-07-20 00:00:00+00:00
[2026-07-20T07:24:29.906+0000] {processor.py:183} INFO - Processing /opt/airflow/dags/scd.py took 0.321 seconds
[2026-07-20T07:25:00.142+0000] {processor.py:161} INFO - Started process (PID=14536) to work on /opt/airflow/dags/scd.py
[2026-07-20T07:25:00.143+0000] {processor.py:830} INFO - Processing file /opt/airflow/dags/scd.py for tasks to queue
[2026-07-20T07:25:00.146+0000] {logging_mixin.py:188} INFO - [2026-07-20T07:25:00.146+0000] {dagbag.py:545} INFO - Filling up the DagBag from /opt/airflow/dags/scd.py
[2026-07-20T07:25:00.171+0000] {processor.py:840} INFO - DAG(s) 'SCD2_snapshots' retrieved from /opt/airflow/dags/scd.py
[2026-07-20T07:25:00.216+0000] {logging_mixin.py:188} INFO - [2026-07-20T07:25:00.215+0000] {dag.py:3089} INFO - Sync 1 DAGs
[2026-07-20T07:25:00.245+0000] {logging_mixin.py:188} INFO - [2026-07-20T07:25:00.245+0000] {dag.py:3947} INFO - Setting next_dagrun for SCD2_snapshots to 2026-07-19 00:00:00+00:00, run_after=2026-07-20 00:00:00+00:00
[2026-07-20T07:25:00.276+0000] {processor.py:183} INFO - Processing /opt/airflow/dags/scd.py took 0.142 seconds
[2026-07-20T07:25:30.349+0000] {processor.py:161} INFO - Started process (PID=14541) to work on /opt/airflow/dags/scd.py
[2026-07-20T07:25:30.351+0000] {processor.py:830} INFO - Processing file /opt/airflow/dags/scd.py for tasks to queue
[2026-07-20T07:25:30.354+0000] {logging_mixin.py:188} INFO - [2026-07-20T07:25:30.353+0000] {dagbag.py:545} INFO - Filling up the DagBag from /opt/airflow/dags/scd.py
[2026-07-20T07:25:30.384+0000] {processor.py:840} INFO - DAG(s) 'SCD2_snapshots' retrieved from /opt/airflow/dags/scd.py
[2026-07-20T07:25:30.423+0000] {logging_mixin.py:188} INFO - [2026-07-20T07:25:30.422+0000] {dag.py:3089} INFO - Sync 1 DAGs
[2026-07-20T07:25:30.456+0000] {logging_mixin.py:188} INFO - [2026-07-20T07:25:30.456+0000] {dag.py:3947} INFO - Setting next_dagrun for SCD2_snapshots to 2026-07-19 00:00:00+00:00, run_after=2026-07-20 00:00:00+00:00
[2026-07-20T07:25:30.490+0000] {processor.py:183} INFO - Processing /opt/airflow/dags/scd.py took 0.151 seconds
[2026-07-20T07:26:00.752+0000] {processor.py:161} INFO - Started process (PID=14546) to work on /opt/airflow/dags/scd.py
[2026-07-20T07:26:00.753+0000] {processor.py:830} INFO - Processing file /opt/airflow/dags/scd.py for tasks to queue
[2026-07-20T07:26:00.756+0000] {logging_mixin.py:188} INFO - [2026-07-20T07:26:00.755+0000] {dagbag.py:545} INFO - Filling up the DagBag from /opt/airflow/dags/scd.py
[2026-07-20T07:26:00.782+0000] {processor.py:840} INFO - DAG(s) 'SCD2_snapshots' retrieved from /opt/airflow/dags/scd.py
[2026-07-20T07:26:00.822+0000] {logging_mixin.py:188} INFO - [2026-07-20T07:26:00.822+0000] {dag.py:3089} INFO - Sync 1 DAGs
[2026-07-20T07:26:00.851+0000] {logging_mixin.py:188} INFO - [2026-07-20T07:26:00.851+0000] {dag.py:3947} INFO - Setting next_dagrun for SCD2_snapshots to 2026-07-19 00:00:00+00:00, run_after=2026-07-20 00:00:00+00:00
[2026-07-20T07:26:00.877+0000] {processor.py:183} INFO - Processing /opt/airflow/dags/scd.py took 0.133 seconds
[2026-07-20T07:26:30.971+0000] {processor.py:161} INFO - Started process (PID=14551) to work on /opt/airflow/dags/scd.py
[2026-07-20T07:26:30.973+0000] {processor.py:830} INFO - Processing file /opt/airflow/dags/scd.py for tasks to queue
[2026-07-20T07:26:30.976+0000] {logging_mixin.py:188} INFO - [2026-07-20T07:26:30.975+0000] {dagbag.py:545} INFO - Filling up the DagBag from /opt/airflow/dags/scd.py
[2026-07-20T07:26:31.011+0000] {processor.py:840} INFO - DAG(s) 'SCD2_snapshots' retrieved from /opt/airflow/dags/scd.py
[2026-07-20T07:26:31.058+0000] {logging_mixin.py:188} INFO - [2026-07-20T07:26:31.058+0000] {dag.py:3089} INFO - Sync 1 DAGs
[2026-07-20T07:26:31.096+0000] {logging_mixin.py:188} INFO - [2026-07-20T07:26:31.096+0000] {dag.py:3947} INFO - Setting next_dagrun for SCD2_snapshots to 2026-07-19 00:00:00+00:00, run_after=2026-07-20 00:00:00+00:00
[2026-07-20T07:26:31.337+0000] {processor.py:183} INFO - Processing /opt/airflow/dags/scd.py took 0.375 seconds
[2026-07-20T07:27:01.634+0000] {processor.py:161} INFO - Started process (PID=14556) to work on /opt/airflow/dags/scd.py
[2026-07-20T07:27:01.636+0000] {processor.py:830} INFO - Processing file /opt/airflow/dags/scd.py for tasks to queue
[2026-07-20T07:27:01.639+0000] {logging_mixin.py:188} INFO - [2026-07-20T07:27:01.639+0000] {dagbag.py:545} INFO - Filling up the DagBag from /opt/airflow/dags/scd.py
[2026-07-20T07:27:01.672+0000] {processor.py:840} INFO - DAG(s) 'SCD2_snapshots' retrieved from /opt/airflow/dags/scd.py
[2026-07-20T07:27:01.727+0000] {logging_mixin.py:188} INFO - [2026-07-20T07:27:01.727+0000] {dag.py:3089} INFO - Sync 1 DAGs
[2026-07-20T07:27:01.770+0000] {logging_mixin.py:188} INFO - [2026-07-20T07:27:01.769+0000] {dag.py:3947} INFO - Setting next_dagrun for SCD2_snapshots to 2026-07-19 00:00:00+00:00, run_after=2026-07-20 00:00:00+00:00
[2026-07-20T07:27:01.808+0000] {processor.py:183} INFO - Processing /opt/airflow/dags/scd.py took 0.186 seconds
[2026-07-20T07:27:32.049+0000] {processor.py:161} INFO - Started process (PID=14561) to work on /opt/airflow/dags/scd.py
[2026-07-20T07:27:32.052+0000] {processor.py:830} INFO - Processing file /opt/airflow/dags/scd.py for tasks to queue
[2026-07-20T07:27:32.058+0000] {logging_mixin.py:188} INFO - [2026-07-20T07:27:32.057+0000] {dagbag.py:545} INFO - Filling up the DagBag from /opt/airflow/dags/scd.py
[2026-07-20T07:27:32.095+0000] {processor.py:840} INFO - DAG(s) 'SCD2_snapshots' retrieved from /opt/airflow/dags/scd.py
[2026-07-20T07:27:32.139+0000] {logging_mixin.py:188} INFO - [2026-07-20T07:27:32.138+0000] {dag.py:3089} INFO - Sync 1 DAGs
[2026-07-20T07:27:32.172+0000] {logging_mixin.py:188} INFO - [2026-07-20T07:27:32.172+0000] {dag.py:3947} INFO - Setting next_dagrun for SCD2_snapshots to 2026-07-19 00:00:00+00:00, run_after=2026-07-20 00:00:00+00:00
[2026-07-20T07:27:32.204+0000] {processor.py:183} INFO - Processing /opt/airflow/dags/scd.py took 0.175 seconds
[2026-07-20T07:28:02.304+0000] {processor.py:161} INFO - Started process (PID=14566) to work on /opt/airflow/dags/scd.py
[2026-07-20T07:28:02.306+0000] {processor.py:830} INFO - Processing file /opt/airflow/dags/scd.py for tasks to queue
[2026-07-20T07:28:02.309+0000] {logging_mixin.py:188} INFO - [2026-07-20T07:28:02.308+0000] {dagbag.py:545} INFO - Filling up the DagBag from /opt/airflow/dags/scd.py
[2026-07-20T07:28:02.345+0000] {processor.py:840} INFO - DAG(s) 'SCD2_snapshots' retrieved from /opt/airflow/dags/scd.py
[2026-07-20T07:28:02.396+0000] {logging_mixin.py:188} INFO - [2026-07-20T07:28:02.395+0000] {dag.py:3089} INFO - Sync 1 DAGs
[2026-07-20T07:28:02.429+0000] {logging_mixin.py:188} INFO - [2026-07-20T07:28:02.428+0000] {dag.py:3947} INFO - Setting next_dagrun for SCD2_snapshots to 2026-07-19 00:00:00+00:00, run_after=2026-07-20 00:00:00+00:00
[2026-07-20T07:28:02.455+0000] {processor.py:183} INFO - Processing /opt/airflow/dags/scd.py took 0.160 seconds
[2026-07-20T07:28:32.604+0000] {processor.py:161} INFO - Started process (PID=14571) to work on /opt/airflow/dags/scd.py
[2026-07-20T07:28:32.607+0000] {processor.py:830} INFO - Processing file /opt/airflow/dags/scd.py for tasks to queue
[2026-07-20T07:28:32.611+0000] {logging_mixin.py:188} INFO - [2026-07-20T07:28:32.610+0000] {dagbag.py:545} INFO - Filling up the DagBag from /opt/airflow/dags/scd.py
[2026-07-20T07:28:32.655+0000] {processor.py:840} INFO - DAG(s) 'SCD2_snapshots' retrieved from /opt/airflow/dags/scd.py
[2026-07-20T07:28:32.707+0000] {logging_mixin.py:188} INFO - [2026-07-20T07:28:32.707+0000] {dag.py:3089} INFO - Sync 1 DAGs
[2026-07-20T07:28:32.739+0000] {logging_mixin.py:188} INFO - [2026-07-20T07:28:32.739+0000] {dag.py:3947} INFO - Setting next_dagrun for SCD2_snapshots to 2026-07-19 00:00:00+00:00, run_after=2026-07-20 00:00:00+00:00
[2026-07-20T07:28:33.173+0000] {processor.py:183} INFO - Processing /opt/airflow/dags/scd.py took 0.585 seconds
[2026-07-20T07:29:03.418+0000] {processor.py:161} INFO - Started process (PID=14576) to work on /opt/airflow/dags/scd.py
[2026-07-20T07:29:03.420+0000] {processor.py:830} INFO - Processing file /opt/airflow/dags/scd.py for tasks to queue
[2026-07-20T07:29:03.423+0000] {logging_mixin.py:188} INFO - [2026-07-20T07:29:03.422+0000] {dagbag.py:545} INFO - Filling up the DagBag from /opt/airflow/dags/scd.py
[2026-07-20T07:29:03.467+0000] {processor.py:840} INFO - DAG(s) 'SCD2_snapshots' retrieved from /opt/airflow/dags/scd.py
[2026-07-20T07:29:03.534+0000] {logging_mixin.py:188} INFO - [2026-07-20T07:29:03.534+0000] {dag.py:3089} INFO - Sync 1 DAGs
[2026-07-20T07:29:03.894+0000] {logging_mixin.py:188} INFO - [2026-07-20T07:29:03.894+0000] {dag.py:3947} INFO - Setting next_dagrun for SCD2_snapshots to 2026-07-19 00:00:00+00:00, run_after=2026-07-20 00:00:00+00:00
[2026-07-20T07:29:03.920+0000] {processor.py:183} INFO - Processing /opt/airflow/dags/scd.py took 0.510 seconds
[2026-07-20T07:29:34.054+0000] {processor.py:161} INFO - Started process (PID=14581) to work on /opt/airflow/dags/scd.py
[2026-07-20T07:29:34.056+0000] {processor.py:830} INFO - Processing file /opt/airflow/dags/scd.py for tasks to queue
[2026-07-20T07:29:34.058+0000] {logging_mixin.py:188} INFO - [2026-07-20T07:29:34.058+0000] {dagbag.py:545} INFO - Filling up the DagBag from /opt/airflow/dags/scd.py
[2026-07-20T07:29:34.092+0000] {processor.py:840} INFO - DAG(s) 'SCD2_snapshots' retrieved from /opt/airflow/dags/scd.py
[2026-07-20T07:29:34.145+0000] {logging_mixin.py:188} INFO - [2026-07-20T07:29:34.144+0000] {dag.py:3089} INFO - Sync 1 DAGs
[2026-07-20T07:29:34.186+0000] {logging_mixin.py:188} INFO - [2026-07-20T07:29:34.186+0000] {dag.py:3947} INFO - Setting next_dagrun for SCD2_snapshots to 2026-07-19 00:00:00+00:00, run_after=2026-07-20 00:00:00+00:00
[2026-07-20T07:29:34.223+0000] {processor.py:183} INFO - Processing /opt/airflow/dags/scd.py took 0.179 seconds
[2026-07-20T07:30:04.353+0000] {processor.py:161} INFO - Started process (PID=14586) to work on /opt/airflow/dags/scd.py
[2026-07-20T07:30:04.354+0000] {processor.py:830} INFO - Processing file /opt/airflow/dags/scd.py for tasks to queue
[2026-07-20T07:30:04.357+0000] {logging_mixin.py:188} INFO - [2026-07-20T07:30:04.357+0000] {dagbag.py:545} INFO - Filling up the DagBag from /opt/airflow/dags/scd.py
[2026-07-20T07:30:04.387+0000] {processor.py:840} INFO - DAG(s) 'SCD2_snapshots' retrieved from /opt/airflow/dags/scd.py
[2026-07-20T07:30:04.425+0000] {logging_mixin.py:188} INFO - [2026-07-20T07:30:04.425+0000] {dag.py:3089} INFO - Sync 1 DAGs
[2026-07-20T07:30:04.455+0000] {logging_mixin.py:188} INFO - [2026-07-20T07:30:04.454+0000] {dag.py:3947} INFO - Setting next_dagrun for SCD2_snapshots to 2026-07-19 00:00:00+00:00, run_after=2026-07-20 00:00:00+00:00
[2026-07-20T07:30:04.483+0000] {processor.py:183} INFO - Processing /opt/airflow/dags/scd.py took 0.137 seconds
[2026-07-20T07:30:34.660+0000] {processor.py:161} INFO - Started process (PID=14591) to work on /opt/airflow/dags/scd.py
[2026-07-20T07:30:34.662+0000] {processor.py:830} INFO - Processing file /opt/airflow/dags/scd.py for tasks to queue
[2026-07-20T07:30:34.664+0000] {logging_mixin.py:188} INFO - [2026-07-20T07:30:34.664+0000] {dagbag.py:545} INFO - Filling up the DagBag from /opt/airflow/dags/scd.py
[2026-07-20T07:30:34.696+0000] {processor.py:840} INFO - DAG(s) 'SCD2_snapshots' retrieved from /opt/airflow/dags/scd.py
[2026-07-20T07:30:34.744+0000] {logging_mixin.py:188} INFO - [2026-07-20T07:30:34.744+0000] {dag.py:3089} INFO - Sync 1 DAGs
[2026-07-20T07:30:34.776+0000] {logging_mixin.py:188} INFO - [2026-07-20T07:30:34.776+0000] {dag.py:3947} INFO - Setting next_dagrun for SCD2_snapshots to 2026-07-19 00:00:00+00:00, run_after=2026-07-20 00:00:00+00:00
[2026-07-20T07:30:35.012+0000] {processor.py:183} INFO - Processing /opt/airflow/dags/scd.py took 0.361 seconds
[2026-07-20T07:31:05.964+0000] {processor.py:161} INFO - Started process (PID=14596) to work on /opt/airflow/dags/scd.py
[2026-07-20T07:31:05.966+0000] {processor.py:830} INFO - Processing file /opt/airflow/dags/scd.py for tasks to queue
[2026-07-20T07:31:05.968+0000] {logging_mixin.py:188} INFO - [2026-07-20T07:31:05.968+0000] {dagbag.py:545} INFO - Filling up the DagBag from /opt/airflow/dags/scd.py
[2026-07-20T07:31:06.005+0000] {processor.py:840} INFO - DAG(s) 'SCD2_snapshots' retrieved from /opt/airflow/dags/scd.py
[2026-07-20T07:31:06.052+0000] {logging_mixin.py:188} INFO - [2026-07-20T07:31:06.051+0000] {dag.py:3089} INFO - Sync 1 DAGs
[2026-07-20T07:31:06.302+0000] {logging_mixin.py:188} INFO - [2026-07-20T07:31:06.302+0000] {dag.py:3947} INFO - Setting next_dagrun for SCD2_snapshots to 2026-07-19 00:00:00+00:00, run_after=2026-07-20 00:00:00+00:00
[2026-07-20T07:31:06.331+0000] {processor.py:183} INFO - Processing /opt/airflow/dags/scd.py took 0.377 seconds
[2026-07-20T07:31:37.254+0000] {processor.py:161} INFO - Started process (PID=14601) to work on /opt/airflow/dags/scd.py
[2026-07-20T07:31:37.256+0000] {processor.py:830} INFO - Processing file /opt/airflow/dags/scd.py for tasks to queue
[2026-07-20T07:31:37.258+0000] {logging_mixin.py:188} INFO - [2026-07-20T07:31:37.257+0000] {dagbag.py:545} INFO - Filling up the DagBag from /opt/airflow/dags/scd.py
[2026-07-20T07:31:37.289+0000] {processor.py:840} INFO - DAG(s) 'SCD2_snapshots' retrieved from /opt/airflow/dags/scd.py
[2026-07-20T07:31:37.329+0000] {logging_mixin.py:188} INFO - [2026-07-20T07:31:37.329+0000] {dag.py:3089} INFO - Sync 1 DAGs
[2026-07-20T07:31:37.367+0000] {logging_mixin.py:188} INFO - [2026-07-20T07:31:37.366+0000] {dag.py:3947} INFO - Setting next_dagrun for SCD2_snapshots to 2026-07-19 00:00:00+00:00, run_after=2026-07-20 00:00:00+00:00
[2026-07-20T07:31:37.397+0000] {processor.py:183} INFO - Processing /opt/airflow/dags/scd.py took 0.150 seconds
[2026-07-20T07:32:07.520+0000] {processor.py:161} INFO - Started process (PID=14606) to work on /opt/airflow/dags/scd.py
[2026-07-20T07:32:07.521+0000] {processor.py:830} INFO - Processing file /opt/airflow/dags/scd.py for tasks to queue
[2026-07-20T07:32:07.524+0000] {logging_mixin.py:188} INFO - [2026-07-20T07:32:07.523+0000] {dagbag.py:545} INFO - Filling up the DagBag from /opt/airflow/dags/scd.py
[2026-07-20T07:32:07.553+0000] {processor.py:840} INFO - DAG(s) 'SCD2_snapshots' retrieved from /opt/airflow/dags/scd.py
[2026-07-20T07:32:07.602+0000] {logging_mixin.py:188} INFO - [2026-07-20T07:32:07.601+0000] {dag.py:3089} INFO - Sync 1 DAGs
[2026-07-20T07:32:07.630+0000] {logging_mixin.py:188} INFO - [2026-07-20T07:32:07.630+0000] {dag.py:3947} INFO - Setting next_dagrun for SCD2_snapshots to 2026-07-19 00:00:00+00:00, run_after=2026-07-20 00:00:00+00:00
[2026-07-20T07:32:07.658+0000] {processor.py:183} INFO - Processing /opt/airflow/dags/scd.py took 0.146 seconds
[2026-07-20T07:32:37.859+0000] {processor.py:161} INFO - Started process (PID=14611) to work on /opt/airflow/dags/scd.py
[2026-07-20T07:32:37.861+0000] {processor.py:830} INFO - Processing file /opt/airflow/dags/scd.py for tasks to queue
[2026-07-20T07:32:37.863+0000] {logging_mixin.py:188} INFO - [2026-07-20T07:32:37.862+0000] {dagbag.py:545} INFO - Filling up the DagBag from /opt/airflow/dags/scd.py
[2026-07-20T07:32:37.890+0000] {processor.py:840} INFO - DAG(s) 'SCD2_snapshots' retrieved from /opt/airflow/dags/scd.py
[2026-07-20T07:32:37.934+0000] {logging_mixin.py:188} INFO - [2026-07-20T07:32:37.933+0000] {dag.py:3089} INFO - Sync 1 DAGs
[2026-07-20T07:32:37.967+0000] {logging_mixin.py:188} INFO - [2026-07-20T07:32:37.966+0000] {dag.py:3947} INFO - Setting next_dagrun for SCD2_snapshots to 2026-07-19 00:00:00+00:00, run_after=2026-07-20 00:00:00+00:00
[2026-07-20T07:32:38.147+0000] {processor.py:183} INFO - Processing /opt/airflow/dags/scd.py took 0.297 seconds
[2026-07-20T07:33:08.412+0000] {processor.py:161} INFO - Started process (PID=14613) to work on /opt/airflow/dags/scd.py
[2026-07-20T07:33:08.415+0000] {processor.py:830} INFO - Processing file /opt/airflow/dags/scd.py for tasks to queue
[2026-07-20T07:33:08.418+0000] {logging_mixin.py:188} INFO - [2026-07-20T07:33:08.418+0000] {dagbag.py:545} INFO - Filling up the DagBag from /opt/airflow/dags/scd.py
[2026-07-20T07:33:08.452+0000] {processor.py:840} INFO - DAG(s) 'SCD2_snapshots' retrieved from /opt/airflow/dags/scd.py
[2026-07-20T07:33:08.509+0000] {logging_mixin.py:188} INFO - [2026-07-20T07:33:08.508+0000] {dag.py:3089} INFO - Sync 1 DAGs
[2026-07-20T07:33:08.760+0000] {logging_mixin.py:188} INFO - [2026-07-20T07:33:08.760+0000] {dag.py:3947} INFO - Setting next_dagrun for SCD2_snapshots to 2026-07-19 00:00:00+00:00, run_after=2026-07-20 00:00:00+00:00
[2026-07-20T07:33:08.785+0000] {processor.py:183} INFO - Processing /opt/airflow/dags/scd.py took 0.383 seconds
[2026-07-20T07:33:39.075+0000] {processor.py:161} INFO - Started process (PID=14617) to work on /opt/airflow/dags/scd.py
[2026-07-20T07:33:39.077+0000] {processor.py:830} INFO - Processing file /opt/airflow/dags/scd.py for tasks to queue
[2026-07-20T07:33:39.080+0000] {logging_mixin.py:188} INFO - [2026-07-20T07:33:39.079+0000] {dagbag.py:545} INFO - Filling up the DagBag from /opt/airflow/dags/scd.py
[2026-07-20T07:33:39.127+0000] {processor.py:840} INFO - DAG(s) 'SCD2_snapshots' retrieved from /opt/airflow/dags/scd.py
[2026-07-20T07:33:39.180+0000] {logging_mixin.py:188} INFO - [2026-07-20T07:33:39.180+0000] {dag.py:3089} INFO - Sync 1 DAGs
[2026-07-20T07:33:39.215+0000] {logging_mixin.py:188} INFO - [2026-07-20T07:33:39.215+0000] {dag.py:3947} INFO - Setting next_dagrun for SCD2_snapshots to 2026-07-19 00:00:00+00:00, run_after=2026-07-20 00:00:00+00:00
[2026-07-20T07:33:39.242+0000] {processor.py:183} INFO - Processing /opt/airflow/dags/scd.py took 0.180 seconds
[2026-07-20T07:34:09.439+0000] {processor.py:161} INFO - Started process (PID=14622) to work on /opt/airflow/dags/scd.py
[2026-07-20T07:34:09.441+0000] {processor.py:830} INFO - Processing file /opt/airflow/dags/scd.py for tasks to queue
[2026-07-20T07:34:09.443+0000] {logging_mixin.py:188} INFO - [2026-07-20T07:34:09.443+0000] {dagbag.py:545} INFO - Filling up the DagBag from /opt/airflow/dags/scd.py
[2026-07-20T07:34:09.476+0000] {processor.py:840} INFO - DAG(s) 'SCD2_snapshots' retrieved from /opt/airflow/dags/scd.py
[2026-07-20T07:34:09.520+0000] {logging_mixin.py:188} INFO - [2026-07-20T07:34:09.520+0000] {dag.py:3089} INFO - Sync 1 DAGs
[2026-07-20T07:34:09.548+0000] {logging_mixin.py:188} INFO - [2026-07-20T07:34:09.548+0000] {dag.py:3947} INFO - Setting next_dagrun for SCD2_snapshots to 2026-07-19 00:00:00+00:00, run_after=2026-07-20 00:00:00+00:00
[2026-07-20T07:34:09.584+0000] {processor.py:183} INFO - Processing /opt/airflow/dags/scd.py took 0.155 seconds
[2026-07-20T07:34:39.843+0000] {processor.py:161} INFO - Started process (PID=14627) to work on /opt/airflow/dags/scd.py
[2026-07-20T07:34:39.845+0000] {processor.py:830} INFO - Processing file /opt/airflow/dags/scd.py for tasks to queue
[2026-07-20T07:34:39.847+0000] {logging_mixin.py:188} INFO - [2026-07-20T07:34:39.847+0000] {dagbag.py:545} INFO - Filling up the DagBag from /opt/airflow/dags/scd.py
[2026-07-20T07:34:39.878+0000] {processor.py:840} INFO - DAG(s) 'SCD2_snapshots' retrieved from /opt/airflow/dags/scd.py
[2026-07-20T07:34:39.916+0000] {logging_mixin.py:188} INFO - [2026-07-20T07:34:39.916+0000] {dag.py:3089} INFO - Sync 1 DAGs
[2026-07-20T07:34:39.943+0000] {logging_mixin.py:188} INFO - [2026-07-20T07:34:39.943+0000] {dag.py:3947} INFO - Setting next_dagrun for SCD2_snapshots to 2026-07-19 00:00:00+00:00, run_after=2026-07-20 00:00:00+00:00
[2026-07-20T07:34:39.971+0000] {processor.py:183} INFO - Processing /opt/airflow/dags/scd.py took 0.138 seconds
[2026-07-20T07:35:10.175+0000] {processor.py:161} INFO - Started process (PID=14632) to work on /opt/airflow/dags/scd.py
[2026-07-20T07:35:10.176+0000] {processor.py:830} INFO - Processing file /opt/airflow/dags/scd.py for tasks to queue
[2026-07-20T07:35:10.179+0000] {logging_mixin.py:188} INFO - [2026-07-20T07:35:10.179+0000] {dagbag.py:545} INFO - Filling up the DagBag from /opt/airflow/dags/scd.py
[2026-07-20T07:35:10.206+0000] {processor.py:840} INFO - DAG(s) 'SCD2_snapshots' retrieved from /opt/airflow/dags/scd.py
[2026-07-20T07:35:10.248+0000] {logging_mixin.py:188} INFO - [2026-07-20T07:35:10.247+0000] {dag.py:3089} INFO - Sync 1 DAGs
[2026-07-20T07:35:10.466+0000] {logging_mixin.py:188} INFO - [2026-07-20T07:35:10.466+0000] {dag.py:3947} INFO - Setting next_dagrun for SCD2_snapshots to 2026-07-19 00:00:00+00:00, run_after=2026-07-20 00:00:00+00:00
[2026-07-20T07:35:10.489+0000] {processor.py:183} INFO - Processing /opt/airflow/dags/scd.py took 0.324 seconds
[2026-07-20T07:35:40.720+0000] {processor.py:161} INFO - Started process (PID=14637) to work on /opt/airflow/dags/scd.py
[2026-07-20T07:35:40.721+0000] {processor.py:830} INFO - Processing file /opt/airflow/dags/scd.py for tasks to queue
[2026-07-20T07:35:40.724+0000] {logging_mixin.py:188} INFO - [2026-07-20T07:35:40.724+0000] {dagbag.py:545} INFO - Filling up the DagBag from /opt/airflow/dags/scd.py
[2026-07-20T07:35:40.754+0000] {processor.py:840} INFO - DAG(s) 'SCD2_snapshots' retrieved from /opt/airflow/dags/scd.py
[2026-07-20T07:35:40.799+0000] {logging_mixin.py:188} INFO - [2026-07-20T07:35:40.799+0000] {dag.py:3089} INFO - Sync 1 DAGs
[2026-07-20T07:35:40.828+0000] {logging_mixin.py:188} INFO - [2026-07-20T07:35:40.827+0000] {dag.py:3947} INFO - Setting next_dagrun for SCD2_snapshots to 2026-07-19 00:00:00+00:00, run_after=2026-07-20 00:00:00+00:00
[2026-07-20T07:35:40.855+0000] {processor.py:183} INFO - Processing /opt/airflow/dags/scd.py took 0.145 seconds
[2026-07-20T07:36:10.939+0000] {processor.py:161} INFO - Started process (PID=14642) to work on /opt/airflow/dags/scd.py
[2026-07-20T07:36:10.941+0000] {processor.py:830} INFO - Processing file /opt/airflow/dags/scd.py for tasks to queue
[2026-07-20T07:36:10.944+0000] {logging_mixin.py:188} INFO - [2026-07-20T07:36:10.944+0000] {dagbag.py:545} INFO - Filling up the DagBag from /opt/airflow/dags/scd.py
[2026-07-20T07:36:10.976+0000] {processor.py:840} INFO - DAG(s) 'SCD2_snapshots' retrieved from /opt/airflow/dags/scd.py
[2026-07-20T07:36:11.019+0000] {logging_mixin.py:188} INFO - [2026-07-20T07:36:11.019+0000] {dag.py:3089} INFO - Sync 1 DAGs
[2026-07-20T07:36:11.048+0000] {logging_mixin.py:188} INFO - [2026-07-20T07:36:11.048+0000] {dag.py:3947} INFO - Setting next_dagrun for SCD2_snapshots to 2026-07-19 00:00:00+00:00, run_after=2026-07-20 00:00:00+00:00
[2026-07-20T07:36:11.073+0000] {processor.py:183} INFO - Processing /opt/airflow/dags/scd.py took 0.142 seconds
[2026-07-20T07:36:41.174+0000] {processor.py:161} INFO - Started process (PID=14647) to work on /opt/airflow/dags/scd.py
[2026-07-20T07:36:41.175+0000] {processor.py:830} INFO - Processing file /opt/airflow/dags/scd.py for tasks to queue
[2026-07-20T07:36:41.179+0000] {logging_mixin.py:188} INFO - [2026-07-20T07:36:41.179+0000] {dagbag.py:545} INFO - Filling up the DagBag from /opt/airflow/dags/scd.py
[2026-07-20T07:36:41.211+0000] {processor.py:840} INFO - DAG(s) 'SCD2_snapshots' retrieved from /opt/airflow/dags/scd.py
[2026-07-20T07:36:41.255+0000] {logging_mixin.py:188} INFO - [2026-07-20T07:36:41.254+0000] {dag.py:3089} INFO - Sync 1 DAGs
[2026-07-20T07:36:41.284+0000] {logging_mixin.py:188} INFO - [2026-07-20T07:36:41.283+0000] {dag.py:3947} INFO - Setting next_dagrun for SCD2_snapshots to 2026-07-19 00:00:00+00:00, run_after=2026-07-20 00:00:00+00:00
[2026-07-20T07:36:41.311+0000] {processor.py:183} INFO - Processing /opt/airflow/dags/scd.py took 0.145 seconds
[2026-07-20T07:37:11.500+0000] {processor.py:161} INFO - Started process (PID=14652) to work on /opt/airflow/dags/scd.py
[2026-07-20T07:37:11.502+0000] {processor.py:830} INFO - Processing file /opt/airflow/dags/scd.py for tasks to queue
[2026-07-20T07:37:11.505+0000] {logging_mixin.py:188} INFO - [2026-07-20T07:37:11.503+0000] {dagbag.py:545} INFO - Filling up the DagBag from /opt/airflow/dags/scd.py
[2026-07-20T07:37:11.532+0000] {processor.py:840} INFO - DAG(s) 'SCD2_snapshots' retrieved from /opt/airflow/dags/scd.py
[2026-07-20T07:37:11.580+0000] {logging_mixin.py:188} INFO - [2026-07-20T07:37:11.580+0000] {dag.py:3089} INFO - Sync 1 DAGs
[2026-07-20T07:37:11.848+0000] {logging_mixin.py:188} INFO - [2026-07-20T07:37:11.847+0000] {dag.py:3947} INFO - Setting next_dagrun for SCD2_snapshots to 2026-07-19 00:00:00+00:00, run_after=2026-07-20 00:00:00+00:00
[2026-07-20T07:37:11.869+0000] {processor.py:183} INFO - Processing /opt/airflow/dags/scd.py took 0.376 seconds
[2026-07-20T07:37:42.152+0000] {processor.py:161} INFO - Started process (PID=14657) to work on /opt/airflow/dags/scd.py
[2026-07-20T07:37:42.154+0000] {processor.py:830} INFO - Processing file /opt/airflow/dags/scd.py for tasks to queue
[2026-07-20T07:37:42.157+0000] {logging_mixin.py:188} INFO - [2026-07-20T07:37:42.157+0000] {dagbag.py:545} INFO - Filling up the DagBag from /opt/airflow/dags/scd.py
[2026-07-20T07:37:42.203+0000] {processor.py:840} INFO - DAG(s) 'SCD2_snapshots' retrieved from /opt/airflow/dags/scd.py
[2026-07-20T07:37:42.533+0000] {logging_mixin.py:188} INFO - [2026-07-20T07:37:42.532+0000] {dag.py:3089} INFO - Sync 1 DAGs
[2026-07-20T07:37:42.570+0000] {logging_mixin.py:188} INFO - [2026-07-20T07:37:42.569+0000] {dag.py:3947} INFO - Setting next_dagrun for SCD2_snapshots to 2026-07-19 00:00:00+00:00, run_after=2026-07-20 00:00:00+00:00
[2026-07-20T07:37:42.599+0000] {processor.py:183} INFO - Processing /opt/airflow/dags/scd.py took 0.455 seconds
[2026-07-20T07:38:12.721+0000] {processor.py:161} INFO - Started process (PID=14662) to work on /opt/airflow/dags/scd.py
[2026-07-20T07:38:12.723+0000] {processor.py:830} INFO - Processing file /opt/airflow/dags/scd.py for tasks to queue
[2026-07-20T07:38:12.725+0000] {logging_mixin.py:188} INFO - [2026-07-20T07:38:12.725+0000] {dagbag.py:545} INFO - Filling up the DagBag from /opt/airflow/dags/scd.py
[2026-07-20T07:38:12.758+0000] {processor.py:840} INFO - DAG(s) 'SCD2_snapshots' retrieved from /opt/airflow/dags/scd.py
[2026-07-20T07:38:12.808+0000] {logging_mixin.py:188} INFO - [2026-07-20T07:38:12.807+0000] {dag.py:3089} INFO - Sync 1 DAGs
[2026-07-20T07:38:12.837+0000] {logging_mixin.py:188} INFO - [2026-07-20T07:38:12.837+0000] {dag.py:3947} INFO - Setting next_dagrun for SCD2_snapshots to 2026-07-19 00:00:00+00:00, run_after=2026-07-20 00:00:00+00:00
[2026-07-20T07:38:12.862+0000] {processor.py:183} INFO - Processing /opt/airflow/dags/scd.py took 0.150 seconds
[2026-07-20T07:38:42.961+0000] {processor.py:161} INFO - Started process (PID=14667) to work on /opt/airflow/dags/scd.py
[2026-07-20T07:38:42.963+0000] {processor.py:830} INFO - Processing file /opt/airflow/dags/scd.py for tasks to queue
[2026-07-20T07:38:42.965+0000] {logging_mixin.py:188} INFO - [2026-07-20T07:38:42.965+0000] {dagbag.py:545} INFO - Filling up the DagBag from /opt/airflow/dags/scd.py
[2026-07-20T07:38:42.993+0000] {processor.py:840} INFO - DAG(s) 'SCD2_snapshots' retrieved from /opt/airflow/dags/scd.py
[2026-07-20T07:38:43.042+0000] {logging_mixin.py:188} INFO - [2026-07-20T07:38:43.041+0000] {dag.py:3089} INFO - Sync 1 DAGs
[2026-07-20T07:38:43.073+0000] {logging_mixin.py:188} INFO - [2026-07-20T07:38:43.073+0000] {dag.py:3947} INFO - Setting next_dagrun for SCD2_snapshots to 2026-07-19 00:00:00+00:00, run_after=2026-07-20 00:00:00+00:00
[2026-07-20T07:38:43.098+0000] {processor.py:183} INFO - Processing /opt/airflow/dags/scd.py took 0.146 seconds
[2026-07-20T07:39:13.444+0000] {processor.py:161} INFO - Started process (PID=14672) to work on /opt/airflow/dags/scd.py
[2026-07-20T07:39:13.446+0000] {processor.py:830} INFO - Processing file /opt/airflow/dags/scd.py for tasks to queue
[2026-07-20T07:39:13.448+0000] {logging_mixin.py:188} INFO - [2026-07-20T07:39:13.448+0000] {dagbag.py:545} INFO - Filling up the DagBag from /opt/airflow/dags/scd.py
[2026-07-20T07:39:13.478+0000] {processor.py:840} INFO - DAG(s) 'SCD2_snapshots' retrieved from /opt/airflow/dags/scd.py
[2026-07-20T07:39:13.535+0000] {logging_mixin.py:188} INFO - [2026-07-20T07:39:13.535+0000] {dag.py:3089} INFO - Sync 1 DAGs
[2026-07-20T07:39:13.808+0000] {logging_mixin.py:188} INFO - [2026-07-20T07:39:13.808+0000] {dag.py:3947} INFO - Setting next_dagrun for SCD2_snapshots to 2026-07-19 00:00:00+00:00, run_after=2026-07-20 00:00:00+00:00
[2026-07-20T07:39:13.827+0000] {processor.py:183} INFO - Processing /opt/airflow/dags/scd.py took 0.391 seconds
[2026-07-20T07:39:44.099+0000] {processor.py:161} INFO - Started process (PID=14677) to work on /opt/airflow/dags/scd.py
[2026-07-20T07:39:44.100+0000] {processor.py:830} INFO - Processing file /opt/airflow/dags/scd.py for tasks to queue
[2026-07-20T07:39:44.104+0000] {logging_mixin.py:188} INFO - [2026-07-20T07:39:44.104+0000] {dagbag.py:545} INFO - Filling up the DagBag from /opt/airflow/dags/scd.py
[2026-07-20T07:39:44.146+0000] {processor.py:840} INFO - DAG(s) 'SCD2_snapshots' retrieved from /opt/airflow/dags/scd.py
[2026-07-20T07:39:44.386+0000] {logging_mixin.py:188} INFO - [2026-07-20T07:39:44.386+0000] {dag.py:3089} INFO - Sync 1 DAGs
[2026-07-20T07:39:44.410+0000] {logging_mixin.py:188} INFO - [2026-07-20T07:39:44.410+0000] {dag.py:3947} INFO - Setting next_dagrun for SCD2_snapshots to 2026-07-19 00:00:00+00:00, run_after=2026-07-20 00:00:00+00:00
[2026-07-20T07:39:44.433+0000] {processor.py:183} INFO - Processing /opt/airflow/dags/scd.py took 0.345 seconds
[2026-07-20T07:40:14.686+0000] {processor.py:161} INFO - Started process (PID=14682) to work on /opt/airflow/dags/scd.py
[2026-07-20T07:40:14.688+0000] {processor.py:830} INFO - Processing file /opt/airflow/dags/scd.py for tasks to queue
[2026-07-20T07:40:14.691+0000] {logging_mixin.py:188} INFO - [2026-07-20T07:40:14.690+0000] {dagbag.py:545} INFO - Filling up the DagBag from /opt/airflow/dags/scd.py
[2026-07-20T07:40:14.726+0000] {processor.py:840} INFO - DAG(s) 'SCD2_snapshots' retrieved from /opt/airflow/dags/scd.py
[2026-07-20T07:40:14.786+0000] {logging_mixin.py:188} INFO - [2026-07-20T07:40:14.786+0000] {dag.py:3089} INFO - Sync 1 DAGs
[2026-07-20T07:40:14.826+0000] {logging_mixin.py:188} INFO - [2026-07-20T07:40:14.826+0000] {dag.py:3947} INFO - Setting next_dagrun for SCD2_snapshots to 2026-07-19 00:00:00+00:00, run_after=2026-07-20 00:00:00+00:00
[2026-07-20T07:40:14.856+0000] {processor.py:183} INFO - Processing /opt/airflow/dags/scd.py took 0.179 seconds
[2026-07-20T07:40:45.070+0000] {processor.py:161} INFO - Started process (PID=14687) to work on /opt/airflow/dags/scd.py
[2026-07-20T07:40:45.071+0000] {processor.py:830} INFO - Processing file /opt/airflow/dags/scd.py for tasks to queue
[2026-07-20T07:40:45.074+0000] {logging_mixin.py:188} INFO - [2026-07-20T07:40:45.074+0000] {dagbag.py:545} INFO - Filling up the DagBag from /opt/airflow/dags/scd.py
[2026-07-20T07:40:45.107+0000] {processor.py:840} INFO - DAG(s) 'SCD2_snapshots' retrieved from /opt/airflow/dags/scd.py
[2026-07-20T07:40:45.149+0000] {logging_mixin.py:188} INFO - [2026-07-20T07:40:45.149+0000] {dag.py:3089} INFO - Sync 1 DAGs
[2026-07-20T07:40:45.182+0000] {logging_mixin.py:188} INFO - [2026-07-20T07:40:45.182+0000] {dag.py:3947} INFO - Setting next_dagrun for SCD2_snapshots to 2026-07-19 00:00:00+00:00, run_after=2026-07-20 00:00:00+00:00
[2026-07-20T07:40:45.214+0000] {processor.py:183} INFO - Processing /opt/airflow/dags/scd.py took 0.153 seconds
[2026-07-20T07:41:15.483+0000] {processor.py:161} INFO - Started process (PID=14692) to work on /opt/airflow/dags/scd.py
[2026-07-20T07:41:15.485+0000] {processor.py:830} INFO - Processing file /opt/airflow/dags/scd.py for tasks to queue
[2026-07-20T07:41:15.488+0000] {logging_mixin.py:188} INFO - [2026-07-20T07:41:15.487+0000] {dagbag.py:545} INFO - Filling up the DagBag from /opt/airflow/dags/scd.py
[2026-07-20T07:41:15.520+0000] {processor.py:840} INFO - DAG(s) 'SCD2_snapshots' retrieved from /opt/airflow/dags/scd.py
[2026-07-20T07:41:15.579+0000] {logging_mixin.py:188} INFO - [2026-07-20T07:41:15.578+0000] {dag.py:3089} INFO - Sync 1 DAGs
[2026-07-20T07:41:15.808+0000] {logging_mixin.py:188} INFO - [2026-07-20T07:41:15.808+0000] {dag.py:3947} INFO - Setting next_dagrun for SCD2_snapshots to 2026-07-19 00:00:00+00:00, run_after=2026-07-20 00:00:00+00:00
[2026-07-20T07:41:15.832+0000] {processor.py:183} INFO - Processing /opt/airflow/dags/scd.py took 0.361 seconds
[2026-07-20T07:41:46.068+0000] {processor.py:161} INFO - Started process (PID=14697) to work on /opt/airflow/dags/scd.py
[2026-07-20T07:41:46.070+0000] {processor.py:830} INFO - Processing file /opt/airflow/dags/scd.py for tasks to queue
[2026-07-20T07:41:46.073+0000] {logging_mixin.py:188} INFO - [2026-07-20T07:41:46.072+0000] {dagbag.py:545} INFO - Filling up the DagBag from /opt/airflow/dags/scd.py
[2026-07-20T07:41:46.099+0000] {processor.py:840} INFO - DAG(s) 'SCD2_snapshots' retrieved from /opt/airflow/dags/scd.py
[2026-07-20T07:41:46.148+0000] {logging_mixin.py:188} INFO - [2026-07-20T07:41:46.147+0000] {dag.py:3089} INFO - Sync 1 DAGs
[2026-07-20T07:41:46.356+0000] {logging_mixin.py:188} INFO - [2026-07-20T07:41:46.355+0000] {dag.py:3947} INFO - Setting next_dagrun for SCD2_snapshots to 2026-07-19 00:00:00+00:00, run_after=2026-07-20 00:00:00+00:00
[2026-07-20T07:41:46.379+0000] {processor.py:183} INFO - Processing /opt/airflow/dags/scd.py took 0.318 seconds
[2026-07-20T07:42:16.642+0000] {processor.py:161} INFO - Started process (PID=14702) to work on /opt/airflow/dags/scd.py
[2026-07-20T07:42:16.644+0000] {processor.py:830} INFO - Processing file /opt/airflow/dags/scd.py for tasks to queue
[2026-07-20T07:42:16.646+0000] {logging_mixin.py:188} INFO - [2026-07-20T07:42:16.646+0000] {dagbag.py:545} INFO - Filling up the DagBag from /opt/airflow/dags/scd.py
[2026-07-20T07:42:16.674+0000] {processor.py:840} INFO - DAG(s) 'SCD2_snapshots' retrieved from /opt/airflow/dags/scd.py
[2026-07-20T07:42:16.721+0000] {logging_mixin.py:188} INFO - [2026-07-20T07:42:16.721+0000] {dag.py:3089} INFO - Sync 1 DAGs
[2026-07-20T07:42:16.753+0000] {logging_mixin.py:188} INFO - [2026-07-20T07:42:16.753+0000] {dag.py:3947} INFO - Setting next_dagrun for SCD2_snapshots to 2026-07-19 00:00:00+00:00, run_after=2026-07-20 00:00:00+00:00
[2026-07-20T07:42:16.780+0000] {processor.py:183} INFO - Processing /opt/airflow/dags/scd.py took 0.146 seconds
[2026-07-20T07:42:46.996+0000] {processor.py:161} INFO - Started process (PID=14707) to work on /opt/airflow/dags/scd.py
[2026-07-20T07:42:46.998+0000] {processor.py:830} INFO - Processing file /opt/airflow/dags/scd.py for tasks to queue
[2026-07-20T07:42:47.000+0000] {logging_mixin.py:188} INFO - [2026-07-20T07:42:47.000+0000] {dagbag.py:545} INFO - Filling up the DagBag from /opt/airflow/dags/scd.py
[2026-07-20T07:42:47.030+0000] {processor.py:840} INFO - DAG(s) 'SCD2_snapshots' retrieved from /opt/airflow/dags/scd.py
[2026-07-20T07:42:47.075+0000] {logging_mixin.py:188} INFO - [2026-07-20T07:42:47.075+0000] {dag.py:3089} INFO - Sync 1 DAGs
[2026-07-20T07:42:47.107+0000] {logging_mixin.py:188} INFO - [2026-07-20T07:42:47.107+0000] {dag.py:3947} INFO - Setting next_dagrun for SCD2_snapshots to 2026-07-19 00:00:00+00:00, run_after=2026-07-20 00:00:00+00:00
[2026-07-20T07:42:47.134+0000] {processor.py:183} INFO - Processing /opt/airflow/dags/scd.py took 0.148 seconds
[2026-07-20T07:43:17.216+0000] {processor.py:161} INFO - Started process (PID=14712) to work on /opt/airflow/dags/scd.py
[2026-07-20T07:43:17.217+0000] {processor.py:830} INFO - Processing file /opt/airflow/dags/scd.py for tasks to queue
[2026-07-20T07:43:17.220+0000] {logging_mixin.py:188} INFO - [2026-07-20T07:43:17.219+0000] {dagbag.py:545} INFO - Filling up the DagBag from /opt/airflow/dags/scd.py
[2026-07-20T07:43:17.249+0000] {processor.py:840} INFO - DAG(s) 'SCD2_snapshots' retrieved from /opt/airflow/dags/scd.py
[2026-07-20T07:43:17.312+0000] {logging_mixin.py:188} INFO - [2026-07-20T07:43:17.312+0000] {dag.py:3089} INFO - Sync 1 DAGs
[2026-07-20T07:43:17.523+0000] {logging_mixin.py:188} INFO - [2026-07-20T07:43:17.523+0000] {dag.py:3947} INFO - Setting next_dagrun for SCD2_snapshots to 2026-07-19 00:00:00+00:00, run_after=2026-07-20 00:00:00+00:00
[2026-07-20T07:43:17.549+0000] {processor.py:183} INFO - Processing /opt/airflow/dags/scd.py took 0.342 seconds
[2026-07-20T07:43:47.784+0000] {processor.py:161} INFO - Started process (PID=14717) to work on /opt/airflow/dags/scd.py
[2026-07-20T07:43:47.786+0000] {processor.py:830} INFO - Processing file /opt/airflow/dags/scd.py for tasks to queue
[2026-07-20T07:43:47.788+0000] {logging_mixin.py:188} INFO - [2026-07-20T07:43:47.787+0000] {dagbag.py:545} INFO - Filling up the DagBag from /opt/airflow/dags/scd.py
[2026-07-20T07:43:47.816+0000] {processor.py:840} INFO - DAG(s) 'SCD2_snapshots' retrieved from /opt/airflow/dags/scd.py
[2026-07-20T07:43:47.860+0000] {logging_mixin.py:188} INFO - [2026-07-20T07:43:47.860+0000] {dag.py:3089} INFO - Sync 1 DAGs
[2026-07-20T07:43:48.053+0000] {logging_mixin.py:188} INFO - [2026-07-20T07:43:48.053+0000] {dag.py:3947} INFO - Setting next_dagrun for SCD2_snapshots to 2026-07-19 00:00:00+00:00, run_after=2026-07-20 00:00:00+00:00
[2026-07-20T07:43:48.076+0000] {processor.py:183} INFO - Processing /opt/airflow/dags/scd.py took 0.300 seconds
[2026-07-20T07:44:19.030+0000] {processor.py:161} INFO - Started process (PID=14722) to work on /opt/airflow/dags/scd.py
[2026-07-20T07:44:19.032+0000] {processor.py:830} INFO - Processing file /opt/airflow/dags/scd.py for tasks to queue
[2026-07-20T07:44:19.035+0000] {logging_mixin.py:188} INFO - [2026-07-20T07:44:19.034+0000] {dagbag.py:545} INFO - Filling up the DagBag from /opt/airflow/dags/scd.py
[2026-07-20T07:44:19.066+0000] {processor.py:840} INFO - DAG(s) 'SCD2_snapshots' retrieved from /opt/airflow/dags/scd.py
[2026-07-20T07:44:19.111+0000] {logging_mixin.py:188} INFO - [2026-07-20T07:44:19.111+0000] {dag.py:3089} INFO - Sync 1 DAGs
[2026-07-20T07:44:19.142+0000] {logging_mixin.py:188} INFO - [2026-07-20T07:44:19.141+0000] {dag.py:3947} INFO - Setting next_dagrun for SCD2_snapshots to 2026-07-19 00:00:00+00:00, run_after=2026-07-20 00:00:00+00:00
[2026-07-20T07:44:19.168+0000] {processor.py:183} INFO - Processing /opt/airflow/dags/scd.py took 0.149 seconds
[2026-07-20T07:44:49.257+0000] {processor.py:161} INFO - Started process (PID=14727) to work on /opt/airflow/dags/scd.py
[2026-07-20T07:44:49.259+0000] {processor.py:830} INFO - Processing file /opt/airflow/dags/scd.py for tasks to queue
[2026-07-20T07:44:49.262+0000] {logging_mixin.py:188} INFO - [2026-07-20T07:44:49.262+0000] {dagbag.py:545} INFO - Filling up the DagBag from /opt/airflow/dags/scd.py
[2026-07-20T07:44:49.294+0000] {processor.py:840} INFO - DAG(s) 'SCD2_snapshots' retrieved from /opt/airflow/dags/scd.py
[2026-07-20T07:44:49.342+0000] {logging_mixin.py:188} INFO - [2026-07-20T07:44:49.341+0000] {dag.py:3089} INFO - Sync 1 DAGs
[2026-07-20T07:44:49.375+0000] {logging_mixin.py:188} INFO - [2026-07-20T07:44:49.375+0000] {dag.py:3947} INFO - Setting next_dagrun for SCD2_snapshots to 2026-07-19 00:00:00+00:00, run_after=2026-07-20 00:00:00+00:00
[2026-07-20T07:44:49.403+0000] {processor.py:183} INFO - Processing /opt/airflow/dags/scd.py took 0.155 seconds
[2026-07-20T07:45:19.592+0000] {processor.py:161} INFO - Started process (PID=14732) to work on /opt/airflow/dags/scd.py
[2026-07-20T07:45:19.594+0000] {processor.py:830} INFO - Processing file /opt/airflow/dags/scd.py for tasks to queue
[2026-07-20T07:45:19.599+0000] {logging_mixin.py:188} INFO - [2026-07-20T07:45:19.598+0000] {dagbag.py:545} INFO - Filling up the DagBag from /opt/airflow/dags/scd.py
[2026-07-20T07:45:19.636+0000] {processor.py:840} INFO - DAG(s) 'SCD2_snapshots' retrieved from /opt/airflow/dags/scd.py
[2026-07-20T07:45:19.691+0000] {logging_mixin.py:188} INFO - [2026-07-20T07:45:19.691+0000] {dag.py:3089} INFO - Sync 1 DAGs
[2026-07-20T07:45:19.726+0000] {logging_mixin.py:188} INFO - [2026-07-20T07:45:19.726+0000] {dag.py:3947} INFO - Setting next_dagrun for SCD2_snapshots to 2026-07-19 00:00:00+00:00, run_after=2026-07-20 00:00:00+00:00
[2026-07-20T07:45:19.955+0000] {processor.py:183} INFO - Processing /opt/airflow/dags/scd.py took 0.375 seconds
[2026-07-20T07:45:50.244+0000] {processor.py:161} INFO - Started process (PID=14737) to work on /opt/airflow/dags/scd.py
[2026-07-20T07:45:50.246+0000] {processor.py:830} INFO - Processing file /opt/airflow/dags/scd.py for tasks to queue
[2026-07-20T07:45:50.249+0000] {logging_mixin.py:188} INFO - [2026-07-20T07:45:50.249+0000] {dagbag.py:545} INFO - Filling up the DagBag from /opt/airflow/dags/scd.py
[2026-07-20T07:45:50.277+0000] {processor.py:840} INFO - DAG(s) 'SCD2_snapshots' retrieved from /opt/airflow/dags/scd.py
[2026-07-20T07:45:50.318+0000] {logging_mixin.py:188} INFO - [2026-07-20T07:45:50.318+0000] {dag.py:3089} INFO - Sync 1 DAGs
[2026-07-20T07:45:50.522+0000] {logging_mixin.py:188} INFO - [2026-07-20T07:45:50.522+0000] {dag.py:3947} INFO - Setting next_dagrun for SCD2_snapshots to 2026-07-19 00:00:00+00:00, run_after=2026-07-20 00:00:00+00:00
[2026-07-20T07:45:50.546+0000] {processor.py:183} INFO - Processing /opt/airflow/dags/scd.py took 0.311 seconds
[2026-07-20T07:46:20.781+0000] {processor.py:161} INFO - Started process (PID=14742) to work on /opt/airflow/dags/scd.py
[2026-07-20T07:46:20.782+0000] {processor.py:830} INFO - Processing file /opt/airflow/dags/scd.py for tasks to queue
[2026-07-20T07:46:20.786+0000] {logging_mixin.py:188} INFO - [2026-07-20T07:46:20.785+0000] {dagbag.py:545} INFO - Filling up the DagBag from /opt/airflow/dags/scd.py
[2026-07-20T07:46:20.816+0000] {processor.py:840} INFO - DAG(s) 'SCD2_snapshots' retrieved from /opt/airflow/dags/scd.py
[2026-07-20T07:46:20.861+0000] {logging_mixin.py:188} INFO - [2026-07-20T07:46:20.861+0000] {dag.py:3089} INFO - Sync 1 DAGs
[2026-07-20T07:46:20.891+0000] {logging_mixin.py:188} INFO - [2026-07-20T07:46:20.891+0000] {dag.py:3947} INFO - Setting next_dagrun for SCD2_snapshots to 2026-07-19 00:00:00+00:00, run_after=2026-07-20 00:00:00+00:00
[2026-07-20T07:46:20.917+0000] {processor.py:183} INFO - Processing /opt/airflow/dags/scd.py took 0.144 seconds
[2026-07-20T07:46:51.026+0000] {processor.py:161} INFO - Started process (PID=14747) to work on /opt/airflow/dags/scd.py
[2026-07-20T07:46:51.028+0000] {processor.py:830} INFO - Processing file /opt/airflow/dags/scd.py for tasks to queue
[2026-07-20T07:46:51.030+0000] {logging_mixin.py:188} INFO - [2026-07-20T07:46:51.030+0000] {dagbag.py:545} INFO - Filling up the DagBag from /opt/airflow/dags/scd.py
[2026-07-20T07:46:51.061+0000] {processor.py:840} INFO - DAG(s) 'SCD2_snapshots' retrieved from /opt/airflow/dags/scd.py
[2026-07-20T07:46:51.103+0000] {logging_mixin.py:188} INFO - [2026-07-20T07:46:51.103+0000] {dag.py:3089} INFO - Sync 1 DAGs
[2026-07-20T07:46:51.134+0000] {logging_mixin.py:188} INFO - [2026-07-20T07:46:51.134+0000] {dag.py:3947} INFO - Setting next_dagrun for SCD2_snapshots to 2026-07-19 00:00:00+00:00, run_after=2026-07-20 00:00:00+00:00
[2026-07-20T07:46:51.161+0000] {processor.py:183} INFO - Processing /opt/airflow/dags/scd.py took 0.144 seconds
[2026-07-20T07:47:21.295+0000] {processor.py:161} INFO - Started process (PID=14752) to work on /opt/airflow/dags/scd.py
[2026-07-20T07:47:21.297+0000] {processor.py:830} INFO - Processing file /opt/airflow/dags/scd.py for tasks to queue
[2026-07-20T07:47:21.299+0000] {logging_mixin.py:188} INFO - [2026-07-20T07:47:21.299+0000] {dagbag.py:545} INFO - Filling up the DagBag from /opt/airflow/dags/scd.py
[2026-07-20T07:47:21.329+0000] {processor.py:840} INFO - DAG(s) 'SCD2_snapshots' retrieved from /opt/airflow/dags/scd.py
[2026-07-20T07:47:21.370+0000] {logging_mixin.py:188} INFO - [2026-07-20T07:47:21.370+0000] {dag.py:3089} INFO - Sync 1 DAGs
[2026-07-20T07:47:21.399+0000] {logging_mixin.py:188} INFO - [2026-07-20T07:47:21.399+0000] {dag.py:3947} INFO - Setting next_dagrun for SCD2_snapshots to 2026-07-19 00:00:00+00:00, run_after=2026-07-20 00:00:00+00:00
[2026-07-20T07:47:21.594+0000] {processor.py:183} INFO - Processing /opt/airflow/dags/scd.py took 0.308 seconds
[2026-07-20T07:47:51.820+0000] {processor.py:161} INFO - Started process (PID=14757) to work on /opt/airflow/dags/scd.py
[2026-07-20T07:47:51.822+0000] {processor.py:830} INFO - Processing file /opt/airflow/dags/scd.py for tasks to queue
[2026-07-20T07:47:51.825+0000] {logging_mixin.py:188} INFO - [2026-07-20T07:47:51.824+0000] {dagbag.py:545} INFO - Filling up the DagBag from /opt/airflow/dags/scd.py
[2026-07-20T07:47:51.853+0000] {processor.py:840} INFO - DAG(s) 'SCD2_snapshots' retrieved from /opt/airflow/dags/scd.py
[2026-07-20T07:47:51.903+0000] {logging_mixin.py:188} INFO - [2026-07-20T07:47:51.903+0000] {dag.py:3089} INFO - Sync 1 DAGs
[2026-07-20T07:47:52.090+0000] {logging_mixin.py:188} INFO - [2026-07-20T07:47:52.090+0000] {dag.py:3947} INFO - Setting next_dagrun for SCD2_snapshots to 2026-07-19 00:00:00+00:00, run_after=2026-07-20 00:00:00+00:00
[2026-07-20T07:47:52.115+0000] {processor.py:183} INFO - Processing /opt/airflow/dags/scd.py took 0.303 seconds
[2026-07-20T07:48:22.373+0000] {processor.py:161} INFO - Started process (PID=14762) to work on /opt/airflow/dags/scd.py
[2026-07-20T07:48:22.376+0000] {processor.py:830} INFO - Processing file /opt/airflow/dags/scd.py for tasks to queue
[2026-07-20T07:48:22.379+0000] {logging_mixin.py:188} INFO - [2026-07-20T07:48:22.379+0000] {dagbag.py:545} INFO - Filling up the DagBag from /opt/airflow/dags/scd.py
[2026-07-20T07:48:22.424+0000] {processor.py:840} INFO - DAG(s) 'SCD2_snapshots' retrieved from /opt/airflow/dags/scd.py
[2026-07-20T07:48:22.479+0000] {logging_mixin.py:188} INFO - [2026-07-20T07:48:22.478+0000] {dag.py:3089} INFO - Sync 1 DAGs
[2026-07-20T07:48:22.509+0000] {logging_mixin.py:188} INFO - [2026-07-20T07:48:22.509+0000] {dag.py:3947} INFO - Setting next_dagrun for SCD2_snapshots to 2026-07-19 00:00:00+00:00, run_after=2026-07-20 00:00:00+00:00
[2026-07-20T07:48:22.534+0000] {processor.py:183} INFO - Processing /opt/airflow/dags/scd.py took 0.179 seconds
[2026-07-20T07:48:52.597+0000] {processor.py:161} INFO - Started process (PID=14767) to work on /opt/airflow/dags/scd.py
[2026-07-20T07:48:52.598+0000] {processor.py:830} INFO - Processing file /opt/airflow/dags/scd.py for tasks to queue
[2026-07-20T07:48:52.601+0000] {logging_mixin.py:188} INFO - [2026-07-20T07:48:52.600+0000] {dagbag.py:545} INFO - Filling up the DagBag from /opt/airflow/dags/scd.py
[2026-07-20T07:48:52.625+0000] {processor.py:840} INFO - DAG(s) 'SCD2_snapshots' retrieved from /opt/airflow/dags/scd.py
[2026-07-20T07:48:52.664+0000] {logging_mixin.py:188} INFO - [2026-07-20T07:48:52.664+0000] {dag.py:3089} INFO - Sync 1 DAGs
[2026-07-20T07:48:52.691+0000] {logging_mixin.py:188} INFO - [2026-07-20T07:48:52.691+0000] {dag.py:3947} INFO - Setting next_dagrun for SCD2_snapshots to 2026-07-19 00:00:00+00:00, run_after=2026-07-20 00:00:00+00:00
[2026-07-20T07:48:52.716+0000] {processor.py:183} INFO - Processing /opt/airflow/dags/scd.py took 0.127 seconds
[2026-07-20T07:49:22.825+0000] {processor.py:161} INFO - Started process (PID=14772) to work on /opt/airflow/dags/scd.py
[2026-07-20T07:49:22.827+0000] {processor.py:830} INFO - Processing file /opt/airflow/dags/scd.py for tasks to queue
[2026-07-20T07:49:22.829+0000] {logging_mixin.py:188} INFO - [2026-07-20T07:49:22.829+0000] {dagbag.py:545} INFO - Filling up the DagBag from /opt/airflow/dags/scd.py
[2026-07-20T07:49:22.857+0000] {processor.py:840} INFO - DAG(s) 'SCD2_snapshots' retrieved from /opt/airflow/dags/scd.py
[2026-07-20T07:49:22.896+0000] {logging_mixin.py:188} INFO - [2026-07-20T07:49:22.896+0000] {dag.py:3089} INFO - Sync 1 DAGs
[2026-07-20T07:49:22.924+0000] {logging_mixin.py:188} INFO - [2026-07-20T07:49:22.924+0000] {dag.py:3947} INFO - Setting next_dagrun for SCD2_snapshots to 2026-07-19 00:00:00+00:00, run_after=2026-07-20 00:00:00+00:00
[2026-07-20T07:49:23.108+0000] {processor.py:183} INFO - Processing /opt/airflow/dags/scd.py took 0.292 seconds
[2026-07-20T07:49:53.340+0000] {processor.py:161} INFO - Started process (PID=14777) to work on /opt/airflow/dags/scd.py
[2026-07-20T07:49:53.342+0000] {processor.py:830} INFO - Processing file /opt/airflow/dags/scd.py for tasks to queue
[2026-07-20T07:49:53.344+0000] {logging_mixin.py:188} INFO - [2026-07-20T07:49:53.344+0000] {dagbag.py:545} INFO - Filling up the DagBag from /opt/airflow/dags/scd.py
[2026-07-20T07:49:53.376+0000] {processor.py:840} INFO - DAG(s) 'SCD2_snapshots' retrieved from /opt/airflow/dags/scd.py
[2026-07-20T07:49:53.417+0000] {logging_mixin.py:188} INFO - [2026-07-20T07:49:53.417+0000] {dag.py:3089} INFO - Sync 1 DAGs
[2026-07-20T07:49:53.613+0000] {logging_mixin.py:188} INFO - [2026-07-20T07:49:53.612+0000] {dag.py:3947} INFO - Setting next_dagrun for SCD2_snapshots to 2026-07-19 00:00:00+00:00, run_after=2026-07-20 00:00:00+00:00
[2026-07-20T07:49:53.634+0000] {processor.py:183} INFO - Processing /opt/airflow/dags/scd.py took 0.301 seconds
[2026-07-20T07:50:23.909+0000] {processor.py:161} INFO - Started process (PID=14780) to work on /opt/airflow/dags/scd.py
[2026-07-20T07:50:23.911+0000] {processor.py:830} INFO - Processing file /opt/airflow/dags/scd.py for tasks to queue
[2026-07-20T07:50:23.914+0000] {logging_mixin.py:188} INFO - [2026-07-20T07:50:23.914+0000] {dagbag.py:545} INFO - Filling up the DagBag from /opt/airflow/dags/scd.py
[2026-07-20T07:50:23.949+0000] {processor.py:840} INFO - DAG(s) 'SCD2_snapshots' retrieved from /opt/airflow/dags/scd.py
[2026-07-20T07:50:24.198+0000] {logging_mixin.py:188} INFO - [2026-07-20T07:50:24.197+0000] {dag.py:3089} INFO - Sync 1 DAGs
[2026-07-20T07:50:24.226+0000] {logging_mixin.py:188} INFO - [2026-07-20T07:50:24.226+0000] {dag.py:3947} INFO - Setting next_dagrun for SCD2_snapshots to 2026-07-19 00:00:00+00:00, run_after=2026-07-20 00:00:00+00:00
[2026-07-20T07:50:24.253+0000] {processor.py:183} INFO - Processing /opt/airflow/dags/scd.py took 0.356 seconds
[2026-07-20T07:50:54.593+0000] {processor.py:161} INFO - Started process (PID=14783) to work on /opt/airflow/dags/scd.py
[2026-07-20T07:50:54.597+0000] {processor.py:830} INFO - Processing file /opt/airflow/dags/scd.py for tasks to queue
[2026-07-20T07:50:54.604+0000] {logging_mixin.py:188} INFO - [2026-07-20T07:50:54.603+0000] {dagbag.py:545} INFO - Filling up the DagBag from /opt/airflow/dags/scd.py
[2026-07-20T07:50:54.644+0000] {processor.py:840} INFO - DAG(s) 'SCD2_snapshots' retrieved from /opt/airflow/dags/scd.py
[2026-07-20T07:50:54.698+0000] {logging_mixin.py:188} INFO - [2026-07-20T07:50:54.698+0000] {dag.py:3089} INFO - Sync 1 DAGs
[2026-07-20T07:50:54.738+0000] {logging_mixin.py:188} INFO - [2026-07-20T07:50:54.737+0000] {dag.py:3947} INFO - Setting next_dagrun for SCD2_snapshots to 2026-07-19 00:00:00+00:00, run_after=2026-07-20 00:00:00+00:00
[2026-07-20T07:50:54.777+0000] {processor.py:183} INFO - Processing /opt/airflow/dags/scd.py took 0.198 seconds
[2026-07-20T07:51:24.998+0000] {processor.py:161} INFO - Started process (PID=14788) to work on /opt/airflow/dags/scd.py
[2026-07-20T07:51:24.999+0000] {processor.py:830} INFO - Processing file /opt/airflow/dags/scd.py for tasks to queue
[2026-07-20T07:51:25.002+0000] {logging_mixin.py:188} INFO - [2026-07-20T07:51:25.001+0000] {dagbag.py:545} INFO - Filling up the DagBag from /opt/airflow/dags/scd.py
[2026-07-20T07:51:25.028+0000] {processor.py:840} INFO - DAG(s) 'SCD2_snapshots' retrieved from /opt/airflow/dags/scd.py
[2026-07-20T07:51:25.073+0000] {logging_mixin.py:188} INFO - [2026-07-20T07:51:25.073+0000] {dag.py:3089} INFO - Sync 1 DAGs
[2026-07-20T07:51:25.102+0000] {logging_mixin.py:188} INFO - [2026-07-20T07:51:25.102+0000] {dag.py:3947} INFO - Setting next_dagrun for SCD2_snapshots to 2026-07-19 00:00:00+00:00, run_after=2026-07-20 00:00:00+00:00
[2026-07-20T07:51:25.128+0000] {processor.py:183} INFO - Processing /opt/airflow/dags/scd.py took 0.139 seconds
[2026-07-20T07:51:55.219+0000] {processor.py:161} INFO - Started process (PID=14793) to work on /opt/airflow/dags/scd.py
[2026-07-20T07:51:55.221+0000] {processor.py:830} INFO - Processing file /opt/airflow/dags/scd.py for tasks to queue
[2026-07-20T07:51:55.224+0000] {logging_mixin.py:188} INFO - [2026-07-20T07:51:55.223+0000] {dagbag.py:545} INFO - Filling up the DagBag from /opt/airflow/dags/scd.py
[2026-07-20T07:51:55.250+0000] {processor.py:840} INFO - DAG(s) 'SCD2_snapshots' retrieved from /opt/airflow/dags/scd.py
[2026-07-20T07:51:55.292+0000] {logging_mixin.py:188} INFO - [2026-07-20T07:51:55.292+0000] {dag.py:3089} INFO - Sync 1 DAGs
[2026-07-20T07:51:55.562+0000] {logging_mixin.py:188} INFO - [2026-07-20T07:51:55.562+0000] {dag.py:3947} INFO - Setting next_dagrun for SCD2_snapshots to 2026-07-19 00:00:00+00:00, run_after=2026-07-20 00:00:00+00:00
[2026-07-20T07:51:55.598+0000] {processor.py:183} INFO - Processing /opt/airflow/dags/scd.py took 0.389 seconds
[2026-07-20T07:52:26.461+0000] {processor.py:161} INFO - Started process (PID=14798) to work on /opt/airflow/dags/scd.py
[2026-07-20T07:52:26.462+0000] {processor.py:830} INFO - Processing file /opt/airflow/dags/scd.py for tasks to queue
[2026-07-20T07:52:26.465+0000] {logging_mixin.py:188} INFO - [2026-07-20T07:52:26.465+0000] {dagbag.py:545} INFO - Filling up the DagBag from /opt/airflow/dags/scd.py
[2026-07-20T07:52:26.496+0000] {processor.py:840} INFO - DAG(s) 'SCD2_snapshots' retrieved from /opt/airflow/dags/scd.py
[2026-07-20T07:52:26.732+0000] {logging_mixin.py:188} INFO - [2026-07-20T07:52:26.732+0000] {dag.py:3089} INFO - Sync 1 DAGs
[2026-07-20T07:52:26.755+0000] {logging_mixin.py:188} INFO - [2026-07-20T07:52:26.755+0000] {dag.py:3947} INFO - Setting next_dagrun for SCD2_snapshots to 2026-07-19 00:00:00+00:00, run_after=2026-07-20 00:00:00+00:00
[2026-07-20T07:52:26.782+0000] {processor.py:183} INFO - Processing /opt/airflow/dags/scd.py took 0.330 seconds
[2026-07-20T07:52:57.012+0000] {processor.py:161} INFO - Started process (PID=14803) to work on /opt/airflow/dags/scd.py
[2026-07-20T07:52:57.014+0000] {processor.py:830} INFO - Processing file /opt/airflow/dags/scd.py for tasks to queue
[2026-07-20T07:52:57.016+0000] {logging_mixin.py:188} INFO - [2026-07-20T07:52:57.016+0000] {dagbag.py:545} INFO - Filling up the DagBag from /opt/airflow/dags/scd.py
[2026-07-20T07:52:57.046+0000] {processor.py:840} INFO - DAG(s) 'SCD2_snapshots' retrieved from /opt/airflow/dags/scd.py
[2026-07-20T07:52:57.090+0000] {logging_mixin.py:188} INFO - [2026-07-20T07:52:57.090+0000] {dag.py:3089} INFO - Sync 1 DAGs
[2026-07-20T07:52:57.118+0000] {logging_mixin.py:188} INFO - [2026-07-20T07:52:57.118+0000] {dag.py:3947} INFO - Setting next_dagrun for SCD2_snapshots to 2026-07-19 00:00:00+00:00, run_after=2026-07-20 00:00:00+00:00
[2026-07-20T07:52:57.144+0000] {processor.py:183} INFO - Processing /opt/airflow/dags/scd.py took 0.143 seconds
[2026-07-20T07:53:27.370+0000] {processor.py:161} INFO - Started process (PID=14808) to work on /opt/airflow/dags/scd.py
[2026-07-20T07:53:27.372+0000] {processor.py:830} INFO - Processing file /opt/airflow/dags/scd.py for tasks to queue
[2026-07-20T07:53:27.374+0000] {logging_mixin.py:188} INFO - [2026-07-20T07:53:27.374+0000] {dagbag.py:545} INFO - Filling up the DagBag from /opt/airflow/dags/scd.py
[2026-07-20T07:53:27.403+0000] {processor.py:840} INFO - DAG(s) 'SCD2_snapshots' retrieved from /opt/airflow/dags/scd.py
[2026-07-20T07:53:27.446+0000] {logging_mixin.py:188} INFO - [2026-07-20T07:53:27.446+0000] {dag.py:3089} INFO - Sync 1 DAGs
[2026-07-20T07:53:27.474+0000] {logging_mixin.py:188} INFO - [2026-07-20T07:53:27.473+0000] {dag.py:3947} INFO - Setting next_dagrun for SCD2_snapshots to 2026-07-19 00:00:00+00:00, run_after=2026-07-20 00:00:00+00:00
[2026-07-20T07:53:27.499+0000] {processor.py:183} INFO - Processing /opt/airflow/dags/scd.py took 0.139 seconds
[2026-07-20T07:53:57.558+0000] {processor.py:161} INFO - Started process (PID=14813) to work on /opt/airflow/dags/scd.py
[2026-07-20T07:53:57.560+0000] {processor.py:830} INFO - Processing file /opt/airflow/dags/scd.py for tasks to queue
[2026-07-20T07:53:57.564+0000] {logging_mixin.py:188} INFO - [2026-07-20T07:53:57.564+0000] {dagbag.py:545} INFO - Filling up the DagBag from /opt/airflow/dags/scd.py
[2026-07-20T07:53:57.598+0000] {processor.py:840} INFO - DAG(s) 'SCD2_snapshots' retrieved from /opt/airflow/dags/scd.py
[2026-07-20T07:53:57.639+0000] {logging_mixin.py:188} INFO - [2026-07-20T07:53:57.639+0000] {dag.py:3089} INFO - Sync 1 DAGs
[2026-07-20T07:53:57.862+0000] {logging_mixin.py:188} INFO - [2026-07-20T07:53:57.862+0000] {dag.py:3947} INFO - Setting next_dagrun for SCD2_snapshots to 2026-07-19 00:00:00+00:00, run_after=2026-07-20 00:00:00+00:00
[2026-07-20T07:53:57.887+0000] {processor.py:183} INFO - Processing /opt/airflow/dags/scd.py took 0.339 seconds
[2026-07-20T07:54:28.109+0000] {processor.py:161} INFO - Started process (PID=14818) to work on /opt/airflow/dags/scd.py
[2026-07-20T07:54:28.110+0000] {processor.py:830} INFO - Processing file /opt/airflow/dags/scd.py for tasks to queue
[2026-07-20T07:54:28.113+0000] {logging_mixin.py:188} INFO - [2026-07-20T07:54:28.113+0000] {dagbag.py:545} INFO - Filling up the DagBag from /opt/airflow/dags/scd.py
[2026-07-20T07:54:28.143+0000] {processor.py:840} INFO - DAG(s) 'SCD2_snapshots' retrieved from /opt/airflow/dags/scd.py
[2026-07-20T07:54:28.379+0000] {logging_mixin.py:188} INFO - [2026-07-20T07:54:28.379+0000] {dag.py:3089} INFO - Sync 1 DAGs
[2026-07-20T07:54:28.407+0000] {logging_mixin.py:188} INFO - [2026-07-20T07:54:28.407+0000] {dag.py:3947} INFO - Setting next_dagrun for SCD2_snapshots to 2026-07-19 00:00:00+00:00, run_after=2026-07-20 00:00:00+00:00
[2026-07-20T07:54:28.431+0000] {processor.py:183} INFO - Processing /opt/airflow/dags/scd.py took 0.331 seconds
[2026-07-20T07:54:59.341+0000] {processor.py:161} INFO - Started process (PID=14823) to work on /opt/airflow/dags/scd.py
[2026-07-20T07:54:59.343+0000] {processor.py:830} INFO - Processing file /opt/airflow/dags/scd.py for tasks to queue
[2026-07-20T07:54:59.347+0000] {logging_mixin.py:188} INFO - [2026-07-20T07:54:59.347+0000] {dagbag.py:545} INFO - Filling up the DagBag from /opt/airflow/dags/scd.py
[2026-07-20T07:54:59.382+0000] {processor.py:840} INFO - DAG(s) 'SCD2_snapshots' retrieved from /opt/airflow/dags/scd.py
[2026-07-20T07:54:59.424+0000] {logging_mixin.py:188} INFO - [2026-07-20T07:54:59.424+0000] {dag.py:3089} INFO - Sync 1 DAGs
[2026-07-20T07:54:59.450+0000] {logging_mixin.py:188} INFO - [2026-07-20T07:54:59.449+0000] {dag.py:3947} INFO - Setting next_dagrun for SCD2_snapshots to 2026-07-19 00:00:00+00:00, run_after=2026-07-20 00:00:00+00:00
[2026-07-20T07:54:59.484+0000] {processor.py:183} INFO - Processing /opt/airflow/dags/scd.py took 0.154 seconds
[2026-07-20T07:55:29.689+0000] {processor.py:161} INFO - Started process (PID=14828) to work on /opt/airflow/dags/scd.py
[2026-07-20T07:55:29.691+0000] {processor.py:830} INFO - Processing file /opt/airflow/dags/scd.py for tasks to queue
[2026-07-20T07:55:29.694+0000] {logging_mixin.py:188} INFO - [2026-07-20T07:55:29.693+0000] {dagbag.py:545} INFO - Filling up the DagBag from /opt/airflow/dags/scd.py
[2026-07-20T07:55:29.724+0000] {processor.py:840} INFO - DAG(s) 'SCD2_snapshots' retrieved from /opt/airflow/dags/scd.py
[2026-07-20T07:55:29.764+0000] {logging_mixin.py:188} INFO - [2026-07-20T07:55:29.764+0000] {dag.py:3089} INFO - Sync 1 DAGs
[2026-07-20T07:55:29.791+0000] {logging_mixin.py:188} INFO - [2026-07-20T07:55:29.791+0000] {dag.py:3947} INFO - Setting next_dagrun for SCD2_snapshots to 2026-07-19 00:00:00+00:00, run_after=2026-07-20 00:00:00+00:00
[2026-07-20T07:55:29.821+0000] {processor.py:183} INFO - Processing /opt/airflow/dags/scd.py took 0.140 seconds
[2026-07-20T07:55:59.875+0000] {processor.py:161} INFO - Started process (PID=14833) to work on /opt/airflow/dags/scd.py
[2026-07-20T07:55:59.877+0000] {processor.py:830} INFO - Processing file /opt/airflow/dags/scd.py for tasks to queue
[2026-07-20T07:55:59.879+0000] {logging_mixin.py:188} INFO - [2026-07-20T07:55:59.879+0000] {dagbag.py:545} INFO - Filling up the DagBag from /opt/airflow/dags/scd.py
[2026-07-20T07:55:59.907+0000] {processor.py:840} INFO - DAG(s) 'SCD2_snapshots' retrieved from /opt/airflow/dags/scd.py
[2026-07-20T07:55:59.947+0000] {logging_mixin.py:188} INFO - [2026-07-20T07:55:59.947+0000] {dag.py:3089} INFO - Sync 1 DAGs
[2026-07-20T07:56:00.149+0000] {logging_mixin.py:188} INFO - [2026-07-20T07:56:00.148+0000] {dag.py:3947} INFO - Setting next_dagrun for SCD2_snapshots to 2026-07-19 00:00:00+00:00, run_after=2026-07-20 00:00:00+00:00
[2026-07-20T07:56:00.171+0000] {processor.py:183} INFO - Processing /opt/airflow/dags/scd.py took 0.305 seconds
[2026-07-20T07:56:30.434+0000] {processor.py:161} INFO - Started process (PID=14838) to work on /opt/airflow/dags/scd.py
[2026-07-20T07:56:30.436+0000] {processor.py:830} INFO - Processing file /opt/airflow/dags/scd.py for tasks to queue
[2026-07-20T07:56:30.439+0000] {logging_mixin.py:188} INFO - [2026-07-20T07:56:30.438+0000] {dagbag.py:545} INFO - Filling up the DagBag from /opt/airflow/dags/scd.py
[2026-07-20T07:56:30.474+0000] {processor.py:840} INFO - DAG(s) 'SCD2_snapshots' retrieved from /opt/airflow/dags/scd.py
[2026-07-20T07:56:30.696+0000] {logging_mixin.py:188} INFO - [2026-07-20T07:56:30.696+0000] {dag.py:3089} INFO - Sync 1 DAGs
[2026-07-20T07:56:30.718+0000] {logging_mixin.py:188} INFO - [2026-07-20T07:56:30.718+0000] {dag.py:3947} INFO - Setting next_dagrun for SCD2_snapshots to 2026-07-19 00:00:00+00:00, run_after=2026-07-20 00:00:00+00:00
[2026-07-20T07:56:30.742+0000] {processor.py:183} INFO - Processing /opt/airflow/dags/scd.py took 0.316 seconds
[2026-07-20T07:57:01.010+0000] {processor.py:161} INFO - Started process (PID=14843) to work on /opt/airflow/dags/scd.py
[2026-07-20T07:57:01.011+0000] {processor.py:830} INFO - Processing file /opt/airflow/dags/scd.py for tasks to queue
[2026-07-20T07:57:01.014+0000] {logging_mixin.py:188} INFO - [2026-07-20T07:57:01.013+0000] {dagbag.py:545} INFO - Filling up the DagBag from /opt/airflow/dags/scd.py
[2026-07-20T07:57:01.045+0000] {processor.py:840} INFO - DAG(s) 'SCD2_snapshots' retrieved from /opt/airflow/dags/scd.py
[2026-07-20T07:57:01.088+0000] {logging_mixin.py:188} INFO - [2026-07-20T07:57:01.088+0000] {dag.py:3089} INFO - Sync 1 DAGs
[2026-07-20T07:57:01.116+0000] {logging_mixin.py:188} INFO - [2026-07-20T07:57:01.116+0000] {dag.py:3947} INFO - Setting next_dagrun for SCD2_snapshots to 2026-07-19 00:00:00+00:00, run_after=2026-07-20 00:00:00+00:00
[2026-07-20T07:57:01.142+0000] {processor.py:183} INFO - Processing /opt/airflow/dags/scd.py took 0.140 seconds
[2026-07-20T07:57:31.202+0000] {processor.py:161} INFO - Started process (PID=14848) to work on /opt/airflow/dags/scd.py
[2026-07-20T07:57:31.204+0000] {processor.py:830} INFO - Processing file /opt/airflow/dags/scd.py for tasks to queue
[2026-07-20T07:57:31.206+0000] {logging_mixin.py:188} INFO - [2026-07-20T07:57:31.206+0000] {dagbag.py:545} INFO - Filling up the DagBag from /opt/airflow/dags/scd.py
[2026-07-20T07:57:31.232+0000] {processor.py:840} INFO - DAG(s) 'SCD2_snapshots' retrieved from /opt/airflow/dags/scd.py
[2026-07-20T07:57:31.275+0000] {logging_mixin.py:188} INFO - [2026-07-20T07:57:31.275+0000] {dag.py:3089} INFO - Sync 1 DAGs
[2026-07-20T07:57:31.302+0000] {logging_mixin.py:188} INFO - [2026-07-20T07:57:31.302+0000] {dag.py:3947} INFO - Setting next_dagrun for SCD2_snapshots to 2026-07-19 00:00:00+00:00, run_after=2026-07-20 00:00:00+00:00
[2026-07-20T07:57:31.327+0000] {processor.py:183} INFO - Processing /opt/airflow/dags/scd.py took 0.132 seconds
[2026-07-20T07:58:01.456+0000] {processor.py:161} INFO - Started process (PID=14853) to work on /opt/airflow/dags/scd.py
[2026-07-20T07:58:01.457+0000] {processor.py:830} INFO - Processing file /opt/airflow/dags/scd.py for tasks to queue
[2026-07-20T07:58:01.460+0000] {logging_mixin.py:188} INFO - [2026-07-20T07:58:01.460+0000] {dagbag.py:545} INFO - Filling up the DagBag from /opt/airflow/dags/scd.py
[2026-07-20T07:58:01.485+0000] {processor.py:840} INFO - DAG(s) 'SCD2_snapshots' retrieved from /opt/airflow/dags/scd.py
[2026-07-20T07:58:01.527+0000] {logging_mixin.py:188} INFO - [2026-07-20T07:58:01.527+0000] {dag.py:3089} INFO - Sync 1 DAGs
[2026-07-20T07:58:01.711+0000] {logging_mixin.py:188} INFO - [2026-07-20T07:58:01.711+0000] {dag.py:3947} INFO - Setting next_dagrun for SCD2_snapshots to 2026-07-19 00:00:00+00:00, run_after=2026-07-20 00:00:00+00:00
[2026-07-20T07:58:01.730+0000] {processor.py:183} INFO - Processing /opt/airflow/dags/scd.py took 0.282 seconds
[2026-07-20T07:58:32.776+0000] {processor.py:161} INFO - Started process (PID=14858) to work on /opt/airflow/dags/scd.py
[2026-07-20T07:58:32.779+0000] {processor.py:830} INFO - Processing file /opt/airflow/dags/scd.py for tasks to queue
[2026-07-20T07:58:32.782+0000] {logging_mixin.py:188} INFO - [2026-07-20T07:58:32.782+0000] {dagbag.py:545} INFO - Filling up the DagBag from /opt/airflow/dags/scd.py
[2026-07-20T07:58:32.827+0000] {processor.py:840} INFO - DAG(s) 'SCD2_snapshots' retrieved from /opt/airflow/dags/scd.py
[2026-07-20T07:58:33.024+0000] {logging_mixin.py:188} INFO - [2026-07-20T07:58:33.024+0000] {dag.py:3089} INFO - Sync 1 DAGs
[2026-07-20T07:58:33.046+0000] {logging_mixin.py:188} INFO - [2026-07-20T07:58:33.046+0000] {dag.py:3947} INFO - Setting next_dagrun for SCD2_snapshots to 2026-07-19 00:00:00+00:00, run_after=2026-07-20 00:00:00+00:00
[2026-07-20T07:58:33.069+0000] {processor.py:183} INFO - Processing /opt/airflow/dags/scd.py took 0.306 seconds
[2026-07-20T07:59:03.334+0000] {processor.py:161} INFO - Started process (PID=14863) to work on /opt/airflow/dags/scd.py
[2026-07-20T07:59:03.336+0000] {processor.py:830} INFO - Processing file /opt/airflow/dags/scd.py for tasks to queue
[2026-07-20T07:59:03.339+0000] {logging_mixin.py:188} INFO - [2026-07-20T07:59:03.338+0000] {dagbag.py:545} INFO - Filling up the DagBag from /opt/airflow/dags/scd.py
[2026-07-20T07:59:03.565+0000] {processor.py:840} INFO - DAG(s) 'SCD2_snapshots' retrieved from /opt/airflow/dags/scd.py
[2026-07-20T07:59:03.613+0000] {logging_mixin.py:188} INFO - [2026-07-20T07:59:03.612+0000] {dag.py:3089} INFO - Sync 1 DAGs
[2026-07-20T07:59:03.638+0000] {logging_mixin.py:188} INFO - [2026-07-20T07:59:03.638+0000] {dag.py:3947} INFO - Setting next_dagrun for SCD2_snapshots to 2026-07-19 00:00:00+00:00, run_after=2026-07-20 00:00:00+00:00
[2026-07-20T07:59:03.669+0000] {processor.py:183} INFO - Processing /opt/airflow/dags/scd.py took 0.344 seconds
[2026-07-20T07:59:33.806+0000] {processor.py:161} INFO - Started process (PID=14868) to work on /opt/airflow/dags/scd.py
[2026-07-20T07:59:33.808+0000] {processor.py:830} INFO - Processing file /opt/airflow/dags/scd.py for tasks to queue
[2026-07-20T07:59:33.812+0000] {logging_mixin.py:188} INFO - [2026-07-20T07:59:33.811+0000] {dagbag.py:545} INFO - Filling up the DagBag from /opt/airflow/dags/scd.py
[2026-07-20T07:59:33.835+0000] {processor.py:840} INFO - DAG(s) 'SCD2_snapshots' retrieved from /opt/airflow/dags/scd.py
[2026-07-20T07:59:33.876+0000] {logging_mixin.py:188} INFO - [2026-07-20T07:59:33.876+0000] {dag.py:3089} INFO - Sync 1 DAGs
[2026-07-20T07:59:33.911+0000] {logging_mixin.py:188} INFO - [2026-07-20T07:59:33.911+0000] {dag.py:3947} INFO - Setting next_dagrun for SCD2_snapshots to 2026-07-19 00:00:00+00:00, run_after=2026-07-20 00:00:00+00:00
[2026-07-20T07:59:33.937+0000] {processor.py:183} INFO - Processing /opt/airflow/dags/scd.py took 0.140 seconds
[2026-07-20T08:00:04.177+0000] {processor.py:161} INFO - Started process (PID=14873) to work on /opt/airflow/dags/scd.py
[2026-07-20T08:00:04.179+0000] {processor.py:830} INFO - Processing file /opt/airflow/dags/scd.py for tasks to queue
[2026-07-20T08:00:04.181+0000] {logging_mixin.py:188} INFO - [2026-07-20T08:00:04.181+0000] {dagbag.py:545} INFO - Filling up the DagBag from /opt/airflow/dags/scd.py
[2026-07-20T08:00:04.211+0000] {processor.py:840} INFO - DAG(s) 'SCD2_snapshots' retrieved from /opt/airflow/dags/scd.py
[2026-07-20T08:00:04.252+0000] {logging_mixin.py:188} INFO - [2026-07-20T08:00:04.252+0000] {dag.py:3089} INFO - Sync 1 DAGs
[2026-07-20T08:00:04.279+0000] {logging_mixin.py:188} INFO - [2026-07-20T08:00:04.278+0000] {dag.py:3947} INFO - Setting next_dagrun for SCD2_snapshots to 2026-07-19 00:00:00+00:00, run_after=2026-07-20 00:00:00+00:00
[2026-07-20T08:00:04.303+0000] {processor.py:183} INFO - Processing /opt/airflow/dags/scd.py took 0.133 seconds
[2026-07-20T08:00:34.529+0000] {processor.py:161} INFO - Started process (PID=14878) to work on /opt/airflow/dags/scd.py
[2026-07-20T08:00:34.531+0000] {processor.py:830} INFO - Processing file /opt/airflow/dags/scd.py for tasks to queue
[2026-07-20T08:00:34.533+0000] {logging_mixin.py:188} INFO - [2026-07-20T08:00:34.533+0000] {dagbag.py:545} INFO - Filling up the DagBag from /opt/airflow/dags/scd.py
[2026-07-20T08:00:34.571+0000] {processor.py:840} INFO - DAG(s) 'SCD2_snapshots' retrieved from /opt/airflow/dags/scd.py
[2026-07-20T08:00:34.616+0000] {logging_mixin.py:188} INFO - [2026-07-20T08:00:34.616+0000] {dag.py:3089} INFO - Sync 1 DAGs
[2026-07-20T08:00:34.643+0000] {logging_mixin.py:188} INFO - [2026-07-20T08:00:34.643+0000] {dag.py:3947} INFO - Setting next_dagrun for SCD2_snapshots to 2026-07-19 00:00:00+00:00, run_after=2026-07-20 00:00:00+00:00
[2026-07-20T08:00:34.666+0000] {processor.py:183} INFO - Processing /opt/airflow/dags/scd.py took 0.144 seconds
[2026-07-20T08:01:04.905+0000] {processor.py:161} INFO - Started process (PID=14883) to work on /opt/airflow/dags/scd.py
[2026-07-20T08:01:04.906+0000] {processor.py:830} INFO - Processing file /opt/airflow/dags/scd.py for tasks to queue
[2026-07-20T08:01:04.909+0000] {logging_mixin.py:188} INFO - [2026-07-20T08:01:04.908+0000] {dagbag.py:545} INFO - Filling up the DagBag from /opt/airflow/dags/scd.py
[2026-07-20T08:01:04.942+0000] {processor.py:840} INFO - DAG(s) 'SCD2_snapshots' retrieved from /opt/airflow/dags/scd.py
[2026-07-20T08:01:04.986+0000] {logging_mixin.py:188} INFO - [2026-07-20T08:01:04.985+0000] {dag.py:3089} INFO - Sync 1 DAGs
[2026-07-20T08:01:05.030+0000] {logging_mixin.py:188} INFO - [2026-07-20T08:01:05.030+0000] {dag.py:3947} INFO - Setting next_dagrun for SCD2_snapshots to 2026-07-19 00:00:00+00:00, run_after=2026-07-20 00:00:00+00:00
[2026-07-20T08:01:05.068+0000] {processor.py:183} INFO - Processing /opt/airflow/dags/scd.py took 0.171 seconds
[2026-07-20T08:01:35.292+0000] {processor.py:161} INFO - Started process (PID=14888) to work on /opt/airflow/dags/scd.py
[2026-07-20T08:01:35.294+0000] {processor.py:830} INFO - Processing file /opt/airflow/dags/scd.py for tasks to queue
[2026-07-20T08:01:35.296+0000] {logging_mixin.py:188} INFO - [2026-07-20T08:01:35.296+0000] {dagbag.py:545} INFO - Filling up the DagBag from /opt/airflow/dags/scd.py
[2026-07-20T08:01:35.322+0000] {processor.py:840} INFO - DAG(s) 'SCD2_snapshots' retrieved from /opt/airflow/dags/scd.py
[2026-07-20T08:01:35.359+0000] {logging_mixin.py:188} INFO - [2026-07-20T08:01:35.358+0000] {dag.py:3089} INFO - Sync 1 DAGs
[2026-07-20T08:01:35.387+0000] {logging_mixin.py:188} INFO - [2026-07-20T08:01:35.387+0000] {dag.py:3947} INFO - Setting next_dagrun for SCD2_snapshots to 2026-07-19 00:00:00+00:00, run_after=2026-07-20 00:00:00+00:00
[2026-07-20T08:01:35.410+0000] {processor.py:183} INFO - Processing /opt/airflow/dags/scd.py took 0.126 seconds
[2026-07-20T08:02:05.507+0000] {processor.py:161} INFO - Started process (PID=14893) to work on /opt/airflow/dags/scd.py
[2026-07-20T08:02:05.509+0000] {processor.py:830} INFO - Processing file /opt/airflow/dags/scd.py for tasks to queue
[2026-07-20T08:02:05.511+0000] {logging_mixin.py:188} INFO - [2026-07-20T08:02:05.511+0000] {dagbag.py:545} INFO - Filling up the DagBag from /opt/airflow/dags/scd.py
[2026-07-20T08:02:05.537+0000] {processor.py:840} INFO - DAG(s) 'SCD2_snapshots' retrieved from /opt/airflow/dags/scd.py
[2026-07-20T08:02:05.589+0000] {logging_mixin.py:188} INFO - [2026-07-20T08:02:05.588+0000] {dag.py:3089} INFO - Sync 1 DAGs
[2026-07-20T08:02:05.617+0000] {logging_mixin.py:188} INFO - [2026-07-20T08:02:05.617+0000] {dag.py:3947} INFO - Setting next_dagrun for SCD2_snapshots to 2026-07-19 00:00:00+00:00, run_after=2026-07-20 00:00:00+00:00
[2026-07-20T08:02:05.642+0000] {processor.py:183} INFO - Processing /opt/airflow/dags/scd.py took 0.144 seconds
[2026-07-20T08:02:35.760+0000] {processor.py:161} INFO - Started process (PID=14898) to work on /opt/airflow/dags/scd.py
[2026-07-20T08:02:35.762+0000] {processor.py:830} INFO - Processing file /opt/airflow/dags/scd.py for tasks to queue
[2026-07-20T08:02:35.764+0000] {logging_mixin.py:188} INFO - [2026-07-20T08:02:35.764+0000] {dagbag.py:545} INFO - Filling up the DagBag from /opt/airflow/dags/scd.py
[2026-07-20T08:02:35.794+0000] {processor.py:840} INFO - DAG(s) 'SCD2_snapshots' retrieved from /opt/airflow/dags/scd.py
[2026-07-20T08:02:35.837+0000] {logging_mixin.py:188} INFO - [2026-07-20T08:02:35.837+0000] {dag.py:3089} INFO - Sync 1 DAGs
[2026-07-20T08:02:35.863+0000] {logging_mixin.py:188} INFO - [2026-07-20T08:02:35.863+0000] {dag.py:3947} INFO - Setting next_dagrun for SCD2_snapshots to 2026-07-19 00:00:00+00:00, run_after=2026-07-20 00:00:00+00:00
[2026-07-20T08:02:35.889+0000] {processor.py:183} INFO - Processing /opt/airflow/dags/scd.py took 0.136 seconds
[2026-07-20T08:03:06.140+0000] {processor.py:161} INFO - Started process (PID=14903) to work on /opt/airflow/dags/scd.py
[2026-07-20T08:03:06.141+0000] {processor.py:830} INFO - Processing file /opt/airflow/dags/scd.py for tasks to queue
[2026-07-20T08:03:06.144+0000] {logging_mixin.py:188} INFO - [2026-07-20T08:03:06.143+0000] {dagbag.py:545} INFO - Filling up the DagBag from /opt/airflow/dags/scd.py
[2026-07-20T08:03:06.171+0000] {processor.py:840} INFO - DAG(s) 'SCD2_snapshots' retrieved from /opt/airflow/dags/scd.py
[2026-07-20T08:03:06.212+0000] {logging_mixin.py:188} INFO - [2026-07-20T08:03:06.211+0000] {dag.py:3089} INFO - Sync 1 DAGs
[2026-07-20T08:03:06.238+0000] {logging_mixin.py:188} INFO - [2026-07-20T08:03:06.237+0000] {dag.py:3947} INFO - Setting next_dagrun for SCD2_snapshots to 2026-07-19 00:00:00+00:00, run_after=2026-07-20 00:00:00+00:00
[2026-07-20T08:03:06.262+0000] {processor.py:183} INFO - Processing /opt/airflow/dags/scd.py took 0.130 seconds
[2026-07-20T08:03:36.524+0000] {processor.py:161} INFO - Started process (PID=14908) to work on /opt/airflow/dags/scd.py
[2026-07-20T08:03:36.526+0000] {processor.py:830} INFO - Processing file /opt/airflow/dags/scd.py for tasks to queue
[2026-07-20T08:03:36.530+0000] {logging_mixin.py:188} INFO - [2026-07-20T08:03:36.530+0000] {dagbag.py:545} INFO - Filling up the DagBag from /opt/airflow/dags/scd.py
[2026-07-20T08:03:36.571+0000] {processor.py:840} INFO - DAG(s) 'SCD2_snapshots' retrieved from /opt/airflow/dags/scd.py
[2026-07-20T08:03:36.634+0000] {logging_mixin.py:188} INFO - [2026-07-20T08:03:36.634+0000] {dag.py:3089} INFO - Sync 1 DAGs
[2026-07-20T08:03:36.678+0000] {logging_mixin.py:188} INFO - [2026-07-20T08:03:36.678+0000] {dag.py:3947} INFO - Setting next_dagrun for SCD2_snapshots to 2026-07-19 00:00:00+00:00, run_after=2026-07-20 00:00:00+00:00
[2026-07-20T08:03:36.701+0000] {processor.py:183} INFO - Processing /opt/airflow/dags/scd.py took 0.186 seconds
[2026-07-20T08:04:06.758+0000] {processor.py:161} INFO - Started process (PID=14913) to work on /opt/airflow/dags/scd.py
[2026-07-20T08:04:06.759+0000] {processor.py:830} INFO - Processing file /opt/airflow/dags/scd.py for tasks to queue
[2026-07-20T08:04:06.762+0000] {logging_mixin.py:188} INFO - [2026-07-20T08:04:06.762+0000] {dagbag.py:545} INFO - Filling up the DagBag from /opt/airflow/dags/scd.py
[2026-07-20T08:04:06.789+0000] {processor.py:840} INFO - DAG(s) 'SCD2_snapshots' retrieved from /opt/airflow/dags/scd.py
[2026-07-20T08:04:06.829+0000] {logging_mixin.py:188} INFO - [2026-07-20T08:04:06.829+0000] {dag.py:3089} INFO - Sync 1 DAGs
[2026-07-20T08:04:06.855+0000] {logging_mixin.py:188} INFO - [2026-07-20T08:04:06.855+0000] {dag.py:3947} INFO - Setting next_dagrun for SCD2_snapshots to 2026-07-19 00:00:00+00:00, run_after=2026-07-20 00:00:00+00:00
[2026-07-20T08:04:06.880+0000] {processor.py:183} INFO - Processing /opt/airflow/dags/scd.py took 0.131 seconds
[2026-07-20T08:04:37.029+0000] {processor.py:161} INFO - Started process (PID=14918) to work on /opt/airflow/dags/scd.py
[2026-07-20T08:04:37.031+0000] {processor.py:830} INFO - Processing file /opt/airflow/dags/scd.py for tasks to queue
[2026-07-20T08:04:37.033+0000] {logging_mixin.py:188} INFO - [2026-07-20T08:04:37.032+0000] {dagbag.py:545} INFO - Filling up the DagBag from /opt/airflow/dags/scd.py
[2026-07-20T08:04:37.061+0000] {processor.py:840} INFO - DAG(s) 'SCD2_snapshots' retrieved from /opt/airflow/dags/scd.py
[2026-07-20T08:04:37.101+0000] {logging_mixin.py:188} INFO - [2026-07-20T08:04:37.101+0000] {dag.py:3089} INFO - Sync 1 DAGs
[2026-07-20T08:04:37.128+0000] {logging_mixin.py:188} INFO - [2026-07-20T08:04:37.127+0000] {dag.py:3947} INFO - Setting next_dagrun for SCD2_snapshots to 2026-07-19 00:00:00+00:00, run_after=2026-07-20 00:00:00+00:00
[2026-07-20T08:04:37.151+0000] {processor.py:183} INFO - Processing /opt/airflow/dags/scd.py took 0.130 seconds
[2026-07-20T08:05:07.379+0000] {processor.py:161} INFO - Started process (PID=14923) to work on /opt/airflow/dags/scd.py
[2026-07-20T08:05:07.381+0000] {processor.py:830} INFO - Processing file /opt/airflow/dags/scd.py for tasks to queue
[2026-07-20T08:05:07.383+0000] {logging_mixin.py:188} INFO - [2026-07-20T08:05:07.382+0000] {dagbag.py:545} INFO - Filling up the DagBag from /opt/airflow/dags/scd.py
[2026-07-20T08:05:07.411+0000] {processor.py:840} INFO - DAG(s) 'SCD2_snapshots' retrieved from /opt/airflow/dags/scd.py
[2026-07-20T08:05:07.451+0000] {logging_mixin.py:188} INFO - [2026-07-20T08:05:07.451+0000] {dag.py:3089} INFO - Sync 1 DAGs
[2026-07-20T08:05:07.481+0000] {logging_mixin.py:188} INFO - [2026-07-20T08:05:07.480+0000] {dag.py:3947} INFO - Setting next_dagrun for SCD2_snapshots to 2026-07-19 00:00:00+00:00, run_after=2026-07-20 00:00:00+00:00
[2026-07-20T08:05:07.507+0000] {processor.py:183} INFO - Processing /opt/airflow/dags/scd.py took 0.136 seconds
[2026-07-20T08:05:37.761+0000] {processor.py:161} INFO - Started process (PID=14928) to work on /opt/airflow/dags/scd.py
[2026-07-20T08:05:37.763+0000] {processor.py:830} INFO - Processing file /opt/airflow/dags/scd.py for tasks to queue
[2026-07-20T08:05:37.766+0000] {logging_mixin.py:188} INFO - [2026-07-20T08:05:37.766+0000] {dagbag.py:545} INFO - Filling up the DagBag from /opt/airflow/dags/scd.py
[2026-07-20T08:05:37.798+0000] {processor.py:840} INFO - DAG(s) 'SCD2_snapshots' retrieved from /opt/airflow/dags/scd.py
[2026-07-20T08:05:37.842+0000] {logging_mixin.py:188} INFO - [2026-07-20T08:05:37.842+0000] {dag.py:3089} INFO - Sync 1 DAGs
[2026-07-20T08:05:37.870+0000] {logging_mixin.py:188} INFO - [2026-07-20T08:05:37.870+0000] {dag.py:3947} INFO - Setting next_dagrun for SCD2_snapshots to 2026-07-19 00:00:00+00:00, run_after=2026-07-20 00:00:00+00:00
[2026-07-20T08:05:37.895+0000] {processor.py:183} INFO - Processing /opt/airflow/dags/scd.py took 0.142 seconds
[2026-07-20T08:06:07.994+0000] {processor.py:161} INFO - Started process (PID=14933) to work on /opt/airflow/dags/scd.py
[2026-07-20T08:06:07.995+0000] {processor.py:830} INFO - Processing file /opt/airflow/dags/scd.py for tasks to queue
[2026-07-20T08:06:07.997+0000] {logging_mixin.py:188} INFO - [2026-07-20T08:06:07.997+0000] {dagbag.py:545} INFO - Filling up the DagBag from /opt/airflow/dags/scd.py
[2026-07-20T08:06:08.025+0000] {processor.py:840} INFO - DAG(s) 'SCD2_snapshots' retrieved from /opt/airflow/dags/scd.py
[2026-07-20T08:06:08.064+0000] {logging_mixin.py:188} INFO - [2026-07-20T08:06:08.064+0000] {dag.py:3089} INFO - Sync 1 DAGs
[2026-07-20T08:06:08.088+0000] {logging_mixin.py:188} INFO - [2026-07-20T08:06:08.088+0000] {dag.py:3947} INFO - Setting next_dagrun for SCD2_snapshots to 2026-07-19 00:00:00+00:00, run_after=2026-07-20 00:00:00+00:00
[2026-07-20T08:06:08.110+0000] {processor.py:183} INFO - Processing /opt/airflow/dags/scd.py took 0.123 seconds
[2026-07-20T08:06:38.360+0000] {processor.py:161} INFO - Started process (PID=14938) to work on /opt/airflow/dags/scd.py
[2026-07-20T08:06:38.364+0000] {processor.py:830} INFO - Processing file /opt/airflow/dags/scd.py for tasks to queue
[2026-07-20T08:06:38.367+0000] {logging_mixin.py:188} INFO - [2026-07-20T08:06:38.367+0000] {dagbag.py:545} INFO - Filling up the DagBag from /opt/airflow/dags/scd.py
[2026-07-20T08:06:38.401+0000] {processor.py:840} INFO - DAG(s) 'SCD2_snapshots' retrieved from /opt/airflow/dags/scd.py
[2026-07-20T08:06:38.444+0000] {logging_mixin.py:188} INFO - [2026-07-20T08:06:38.444+0000] {dag.py:3089} INFO - Sync 1 DAGs
[2026-07-20T08:06:38.472+0000] {logging_mixin.py:188} INFO - [2026-07-20T08:06:38.471+0000] {dag.py:3947} INFO - Setting next_dagrun for SCD2_snapshots to 2026-07-19 00:00:00+00:00, run_after=2026-07-20 00:00:00+00:00
[2026-07-20T08:06:38.496+0000] {processor.py:183} INFO - Processing /opt/airflow/dags/scd.py took 0.148 seconds
[2026-07-20T08:07:08.744+0000] {processor.py:161} INFO - Started process (PID=14943) to work on /opt/airflow/dags/scd.py
[2026-07-20T08:07:08.746+0000] {processor.py:830} INFO - Processing file /opt/airflow/dags/scd.py for tasks to queue
[2026-07-20T08:07:08.750+0000] {logging_mixin.py:188} INFO - [2026-07-20T08:07:08.749+0000] {dagbag.py:545} INFO - Filling up the DagBag from /opt/airflow/dags/scd.py
[2026-07-20T08:07:08.784+0000] {processor.py:840} INFO - DAG(s) 'SCD2_snapshots' retrieved from /opt/airflow/dags/scd.py
[2026-07-20T08:07:08.824+0000] {logging_mixin.py:188} INFO - [2026-07-20T08:07:08.823+0000] {dag.py:3089} INFO - Sync 1 DAGs
[2026-07-20T08:07:08.853+0000] {logging_mixin.py:188} INFO - [2026-07-20T08:07:08.852+0000] {dag.py:3947} INFO - Setting next_dagrun for SCD2_snapshots to 2026-07-19 00:00:00+00:00, run_after=2026-07-20 00:00:00+00:00
[2026-07-20T08:07:08.879+0000] {processor.py:183} INFO - Processing /opt/airflow/dags/scd.py took 0.145 seconds
[2026-07-20T08:07:39.089+0000] {processor.py:161} INFO - Started process (PID=14948) to work on /opt/airflow/dags/scd.py
[2026-07-20T08:07:39.091+0000] {processor.py:830} INFO - Processing file /opt/airflow/dags/scd.py for tasks to queue
[2026-07-20T08:07:39.093+0000] {logging_mixin.py:188} INFO - [2026-07-20T08:07:39.093+0000] {dagbag.py:545} INFO - Filling up the DagBag from /opt/airflow/dags/scd.py
[2026-07-20T08:07:39.123+0000] {processor.py:840} INFO - DAG(s) 'SCD2_snapshots' retrieved from /opt/airflow/dags/scd.py
[2026-07-20T08:07:39.161+0000] {logging_mixin.py:188} INFO - [2026-07-20T08:07:39.160+0000] {dag.py:3089} INFO - Sync 1 DAGs
[2026-07-20T08:07:39.186+0000] {logging_mixin.py:188} INFO - [2026-07-20T08:07:39.186+0000] {dag.py:3947} INFO - Setting next_dagrun for SCD2_snapshots to 2026-07-19 00:00:00+00:00, run_after=2026-07-20 00:00:00+00:00
[2026-07-20T08:07:39.209+0000] {processor.py:183} INFO - Processing /opt/airflow/dags/scd.py took 0.127 seconds
[2026-07-20T08:08:09.331+0000] {processor.py:161} INFO - Started process (PID=14953) to work on /opt/airflow/dags/scd.py
[2026-07-20T08:08:09.333+0000] {processor.py:830} INFO - Processing file /opt/airflow/dags/scd.py for tasks to queue
[2026-07-20T08:08:09.335+0000] {logging_mixin.py:188} INFO - [2026-07-20T08:08:09.335+0000] {dagbag.py:545} INFO - Filling up the DagBag from /opt/airflow/dags/scd.py
[2026-07-20T08:08:09.363+0000] {processor.py:840} INFO - DAG(s) 'SCD2_snapshots' retrieved from /opt/airflow/dags/scd.py
[2026-07-20T08:08:09.403+0000] {logging_mixin.py:188} INFO - [2026-07-20T08:08:09.403+0000] {dag.py:3089} INFO - Sync 1 DAGs
[2026-07-20T08:08:09.430+0000] {logging_mixin.py:188} INFO - [2026-07-20T08:08:09.430+0000] {dag.py:3947} INFO - Setting next_dagrun for SCD2_snapshots to 2026-07-19 00:00:00+00:00, run_after=2026-07-20 00:00:00+00:00
[2026-07-20T08:08:09.458+0000] {processor.py:183} INFO - Processing /opt/airflow/dags/scd.py took 0.136 seconds
[2026-07-20T08:08:39.660+0000] {processor.py:161} INFO - Started process (PID=14954) to work on /opt/airflow/dags/scd.py
[2026-07-20T08:08:39.664+0000] {processor.py:830} INFO - Processing file /opt/airflow/dags/scd.py for tasks to queue
[2026-07-20T08:08:39.668+0000] {logging_mixin.py:188} INFO - [2026-07-20T08:08:39.667+0000] {dagbag.py:545} INFO - Filling up the DagBag from /opt/airflow/dags/scd.py
[2026-07-20T08:08:39.714+0000] {processor.py:840} INFO - DAG(s) 'SCD2_snapshots' retrieved from /opt/airflow/dags/scd.py
[2026-07-20T08:08:39.769+0000] {logging_mixin.py:188} INFO - [2026-07-20T08:08:39.769+0000] {dag.py:3089} INFO - Sync 1 DAGs
[2026-07-20T08:08:39.805+0000] {logging_mixin.py:188} INFO - [2026-07-20T08:08:39.804+0000] {dag.py:3947} INFO - Setting next_dagrun for SCD2_snapshots to 2026-07-19 00:00:00+00:00, run_after=2026-07-20 00:00:00+00:00
[2026-07-20T08:08:39.836+0000] {processor.py:183} INFO - Processing /opt/airflow/dags/scd.py took 0.190 seconds
[2026-07-20T08:09:10.070+0000] {processor.py:161} INFO - Started process (PID=14959) to work on /opt/airflow/dags/scd.py
[2026-07-20T08:09:10.072+0000] {processor.py:830} INFO - Processing file /opt/airflow/dags/scd.py for tasks to queue
[2026-07-20T08:09:10.074+0000] {logging_mixin.py:188} INFO - [2026-07-20T08:09:10.073+0000] {dagbag.py:545} INFO - Filling up the DagBag from /opt/airflow/dags/scd.py
[2026-07-20T08:09:10.102+0000] {processor.py:840} INFO - DAG(s) 'SCD2_snapshots' retrieved from /opt/airflow/dags/scd.py
[2026-07-20T08:09:10.146+0000] {logging_mixin.py:188} INFO - [2026-07-20T08:09:10.145+0000] {dag.py:3089} INFO - Sync 1 DAGs
[2026-07-20T08:09:10.175+0000] {logging_mixin.py:188} INFO - [2026-07-20T08:09:10.175+0000] {dag.py:3947} INFO - Setting next_dagrun for SCD2_snapshots to 2026-07-19 00:00:00+00:00, run_after=2026-07-20 00:00:00+00:00
[2026-07-20T08:09:10.201+0000] {processor.py:183} INFO - Processing /opt/airflow/dags/scd.py took 0.138 seconds
[2026-07-20T08:09:40.432+0000] {processor.py:161} INFO - Started process (PID=14964) to work on /opt/airflow/dags/scd.py
[2026-07-20T08:09:40.434+0000] {processor.py:830} INFO - Processing file /opt/airflow/dags/scd.py for tasks to queue
[2026-07-20T08:09:40.436+0000] {logging_mixin.py:188} INFO - [2026-07-20T08:09:40.436+0000] {dagbag.py:545} INFO - Filling up the DagBag from /opt/airflow/dags/scd.py
[2026-07-20T08:09:40.467+0000] {processor.py:840} INFO - DAG(s) 'SCD2_snapshots' retrieved from /opt/airflow/dags/scd.py
[2026-07-20T08:09:40.510+0000] {logging_mixin.py:188} INFO - [2026-07-20T08:09:40.510+0000] {dag.py:3089} INFO - Sync 1 DAGs
[2026-07-20T08:09:40.538+0000] {logging_mixin.py:188} INFO - [2026-07-20T08:09:40.538+0000] {dag.py:3947} INFO - Setting next_dagrun for SCD2_snapshots to 2026-07-19 00:00:00+00:00, run_after=2026-07-20 00:00:00+00:00
[2026-07-20T08:09:40.564+0000] {processor.py:183} INFO - Processing /opt/airflow/dags/scd.py took 0.143 seconds
[2026-07-20T08:10:10.840+0000] {processor.py:161} INFO - Started process (PID=14969) to work on /opt/airflow/dags/scd.py
[2026-07-20T08:10:10.842+0000] {processor.py:830} INFO - Processing file /opt/airflow/dags/scd.py for tasks to queue
[2026-07-20T08:10:10.845+0000] {logging_mixin.py:188} INFO - [2026-07-20T08:10:10.844+0000] {dagbag.py:545} INFO - Filling up the DagBag from /opt/airflow/dags/scd.py
[2026-07-20T08:10:10.870+0000] {processor.py:840} INFO - DAG(s) 'SCD2_snapshots' retrieved from /opt/airflow/dags/scd.py
[2026-07-20T08:10:10.909+0000] {logging_mixin.py:188} INFO - [2026-07-20T08:10:10.909+0000] {dag.py:3089} INFO - Sync 1 DAGs
[2026-07-20T08:10:10.934+0000] {logging_mixin.py:188} INFO - [2026-07-20T08:10:10.933+0000] {dag.py:3947} INFO - Setting next_dagrun for SCD2_snapshots to 2026-07-19 00:00:00+00:00, run_after=2026-07-20 00:00:00+00:00
[2026-07-20T08:10:10.957+0000] {processor.py:183} INFO - Processing /opt/airflow/dags/scd.py took 0.124 seconds
[2026-07-20T08:10:41.125+0000] {processor.py:161} INFO - Started process (PID=14974) to work on /opt/airflow/dags/scd.py
[2026-07-20T08:10:41.126+0000] {processor.py:830} INFO - Processing file /opt/airflow/dags/scd.py for tasks to queue
[2026-07-20T08:10:41.129+0000] {logging_mixin.py:188} INFO - [2026-07-20T08:10:41.129+0000] {dagbag.py:545} INFO - Filling up the DagBag from /opt/airflow/dags/scd.py
[2026-07-20T08:10:41.155+0000] {processor.py:840} INFO - DAG(s) 'SCD2_snapshots' retrieved from /opt/airflow/dags/scd.py
[2026-07-20T08:10:41.196+0000] {logging_mixin.py:188} INFO - [2026-07-20T08:10:41.196+0000] {dag.py:3089} INFO - Sync 1 DAGs
[2026-07-20T08:10:41.221+0000] {logging_mixin.py:188} INFO - [2026-07-20T08:10:41.221+0000] {dag.py:3947} INFO - Setting next_dagrun for SCD2_snapshots to 2026-07-19 00:00:00+00:00, run_after=2026-07-20 00:00:00+00:00
[2026-07-20T08:10:41.245+0000] {processor.py:183} INFO - Processing /opt/airflow/dags/scd.py took 0.129 seconds
[2026-07-20T08:11:11.411+0000] {processor.py:161} INFO - Started process (PID=14979) to work on /opt/airflow/dags/scd.py
[2026-07-20T08:11:11.413+0000] {processor.py:830} INFO - Processing file /opt/airflow/dags/scd.py for tasks to queue
[2026-07-20T08:11:11.416+0000] {logging_mixin.py:188} INFO - [2026-07-20T08:11:11.416+0000] {dagbag.py:545} INFO - Filling up the DagBag from /opt/airflow/dags/scd.py
[2026-07-20T08:11:11.443+0000] {processor.py:840} INFO - DAG(s) 'SCD2_snapshots' retrieved from /opt/airflow/dags/scd.py
[2026-07-20T08:11:11.485+0000] {logging_mixin.py:188} INFO - [2026-07-20T08:11:11.485+0000] {dag.py:3089} INFO - Sync 1 DAGs
[2026-07-20T08:11:11.511+0000] {logging_mixin.py:188} INFO - [2026-07-20T08:11:11.511+0000] {dag.py:3947} INFO - Setting next_dagrun for SCD2_snapshots to 2026-07-19 00:00:00+00:00, run_after=2026-07-20 00:00:00+00:00
[2026-07-20T08:11:11.535+0000] {processor.py:183} INFO - Processing /opt/airflow/dags/scd.py took 0.131 seconds
[2026-07-20T08:11:41.787+0000] {processor.py:161} INFO - Started process (PID=14984) to work on /opt/airflow/dags/scd.py
[2026-07-20T08:11:41.789+0000] {processor.py:830} INFO - Processing file /opt/airflow/dags/scd.py for tasks to queue
[2026-07-20T08:11:41.792+0000] {logging_mixin.py:188} INFO - [2026-07-20T08:11:41.792+0000] {dagbag.py:545} INFO - Filling up the DagBag from /opt/airflow/dags/scd.py
[2026-07-20T08:11:41.821+0000] {processor.py:840} INFO - DAG(s) 'SCD2_snapshots' retrieved from /opt/airflow/dags/scd.py
[2026-07-20T08:11:41.868+0000] {logging_mixin.py:188} INFO - [2026-07-20T08:11:41.868+0000] {dag.py:3089} INFO - Sync 1 DAGs
[2026-07-20T08:11:41.896+0000] {logging_mixin.py:188} INFO - [2026-07-20T08:11:41.896+0000] {dag.py:3947} INFO - Setting next_dagrun for SCD2_snapshots to 2026-07-19 00:00:00+00:00, run_after=2026-07-20 00:00:00+00:00
[2026-07-20T08:11:41.924+0000] {processor.py:183} INFO - Processing /opt/airflow/dags/scd.py took 0.144 seconds
[2026-07-20T08:12:12.183+0000] {processor.py:161} INFO - Started process (PID=14989) to work on /opt/airflow/dags/scd.py
[2026-07-20T08:12:12.185+0000] {processor.py:830} INFO - Processing file /opt/airflow/dags/scd.py for tasks to queue
[2026-07-20T08:12:12.187+0000] {logging_mixin.py:188} INFO - [2026-07-20T08:12:12.187+0000] {dagbag.py:545} INFO - Filling up the DagBag from /opt/airflow/dags/scd.py
[2026-07-20T08:12:12.217+0000] {processor.py:840} INFO - DAG(s) 'SCD2_snapshots' retrieved from /opt/airflow/dags/scd.py
[2026-07-20T08:12:12.255+0000] {logging_mixin.py:188} INFO - [2026-07-20T08:12:12.255+0000] {dag.py:3089} INFO - Sync 1 DAGs
[2026-07-20T08:12:12.281+0000] {logging_mixin.py:188} INFO - [2026-07-20T08:12:12.281+0000] {dag.py:3947} INFO - Setting next_dagrun for SCD2_snapshots to 2026-07-19 00:00:00+00:00, run_after=2026-07-20 00:00:00+00:00
[2026-07-20T08:12:12.307+0000] {processor.py:183} INFO - Processing /opt/airflow/dags/scd.py took 0.132 seconds
[2026-07-20T08:12:42.365+0000] {processor.py:161} INFO - Started process (PID=14994) to work on /opt/airflow/dags/scd.py
[2026-07-20T08:12:42.367+0000] {processor.py:830} INFO - Processing file /opt/airflow/dags/scd.py for tasks to queue
[2026-07-20T08:12:42.369+0000] {logging_mixin.py:188} INFO - [2026-07-20T08:12:42.369+0000] {dagbag.py:545} INFO - Filling up the DagBag from /opt/airflow/dags/scd.py
[2026-07-20T08:12:42.403+0000] {processor.py:840} INFO - DAG(s) 'SCD2_snapshots' retrieved from /opt/airflow/dags/scd.py
[2026-07-20T08:12:42.448+0000] {logging_mixin.py:188} INFO - [2026-07-20T08:12:42.448+0000] {dag.py:3089} INFO - Sync 1 DAGs
[2026-07-20T08:12:42.478+0000] {logging_mixin.py:188} INFO - [2026-07-20T08:12:42.477+0000] {dag.py:3947} INFO - Setting next_dagrun for SCD2_snapshots to 2026-07-19 00:00:00+00:00, run_after=2026-07-20 00:00:00+00:00
[2026-07-20T08:12:42.505+0000] {processor.py:183} INFO - Processing /opt/airflow/dags/scd.py took 0.151 seconds
[2026-07-20T08:13:12.748+0000] {processor.py:161} INFO - Started process (PID=14999) to work on /opt/airflow/dags/scd.py
[2026-07-20T08:13:12.749+0000] {processor.py:830} INFO - Processing file /opt/airflow/dags/scd.py for tasks to queue
[2026-07-20T08:13:12.752+0000] {logging_mixin.py:188} INFO - [2026-07-20T08:13:12.752+0000] {dagbag.py:545} INFO - Filling up the DagBag from /opt/airflow/dags/scd.py
[2026-07-20T08:13:12.782+0000] {processor.py:840} INFO - DAG(s) 'SCD2_snapshots' retrieved from /opt/airflow/dags/scd.py
[2026-07-20T08:13:12.824+0000] {logging_mixin.py:188} INFO - [2026-07-20T08:13:12.824+0000] {dag.py:3089} INFO - Sync 1 DAGs
[2026-07-20T08:13:12.853+0000] {logging_mixin.py:188} INFO - [2026-07-20T08:13:12.852+0000] {dag.py:3947} INFO - Setting next_dagrun for SCD2_snapshots to 2026-07-19 00:00:00+00:00, run_after=2026-07-20 00:00:00+00:00
[2026-07-20T08:13:12.879+0000] {processor.py:183} INFO - Processing /opt/airflow/dags/scd.py took 0.139 seconds
[2026-07-20T08:13:43.128+0000] {processor.py:161} INFO - Started process (PID=15004) to work on /opt/airflow/dags/scd.py
[2026-07-20T08:13:43.129+0000] {processor.py:830} INFO - Processing file /opt/airflow/dags/scd.py for tasks to queue
[2026-07-20T08:13:43.131+0000] {logging_mixin.py:188} INFO - [2026-07-20T08:13:43.131+0000] {dagbag.py:545} INFO - Filling up the DagBag from /opt/airflow/dags/scd.py
[2026-07-20T08:13:43.158+0000] {processor.py:840} INFO - DAG(s) 'SCD2_snapshots' retrieved from /opt/airflow/dags/scd.py
[2026-07-20T08:13:43.199+0000] {logging_mixin.py:188} INFO - [2026-07-20T08:13:43.199+0000] {dag.py:3089} INFO - Sync 1 DAGs
[2026-07-20T08:13:43.227+0000] {logging_mixin.py:188} INFO - [2026-07-20T08:13:43.226+0000] {dag.py:3947} INFO - Setting next_dagrun for SCD2_snapshots to 2026-07-19 00:00:00+00:00, run_after=2026-07-20 00:00:00+00:00
[2026-07-20T08:13:43.253+0000] {processor.py:183} INFO - Processing /opt/airflow/dags/scd.py took 0.133 seconds
[2026-07-20T08:14:13.330+0000] {processor.py:161} INFO - Started process (PID=15009) to work on /opt/airflow/dags/scd.py
[2026-07-20T08:14:13.332+0000] {processor.py:830} INFO - Processing file /opt/airflow/dags/scd.py for tasks to queue
[2026-07-20T08:14:13.335+0000] {logging_mixin.py:188} INFO - [2026-07-20T08:14:13.335+0000] {dagbag.py:545} INFO - Filling up the DagBag from /opt/airflow/dags/scd.py
[2026-07-20T08:14:13.365+0000] {processor.py:840} INFO - DAG(s) 'SCD2_snapshots' retrieved from /opt/airflow/dags/scd.py
[2026-07-20T08:14:13.416+0000] {logging_mixin.py:188} INFO - [2026-07-20T08:14:13.416+0000] {dag.py:3089} INFO - Sync 1 DAGs
[2026-07-20T08:14:13.458+0000] {logging_mixin.py:188} INFO - [2026-07-20T08:14:13.457+0000] {dag.py:3947} INFO - Setting next_dagrun for SCD2_snapshots to 2026-07-19 00:00:00+00:00, run_after=2026-07-20 00:00:00+00:00
[2026-07-20T08:14:13.495+0000] {processor.py:183} INFO - Processing /opt/airflow/dags/scd.py took 0.172 seconds
[2026-07-20T08:14:43.655+0000] {processor.py:161} INFO - Started process (PID=15014) to work on /opt/airflow/dags/scd.py
[2026-07-20T08:14:43.657+0000] {processor.py:830} INFO - Processing file /opt/airflow/dags/scd.py for tasks to queue
[2026-07-20T08:14:43.659+0000] {logging_mixin.py:188} INFO - [2026-07-20T08:14:43.659+0000] {dagbag.py:545} INFO - Filling up the DagBag from /opt/airflow/dags/scd.py
[2026-07-20T08:14:43.691+0000] {processor.py:840} INFO - DAG(s) 'SCD2_snapshots' retrieved from /opt/airflow/dags/scd.py
[2026-07-20T08:14:43.729+0000] {logging_mixin.py:188} INFO - [2026-07-20T08:14:43.728+0000] {dag.py:3089} INFO - Sync 1 DAGs
[2026-07-20T08:14:43.760+0000] {logging_mixin.py:188} INFO - [2026-07-20T08:14:43.760+0000] {dag.py:3947} INFO - Setting next_dagrun for SCD2_snapshots to 2026-07-19 00:00:00+00:00, run_after=2026-07-20 00:00:00+00:00
[2026-07-20T08:14:43.788+0000] {processor.py:183} INFO - Processing /opt/airflow/dags/scd.py took 0.142 seconds
[2026-07-20T08:15:13.901+0000] {processor.py:161} INFO - Started process (PID=15019) to work on /opt/airflow/dags/scd.py
[2026-07-20T08:15:13.903+0000] {processor.py:830} INFO - Processing file /opt/airflow/dags/scd.py for tasks to queue
[2026-07-20T08:15:13.906+0000] {logging_mixin.py:188} INFO - [2026-07-20T08:15:13.905+0000] {dagbag.py:545} INFO - Filling up the DagBag from /opt/airflow/dags/scd.py
[2026-07-20T08:15:13.938+0000] {processor.py:840} INFO - DAG(s) 'SCD2_snapshots' retrieved from /opt/airflow/dags/scd.py
[2026-07-20T08:15:13.997+0000] {logging_mixin.py:188} INFO - [2026-07-20T08:15:13.997+0000] {dag.py:3089} INFO - Sync 1 DAGs
[2026-07-20T08:15:14.036+0000] {logging_mixin.py:188} INFO - [2026-07-20T08:15:14.036+0000] {dag.py:3947} INFO - Setting next_dagrun for SCD2_snapshots to 2026-07-19 00:00:00+00:00, run_after=2026-07-20 00:00:00+00:00
[2026-07-20T08:15:14.062+0000] {processor.py:183} INFO - Processing /opt/airflow/dags/scd.py took 0.172 seconds
[2026-07-20T08:15:44.336+0000] {processor.py:161} INFO - Started process (PID=15024) to work on /opt/airflow/dags/scd.py
[2026-07-20T08:15:44.338+0000] {processor.py:830} INFO - Processing file /opt/airflow/dags/scd.py for tasks to queue
[2026-07-20T08:15:44.340+0000] {logging_mixin.py:188} INFO - [2026-07-20T08:15:44.339+0000] {dagbag.py:545} INFO - Filling up the DagBag from /opt/airflow/dags/scd.py
[2026-07-20T08:15:44.365+0000] {processor.py:840} INFO - DAG(s) 'SCD2_snapshots' retrieved from /opt/airflow/dags/scd.py
[2026-07-20T08:15:44.401+0000] {logging_mixin.py:188} INFO - [2026-07-20T08:15:44.401+0000] {dag.py:3089} INFO - Sync 1 DAGs
[2026-07-20T08:15:44.424+0000] {logging_mixin.py:188} INFO - [2026-07-20T08:15:44.424+0000] {dag.py:3947} INFO - Setting next_dagrun for SCD2_snapshots to 2026-07-19 00:00:00+00:00, run_after=2026-07-20 00:00:00+00:00
[2026-07-20T08:15:44.447+0000] {processor.py:183} INFO - Processing /opt/airflow/dags/scd.py took 0.117 seconds
[2026-07-20T08:16:14.786+0000] {processor.py:161} INFO - Started process (PID=15029) to work on /opt/airflow/dags/scd.py
[2026-07-20T08:16:14.787+0000] {processor.py:830} INFO - Processing file /opt/airflow/dags/scd.py for tasks to queue
[2026-07-20T08:16:14.790+0000] {logging_mixin.py:188} INFO - [2026-07-20T08:16:14.790+0000] {dagbag.py:545} INFO - Filling up the DagBag from /opt/airflow/dags/scd.py
[2026-07-20T08:16:14.815+0000] {processor.py:840} INFO - DAG(s) 'SCD2_snapshots' retrieved from /opt/airflow/dags/scd.py
[2026-07-20T08:16:14.852+0000] {logging_mixin.py:188} INFO - [2026-07-20T08:16:14.852+0000] {dag.py:3089} INFO - Sync 1 DAGs
[2026-07-20T08:16:14.876+0000] {logging_mixin.py:188} INFO - [2026-07-20T08:16:14.875+0000] {dag.py:3947} INFO - Setting next_dagrun for SCD2_snapshots to 2026-07-19 00:00:00+00:00, run_after=2026-07-20 00:00:00+00:00
[2026-07-20T08:16:14.901+0000] {processor.py:183} INFO - Processing /opt/airflow/dags/scd.py took 0.123 seconds
[2026-07-20T08:16:45.232+0000] {processor.py:161} INFO - Started process (PID=15034) to work on /opt/airflow/dags/scd.py
[2026-07-20T08:16:45.234+0000] {processor.py:830} INFO - Processing file /opt/airflow/dags/scd.py for tasks to queue
[2026-07-20T08:16:45.236+0000] {logging_mixin.py:188} INFO - [2026-07-20T08:16:45.236+0000] {dagbag.py:545} INFO - Filling up the DagBag from /opt/airflow/dags/scd.py
[2026-07-20T08:16:45.262+0000] {processor.py:840} INFO - DAG(s) 'SCD2_snapshots' retrieved from /opt/airflow/dags/scd.py
[2026-07-20T08:16:45.298+0000] {logging_mixin.py:188} INFO - [2026-07-20T08:16:45.298+0000] {dag.py:3089} INFO - Sync 1 DAGs
[2026-07-20T08:16:45.323+0000] {logging_mixin.py:188} INFO - [2026-07-20T08:16:45.323+0000] {dag.py:3947} INFO - Setting next_dagrun for SCD2_snapshots to 2026-07-19 00:00:00+00:00, run_after=2026-07-20 00:00:00+00:00
[2026-07-20T08:16:45.346+0000] {processor.py:183} INFO - Processing /opt/airflow/dags/scd.py took 0.120 seconds
[2026-07-20T08:17:15.651+0000] {processor.py:161} INFO - Started process (PID=15039) to work on /opt/airflow/dags/scd.py
[2026-07-20T08:17:15.652+0000] {processor.py:830} INFO - Processing file /opt/airflow/dags/scd.py for tasks to queue
[2026-07-20T08:17:15.654+0000] {logging_mixin.py:188} INFO - [2026-07-20T08:17:15.654+0000] {dagbag.py:545} INFO - Filling up the DagBag from /opt/airflow/dags/scd.py
[2026-07-20T08:17:15.678+0000] {processor.py:840} INFO - DAG(s) 'SCD2_snapshots' retrieved from /opt/airflow/dags/scd.py
[2026-07-20T08:17:15.716+0000] {logging_mixin.py:188} INFO - [2026-07-20T08:17:15.715+0000] {dag.py:3089} INFO - Sync 1 DAGs
[2026-07-20T08:17:15.742+0000] {logging_mixin.py:188} INFO - [2026-07-20T08:17:15.742+0000] {dag.py:3947} INFO - Setting next_dagrun for SCD2_snapshots to 2026-07-19 00:00:00+00:00, run_after=2026-07-20 00:00:00+00:00
[2026-07-20T08:17:15.766+0000] {processor.py:183} INFO - Processing /opt/airflow/dags/scd.py took 0.124 seconds
[2026-07-20T08:17:45.829+0000] {processor.py:161} INFO - Started process (PID=15044) to work on /opt/airflow/dags/scd.py
[2026-07-20T08:17:45.830+0000] {processor.py:830} INFO - Processing file /opt/airflow/dags/scd.py for tasks to queue
[2026-07-20T08:17:45.837+0000] {logging_mixin.py:188} INFO - [2026-07-20T08:17:45.835+0000] {dagbag.py:545} INFO - Filling up the DagBag from /opt/airflow/dags/scd.py
[2026-07-20T08:17:45.881+0000] {processor.py:840} INFO - DAG(s) 'SCD2_snapshots' retrieved from /opt/airflow/dags/scd.py
[2026-07-20T08:17:45.928+0000] {logging_mixin.py:188} INFO - [2026-07-20T08:17:45.928+0000] {dag.py:3089} INFO - Sync 1 DAGs
[2026-07-20T08:17:45.959+0000] {logging_mixin.py:188} INFO - [2026-07-20T08:17:45.958+0000] {dag.py:3947} INFO - Setting next_dagrun for SCD2_snapshots to 2026-07-19 00:00:00+00:00, run_after=2026-07-20 00:00:00+00:00
[2026-07-20T08:17:45.995+0000] {processor.py:183} INFO - Processing /opt/airflow/dags/scd.py took 0.179 seconds
[2026-07-20T08:18:16.326+0000] {processor.py:161} INFO - Started process (PID=15049) to work on /opt/airflow/dags/scd.py
[2026-07-20T08:18:16.328+0000] {processor.py:830} INFO - Processing file /opt/airflow/dags/scd.py for tasks to queue
[2026-07-20T08:18:16.330+0000] {logging_mixin.py:188} INFO - [2026-07-20T08:18:16.329+0000] {dagbag.py:545} INFO - Filling up the DagBag from /opt/airflow/dags/scd.py
[2026-07-20T08:18:16.356+0000] {processor.py:840} INFO - DAG(s) 'SCD2_snapshots' retrieved from /opt/airflow/dags/scd.py
[2026-07-20T08:18:16.394+0000] {logging_mixin.py:188} INFO - [2026-07-20T08:18:16.393+0000] {dag.py:3089} INFO - Sync 1 DAGs
[2026-07-20T08:18:16.417+0000] {logging_mixin.py:188} INFO - [2026-07-20T08:18:16.417+0000] {dag.py:3947} INFO - Setting next_dagrun for SCD2_snapshots to 2026-07-19 00:00:00+00:00, run_after=2026-07-20 00:00:00+00:00
[2026-07-20T08:18:16.442+0000] {processor.py:183} INFO - Processing /opt/airflow/dags/scd.py took 0.123 seconds
[2026-07-20T08:18:46.629+0000] {processor.py:161} INFO - Started process (PID=15054) to work on /opt/airflow/dags/scd.py
[2026-07-20T08:18:46.631+0000] {processor.py:830} INFO - Processing file /opt/airflow/dags/scd.py for tasks to queue
[2026-07-20T08:18:46.634+0000] {logging_mixin.py:188} INFO - [2026-07-20T08:18:46.633+0000] {dagbag.py:545} INFO - Filling up the DagBag from /opt/airflow/dags/scd.py
[2026-07-20T08:18:46.661+0000] {processor.py:840} INFO - DAG(s) 'SCD2_snapshots' retrieved from /opt/airflow/dags/scd.py
[2026-07-20T08:18:46.697+0000] {logging_mixin.py:188} INFO - [2026-07-20T08:18:46.697+0000] {dag.py:3089} INFO - Sync 1 DAGs
[2026-07-20T08:18:46.721+0000] {logging_mixin.py:188} INFO - [2026-07-20T08:18:46.721+0000] {dag.py:3947} INFO - Setting next_dagrun for SCD2_snapshots to 2026-07-19 00:00:00+00:00, run_after=2026-07-20 00:00:00+00:00
[2026-07-20T08:18:46.745+0000] {processor.py:183} INFO - Processing /opt/airflow/dags/scd.py took 0.123 seconds
[2026-07-20T08:19:16.855+0000] {processor.py:161} INFO - Started process (PID=15059) to work on /opt/airflow/dags/scd.py
[2026-07-20T08:19:16.857+0000] {processor.py:830} INFO - Processing file /opt/airflow/dags/scd.py for tasks to queue
[2026-07-20T08:19:16.860+0000] {logging_mixin.py:188} INFO - [2026-07-20T08:19:16.859+0000] {dagbag.py:545} INFO - Filling up the DagBag from /opt/airflow/dags/scd.py
[2026-07-20T08:19:16.884+0000] {processor.py:840} INFO - DAG(s) 'SCD2_snapshots' retrieved from /opt/airflow/dags/scd.py
[2026-07-20T08:19:16.925+0000] {logging_mixin.py:188} INFO - [2026-07-20T08:19:16.924+0000] {dag.py:3089} INFO - Sync 1 DAGs
[2026-07-20T08:19:16.954+0000] {logging_mixin.py:188} INFO - [2026-07-20T08:19:16.954+0000] {dag.py:3947} INFO - Setting next_dagrun for SCD2_snapshots to 2026-07-19 00:00:00+00:00, run_after=2026-07-20 00:00:00+00:00
[2026-07-20T08:19:16.980+0000] {processor.py:183} INFO - Processing /opt/airflow/dags/scd.py took 0.132 seconds
[2026-07-20T08:19:47.113+0000] {processor.py:161} INFO - Started process (PID=15064) to work on /opt/airflow/dags/scd.py
[2026-07-20T08:19:47.114+0000] {processor.py:830} INFO - Processing file /opt/airflow/dags/scd.py for tasks to queue
[2026-07-20T08:19:47.117+0000] {logging_mixin.py:188} INFO - [2026-07-20T08:19:47.116+0000] {dagbag.py:545} INFO - Filling up the DagBag from /opt/airflow/dags/scd.py
[2026-07-20T08:19:47.143+0000] {processor.py:840} INFO - DAG(s) 'SCD2_snapshots' retrieved from /opt/airflow/dags/scd.py
[2026-07-20T08:19:47.179+0000] {logging_mixin.py:188} INFO - [2026-07-20T08:19:47.179+0000] {dag.py:3089} INFO - Sync 1 DAGs
[2026-07-20T08:19:47.203+0000] {logging_mixin.py:188} INFO - [2026-07-20T08:19:47.203+0000] {dag.py:3947} INFO - Setting next_dagrun for SCD2_snapshots to 2026-07-19 00:00:00+00:00, run_after=2026-07-20 00:00:00+00:00
[2026-07-20T08:19:47.227+0000] {processor.py:183} INFO - Processing /opt/airflow/dags/scd.py took 0.122 seconds
[2026-07-20T08:20:17.595+0000] {processor.py:161} INFO - Started process (PID=15069) to work on /opt/airflow/dags/scd.py
[2026-07-20T08:20:17.598+0000] {processor.py:830} INFO - Processing file /opt/airflow/dags/scd.py for tasks to queue
[2026-07-20T08:20:17.602+0000] {logging_mixin.py:188} INFO - [2026-07-20T08:20:17.601+0000] {dagbag.py:545} INFO - Filling up the DagBag from /opt/airflow/dags/scd.py
[2026-07-20T08:20:17.647+0000] {processor.py:840} INFO - DAG(s) 'SCD2_snapshots' retrieved from /opt/airflow/dags/scd.py
[2026-07-20T08:20:17.689+0000] {logging_mixin.py:188} INFO - [2026-07-20T08:20:17.689+0000] {dag.py:3089} INFO - Sync 1 DAGs
[2026-07-20T08:20:17.713+0000] {logging_mixin.py:188} INFO - [2026-07-20T08:20:17.713+0000] {dag.py:3947} INFO - Setting next_dagrun for SCD2_snapshots to 2026-07-19 00:00:00+00:00, run_after=2026-07-20 00:00:00+00:00
[2026-07-20T08:20:17.737+0000] {processor.py:183} INFO - Processing /opt/airflow/dags/scd.py took 0.156 seconds
[2026-07-20T08:20:48.056+0000] {processor.py:161} INFO - Started process (PID=15074) to work on /opt/airflow/dags/scd.py
[2026-07-20T08:20:48.058+0000] {processor.py:830} INFO - Processing file /opt/airflow/dags/scd.py for tasks to queue
[2026-07-20T08:20:48.060+0000] {logging_mixin.py:188} INFO - [2026-07-20T08:20:48.059+0000] {dagbag.py:545} INFO - Filling up the DagBag from /opt/airflow/dags/scd.py
[2026-07-20T08:20:48.087+0000] {processor.py:840} INFO - DAG(s) 'SCD2_snapshots' retrieved from /opt/airflow/dags/scd.py
[2026-07-20T08:20:48.123+0000] {logging_mixin.py:188} INFO - [2026-07-20T08:20:48.123+0000] {dag.py:3089} INFO - Sync 1 DAGs
[2026-07-20T08:20:48.146+0000] {logging_mixin.py:188} INFO - [2026-07-20T08:20:48.146+0000] {dag.py:3947} INFO - Setting next_dagrun for SCD2_snapshots to 2026-07-19 00:00:00+00:00, run_after=2026-07-20 00:00:00+00:00
[2026-07-20T08:20:48.173+0000] {processor.py:183} INFO - Processing /opt/airflow/dags/scd.py took 0.125 seconds
[2026-07-20T08:21:18.465+0000] {processor.py:161} INFO - Started process (PID=15079) to work on /opt/airflow/dags/scd.py
[2026-07-20T08:21:18.466+0000] {processor.py:830} INFO - Processing file /opt/airflow/dags/scd.py for tasks to queue
[2026-07-20T08:21:18.468+0000] {logging_mixin.py:188} INFO - [2026-07-20T08:21:18.468+0000] {dagbag.py:545} INFO - Filling up the DagBag from /opt/airflow/dags/scd.py
[2026-07-20T08:21:18.499+0000] {processor.py:840} INFO - DAG(s) 'SCD2_snapshots' retrieved from /opt/airflow/dags/scd.py
[2026-07-20T08:21:18.536+0000] {logging_mixin.py:188} INFO - [2026-07-20T08:21:18.536+0000] {dag.py:3089} INFO - Sync 1 DAGs
[2026-07-20T08:21:18.564+0000] {logging_mixin.py:188} INFO - [2026-07-20T08:21:18.564+0000] {dag.py:3947} INFO - Setting next_dagrun for SCD2_snapshots to 2026-07-19 00:00:00+00:00, run_after=2026-07-20 00:00:00+00:00
[2026-07-20T08:21:18.595+0000] {processor.py:183} INFO - Processing /opt/airflow/dags/scd.py took 0.137 seconds
[2026-07-20T08:21:48.691+0000] {processor.py:161} INFO - Started process (PID=15084) to work on /opt/airflow/dags/scd.py
[2026-07-20T08:21:48.693+0000] {processor.py:830} INFO - Processing file /opt/airflow/dags/scd.py for tasks to queue
[2026-07-20T08:21:48.695+0000] {logging_mixin.py:188} INFO - [2026-07-20T08:21:48.695+0000] {dagbag.py:545} INFO - Filling up the DagBag from /opt/airflow/dags/scd.py
[2026-07-20T08:21:48.723+0000] {processor.py:840} INFO - DAG(s) 'SCD2_snapshots' retrieved from /opt/airflow/dags/scd.py
[2026-07-20T08:21:48.759+0000] {logging_mixin.py:188} INFO - [2026-07-20T08:21:48.759+0000] {dag.py:3089} INFO - Sync 1 DAGs
[2026-07-20T08:21:48.786+0000] {logging_mixin.py:188} INFO - [2026-07-20T08:21:48.786+0000] {dag.py:3947} INFO - Setting next_dagrun for SCD2_snapshots to 2026-07-19 00:00:00+00:00, run_after=2026-07-20 00:00:00+00:00
[2026-07-20T08:21:48.811+0000] {processor.py:183} INFO - Processing /opt/airflow/dags/scd.py took 0.127 seconds
[2026-07-20T08:22:19.114+0000] {processor.py:161} INFO - Started process (PID=15089) to work on /opt/airflow/dags/scd.py
[2026-07-20T08:22:19.116+0000] {processor.py:830} INFO - Processing file /opt/airflow/dags/scd.py for tasks to queue
[2026-07-20T08:22:19.119+0000] {logging_mixin.py:188} INFO - [2026-07-20T08:22:19.119+0000] {dagbag.py:545} INFO - Filling up the DagBag from /opt/airflow/dags/scd.py
[2026-07-20T08:22:19.161+0000] {processor.py:840} INFO - DAG(s) 'SCD2_snapshots' retrieved from /opt/airflow/dags/scd.py
[2026-07-20T08:22:19.209+0000] {logging_mixin.py:188} INFO - [2026-07-20T08:22:19.208+0000] {dag.py:3089} INFO - Sync 1 DAGs
[2026-07-20T08:22:19.241+0000] {logging_mixin.py:188} INFO - [2026-07-20T08:22:19.241+0000] {dag.py:3947} INFO - Setting next_dagrun for SCD2_snapshots to 2026-07-19 00:00:00+00:00, run_after=2026-07-20 00:00:00+00:00
[2026-07-20T08:22:19.273+0000] {processor.py:183} INFO - Processing /opt/airflow/dags/scd.py took 0.167 seconds
[2026-07-20T08:22:49.605+0000] {processor.py:161} INFO - Started process (PID=15094) to work on /opt/airflow/dags/scd.py
[2026-07-20T08:22:49.606+0000] {processor.py:830} INFO - Processing file /opt/airflow/dags/scd.py for tasks to queue
[2026-07-20T08:22:49.608+0000] {logging_mixin.py:188} INFO - [2026-07-20T08:22:49.608+0000] {dagbag.py:545} INFO - Filling up the DagBag from /opt/airflow/dags/scd.py
[2026-07-20T08:22:49.633+0000] {processor.py:840} INFO - DAG(s) 'SCD2_snapshots' retrieved from /opt/airflow/dags/scd.py
[2026-07-20T08:22:49.671+0000] {logging_mixin.py:188} INFO - [2026-07-20T08:22:49.671+0000] {dag.py:3089} INFO - Sync 1 DAGs
[2026-07-20T08:22:49.696+0000] {logging_mixin.py:188} INFO - [2026-07-20T08:22:49.696+0000] {dag.py:3947} INFO - Setting next_dagrun for SCD2_snapshots to 2026-07-19 00:00:00+00:00, run_after=2026-07-20 00:00:00+00:00
[2026-07-20T08:22:49.723+0000] {processor.py:183} INFO - Processing /opt/airflow/dags/scd.py took 0.126 seconds
[2026-07-20T08:23:19.807+0000] {processor.py:161} INFO - Started process (PID=15099) to work on /opt/airflow/dags/scd.py
[2026-07-20T08:23:19.808+0000] {processor.py:830} INFO - Processing file /opt/airflow/dags/scd.py for tasks to queue
[2026-07-20T08:23:19.811+0000] {logging_mixin.py:188} INFO - [2026-07-20T08:23:19.810+0000] {dagbag.py:545} INFO - Filling up the DagBag from /opt/airflow/dags/scd.py
[2026-07-20T08:23:19.838+0000] {processor.py:840} INFO - DAG(s) 'SCD2_snapshots' retrieved from /opt/airflow/dags/scd.py
[2026-07-20T08:23:19.877+0000] {logging_mixin.py:188} INFO - [2026-07-20T08:23:19.877+0000] {dag.py:3089} INFO - Sync 1 DAGs
[2026-07-20T08:23:19.902+0000] {logging_mixin.py:188} INFO - [2026-07-20T08:23:19.902+0000] {dag.py:3947} INFO - Setting next_dagrun for SCD2_snapshots to 2026-07-19 00:00:00+00:00, run_after=2026-07-20 00:00:00+00:00
[2026-07-20T08:23:19.924+0000] {processor.py:183} INFO - Processing /opt/airflow/dags/scd.py took 0.127 seconds
[2026-07-20T08:23:50.112+0000] {processor.py:161} INFO - Started process (PID=15104) to work on /opt/airflow/dags/scd.py
[2026-07-20T08:23:50.113+0000] {processor.py:830} INFO - Processing file /opt/airflow/dags/scd.py for tasks to queue
[2026-07-20T08:23:50.116+0000] {logging_mixin.py:188} INFO - [2026-07-20T08:23:50.115+0000] {dagbag.py:545} INFO - Filling up the DagBag from /opt/airflow/dags/scd.py
[2026-07-20T08:23:50.143+0000] {processor.py:840} INFO - DAG(s) 'SCD2_snapshots' retrieved from /opt/airflow/dags/scd.py
[2026-07-20T08:23:50.180+0000] {logging_mixin.py:188} INFO - [2026-07-20T08:23:50.180+0000] {dag.py:3089} INFO - Sync 1 DAGs
[2026-07-20T08:23:50.204+0000] {logging_mixin.py:188} INFO - [2026-07-20T08:23:50.203+0000] {dag.py:3947} INFO - Setting next_dagrun for SCD2_snapshots to 2026-07-19 00:00:00+00:00, run_after=2026-07-20 00:00:00+00:00
[2026-07-20T08:23:50.227+0000] {processor.py:183} INFO - Processing /opt/airflow/dags/scd.py took 0.123 seconds
[2026-07-20T08:24:20.530+0000] {processor.py:161} INFO - Started process (PID=15105) to work on /opt/airflow/dags/scd.py
[2026-07-20T08:24:20.533+0000] {processor.py:830} INFO - Processing file /opt/airflow/dags/scd.py for tasks to queue
[2026-07-20T08:24:20.536+0000] {logging_mixin.py:188} INFO - [2026-07-20T08:24:20.536+0000] {dagbag.py:545} INFO - Filling up the DagBag from /opt/airflow/dags/scd.py
[2026-07-20T08:24:20.572+0000] {processor.py:840} INFO - DAG(s) 'SCD2_snapshots' retrieved from /opt/airflow/dags/scd.py
[2026-07-20T08:24:20.624+0000] {logging_mixin.py:188} INFO - [2026-07-20T08:24:20.623+0000] {dag.py:3089} INFO - Sync 1 DAGs
[2026-07-20T08:24:20.653+0000] {logging_mixin.py:188} INFO - [2026-07-20T08:24:20.652+0000] {dag.py:3947} INFO - Setting next_dagrun for SCD2_snapshots to 2026-07-19 00:00:00+00:00, run_after=2026-07-20 00:00:00+00:00
[2026-07-20T08:24:20.679+0000] {processor.py:183} INFO - Processing /opt/airflow/dags/scd.py took 0.159 seconds
[2026-07-20T08:24:50.989+0000] {processor.py:161} INFO - Started process (PID=15110) to work on /opt/airflow/dags/scd.py
[2026-07-20T08:24:50.991+0000] {processor.py:830} INFO - Processing file /opt/airflow/dags/scd.py for tasks to queue
[2026-07-20T08:24:50.993+0000] {logging_mixin.py:188} INFO - [2026-07-20T08:24:50.993+0000] {dagbag.py:545} INFO - Filling up the DagBag from /opt/airflow/dags/scd.py
[2026-07-20T08:24:51.025+0000] {processor.py:840} INFO - DAG(s) 'SCD2_snapshots' retrieved from /opt/airflow/dags/scd.py
[2026-07-20T08:24:51.065+0000] {logging_mixin.py:188} INFO - [2026-07-20T08:24:51.065+0000] {dag.py:3089} INFO - Sync 1 DAGs
[2026-07-20T08:24:51.091+0000] {logging_mixin.py:188} INFO - [2026-07-20T08:24:51.091+0000] {dag.py:3947} INFO - Setting next_dagrun for SCD2_snapshots to 2026-07-19 00:00:00+00:00, run_after=2026-07-20 00:00:00+00:00
[2026-07-20T08:24:51.116+0000] {processor.py:183} INFO - Processing /opt/airflow/dags/scd.py took 0.136 seconds
[2026-07-20T08:25:21.172+0000] {processor.py:161} INFO - Started process (PID=15115) to work on /opt/airflow/dags/scd.py
[2026-07-20T08:25:21.174+0000] {processor.py:830} INFO - Processing file /opt/airflow/dags/scd.py for tasks to queue
[2026-07-20T08:25:21.176+0000] {logging_mixin.py:188} INFO - [2026-07-20T08:25:21.176+0000] {dagbag.py:545} INFO - Filling up the DagBag from /opt/airflow/dags/scd.py
[2026-07-20T08:25:21.204+0000] {processor.py:840} INFO - DAG(s) 'SCD2_snapshots' retrieved from /opt/airflow/dags/scd.py
[2026-07-20T08:25:21.240+0000] {logging_mixin.py:188} INFO - [2026-07-20T08:25:21.240+0000] {dag.py:3089} INFO - Sync 1 DAGs
[2026-07-20T08:25:21.265+0000] {logging_mixin.py:188} INFO - [2026-07-20T08:25:21.265+0000] {dag.py:3947} INFO - Setting next_dagrun for SCD2_snapshots to 2026-07-19 00:00:00+00:00, run_after=2026-07-20 00:00:00+00:00
[2026-07-20T08:25:21.289+0000] {processor.py:183} INFO - Processing /opt/airflow/dags/scd.py took 0.125 seconds
[2026-07-20T08:25:51.426+0000] {processor.py:161} INFO - Started process (PID=15120) to work on /opt/airflow/dags/scd.py
[2026-07-20T08:25:51.427+0000] {processor.py:830} INFO - Processing file /opt/airflow/dags/scd.py for tasks to queue
[2026-07-20T08:25:51.430+0000] {logging_mixin.py:188} INFO - [2026-07-20T08:25:51.430+0000] {dagbag.py:545} INFO - Filling up the DagBag from /opt/airflow/dags/scd.py
[2026-07-20T08:25:51.460+0000] {processor.py:840} INFO - DAG(s) 'SCD2_snapshots' retrieved from /opt/airflow/dags/scd.py
[2026-07-20T08:25:51.503+0000] {logging_mixin.py:188} INFO - [2026-07-20T08:25:51.502+0000] {dag.py:3089} INFO - Sync 1 DAGs
[2026-07-20T08:25:51.529+0000] {logging_mixin.py:188} INFO - [2026-07-20T08:25:51.528+0000] {dag.py:3947} INFO - Setting next_dagrun for SCD2_snapshots to 2026-07-19 00:00:00+00:00, run_after=2026-07-20 00:00:00+00:00
[2026-07-20T08:25:51.552+0000] {processor.py:183} INFO - Processing /opt/airflow/dags/scd.py took 0.136 seconds
[2026-07-20T08:26:21.724+0000] {processor.py:161} INFO - Started process (PID=15125) to work on /opt/airflow/dags/scd.py
[2026-07-20T08:26:21.725+0000] {processor.py:830} INFO - Processing file /opt/airflow/dags/scd.py for tasks to queue
[2026-07-20T08:26:21.728+0000] {logging_mixin.py:188} INFO - [2026-07-20T08:26:21.727+0000] {dagbag.py:545} INFO - Filling up the DagBag from /opt/airflow/dags/scd.py
[2026-07-20T08:26:21.759+0000] {processor.py:840} INFO - DAG(s) 'SCD2_snapshots' retrieved from /opt/airflow/dags/scd.py
[2026-07-20T08:26:21.800+0000] {logging_mixin.py:188} INFO - [2026-07-20T08:26:21.799+0000] {dag.py:3089} INFO - Sync 1 DAGs
[2026-07-20T08:26:21.826+0000] {logging_mixin.py:188} INFO - [2026-07-20T08:26:21.826+0000] {dag.py:3947} INFO - Setting next_dagrun for SCD2_snapshots to 2026-07-19 00:00:00+00:00, run_after=2026-07-20 00:00:00+00:00
[2026-07-20T08:26:21.852+0000] {processor.py:183} INFO - Processing /opt/airflow/dags/scd.py took 0.137 seconds
[2026-07-20T08:26:52.198+0000] {processor.py:161} INFO - Started process (PID=15130) to work on /opt/airflow/dags/scd.py
[2026-07-20T08:26:52.199+0000] {processor.py:830} INFO - Processing file /opt/airflow/dags/scd.py for tasks to queue
[2026-07-20T08:26:52.203+0000] {logging_mixin.py:188} INFO - [2026-07-20T08:26:52.202+0000] {dagbag.py:545} INFO - Filling up the DagBag from /opt/airflow/dags/scd.py
[2026-07-20T08:26:52.227+0000] {processor.py:840} INFO - DAG(s) 'SCD2_snapshots' retrieved from /opt/airflow/dags/scd.py
[2026-07-20T08:26:52.265+0000] {logging_mixin.py:188} INFO - [2026-07-20T08:26:52.265+0000] {dag.py:3089} INFO - Sync 1 DAGs
[2026-07-20T08:26:52.288+0000] {logging_mixin.py:188} INFO - [2026-07-20T08:26:52.288+0000] {dag.py:3947} INFO - Setting next_dagrun for SCD2_snapshots to 2026-07-19 00:00:00+00:00, run_after=2026-07-20 00:00:00+00:00
[2026-07-20T08:26:52.314+0000] {processor.py:183} INFO - Processing /opt/airflow/dags/scd.py took 0.123 seconds
[2026-07-20T08:27:22.443+0000] {processor.py:161} INFO - Started process (PID=15135) to work on /opt/airflow/dags/scd.py
[2026-07-20T08:27:22.445+0000] {processor.py:830} INFO - Processing file /opt/airflow/dags/scd.py for tasks to queue
[2026-07-20T08:27:22.448+0000] {logging_mixin.py:188} INFO - [2026-07-20T08:27:22.448+0000] {dagbag.py:545} INFO - Filling up the DagBag from /opt/airflow/dags/scd.py
[2026-07-20T08:27:22.474+0000] {processor.py:840} INFO - DAG(s) 'SCD2_snapshots' retrieved from /opt/airflow/dags/scd.py
[2026-07-20T08:27:22.510+0000] {logging_mixin.py:188} INFO - [2026-07-20T08:27:22.510+0000] {dag.py:3089} INFO - Sync 1 DAGs
[2026-07-20T08:27:22.536+0000] {logging_mixin.py:188} INFO - [2026-07-20T08:27:22.536+0000] {dag.py:3947} INFO - Setting next_dagrun for SCD2_snapshots to 2026-07-19 00:00:00+00:00, run_after=2026-07-20 00:00:00+00:00
[2026-07-20T08:27:22.558+0000] {processor.py:183} INFO - Processing /opt/airflow/dags/scd.py took 0.122 seconds
[2026-07-20T08:27:52.746+0000] {processor.py:161} INFO - Started process (PID=15140) to work on /opt/airflow/dags/scd.py
[2026-07-20T08:27:52.747+0000] {processor.py:830} INFO - Processing file /opt/airflow/dags/scd.py for tasks to queue
[2026-07-20T08:27:52.750+0000] {logging_mixin.py:188} INFO - [2026-07-20T08:27:52.750+0000] {dagbag.py:545} INFO - Filling up the DagBag from /opt/airflow/dags/scd.py
[2026-07-20T08:27:52.776+0000] {processor.py:840} INFO - DAG(s) 'SCD2_snapshots' retrieved from /opt/airflow/dags/scd.py
[2026-07-20T08:27:52.814+0000] {logging_mixin.py:188} INFO - [2026-07-20T08:27:52.814+0000] {dag.py:3089} INFO - Sync 1 DAGs
[2026-07-20T08:27:52.838+0000] {logging_mixin.py:188} INFO - [2026-07-20T08:27:52.838+0000] {dag.py:3947} INFO - Setting next_dagrun for SCD2_snapshots to 2026-07-19 00:00:00+00:00, run_after=2026-07-20 00:00:00+00:00
[2026-07-20T08:27:52.860+0000] {processor.py:183} INFO - Processing /opt/airflow/dags/scd.py took 0.121 seconds
[2026-07-20T08:28:23.105+0000] {processor.py:161} INFO - Started process (PID=15145) to work on /opt/airflow/dags/scd.py
[2026-07-20T08:28:23.106+0000] {processor.py:830} INFO - Processing file /opt/airflow/dags/scd.py for tasks to queue
[2026-07-20T08:28:23.108+0000] {logging_mixin.py:188} INFO - [2026-07-20T08:28:23.108+0000] {dagbag.py:545} INFO - Filling up the DagBag from /opt/airflow/dags/scd.py
[2026-07-20T08:28:23.134+0000] {processor.py:840} INFO - DAG(s) 'SCD2_snapshots' retrieved from /opt/airflow/dags/scd.py
[2026-07-20T08:28:23.171+0000] {logging_mixin.py:188} INFO - [2026-07-20T08:28:23.170+0000] {dag.py:3089} INFO - Sync 1 DAGs
[2026-07-20T08:28:23.195+0000] {logging_mixin.py:188} INFO - [2026-07-20T08:28:23.195+0000] {dag.py:3947} INFO - Setting next_dagrun for SCD2_snapshots to 2026-07-19 00:00:00+00:00, run_after=2026-07-20 00:00:00+00:00
[2026-07-20T08:28:23.219+0000] {processor.py:183} INFO - Processing /opt/airflow/dags/scd.py took 0.122 seconds
[2026-07-20T08:28:53.504+0000] {processor.py:161} INFO - Started process (PID=15150) to work on /opt/airflow/dags/scd.py
[2026-07-20T08:28:53.505+0000] {processor.py:830} INFO - Processing file /opt/airflow/dags/scd.py for tasks to queue
[2026-07-20T08:28:53.507+0000] {logging_mixin.py:188} INFO - [2026-07-20T08:28:53.507+0000] {dagbag.py:545} INFO - Filling up the DagBag from /opt/airflow/dags/scd.py
[2026-07-20T08:28:53.534+0000] {processor.py:840} INFO - DAG(s) 'SCD2_snapshots' retrieved from /opt/airflow/dags/scd.py
[2026-07-20T08:28:53.575+0000] {logging_mixin.py:188} INFO - [2026-07-20T08:28:53.575+0000] {dag.py:3089} INFO - Sync 1 DAGs
[2026-07-20T08:28:53.603+0000] {logging_mixin.py:188} INFO - [2026-07-20T08:28:53.603+0000] {dag.py:3947} INFO - Setting next_dagrun for SCD2_snapshots to 2026-07-19 00:00:00+00:00, run_after=2026-07-20 00:00:00+00:00
[2026-07-20T08:28:53.628+0000] {processor.py:183} INFO - Processing /opt/airflow/dags/scd.py took 0.132 seconds
[2026-07-20T08:29:23.707+0000] {processor.py:161} INFO - Started process (PID=15155) to work on /opt/airflow/dags/scd.py
[2026-07-20T08:29:23.709+0000] {processor.py:830} INFO - Processing file /opt/airflow/dags/scd.py for tasks to queue
[2026-07-20T08:29:23.711+0000] {logging_mixin.py:188} INFO - [2026-07-20T08:29:23.710+0000] {dagbag.py:545} INFO - Filling up the DagBag from /opt/airflow/dags/scd.py
[2026-07-20T08:29:23.737+0000] {processor.py:840} INFO - DAG(s) 'SCD2_snapshots' retrieved from /opt/airflow/dags/scd.py
[2026-07-20T08:29:23.774+0000] {logging_mixin.py:188} INFO - [2026-07-20T08:29:23.774+0000] {dag.py:3089} INFO - Sync 1 DAGs
[2026-07-20T08:29:23.799+0000] {logging_mixin.py:188} INFO - [2026-07-20T08:29:23.798+0000] {dag.py:3947} INFO - Setting next_dagrun for SCD2_snapshots to 2026-07-19 00:00:00+00:00, run_after=2026-07-20 00:00:00+00:00
[2026-07-20T08:29:23.821+0000] {processor.py:183} INFO - Processing /opt/airflow/dags/scd.py took 0.121 seconds
[2026-07-20T08:29:54.065+0000] {processor.py:161} INFO - Started process (PID=15160) to work on /opt/airflow/dags/scd.py
[2026-07-20T08:29:54.066+0000] {processor.py:830} INFO - Processing file /opt/airflow/dags/scd.py for tasks to queue
[2026-07-20T08:29:54.068+0000] {logging_mixin.py:188} INFO - [2026-07-20T08:29:54.068+0000] {dagbag.py:545} INFO - Filling up the DagBag from /opt/airflow/dags/scd.py
[2026-07-20T08:29:54.095+0000] {processor.py:840} INFO - DAG(s) 'SCD2_snapshots' retrieved from /opt/airflow/dags/scd.py
[2026-07-20T08:29:54.135+0000] {logging_mixin.py:188} INFO - [2026-07-20T08:29:54.135+0000] {dag.py:3089} INFO - Sync 1 DAGs
[2026-07-20T08:29:54.167+0000] {logging_mixin.py:188} INFO - [2026-07-20T08:29:54.167+0000] {dag.py:3947} INFO - Setting next_dagrun for SCD2_snapshots to 2026-07-19 00:00:00+00:00, run_after=2026-07-20 00:00:00+00:00
[2026-07-20T08:29:54.195+0000] {processor.py:183} INFO - Processing /opt/airflow/dags/scd.py took 0.139 seconds
[2026-07-20T08:30:24.315+0000] {processor.py:161} INFO - Started process (PID=15165) to work on /opt/airflow/dags/scd.py
[2026-07-20T08:30:24.317+0000] {processor.py:830} INFO - Processing file /opt/airflow/dags/scd.py for tasks to queue
[2026-07-20T08:30:24.319+0000] {logging_mixin.py:188} INFO - [2026-07-20T08:30:24.318+0000] {dagbag.py:545} INFO - Filling up the DagBag from /opt/airflow/dags/scd.py
[2026-07-20T08:30:24.349+0000] {processor.py:840} INFO - DAG(s) 'SCD2_snapshots' retrieved from /opt/airflow/dags/scd.py
[2026-07-20T08:30:24.398+0000] {logging_mixin.py:188} INFO - [2026-07-20T08:30:24.397+0000] {dag.py:3089} INFO - Sync 1 DAGs
[2026-07-20T08:30:24.440+0000] {logging_mixin.py:188} INFO - [2026-07-20T08:30:24.439+0000] {dag.py:3947} INFO - Setting next_dagrun for SCD2_snapshots to 2026-07-19 00:00:00+00:00, run_after=2026-07-20 00:00:00+00:00
[2026-07-20T08:30:24.474+0000] {processor.py:183} INFO - Processing /opt/airflow/dags/scd.py took 0.168 seconds
[2026-07-20T08:30:54.568+0000] {processor.py:161} INFO - Started process (PID=15170) to work on /opt/airflow/dags/scd.py
[2026-07-20T08:30:54.570+0000] {processor.py:830} INFO - Processing file /opt/airflow/dags/scd.py for tasks to queue
[2026-07-20T08:30:54.573+0000] {logging_mixin.py:188} INFO - [2026-07-20T08:30:54.573+0000] {dagbag.py:545} INFO - Filling up the DagBag from /opt/airflow/dags/scd.py
[2026-07-20T08:30:54.606+0000] {processor.py:840} INFO - DAG(s) 'SCD2_snapshots' retrieved from /opt/airflow/dags/scd.py
[2026-07-20T08:30:54.643+0000] {logging_mixin.py:188} INFO - [2026-07-20T08:30:54.643+0000] {dag.py:3089} INFO - Sync 1 DAGs
[2026-07-20T08:30:54.667+0000] {logging_mixin.py:188} INFO - [2026-07-20T08:30:54.666+0000] {dag.py:3947} INFO - Setting next_dagrun for SCD2_snapshots to 2026-07-19 00:00:00+00:00, run_after=2026-07-20 00:00:00+00:00
[2026-07-20T08:30:54.692+0000] {processor.py:183} INFO - Processing /opt/airflow/dags/scd.py took 0.132 seconds
[2026-07-20T08:31:24.807+0000] {processor.py:161} INFO - Started process (PID=15175) to work on /opt/airflow/dags/scd.py
[2026-07-20T08:31:24.809+0000] {processor.py:830} INFO - Processing file /opt/airflow/dags/scd.py for tasks to queue
[2026-07-20T08:31:24.811+0000] {logging_mixin.py:188} INFO - [2026-07-20T08:31:24.810+0000] {dagbag.py:545} INFO - Filling up the DagBag from /opt/airflow/dags/scd.py
[2026-07-20T08:31:24.838+0000] {processor.py:840} INFO - DAG(s) 'SCD2_snapshots' retrieved from /opt/airflow/dags/scd.py
[2026-07-20T08:31:24.873+0000] {logging_mixin.py:188} INFO - [2026-07-20T08:31:24.873+0000] {dag.py:3089} INFO - Sync 1 DAGs
[2026-07-20T08:31:24.898+0000] {logging_mixin.py:188} INFO - [2026-07-20T08:31:24.897+0000] {dag.py:3947} INFO - Setting next_dagrun for SCD2_snapshots to 2026-07-19 00:00:00+00:00, run_after=2026-07-20 00:00:00+00:00
[2026-07-20T08:31:24.922+0000] {processor.py:183} INFO - Processing /opt/airflow/dags/scd.py took 0.122 seconds
[2026-07-20T08:31:54.980+0000] {processor.py:161} INFO - Started process (PID=15180) to work on /opt/airflow/dags/scd.py
[2026-07-20T08:31:54.981+0000] {processor.py:830} INFO - Processing file /opt/airflow/dags/scd.py for tasks to queue
[2026-07-20T08:31:54.984+0000] {logging_mixin.py:188} INFO - [2026-07-20T08:31:54.984+0000] {dagbag.py:545} INFO - Filling up the DagBag from /opt/airflow/dags/scd.py
[2026-07-20T08:31:55.009+0000] {processor.py:840} INFO - DAG(s) 'SCD2_snapshots' retrieved from /opt/airflow/dags/scd.py
[2026-07-20T08:31:55.047+0000] {logging_mixin.py:188} INFO - [2026-07-20T08:31:55.047+0000] {dag.py:3089} INFO - Sync 1 DAGs
[2026-07-20T08:31:55.072+0000] {logging_mixin.py:188} INFO - [2026-07-20T08:31:55.071+0000] {dag.py:3947} INFO - Setting next_dagrun for SCD2_snapshots to 2026-07-19 00:00:00+00:00, run_after=2026-07-20 00:00:00+00:00
[2026-07-20T08:31:55.096+0000] {processor.py:183} INFO - Processing /opt/airflow/dags/scd.py took 0.123 seconds
[2026-07-20T08:32:25.154+0000] {processor.py:161} INFO - Started process (PID=15185) to work on /opt/airflow/dags/scd.py
[2026-07-20T08:32:25.156+0000] {processor.py:830} INFO - Processing file /opt/airflow/dags/scd.py for tasks to queue
[2026-07-20T08:32:25.158+0000] {logging_mixin.py:188} INFO - [2026-07-20T08:32:25.157+0000] {dagbag.py:545} INFO - Filling up the DagBag from /opt/airflow/dags/scd.py
[2026-07-20T08:32:25.183+0000] {processor.py:840} INFO - DAG(s) 'SCD2_snapshots' retrieved from /opt/airflow/dags/scd.py
[2026-07-20T08:32:25.219+0000] {logging_mixin.py:188} INFO - [2026-07-20T08:32:25.219+0000] {dag.py:3089} INFO - Sync 1 DAGs
[2026-07-20T08:32:25.243+0000] {logging_mixin.py:188} INFO - [2026-07-20T08:32:25.243+0000] {dag.py:3947} INFO - Setting next_dagrun for SCD2_snapshots to 2026-07-19 00:00:00+00:00, run_after=2026-07-20 00:00:00+00:00
[2026-07-20T08:32:25.265+0000] {processor.py:183} INFO - Processing /opt/airflow/dags/scd.py took 0.118 seconds
[2026-07-20T08:32:55.559+0000] {processor.py:161} INFO - Started process (PID=15190) to work on /opt/airflow/dags/scd.py
[2026-07-20T08:32:55.561+0000] {processor.py:830} INFO - Processing file /opt/airflow/dags/scd.py for tasks to queue
[2026-07-20T08:32:55.565+0000] {logging_mixin.py:188} INFO - [2026-07-20T08:32:55.564+0000] {dagbag.py:545} INFO - Filling up the DagBag from /opt/airflow/dags/scd.py
[2026-07-20T08:32:55.609+0000] {processor.py:840} INFO - DAG(s) 'SCD2_snapshots' retrieved from /opt/airflow/dags/scd.py
[2026-07-20T08:32:55.645+0000] {logging_mixin.py:188} INFO - [2026-07-20T08:32:55.645+0000] {dag.py:3089} INFO - Sync 1 DAGs
[2026-07-20T08:32:55.669+0000] {logging_mixin.py:188} INFO - [2026-07-20T08:32:55.669+0000] {dag.py:3947} INFO - Setting next_dagrun for SCD2_snapshots to 2026-07-19 00:00:00+00:00, run_after=2026-07-20 00:00:00+00:00
[2026-07-20T08:32:55.691+0000] {processor.py:183} INFO - Processing /opt/airflow/dags/scd.py took 0.139 seconds
[2026-07-20T08:33:25.835+0000] {processor.py:161} INFO - Started process (PID=15195) to work on /opt/airflow/dags/scd.py
[2026-07-20T08:33:25.837+0000] {processor.py:830} INFO - Processing file /opt/airflow/dags/scd.py for tasks to queue
[2026-07-20T08:33:25.839+0000] {logging_mixin.py:188} INFO - [2026-07-20T08:33:25.838+0000] {dagbag.py:545} INFO - Filling up the DagBag from /opt/airflow/dags/scd.py
[2026-07-20T08:33:25.865+0000] {processor.py:840} INFO - DAG(s) 'SCD2_snapshots' retrieved from /opt/airflow/dags/scd.py
[2026-07-20T08:33:25.902+0000] {logging_mixin.py:188} INFO - [2026-07-20T08:33:25.902+0000] {dag.py:3089} INFO - Sync 1 DAGs
[2026-07-20T08:33:25.927+0000] {logging_mixin.py:188} INFO - [2026-07-20T08:33:25.927+0000] {dag.py:3947} INFO - Setting next_dagrun for SCD2_snapshots to 2026-07-19 00:00:00+00:00, run_after=2026-07-20 00:00:00+00:00
[2026-07-20T08:33:25.953+0000] {processor.py:183} INFO - Processing /opt/airflow/dags/scd.py took 0.125 seconds
[2026-07-20T08:33:56.094+0000] {processor.py:161} INFO - Started process (PID=15200) to work on /opt/airflow/dags/scd.py
[2026-07-20T08:33:56.095+0000] {processor.py:830} INFO - Processing file /opt/airflow/dags/scd.py for tasks to queue
[2026-07-20T08:33:56.098+0000] {logging_mixin.py:188} INFO - [2026-07-20T08:33:56.097+0000] {dagbag.py:545} INFO - Filling up the DagBag from /opt/airflow/dags/scd.py
[2026-07-20T08:33:56.122+0000] {processor.py:840} INFO - DAG(s) 'SCD2_snapshots' retrieved from /opt/airflow/dags/scd.py
[2026-07-20T08:33:56.158+0000] {logging_mixin.py:188} INFO - [2026-07-20T08:33:56.158+0000] {dag.py:3089} INFO - Sync 1 DAGs
[2026-07-20T08:33:56.182+0000] {logging_mixin.py:188} INFO - [2026-07-20T08:33:56.182+0000] {dag.py:3947} INFO - Setting next_dagrun for SCD2_snapshots to 2026-07-19 00:00:00+00:00, run_after=2026-07-20 00:00:00+00:00
[2026-07-20T08:33:56.203+0000] {processor.py:183} INFO - Processing /opt/airflow/dags/scd.py took 0.116 seconds
[2026-07-20T08:34:26.422+0000] {processor.py:161} INFO - Started process (PID=15205) to work on /opt/airflow/dags/scd.py
[2026-07-20T08:34:26.423+0000] {processor.py:830} INFO - Processing file /opt/airflow/dags/scd.py for tasks to queue
[2026-07-20T08:34:26.426+0000] {logging_mixin.py:188} INFO - [2026-07-20T08:34:26.426+0000] {dagbag.py:545} INFO - Filling up the DagBag from /opt/airflow/dags/scd.py
[2026-07-20T08:34:26.450+0000] {processor.py:840} INFO - DAG(s) 'SCD2_snapshots' retrieved from /opt/airflow/dags/scd.py
[2026-07-20T08:34:26.488+0000] {logging_mixin.py:188} INFO - [2026-07-20T08:34:26.488+0000] {dag.py:3089} INFO - Sync 1 DAGs
[2026-07-20T08:34:26.512+0000] {logging_mixin.py:188} INFO - [2026-07-20T08:34:26.511+0000] {dag.py:3947} INFO - Setting next_dagrun for SCD2_snapshots to 2026-07-19 00:00:00+00:00, run_after=2026-07-20 00:00:00+00:00
[2026-07-20T08:34:26.533+0000] {processor.py:183} INFO - Processing /opt/airflow/dags/scd.py took 0.118 seconds
[2026-07-20T08:34:56.791+0000] {processor.py:161} INFO - Started process (PID=15210) to work on /opt/airflow/dags/scd.py
[2026-07-20T08:34:56.794+0000] {processor.py:830} INFO - Processing file /opt/airflow/dags/scd.py for tasks to queue
[2026-07-20T08:34:56.799+0000] {logging_mixin.py:188} INFO - [2026-07-20T08:34:56.798+0000] {dagbag.py:545} INFO - Filling up the DagBag from /opt/airflow/dags/scd.py
[2026-07-20T08:34:56.824+0000] {processor.py:840} INFO - DAG(s) 'SCD2_snapshots' retrieved from /opt/airflow/dags/scd.py
[2026-07-20T08:34:56.883+0000] {logging_mixin.py:188} INFO - [2026-07-20T08:34:56.882+0000] {dag.py:3089} INFO - Sync 1 DAGs
[2026-07-20T08:34:56.923+0000] {logging_mixin.py:188} INFO - [2026-07-20T08:34:56.923+0000] {dag.py:3947} INFO - Setting next_dagrun for SCD2_snapshots to 2026-07-19 00:00:00+00:00, run_after=2026-07-20 00:00:00+00:00
[2026-07-20T08:34:56.953+0000] {processor.py:183} INFO - Processing /opt/airflow/dags/scd.py took 0.180 seconds
[2026-07-20T08:35:27.122+0000] {processor.py:161} INFO - Started process (PID=15215) to work on /opt/airflow/dags/scd.py
[2026-07-20T08:35:27.124+0000] {processor.py:830} INFO - Processing file /opt/airflow/dags/scd.py for tasks to queue
[2026-07-20T08:35:27.126+0000] {logging_mixin.py:188} INFO - [2026-07-20T08:35:27.126+0000] {dagbag.py:545} INFO - Filling up the DagBag from /opt/airflow/dags/scd.py
[2026-07-20T08:35:27.152+0000] {processor.py:840} INFO - DAG(s) 'SCD2_snapshots' retrieved from /opt/airflow/dags/scd.py
[2026-07-20T08:35:27.190+0000] {logging_mixin.py:188} INFO - [2026-07-20T08:35:27.190+0000] {dag.py:3089} INFO - Sync 1 DAGs
[2026-07-20T08:35:27.213+0000] {logging_mixin.py:188} INFO - [2026-07-20T08:35:27.213+0000] {dag.py:3947} INFO - Setting next_dagrun for SCD2_snapshots to 2026-07-19 00:00:00+00:00, run_after=2026-07-20 00:00:00+00:00
[2026-07-20T08:35:27.236+0000] {processor.py:183} INFO - Processing /opt/airflow/dags/scd.py took 0.121 seconds
[2026-07-20T08:35:57.373+0000] {processor.py:161} INFO - Started process (PID=15220) to work on /opt/airflow/dags/scd.py
[2026-07-20T08:35:57.375+0000] {processor.py:830} INFO - Processing file /opt/airflow/dags/scd.py for tasks to queue
[2026-07-20T08:35:57.378+0000] {logging_mixin.py:188} INFO - [2026-07-20T08:35:57.378+0000] {dagbag.py:545} INFO - Filling up the DagBag from /opt/airflow/dags/scd.py
[2026-07-20T08:35:57.404+0000] {processor.py:840} INFO - DAG(s) 'SCD2_snapshots' retrieved from /opt/airflow/dags/scd.py
[2026-07-20T08:35:57.441+0000] {logging_mixin.py:188} INFO - [2026-07-20T08:35:57.440+0000] {dag.py:3089} INFO - Sync 1 DAGs
[2026-07-20T08:35:57.465+0000] {logging_mixin.py:188} INFO - [2026-07-20T08:35:57.465+0000] {dag.py:3947} INFO - Setting next_dagrun for SCD2_snapshots to 2026-07-19 00:00:00+00:00, run_after=2026-07-20 00:00:00+00:00
[2026-07-20T08:35:57.487+0000] {processor.py:183} INFO - Processing /opt/airflow/dags/scd.py took 0.121 seconds
[2026-07-20T08:36:27.779+0000] {processor.py:161} INFO - Started process (PID=15225) to work on /opt/airflow/dags/scd.py
[2026-07-20T08:36:27.781+0000] {processor.py:830} INFO - Processing file /opt/airflow/dags/scd.py for tasks to queue
[2026-07-20T08:36:27.783+0000] {logging_mixin.py:188} INFO - [2026-07-20T08:36:27.783+0000] {dagbag.py:545} INFO - Filling up the DagBag from /opt/airflow/dags/scd.py
[2026-07-20T08:36:27.811+0000] {processor.py:840} INFO - DAG(s) 'SCD2_snapshots' retrieved from /opt/airflow/dags/scd.py
[2026-07-20T08:36:27.855+0000] {logging_mixin.py:188} INFO - [2026-07-20T08:36:27.855+0000] {dag.py:3089} INFO - Sync 1 DAGs
[2026-07-20T08:36:27.880+0000] {logging_mixin.py:188} INFO - [2026-07-20T08:36:27.880+0000] {dag.py:3947} INFO - Setting next_dagrun for SCD2_snapshots to 2026-07-19 00:00:00+00:00, run_after=2026-07-20 00:00:00+00:00
[2026-07-20T08:36:27.902+0000] {processor.py:183} INFO - Processing /opt/airflow/dags/scd.py took 0.130 seconds
[2026-07-20T08:36:58.174+0000] {processor.py:161} INFO - Started process (PID=15230) to work on /opt/airflow/dags/scd.py
[2026-07-20T08:36:58.175+0000] {processor.py:830} INFO - Processing file /opt/airflow/dags/scd.py for tasks to queue
[2026-07-20T08:36:58.178+0000] {logging_mixin.py:188} INFO - [2026-07-20T08:36:58.177+0000] {dagbag.py:545} INFO - Filling up the DagBag from /opt/airflow/dags/scd.py
[2026-07-20T08:36:58.207+0000] {processor.py:840} INFO - DAG(s) 'SCD2_snapshots' retrieved from /opt/airflow/dags/scd.py
[2026-07-20T08:36:58.246+0000] {logging_mixin.py:188} INFO - [2026-07-20T08:36:58.246+0000] {dag.py:3089} INFO - Sync 1 DAGs
[2026-07-20T08:36:58.276+0000] {logging_mixin.py:188} INFO - [2026-07-20T08:36:58.276+0000] {dag.py:3947} INFO - Setting next_dagrun for SCD2_snapshots to 2026-07-19 00:00:00+00:00, run_after=2026-07-20 00:00:00+00:00
[2026-07-20T08:36:58.305+0000] {processor.py:183} INFO - Processing /opt/airflow/dags/scd.py took 0.138 seconds
[2026-07-20T08:37:28.437+0000] {processor.py:161} INFO - Started process (PID=15235) to work on /opt/airflow/dags/scd.py
[2026-07-20T08:37:28.439+0000] {processor.py:830} INFO - Processing file /opt/airflow/dags/scd.py for tasks to queue
[2026-07-20T08:37:28.443+0000] {logging_mixin.py:188} INFO - [2026-07-20T08:37:28.442+0000] {dagbag.py:545} INFO - Filling up the DagBag from /opt/airflow/dags/scd.py
[2026-07-20T08:37:28.480+0000] {processor.py:840} INFO - DAG(s) 'SCD2_snapshots' retrieved from /opt/airflow/dags/scd.py
[2026-07-20T08:37:28.516+0000] {logging_mixin.py:188} INFO - [2026-07-20T08:37:28.516+0000] {dag.py:3089} INFO - Sync 1 DAGs
[2026-07-20T08:37:28.541+0000] {logging_mixin.py:188} INFO - [2026-07-20T08:37:28.541+0000] {dag.py:3947} INFO - Setting next_dagrun for SCD2_snapshots to 2026-07-19 00:00:00+00:00, run_after=2026-07-20 00:00:00+00:00
[2026-07-20T08:37:28.571+0000] {processor.py:183} INFO - Processing /opt/airflow/dags/scd.py took 0.146 seconds
[2026-07-20T08:37:58.722+0000] {processor.py:161} INFO - Started process (PID=15240) to work on /opt/airflow/dags/scd.py
[2026-07-20T08:37:58.724+0000] {processor.py:830} INFO - Processing file /opt/airflow/dags/scd.py for tasks to queue
[2026-07-20T08:37:58.727+0000] {logging_mixin.py:188} INFO - [2026-07-20T08:37:58.726+0000] {dagbag.py:545} INFO - Filling up the DagBag from /opt/airflow/dags/scd.py
[2026-07-20T08:37:58.752+0000] {processor.py:840} INFO - DAG(s) 'SCD2_snapshots' retrieved from /opt/airflow/dags/scd.py
[2026-07-20T08:37:58.792+0000] {logging_mixin.py:188} INFO - [2026-07-20T08:37:58.792+0000] {dag.py:3089} INFO - Sync 1 DAGs
[2026-07-20T08:37:58.817+0000] {logging_mixin.py:188} INFO - [2026-07-20T08:37:58.817+0000] {dag.py:3947} INFO - Setting next_dagrun for SCD2_snapshots to 2026-07-19 00:00:00+00:00, run_after=2026-07-20 00:00:00+00:00
[2026-07-20T08:37:58.842+0000] {processor.py:183} INFO - Processing /opt/airflow/dags/scd.py took 0.127 seconds
[2026-07-20T08:38:29.052+0000] {processor.py:161} INFO - Started process (PID=15245) to work on /opt/airflow/dags/scd.py
[2026-07-20T08:38:29.054+0000] {processor.py:830} INFO - Processing file /opt/airflow/dags/scd.py for tasks to queue
[2026-07-20T08:38:29.057+0000] {logging_mixin.py:188} INFO - [2026-07-20T08:38:29.057+0000] {dagbag.py:545} INFO - Filling up the DagBag from /opt/airflow/dags/scd.py
[2026-07-20T08:38:29.084+0000] {processor.py:840} INFO - DAG(s) 'SCD2_snapshots' retrieved from /opt/airflow/dags/scd.py
[2026-07-20T08:38:29.123+0000] {logging_mixin.py:188} INFO - [2026-07-20T08:38:29.123+0000] {dag.py:3089} INFO - Sync 1 DAGs
[2026-07-20T08:38:29.148+0000] {logging_mixin.py:188} INFO - [2026-07-20T08:38:29.147+0000] {dag.py:3947} INFO - Setting next_dagrun for SCD2_snapshots to 2026-07-19 00:00:00+00:00, run_after=2026-07-20 00:00:00+00:00
[2026-07-20T08:38:29.171+0000] {processor.py:183} INFO - Processing /opt/airflow/dags/scd.py took 0.125 seconds
[2026-07-20T08:38:59.235+0000] {processor.py:161} INFO - Started process (PID=15250) to work on /opt/airflow/dags/scd.py
[2026-07-20T08:38:59.237+0000] {processor.py:830} INFO - Processing file /opt/airflow/dags/scd.py for tasks to queue
[2026-07-20T08:38:59.240+0000] {logging_mixin.py:188} INFO - [2026-07-20T08:38:59.239+0000] {dagbag.py:545} INFO - Filling up the DagBag from /opt/airflow/dags/scd.py
[2026-07-20T08:38:59.263+0000] {processor.py:840} INFO - DAG(s) 'SCD2_snapshots' retrieved from /opt/airflow/dags/scd.py
[2026-07-20T08:38:59.299+0000] {logging_mixin.py:188} INFO - [2026-07-20T08:38:59.299+0000] {dag.py:3089} INFO - Sync 1 DAGs
[2026-07-20T08:38:59.323+0000] {logging_mixin.py:188} INFO - [2026-07-20T08:38:59.323+0000] {dag.py:3947} INFO - Setting next_dagrun for SCD2_snapshots to 2026-07-19 00:00:00+00:00, run_after=2026-07-20 00:00:00+00:00
[2026-07-20T08:38:59.344+0000] {processor.py:183} INFO - Processing /opt/airflow/dags/scd.py took 0.116 seconds
[2026-07-20T08:39:29.495+0000] {processor.py:161} INFO - Started process (PID=15251) to work on /opt/airflow/dags/scd.py
[2026-07-20T08:39:29.496+0000] {processor.py:830} INFO - Processing file /opt/airflow/dags/scd.py for tasks to queue
[2026-07-20T08:39:29.500+0000] {logging_mixin.py:188} INFO - [2026-07-20T08:39:29.499+0000] {dagbag.py:545} INFO - Filling up the DagBag from /opt/airflow/dags/scd.py
[2026-07-20T08:39:29.532+0000] {processor.py:840} INFO - DAG(s) 'SCD2_snapshots' retrieved from /opt/airflow/dags/scd.py
[2026-07-20T08:39:29.585+0000] {logging_mixin.py:188} INFO - [2026-07-20T08:39:29.584+0000] {dag.py:3089} INFO - Sync 1 DAGs
[2026-07-20T08:39:29.624+0000] {logging_mixin.py:188} INFO - [2026-07-20T08:39:29.624+0000] {dag.py:3947} INFO - Setting next_dagrun for SCD2_snapshots to 2026-07-19 00:00:00+00:00, run_after=2026-07-20 00:00:00+00:00
[2026-07-20T08:39:29.650+0000] {processor.py:183} INFO - Processing /opt/airflow/dags/scd.py took 0.163 seconds
[2026-07-20T08:39:59.725+0000] {processor.py:161} INFO - Started process (PID=15256) to work on /opt/airflow/dags/scd.py
[2026-07-20T08:39:59.726+0000] {processor.py:830} INFO - Processing file /opt/airflow/dags/scd.py for tasks to queue
[2026-07-20T08:39:59.729+0000] {logging_mixin.py:188} INFO - [2026-07-20T08:39:59.729+0000] {dagbag.py:545} INFO - Filling up the DagBag from /opt/airflow/dags/scd.py
[2026-07-20T08:39:59.756+0000] {processor.py:840} INFO - DAG(s) 'SCD2_snapshots' retrieved from /opt/airflow/dags/scd.py
[2026-07-20T08:39:59.796+0000] {logging_mixin.py:188} INFO - [2026-07-20T08:39:59.795+0000] {dag.py:3089} INFO - Sync 1 DAGs
[2026-07-20T08:39:59.819+0000] {logging_mixin.py:188} INFO - [2026-07-20T08:39:59.819+0000] {dag.py:3947} INFO - Setting next_dagrun for SCD2_snapshots to 2026-07-19 00:00:00+00:00, run_after=2026-07-20 00:00:00+00:00
[2026-07-20T08:39:59.841+0000] {processor.py:183} INFO - Processing /opt/airflow/dags/scd.py took 0.123 seconds
[2026-07-20T08:40:29.894+0000] {processor.py:161} INFO - Started process (PID=15261) to work on /opt/airflow/dags/scd.py
[2026-07-20T08:40:29.896+0000] {processor.py:830} INFO - Processing file /opt/airflow/dags/scd.py for tasks to queue
[2026-07-20T08:40:29.900+0000] {logging_mixin.py:188} INFO - [2026-07-20T08:40:29.900+0000] {dagbag.py:545} INFO - Filling up the DagBag from /opt/airflow/dags/scd.py
[2026-07-20T08:40:29.941+0000] {processor.py:840} INFO - DAG(s) 'SCD2_snapshots' retrieved from /opt/airflow/dags/scd.py
[2026-07-20T08:40:29.986+0000] {logging_mixin.py:188} INFO - [2026-07-20T08:40:29.986+0000] {dag.py:3089} INFO - Sync 1 DAGs
[2026-07-20T08:40:30.023+0000] {logging_mixin.py:188} INFO - [2026-07-20T08:40:30.023+0000] {dag.py:3947} INFO - Setting next_dagrun for SCD2_snapshots to 2026-07-19 00:00:00+00:00, run_after=2026-07-20 00:00:00+00:00
[2026-07-20T08:40:30.054+0000] {processor.py:183} INFO - Processing /opt/airflow/dags/scd.py took 0.169 seconds
[2026-07-20T08:41:00.415+0000] {processor.py:161} INFO - Started process (PID=15266) to work on /opt/airflow/dags/scd.py
[2026-07-20T08:41:00.416+0000] {processor.py:830} INFO - Processing file /opt/airflow/dags/scd.py for tasks to queue
[2026-07-20T08:41:00.418+0000] {logging_mixin.py:188} INFO - [2026-07-20T08:41:00.418+0000] {dagbag.py:545} INFO - Filling up the DagBag from /opt/airflow/dags/scd.py
[2026-07-20T08:41:00.446+0000] {processor.py:840} INFO - DAG(s) 'SCD2_snapshots' retrieved from /opt/airflow/dags/scd.py
[2026-07-20T08:41:00.485+0000] {logging_mixin.py:188} INFO - [2026-07-20T08:41:00.485+0000] {dag.py:3089} INFO - Sync 1 DAGs
[2026-07-20T08:41:00.513+0000] {logging_mixin.py:188} INFO - [2026-07-20T08:41:00.513+0000] {dag.py:3947} INFO - Setting next_dagrun for SCD2_snapshots to 2026-07-19 00:00:00+00:00, run_after=2026-07-20 00:00:00+00:00
[2026-07-20T08:41:00.535+0000] {processor.py:183} INFO - Processing /opt/airflow/dags/scd.py took 0.131 seconds
[2026-07-20T08:41:30.815+0000] {processor.py:161} INFO - Started process (PID=15271) to work on /opt/airflow/dags/scd.py
[2026-07-20T08:41:30.817+0000] {processor.py:830} INFO - Processing file /opt/airflow/dags/scd.py for tasks to queue
[2026-07-20T08:41:30.819+0000] {logging_mixin.py:188} INFO - [2026-07-20T08:41:30.819+0000] {dagbag.py:545} INFO - Filling up the DagBag from /opt/airflow/dags/scd.py
[2026-07-20T08:41:30.854+0000] {processor.py:840} INFO - DAG(s) 'SCD2_snapshots' retrieved from /opt/airflow/dags/scd.py
[2026-07-20T08:41:30.894+0000] {logging_mixin.py:188} INFO - [2026-07-20T08:41:30.893+0000] {dag.py:3089} INFO - Sync 1 DAGs
[2026-07-20T08:41:30.919+0000] {logging_mixin.py:188} INFO - [2026-07-20T08:41:30.919+0000] {dag.py:3947} INFO - Setting next_dagrun for SCD2_snapshots to 2026-07-19 00:00:00+00:00, run_after=2026-07-20 00:00:00+00:00
[2026-07-20T08:41:30.944+0000] {processor.py:183} INFO - Processing /opt/airflow/dags/scd.py took 0.137 seconds
[2026-07-20T08:42:01.099+0000] {processor.py:161} INFO - Started process (PID=15276) to work on /opt/airflow/dags/scd.py
[2026-07-20T08:42:01.101+0000] {processor.py:830} INFO - Processing file /opt/airflow/dags/scd.py for tasks to queue
[2026-07-20T08:42:01.105+0000] {logging_mixin.py:188} INFO - [2026-07-20T08:42:01.105+0000] {dagbag.py:545} INFO - Filling up the DagBag from /opt/airflow/dags/scd.py
[2026-07-20T08:42:01.133+0000] {processor.py:840} INFO - DAG(s) 'SCD2_snapshots' retrieved from /opt/airflow/dags/scd.py
[2026-07-20T08:42:01.172+0000] {logging_mixin.py:188} INFO - [2026-07-20T08:42:01.171+0000] {dag.py:3089} INFO - Sync 1 DAGs
[2026-07-20T08:42:01.197+0000] {logging_mixin.py:188} INFO - [2026-07-20T08:42:01.197+0000] {dag.py:3947} INFO - Setting next_dagrun for SCD2_snapshots to 2026-07-19 00:00:00+00:00, run_after=2026-07-20 00:00:00+00:00
[2026-07-20T08:42:01.224+0000] {processor.py:183} INFO - Processing /opt/airflow/dags/scd.py took 0.132 seconds
[2026-07-20T08:42:31.455+0000] {processor.py:161} INFO - Started process (PID=15281) to work on /opt/airflow/dags/scd.py
[2026-07-20T08:42:31.457+0000] {processor.py:830} INFO - Processing file /opt/airflow/dags/scd.py for tasks to queue
[2026-07-20T08:42:31.459+0000] {logging_mixin.py:188} INFO - [2026-07-20T08:42:31.459+0000] {dagbag.py:545} INFO - Filling up the DagBag from /opt/airflow/dags/scd.py
[2026-07-20T08:42:31.487+0000] {processor.py:840} INFO - DAG(s) 'SCD2_snapshots' retrieved from /opt/airflow/dags/scd.py
[2026-07-20T08:42:31.527+0000] {logging_mixin.py:188} INFO - [2026-07-20T08:42:31.527+0000] {dag.py:3089} INFO - Sync 1 DAGs
[2026-07-20T08:42:31.552+0000] {logging_mixin.py:188} INFO - [2026-07-20T08:42:31.552+0000] {dag.py:3947} INFO - Setting next_dagrun for SCD2_snapshots to 2026-07-19 00:00:00+00:00, run_after=2026-07-20 00:00:00+00:00
[2026-07-20T08:42:31.585+0000] {processor.py:183} INFO - Processing /opt/airflow/dags/scd.py took 0.137 seconds
[2026-07-20T08:43:01.893+0000] {processor.py:161} INFO - Started process (PID=15286) to work on /opt/airflow/dags/scd.py
[2026-07-20T08:43:01.895+0000] {processor.py:830} INFO - Processing file /opt/airflow/dags/scd.py for tasks to queue
[2026-07-20T08:43:01.899+0000] {logging_mixin.py:188} INFO - [2026-07-20T08:43:01.898+0000] {dagbag.py:545} INFO - Filling up the DagBag from /opt/airflow/dags/scd.py
[2026-07-20T08:43:01.923+0000] {processor.py:840} INFO - DAG(s) 'SCD2_snapshots' retrieved from /opt/airflow/dags/scd.py
[2026-07-20T08:43:01.960+0000] {logging_mixin.py:188} INFO - [2026-07-20T08:43:01.959+0000] {dag.py:3089} INFO - Sync 1 DAGs
[2026-07-20T08:43:01.986+0000] {logging_mixin.py:188} INFO - [2026-07-20T08:43:01.985+0000] {dag.py:3947} INFO - Setting next_dagrun for SCD2_snapshots to 2026-07-19 00:00:00+00:00, run_after=2026-07-20 00:00:00+00:00
[2026-07-20T08:43:02.009+0000] {processor.py:183} INFO - Processing /opt/airflow/dags/scd.py took 0.122 seconds
[2026-07-20T08:43:32.357+0000] {processor.py:161} INFO - Started process (PID=15291) to work on /opt/airflow/dags/scd.py
[2026-07-20T08:43:32.359+0000] {processor.py:830} INFO - Processing file /opt/airflow/dags/scd.py for tasks to queue
[2026-07-20T08:43:32.363+0000] {logging_mixin.py:188} INFO - [2026-07-20T08:43:32.362+0000] {dagbag.py:545} INFO - Filling up the DagBag from /opt/airflow/dags/scd.py
[2026-07-20T08:43:32.390+0000] {processor.py:840} INFO - DAG(s) 'SCD2_snapshots' retrieved from /opt/airflow/dags/scd.py
[2026-07-20T08:43:32.427+0000] {logging_mixin.py:188} INFO - [2026-07-20T08:43:32.427+0000] {dag.py:3089} INFO - Sync 1 DAGs
[2026-07-20T08:43:32.452+0000] {logging_mixin.py:188} INFO - [2026-07-20T08:43:32.452+0000] {dag.py:3947} INFO - Setting next_dagrun for SCD2_snapshots to 2026-07-19 00:00:00+00:00, run_after=2026-07-20 00:00:00+00:00
[2026-07-20T08:43:32.473+0000] {processor.py:183} INFO - Processing /opt/airflow/dags/scd.py took 0.123 seconds
[2026-07-20T08:44:02.641+0000] {processor.py:161} INFO - Started process (PID=15296) to work on /opt/airflow/dags/scd.py
[2026-07-20T08:44:02.644+0000] {processor.py:830} INFO - Processing file /opt/airflow/dags/scd.py for tasks to queue
[2026-07-20T08:44:02.647+0000] {logging_mixin.py:188} INFO - [2026-07-20T08:44:02.647+0000] {dagbag.py:545} INFO - Filling up the DagBag from /opt/airflow/dags/scd.py
[2026-07-20T08:44:02.685+0000] {processor.py:840} INFO - DAG(s) 'SCD2_snapshots' retrieved from /opt/airflow/dags/scd.py
[2026-07-20T08:44:02.735+0000] {logging_mixin.py:188} INFO - [2026-07-20T08:44:02.735+0000] {dag.py:3089} INFO - Sync 1 DAGs
[2026-07-20T08:44:02.768+0000] {logging_mixin.py:188} INFO - [2026-07-20T08:44:02.768+0000] {dag.py:3947} INFO - Setting next_dagrun for SCD2_snapshots to 2026-07-19 00:00:00+00:00, run_after=2026-07-20 00:00:00+00:00
[2026-07-20T08:44:02.796+0000] {processor.py:183} INFO - Processing /opt/airflow/dags/scd.py took 0.164 seconds
[2026-07-20T08:44:33.057+0000] {processor.py:161} INFO - Started process (PID=15301) to work on /opt/airflow/dags/scd.py
[2026-07-20T08:44:33.059+0000] {processor.py:830} INFO - Processing file /opt/airflow/dags/scd.py for tasks to queue
[2026-07-20T08:44:33.061+0000] {logging_mixin.py:188} INFO - [2026-07-20T08:44:33.061+0000] {dagbag.py:545} INFO - Filling up the DagBag from /opt/airflow/dags/scd.py
[2026-07-20T08:44:33.096+0000] {processor.py:840} INFO - DAG(s) 'SCD2_snapshots' retrieved from /opt/airflow/dags/scd.py
[2026-07-20T08:44:33.144+0000] {logging_mixin.py:188} INFO - [2026-07-20T08:44:33.143+0000] {dag.py:3089} INFO - Sync 1 DAGs
[2026-07-20T08:44:33.177+0000] {logging_mixin.py:188} INFO - [2026-07-20T08:44:33.176+0000] {dag.py:3947} INFO - Setting next_dagrun for SCD2_snapshots to 2026-07-19 00:00:00+00:00, run_after=2026-07-20 00:00:00+00:00
[2026-07-20T08:44:33.213+0000] {processor.py:183} INFO - Processing /opt/airflow/dags/scd.py took 0.166 seconds
[2026-07-20T08:45:03.317+0000] {processor.py:161} INFO - Started process (PID=15306) to work on /opt/airflow/dags/scd.py
[2026-07-20T08:45:03.320+0000] {processor.py:830} INFO - Processing file /opt/airflow/dags/scd.py for tasks to queue
[2026-07-20T08:45:03.322+0000] {logging_mixin.py:188} INFO - [2026-07-20T08:45:03.322+0000] {dagbag.py:545} INFO - Filling up the DagBag from /opt/airflow/dags/scd.py
[2026-07-20T08:45:03.350+0000] {processor.py:840} INFO - DAG(s) 'SCD2_snapshots' retrieved from /opt/airflow/dags/scd.py
[2026-07-20T08:45:03.389+0000] {logging_mixin.py:188} INFO - [2026-07-20T08:45:03.389+0000] {dag.py:3089} INFO - Sync 1 DAGs
[2026-07-20T08:45:03.415+0000] {logging_mixin.py:188} INFO - [2026-07-20T08:45:03.415+0000] {dag.py:3947} INFO - Setting next_dagrun for SCD2_snapshots to 2026-07-19 00:00:00+00:00, run_after=2026-07-20 00:00:00+00:00
[2026-07-20T08:45:03.440+0000] {processor.py:183} INFO - Processing /opt/airflow/dags/scd.py took 0.130 seconds
[2026-07-20T08:45:33.721+0000] {processor.py:161} INFO - Started process (PID=15311) to work on /opt/airflow/dags/scd.py
[2026-07-20T08:45:33.723+0000] {processor.py:830} INFO - Processing file /opt/airflow/dags/scd.py for tasks to queue
[2026-07-20T08:45:33.725+0000] {logging_mixin.py:188} INFO - [2026-07-20T08:45:33.725+0000] {dagbag.py:545} INFO - Filling up the DagBag from /opt/airflow/dags/scd.py
[2026-07-20T08:45:33.755+0000] {processor.py:840} INFO - DAG(s) 'SCD2_snapshots' retrieved from /opt/airflow/dags/scd.py
[2026-07-20T08:45:33.793+0000] {logging_mixin.py:188} INFO - [2026-07-20T08:45:33.792+0000] {dag.py:3089} INFO - Sync 1 DAGs
[2026-07-20T08:45:33.817+0000] {logging_mixin.py:188} INFO - [2026-07-20T08:45:33.817+0000] {dag.py:3947} INFO - Setting next_dagrun for SCD2_snapshots to 2026-07-19 00:00:00+00:00, run_after=2026-07-20 00:00:00+00:00
[2026-07-20T08:45:33.840+0000] {processor.py:183} INFO - Processing /opt/airflow/dags/scd.py took 0.126 seconds
[2026-07-20T08:46:03.948+0000] {processor.py:161} INFO - Started process (PID=15316) to work on /opt/airflow/dags/scd.py
[2026-07-20T08:46:03.949+0000] {processor.py:830} INFO - Processing file /opt/airflow/dags/scd.py for tasks to queue
[2026-07-20T08:46:03.951+0000] {logging_mixin.py:188} INFO - [2026-07-20T08:46:03.951+0000] {dagbag.py:545} INFO - Filling up the DagBag from /opt/airflow/dags/scd.py
[2026-07-20T08:46:03.977+0000] {processor.py:840} INFO - DAG(s) 'SCD2_snapshots' retrieved from /opt/airflow/dags/scd.py
[2026-07-20T08:46:04.015+0000] {logging_mixin.py:188} INFO - [2026-07-20T08:46:04.015+0000] {dag.py:3089} INFO - Sync 1 DAGs
[2026-07-20T08:46:04.041+0000] {logging_mixin.py:188} INFO - [2026-07-20T08:46:04.041+0000] {dag.py:3947} INFO - Setting next_dagrun for SCD2_snapshots to 2026-07-19 00:00:00+00:00, run_after=2026-07-20 00:00:00+00:00
[2026-07-20T08:46:04.066+0000] {processor.py:183} INFO - Processing /opt/airflow/dags/scd.py took 0.126 seconds
[2026-07-20T08:46:34.283+0000] {processor.py:161} INFO - Started process (PID=15321) to work on /opt/airflow/dags/scd.py
[2026-07-20T08:46:34.285+0000] {processor.py:830} INFO - Processing file /opt/airflow/dags/scd.py for tasks to queue
[2026-07-20T08:46:34.287+0000] {logging_mixin.py:188} INFO - [2026-07-20T08:46:34.286+0000] {dagbag.py:545} INFO - Filling up the DagBag from /opt/airflow/dags/scd.py
[2026-07-20T08:46:34.315+0000] {processor.py:840} INFO - DAG(s) 'SCD2_snapshots' retrieved from /opt/airflow/dags/scd.py
[2026-07-20T08:46:34.351+0000] {logging_mixin.py:188} INFO - [2026-07-20T08:46:34.351+0000] {dag.py:3089} INFO - Sync 1 DAGs
[2026-07-20T08:46:34.376+0000] {logging_mixin.py:188} INFO - [2026-07-20T08:46:34.376+0000] {dag.py:3947} INFO - Setting next_dagrun for SCD2_snapshots to 2026-07-19 00:00:00+00:00, run_after=2026-07-20 00:00:00+00:00
[2026-07-20T08:46:34.399+0000] {processor.py:183} INFO - Processing /opt/airflow/dags/scd.py took 0.122 seconds
[2026-07-20T08:47:04.554+0000] {processor.py:161} INFO - Started process (PID=15326) to work on /opt/airflow/dags/scd.py
[2026-07-20T08:47:04.556+0000] {processor.py:830} INFO - Processing file /opt/airflow/dags/scd.py for tasks to queue
[2026-07-20T08:47:04.559+0000] {logging_mixin.py:188} INFO - [2026-07-20T08:47:04.558+0000] {dagbag.py:545} INFO - Filling up the DagBag from /opt/airflow/dags/scd.py
[2026-07-20T08:47:04.589+0000] {processor.py:840} INFO - DAG(s) 'SCD2_snapshots' retrieved from /opt/airflow/dags/scd.py
[2026-07-20T08:47:04.629+0000] {logging_mixin.py:188} INFO - [2026-07-20T08:47:04.629+0000] {dag.py:3089} INFO - Sync 1 DAGs
[2026-07-20T08:47:04.653+0000] {logging_mixin.py:188} INFO - [2026-07-20T08:47:04.653+0000] {dag.py:3947} INFO - Setting next_dagrun for SCD2_snapshots to 2026-07-19 00:00:00+00:00, run_after=2026-07-20 00:00:00+00:00
[2026-07-20T08:47:04.677+0000] {processor.py:183} INFO - Processing /opt/airflow/dags/scd.py took 0.129 seconds
[2026-07-20T08:47:34.842+0000] {processor.py:161} INFO - Started process (PID=15331) to work on /opt/airflow/dags/scd.py
[2026-07-20T08:47:34.844+0000] {processor.py:830} INFO - Processing file /opt/airflow/dags/scd.py for tasks to queue
[2026-07-20T08:47:34.846+0000] {logging_mixin.py:188} INFO - [2026-07-20T08:47:34.846+0000] {dagbag.py:545} INFO - Filling up the DagBag from /opt/airflow/dags/scd.py
[2026-07-20T08:47:34.876+0000] {processor.py:840} INFO - DAG(s) 'SCD2_snapshots' retrieved from /opt/airflow/dags/scd.py
[2026-07-20T08:47:34.921+0000] {logging_mixin.py:188} INFO - [2026-07-20T08:47:34.920+0000] {dag.py:3089} INFO - Sync 1 DAGs
[2026-07-20T08:47:34.958+0000] {logging_mixin.py:188} INFO - [2026-07-20T08:47:34.957+0000] {dag.py:3947} INFO - Setting next_dagrun for SCD2_snapshots to 2026-07-19 00:00:00+00:00, run_after=2026-07-20 00:00:00+00:00
[2026-07-20T08:47:34.984+0000] {processor.py:183} INFO - Processing /opt/airflow/dags/scd.py took 0.150 seconds
[2026-07-20T08:48:05.307+0000] {processor.py:161} INFO - Started process (PID=15336) to work on /opt/airflow/dags/scd.py
[2026-07-20T08:48:05.309+0000] {processor.py:830} INFO - Processing file /opt/airflow/dags/scd.py for tasks to queue
[2026-07-20T08:48:05.312+0000] {logging_mixin.py:188} INFO - [2026-07-20T08:48:05.311+0000] {dagbag.py:545} INFO - Filling up the DagBag from /opt/airflow/dags/scd.py
[2026-07-20T08:48:05.347+0000] {processor.py:840} INFO - DAG(s) 'SCD2_snapshots' retrieved from /opt/airflow/dags/scd.py
[2026-07-20T08:48:05.405+0000] {logging_mixin.py:188} INFO - [2026-07-20T08:48:05.404+0000] {dag.py:3089} INFO - Sync 1 DAGs
[2026-07-20T08:48:05.449+0000] {logging_mixin.py:188} INFO - [2026-07-20T08:48:05.448+0000] {dag.py:3947} INFO - Setting next_dagrun for SCD2_snapshots to 2026-07-19 00:00:00+00:00, run_after=2026-07-20 00:00:00+00:00
[2026-07-20T08:48:05.478+0000] {processor.py:183} INFO - Processing /opt/airflow/dags/scd.py took 0.182 seconds
[2026-07-20T08:48:35.549+0000] {processor.py:161} INFO - Started process (PID=15341) to work on /opt/airflow/dags/scd.py
[2026-07-20T08:48:35.551+0000] {processor.py:830} INFO - Processing file /opt/airflow/dags/scd.py for tasks to queue
[2026-07-20T08:48:35.553+0000] {logging_mixin.py:188} INFO - [2026-07-20T08:48:35.553+0000] {dagbag.py:545} INFO - Filling up the DagBag from /opt/airflow/dags/scd.py
[2026-07-20T08:48:35.586+0000] {processor.py:840} INFO - DAG(s) 'SCD2_snapshots' retrieved from /opt/airflow/dags/scd.py
[2026-07-20T08:48:35.624+0000] {logging_mixin.py:188} INFO - [2026-07-20T08:48:35.624+0000] {dag.py:3089} INFO - Sync 1 DAGs
[2026-07-20T08:48:35.649+0000] {logging_mixin.py:188} INFO - [2026-07-20T08:48:35.648+0000] {dag.py:3947} INFO - Setting next_dagrun for SCD2_snapshots to 2026-07-19 00:00:00+00:00, run_after=2026-07-20 00:00:00+00:00
[2026-07-20T08:48:35.675+0000] {processor.py:183} INFO - Processing /opt/airflow/dags/scd.py took 0.134 seconds
[2026-07-20T08:49:06.063+0000] {processor.py:161} INFO - Started process (PID=15346) to work on /opt/airflow/dags/scd.py
[2026-07-20T08:49:06.065+0000] {processor.py:830} INFO - Processing file /opt/airflow/dags/scd.py for tasks to queue
[2026-07-20T08:49:06.068+0000] {logging_mixin.py:188} INFO - [2026-07-20T08:49:06.067+0000] {dagbag.py:545} INFO - Filling up the DagBag from /opt/airflow/dags/scd.py
[2026-07-20T08:49:06.106+0000] {processor.py:840} INFO - DAG(s) 'SCD2_snapshots' retrieved from /opt/airflow/dags/scd.py
[2026-07-20T08:49:06.150+0000] {logging_mixin.py:188} INFO - [2026-07-20T08:49:06.150+0000] {dag.py:3089} INFO - Sync 1 DAGs
[2026-07-20T08:49:06.183+0000] {logging_mixin.py:188} INFO - [2026-07-20T08:49:06.183+0000] {dag.py:3947} INFO - Setting next_dagrun for SCD2_snapshots to 2026-07-19 00:00:00+00:00, run_after=2026-07-20 00:00:00+00:00
[2026-07-20T08:49:06.206+0000] {processor.py:183} INFO - Processing /opt/airflow/dags/scd.py took 0.153 seconds
[2026-07-20T08:49:36.301+0000] {processor.py:161} INFO - Started process (PID=15351) to work on /opt/airflow/dags/scd.py
[2026-07-20T08:49:36.302+0000] {processor.py:830} INFO - Processing file /opt/airflow/dags/scd.py for tasks to queue
[2026-07-20T08:49:36.305+0000] {logging_mixin.py:188} INFO - [2026-07-20T08:49:36.305+0000] {dagbag.py:545} INFO - Filling up the DagBag from /opt/airflow/dags/scd.py
[2026-07-20T08:49:36.333+0000] {processor.py:840} INFO - DAG(s) 'SCD2_snapshots' retrieved from /opt/airflow/dags/scd.py
[2026-07-20T08:49:36.371+0000] {logging_mixin.py:188} INFO - [2026-07-20T08:49:36.370+0000] {dag.py:3089} INFO - Sync 1 DAGs
[2026-07-20T08:49:36.395+0000] {logging_mixin.py:188} INFO - [2026-07-20T08:49:36.395+0000] {dag.py:3947} INFO - Setting next_dagrun for SCD2_snapshots to 2026-07-19 00:00:00+00:00, run_after=2026-07-20 00:00:00+00:00
[2026-07-20T08:49:36.417+0000] {processor.py:183} INFO - Processing /opt/airflow/dags/scd.py took 0.123 seconds
[2026-07-20T08:50:06.532+0000] {processor.py:161} INFO - Started process (PID=15356) to work on /opt/airflow/dags/scd.py
[2026-07-20T08:50:06.534+0000] {processor.py:830} INFO - Processing file /opt/airflow/dags/scd.py for tasks to queue
[2026-07-20T08:50:06.537+0000] {logging_mixin.py:188} INFO - [2026-07-20T08:50:06.537+0000] {dagbag.py:545} INFO - Filling up the DagBag from /opt/airflow/dags/scd.py
[2026-07-20T08:50:06.569+0000] {processor.py:840} INFO - DAG(s) 'SCD2_snapshots' retrieved from /opt/airflow/dags/scd.py
[2026-07-20T08:50:06.638+0000] {logging_mixin.py:188} INFO - [2026-07-20T08:50:06.637+0000] {dag.py:3089} INFO - Sync 1 DAGs
[2026-07-20T08:50:06.672+0000] {logging_mixin.py:188} INFO - [2026-07-20T08:50:06.671+0000] {dag.py:3947} INFO - Setting next_dagrun for SCD2_snapshots to 2026-07-19 00:00:00+00:00, run_after=2026-07-20 00:00:00+00:00
[2026-07-20T08:50:06.715+0000] {processor.py:183} INFO - Processing /opt/airflow/dags/scd.py took 0.195 seconds
[2026-07-20T08:50:36.871+0000] {processor.py:161} INFO - Started process (PID=15361) to work on /opt/airflow/dags/scd.py
[2026-07-20T08:50:36.872+0000] {processor.py:830} INFO - Processing file /opt/airflow/dags/scd.py for tasks to queue
[2026-07-20T08:50:36.876+0000] {logging_mixin.py:188} INFO - [2026-07-20T08:50:36.876+0000] {dagbag.py:545} INFO - Filling up the DagBag from /opt/airflow/dags/scd.py
[2026-07-20T08:50:36.904+0000] {processor.py:840} INFO - DAG(s) 'SCD2_snapshots' retrieved from /opt/airflow/dags/scd.py
[2026-07-20T08:50:36.942+0000] {logging_mixin.py:188} INFO - [2026-07-20T08:50:36.941+0000] {dag.py:3089} INFO - Sync 1 DAGs
[2026-07-20T08:50:36.966+0000] {logging_mixin.py:188} INFO - [2026-07-20T08:50:36.966+0000] {dag.py:3947} INFO - Setting next_dagrun for SCD2_snapshots to 2026-07-19 00:00:00+00:00, run_after=2026-07-20 00:00:00+00:00
[2026-07-20T08:50:36.993+0000] {processor.py:183} INFO - Processing /opt/airflow/dags/scd.py took 0.130 seconds
[2026-07-20T08:51:07.335+0000] {processor.py:161} INFO - Started process (PID=15366) to work on /opt/airflow/dags/scd.py
[2026-07-20T08:51:07.337+0000] {processor.py:830} INFO - Processing file /opt/airflow/dags/scd.py for tasks to queue
[2026-07-20T08:51:07.341+0000] {logging_mixin.py:188} INFO - [2026-07-20T08:51:07.340+0000] {dagbag.py:545} INFO - Filling up the DagBag from /opt/airflow/dags/scd.py
[2026-07-20T08:51:07.371+0000] {processor.py:840} INFO - DAG(s) 'SCD2_snapshots' retrieved from /opt/airflow/dags/scd.py
[2026-07-20T08:51:07.409+0000] {logging_mixin.py:188} INFO - [2026-07-20T08:51:07.409+0000] {dag.py:3089} INFO - Sync 1 DAGs
[2026-07-20T08:51:07.432+0000] {logging_mixin.py:188} INFO - [2026-07-20T08:51:07.432+0000] {dag.py:3947} INFO - Setting next_dagrun for SCD2_snapshots to 2026-07-19 00:00:00+00:00, run_after=2026-07-20 00:00:00+00:00
[2026-07-20T08:51:07.456+0000] {processor.py:183} INFO - Processing /opt/airflow/dags/scd.py took 0.129 seconds
[2026-07-20T08:51:37.608+0000] {processor.py:161} INFO - Started process (PID=15371) to work on /opt/airflow/dags/scd.py
[2026-07-20T08:51:37.610+0000] {processor.py:830} INFO - Processing file /opt/airflow/dags/scd.py for tasks to queue
[2026-07-20T08:51:37.614+0000] {logging_mixin.py:188} INFO - [2026-07-20T08:51:37.613+0000] {dagbag.py:545} INFO - Filling up the DagBag from /opt/airflow/dags/scd.py
[2026-07-20T08:51:37.658+0000] {processor.py:840} INFO - DAG(s) 'SCD2_snapshots' retrieved from /opt/airflow/dags/scd.py
[2026-07-20T08:51:37.707+0000] {logging_mixin.py:188} INFO - [2026-07-20T08:51:37.707+0000] {dag.py:3089} INFO - Sync 1 DAGs
[2026-07-20T08:51:37.763+0000] {logging_mixin.py:188} INFO - [2026-07-20T08:51:37.762+0000] {dag.py:3947} INFO - Setting next_dagrun for SCD2_snapshots to 2026-07-19 00:00:00+00:00, run_after=2026-07-20 00:00:00+00:00
[2026-07-20T08:51:37.800+0000] {processor.py:183} INFO - Processing /opt/airflow/dags/scd.py took 0.201 seconds
[2026-07-20T08:52:08.173+0000] {processor.py:161} INFO - Started process (PID=15376) to work on /opt/airflow/dags/scd.py
[2026-07-20T08:52:08.176+0000] {processor.py:830} INFO - Processing file /opt/airflow/dags/scd.py for tasks to queue
[2026-07-20T08:52:08.181+0000] {logging_mixin.py:188} INFO - [2026-07-20T08:52:08.181+0000] {dagbag.py:545} INFO - Filling up the DagBag from /opt/airflow/dags/scd.py
[2026-07-20T08:52:08.222+0000] {processor.py:840} INFO - DAG(s) 'SCD2_snapshots' retrieved from /opt/airflow/dags/scd.py
[2026-07-20T08:52:08.286+0000] {logging_mixin.py:188} INFO - [2026-07-20T08:52:08.286+0000] {dag.py:3089} INFO - Sync 1 DAGs
[2026-07-20T08:52:08.325+0000] {logging_mixin.py:188} INFO - [2026-07-20T08:52:08.324+0000] {dag.py:3947} INFO - Setting next_dagrun for SCD2_snapshots to 2026-07-19 00:00:00+00:00, run_after=2026-07-20 00:00:00+00:00
[2026-07-20T08:52:08.364+0000] {processor.py:183} INFO - Processing /opt/airflow/dags/scd.py took 0.204 seconds
[2026-07-20T08:52:38.471+0000] {processor.py:161} INFO - Started process (PID=15381) to work on /opt/airflow/dags/scd.py
[2026-07-20T08:52:38.473+0000] {processor.py:830} INFO - Processing file /opt/airflow/dags/scd.py for tasks to queue
[2026-07-20T08:52:38.477+0000] {logging_mixin.py:188} INFO - [2026-07-20T08:52:38.476+0000] {dagbag.py:545} INFO - Filling up the DagBag from /opt/airflow/dags/scd.py
[2026-07-20T08:52:38.509+0000] {processor.py:840} INFO - DAG(s) 'SCD2_snapshots' retrieved from /opt/airflow/dags/scd.py
[2026-07-20T08:52:38.563+0000] {logging_mixin.py:188} INFO - [2026-07-20T08:52:38.562+0000] {dag.py:3089} INFO - Sync 1 DAGs
[2026-07-20T08:52:38.613+0000] {logging_mixin.py:188} INFO - [2026-07-20T08:52:38.613+0000] {dag.py:3947} INFO - Setting next_dagrun for SCD2_snapshots to 2026-07-19 00:00:00+00:00, run_after=2026-07-20 00:00:00+00:00
[2026-07-20T08:52:38.649+0000] {processor.py:183} INFO - Processing /opt/airflow/dags/scd.py took 0.186 seconds
[2026-07-20T08:53:08.939+0000] {processor.py:161} INFO - Started process (PID=15386) to work on /opt/airflow/dags/scd.py
[2026-07-20T08:53:08.942+0000] {processor.py:830} INFO - Processing file /opt/airflow/dags/scd.py for tasks to queue
[2026-07-20T08:53:08.944+0000] {logging_mixin.py:188} INFO - [2026-07-20T08:53:08.944+0000] {dagbag.py:545} INFO - Filling up the DagBag from /opt/airflow/dags/scd.py
[2026-07-20T08:53:08.972+0000] {processor.py:840} INFO - DAG(s) 'SCD2_snapshots' retrieved from /opt/airflow/dags/scd.py
[2026-07-20T08:53:09.010+0000] {logging_mixin.py:188} INFO - [2026-07-20T08:53:09.010+0000] {dag.py:3089} INFO - Sync 1 DAGs
[2026-07-20T08:53:09.036+0000] {logging_mixin.py:188} INFO - [2026-07-20T08:53:09.035+0000] {dag.py:3947} INFO - Setting next_dagrun for SCD2_snapshots to 2026-07-19 00:00:00+00:00, run_after=2026-07-20 00:00:00+00:00
[2026-07-20T08:53:09.062+0000] {processor.py:183} INFO - Processing /opt/airflow/dags/scd.py took 0.130 seconds
[2026-07-20T08:53:39.400+0000] {processor.py:161} INFO - Started process (PID=15391) to work on /opt/airflow/dags/scd.py
[2026-07-20T08:53:39.403+0000] {processor.py:830} INFO - Processing file /opt/airflow/dags/scd.py for tasks to queue
[2026-07-20T08:53:39.407+0000] {logging_mixin.py:188} INFO - [2026-07-20T08:53:39.407+0000] {dagbag.py:545} INFO - Filling up the DagBag from /opt/airflow/dags/scd.py
[2026-07-20T08:53:39.453+0000] {processor.py:840} INFO - DAG(s) 'SCD2_snapshots' retrieved from /opt/airflow/dags/scd.py
[2026-07-20T08:53:39.500+0000] {logging_mixin.py:188} INFO - [2026-07-20T08:53:39.500+0000] {dag.py:3089} INFO - Sync 1 DAGs
[2026-07-20T08:53:39.531+0000] {logging_mixin.py:188} INFO - [2026-07-20T08:53:39.530+0000] {dag.py:3947} INFO - Setting next_dagrun for SCD2_snapshots to 2026-07-19 00:00:00+00:00, run_after=2026-07-20 00:00:00+00:00
[2026-07-20T08:53:39.556+0000] {processor.py:183} INFO - Processing /opt/airflow/dags/scd.py took 0.173 seconds
[2026-07-20T08:54:09.738+0000] {processor.py:161} INFO - Started process (PID=15396) to work on /opt/airflow/dags/scd.py
[2026-07-20T08:54:09.740+0000] {processor.py:830} INFO - Processing file /opt/airflow/dags/scd.py for tasks to queue
[2026-07-20T08:54:09.742+0000] {logging_mixin.py:188} INFO - [2026-07-20T08:54:09.742+0000] {dagbag.py:545} INFO - Filling up the DagBag from /opt/airflow/dags/scd.py
[2026-07-20T08:54:09.770+0000] {processor.py:840} INFO - DAG(s) 'SCD2_snapshots' retrieved from /opt/airflow/dags/scd.py
[2026-07-20T08:54:09.807+0000] {logging_mixin.py:188} INFO - [2026-07-20T08:54:09.807+0000] {dag.py:3089} INFO - Sync 1 DAGs
[2026-07-20T08:54:09.833+0000] {logging_mixin.py:188} INFO - [2026-07-20T08:54:09.833+0000] {dag.py:3947} INFO - Setting next_dagrun for SCD2_snapshots to 2026-07-19 00:00:00+00:00, run_after=2026-07-20 00:00:00+00:00
[2026-07-20T08:54:09.858+0000] {processor.py:183} INFO - Processing /opt/airflow/dags/scd.py took 0.126 seconds
[2026-07-20T08:54:40.194+0000] {processor.py:161} INFO - Started process (PID=15397) to work on /opt/airflow/dags/scd.py
[2026-07-20T08:54:40.196+0000] {processor.py:830} INFO - Processing file /opt/airflow/dags/scd.py for tasks to queue
[2026-07-20T08:54:40.199+0000] {logging_mixin.py:188} INFO - [2026-07-20T08:54:40.199+0000] {dagbag.py:545} INFO - Filling up the DagBag from /opt/airflow/dags/scd.py
[2026-07-20T08:54:40.227+0000] {processor.py:840} INFO - DAG(s) 'SCD2_snapshots' retrieved from /opt/airflow/dags/scd.py
[2026-07-20T08:54:40.267+0000] {logging_mixin.py:188} INFO - [2026-07-20T08:54:40.267+0000] {dag.py:3089} INFO - Sync 1 DAGs
[2026-07-20T08:54:40.292+0000] {logging_mixin.py:188} INFO - [2026-07-20T08:54:40.292+0000] {dag.py:3947} INFO - Setting next_dagrun for SCD2_snapshots to 2026-07-19 00:00:00+00:00, run_after=2026-07-20 00:00:00+00:00
[2026-07-20T08:54:40.320+0000] {processor.py:183} INFO - Processing /opt/airflow/dags/scd.py took 0.134 seconds
[2026-07-20T08:55:10.454+0000] {processor.py:161} INFO - Started process (PID=15402) to work on /opt/airflow/dags/scd.py
[2026-07-20T08:55:10.455+0000] {processor.py:830} INFO - Processing file /opt/airflow/dags/scd.py for tasks to queue
[2026-07-20T08:55:10.458+0000] {logging_mixin.py:188} INFO - [2026-07-20T08:55:10.458+0000] {dagbag.py:545} INFO - Filling up the DagBag from /opt/airflow/dags/scd.py
[2026-07-20T08:55:10.486+0000] {processor.py:840} INFO - DAG(s) 'SCD2_snapshots' retrieved from /opt/airflow/dags/scd.py
[2026-07-20T08:55:10.525+0000] {logging_mixin.py:188} INFO - [2026-07-20T08:55:10.525+0000] {dag.py:3089} INFO - Sync 1 DAGs
[2026-07-20T08:55:10.552+0000] {logging_mixin.py:188} INFO - [2026-07-20T08:55:10.552+0000] {dag.py:3947} INFO - Setting next_dagrun for SCD2_snapshots to 2026-07-19 00:00:00+00:00, run_after=2026-07-20 00:00:00+00:00
[2026-07-20T08:55:10.583+0000] {processor.py:183} INFO - Processing /opt/airflow/dags/scd.py took 0.136 seconds
[2026-07-20T08:55:40.942+0000] {processor.py:161} INFO - Started process (PID=15407) to work on /opt/airflow/dags/scd.py
[2026-07-20T08:55:40.944+0000] {processor.py:830} INFO - Processing file /opt/airflow/dags/scd.py for tasks to queue
[2026-07-20T08:55:40.947+0000] {logging_mixin.py:188} INFO - [2026-07-20T08:55:40.947+0000] {dagbag.py:545} INFO - Filling up the DagBag from /opt/airflow/dags/scd.py
[2026-07-20T08:55:40.982+0000] {processor.py:840} INFO - DAG(s) 'SCD2_snapshots' retrieved from /opt/airflow/dags/scd.py
[2026-07-20T08:55:41.045+0000] {logging_mixin.py:188} INFO - [2026-07-20T08:55:41.045+0000] {dag.py:3089} INFO - Sync 1 DAGs
[2026-07-20T08:55:41.081+0000] {logging_mixin.py:188} INFO - [2026-07-20T08:55:41.081+0000] {dag.py:3947} INFO - Setting next_dagrun for SCD2_snapshots to 2026-07-19 00:00:00+00:00, run_after=2026-07-20 00:00:00+00:00
[2026-07-20T08:55:41.108+0000] {processor.py:183} INFO - Processing /opt/airflow/dags/scd.py took 0.176 seconds
[2026-07-20T08:56:11.228+0000] {processor.py:161} INFO - Started process (PID=15412) to work on /opt/airflow/dags/scd.py
[2026-07-20T08:56:11.230+0000] {processor.py:830} INFO - Processing file /opt/airflow/dags/scd.py for tasks to queue
[2026-07-20T08:56:11.233+0000] {logging_mixin.py:188} INFO - [2026-07-20T08:56:11.232+0000] {dagbag.py:545} INFO - Filling up the DagBag from /opt/airflow/dags/scd.py
[2026-07-20T08:56:11.261+0000] {processor.py:840} INFO - DAG(s) 'SCD2_snapshots' retrieved from /opt/airflow/dags/scd.py
[2026-07-20T08:56:11.299+0000] {logging_mixin.py:188} INFO - [2026-07-20T08:56:11.299+0000] {dag.py:3089} INFO - Sync 1 DAGs
[2026-07-20T08:56:11.325+0000] {logging_mixin.py:188} INFO - [2026-07-20T08:56:11.325+0000] {dag.py:3947} INFO - Setting next_dagrun for SCD2_snapshots to 2026-07-19 00:00:00+00:00, run_after=2026-07-20 00:00:00+00:00
[2026-07-20T08:56:11.347+0000] {processor.py:183} INFO - Processing /opt/airflow/dags/scd.py took 0.131 seconds
[2026-07-20T08:56:41.658+0000] {processor.py:161} INFO - Started process (PID=15417) to work on /opt/airflow/dags/scd.py
[2026-07-20T08:56:41.660+0000] {processor.py:830} INFO - Processing file /opt/airflow/dags/scd.py for tasks to queue
[2026-07-20T08:56:41.662+0000] {logging_mixin.py:188} INFO - [2026-07-20T08:56:41.662+0000] {dagbag.py:545} INFO - Filling up the DagBag from /opt/airflow/dags/scd.py
[2026-07-20T08:56:41.689+0000] {processor.py:840} INFO - DAG(s) 'SCD2_snapshots' retrieved from /opt/airflow/dags/scd.py
[2026-07-20T08:56:41.724+0000] {logging_mixin.py:188} INFO - [2026-07-20T08:56:41.724+0000] {dag.py:3089} INFO - Sync 1 DAGs
[2026-07-20T08:56:41.748+0000] {logging_mixin.py:188} INFO - [2026-07-20T08:56:41.748+0000] {dag.py:3947} INFO - Setting next_dagrun for SCD2_snapshots to 2026-07-19 00:00:00+00:00, run_after=2026-07-20 00:00:00+00:00
[2026-07-20T08:56:41.771+0000] {processor.py:183} INFO - Processing /opt/airflow/dags/scd.py took 0.120 seconds
[2026-07-20T08:57:12.060+0000] {processor.py:161} INFO - Started process (PID=15422) to work on /opt/airflow/dags/scd.py
[2026-07-20T08:57:12.062+0000] {processor.py:830} INFO - Processing file /opt/airflow/dags/scd.py for tasks to queue
[2026-07-20T08:57:12.065+0000] {logging_mixin.py:188} INFO - [2026-07-20T08:57:12.064+0000] {dagbag.py:545} INFO - Filling up the DagBag from /opt/airflow/dags/scd.py
[2026-07-20T08:57:12.091+0000] {processor.py:840} INFO - DAG(s) 'SCD2_snapshots' retrieved from /opt/airflow/dags/scd.py
[2026-07-20T08:57:12.132+0000] {logging_mixin.py:188} INFO - [2026-07-20T08:57:12.132+0000] {dag.py:3089} INFO - Sync 1 DAGs
[2026-07-20T08:57:12.162+0000] {logging_mixin.py:188} INFO - [2026-07-20T08:57:12.162+0000] {dag.py:3947} INFO - Setting next_dagrun for SCD2_snapshots to 2026-07-19 00:00:00+00:00, run_after=2026-07-20 00:00:00+00:00
[2026-07-20T08:57:12.186+0000] {processor.py:183} INFO - Processing /opt/airflow/dags/scd.py took 0.133 seconds
[2026-07-20T08:57:42.576+0000] {processor.py:161} INFO - Started process (PID=15427) to work on /opt/airflow/dags/scd.py
[2026-07-20T08:57:42.578+0000] {processor.py:830} INFO - Processing file /opt/airflow/dags/scd.py for tasks to queue
[2026-07-20T08:57:42.582+0000] {logging_mixin.py:188} INFO - [2026-07-20T08:57:42.582+0000] {dagbag.py:545} INFO - Filling up the DagBag from /opt/airflow/dags/scd.py
[2026-07-20T08:57:42.614+0000] {processor.py:840} INFO - DAG(s) 'SCD2_snapshots' retrieved from /opt/airflow/dags/scd.py
[2026-07-20T08:57:42.651+0000] {logging_mixin.py:188} INFO - [2026-07-20T08:57:42.651+0000] {dag.py:3089} INFO - Sync 1 DAGs
[2026-07-20T08:57:42.678+0000] {logging_mixin.py:188} INFO - [2026-07-20T08:57:42.677+0000] {dag.py:3947} INFO - Setting next_dagrun for SCD2_snapshots to 2026-07-19 00:00:00+00:00, run_after=2026-07-20 00:00:00+00:00
[2026-07-20T08:57:42.701+0000] {processor.py:183} INFO - Processing /opt/airflow/dags/scd.py took 0.137 seconds
[2026-07-20T08:58:12.754+0000] {processor.py:161} INFO - Started process (PID=15432) to work on /opt/airflow/dags/scd.py
[2026-07-20T08:58:12.756+0000] {processor.py:830} INFO - Processing file /opt/airflow/dags/scd.py for tasks to queue
[2026-07-20T08:58:12.759+0000] {logging_mixin.py:188} INFO - [2026-07-20T08:58:12.758+0000] {dagbag.py:545} INFO - Filling up the DagBag from /opt/airflow/dags/scd.py
[2026-07-20T08:58:12.783+0000] {processor.py:840} INFO - DAG(s) 'SCD2_snapshots' retrieved from /opt/airflow/dags/scd.py
[2026-07-20T08:58:12.821+0000] {logging_mixin.py:188} INFO - [2026-07-20T08:58:12.821+0000] {dag.py:3089} INFO - Sync 1 DAGs
[2026-07-20T08:58:12.847+0000] {logging_mixin.py:188} INFO - [2026-07-20T08:58:12.847+0000] {dag.py:3947} INFO - Setting next_dagrun for SCD2_snapshots to 2026-07-19 00:00:00+00:00, run_after=2026-07-20 00:00:00+00:00
[2026-07-20T08:58:12.869+0000] {processor.py:183} INFO - Processing /opt/airflow/dags/scd.py took 0.122 seconds
[2026-07-20T08:58:42.992+0000] {processor.py:161} INFO - Started process (PID=15437) to work on /opt/airflow/dags/scd.py
[2026-07-20T08:58:42.993+0000] {processor.py:830} INFO - Processing file /opt/airflow/dags/scd.py for tasks to queue
[2026-07-20T08:58:42.996+0000] {logging_mixin.py:188} INFO - [2026-07-20T08:58:42.995+0000] {dagbag.py:545} INFO - Filling up the DagBag from /opt/airflow/dags/scd.py
[2026-07-20T08:58:43.025+0000] {processor.py:840} INFO - DAG(s) 'SCD2_snapshots' retrieved from /opt/airflow/dags/scd.py
[2026-07-20T08:58:43.063+0000] {logging_mixin.py:188} INFO - [2026-07-20T08:58:43.062+0000] {dag.py:3089} INFO - Sync 1 DAGs
[2026-07-20T08:58:43.087+0000] {logging_mixin.py:188} INFO - [2026-07-20T08:58:43.087+0000] {dag.py:3947} INFO - Setting next_dagrun for SCD2_snapshots to 2026-07-19 00:00:00+00:00, run_after=2026-07-20 00:00:00+00:00
[2026-07-20T08:58:43.114+0000] {processor.py:183} INFO - Processing /opt/airflow/dags/scd.py took 0.130 seconds
[2026-07-20T08:59:13.223+0000] {processor.py:161} INFO - Started process (PID=15442) to work on /opt/airflow/dags/scd.py
[2026-07-20T08:59:13.225+0000] {processor.py:830} INFO - Processing file /opt/airflow/dags/scd.py for tasks to queue
[2026-07-20T08:59:13.228+0000] {logging_mixin.py:188} INFO - [2026-07-20T08:59:13.227+0000] {dagbag.py:545} INFO - Filling up the DagBag from /opt/airflow/dags/scd.py
[2026-07-20T08:59:13.258+0000] {processor.py:840} INFO - DAG(s) 'SCD2_snapshots' retrieved from /opt/airflow/dags/scd.py
[2026-07-20T08:59:13.305+0000] {logging_mixin.py:188} INFO - [2026-07-20T08:59:13.305+0000] {dag.py:3089} INFO - Sync 1 DAGs
[2026-07-20T08:59:13.337+0000] {logging_mixin.py:188} INFO - [2026-07-20T08:59:13.336+0000] {dag.py:3947} INFO - Setting next_dagrun for SCD2_snapshots to 2026-07-19 00:00:00+00:00, run_after=2026-07-20 00:00:00+00:00
[2026-07-20T08:59:13.369+0000] {processor.py:183} INFO - Processing /opt/airflow/dags/scd.py took 0.153 seconds
[2026-07-20T08:59:43.688+0000] {processor.py:161} INFO - Started process (PID=15447) to work on /opt/airflow/dags/scd.py
[2026-07-20T08:59:43.689+0000] {processor.py:830} INFO - Processing file /opt/airflow/dags/scd.py for tasks to queue
[2026-07-20T08:59:43.692+0000] {logging_mixin.py:188} INFO - [2026-07-20T08:59:43.691+0000] {dagbag.py:545} INFO - Filling up the DagBag from /opt/airflow/dags/scd.py
[2026-07-20T08:59:43.721+0000] {processor.py:840} INFO - DAG(s) 'SCD2_snapshots' retrieved from /opt/airflow/dags/scd.py
[2026-07-20T08:59:43.759+0000] {logging_mixin.py:188} INFO - [2026-07-20T08:59:43.759+0000] {dag.py:3089} INFO - Sync 1 DAGs
[2026-07-20T08:59:43.789+0000] {logging_mixin.py:188} INFO - [2026-07-20T08:59:43.788+0000] {dag.py:3947} INFO - Setting next_dagrun for SCD2_snapshots to 2026-07-19 00:00:00+00:00, run_after=2026-07-20 00:00:00+00:00
[2026-07-20T08:59:43.814+0000] {processor.py:183} INFO - Processing /opt/airflow/dags/scd.py took 0.134 seconds
[2026-07-20T09:00:13.869+0000] {processor.py:161} INFO - Started process (PID=15452) to work on /opt/airflow/dags/scd.py
[2026-07-20T09:00:13.870+0000] {processor.py:830} INFO - Processing file /opt/airflow/dags/scd.py for tasks to queue
[2026-07-20T09:00:13.873+0000] {logging_mixin.py:188} INFO - [2026-07-20T09:00:13.872+0000] {dagbag.py:545} INFO - Filling up the DagBag from /opt/airflow/dags/scd.py
[2026-07-20T09:00:13.900+0000] {processor.py:840} INFO - DAG(s) 'SCD2_snapshots' retrieved from /opt/airflow/dags/scd.py
[2026-07-20T09:00:13.939+0000] {logging_mixin.py:188} INFO - [2026-07-20T09:00:13.939+0000] {dag.py:3089} INFO - Sync 1 DAGs
[2026-07-20T09:00:13.964+0000] {logging_mixin.py:188} INFO - [2026-07-20T09:00:13.964+0000] {dag.py:3947} INFO - Setting next_dagrun for SCD2_snapshots to 2026-07-19 00:00:00+00:00, run_after=2026-07-20 00:00:00+00:00
[2026-07-20T09:00:13.987+0000] {processor.py:183} INFO - Processing /opt/airflow/dags/scd.py took 0.126 seconds
[2026-07-20T09:00:44.103+0000] {processor.py:161} INFO - Started process (PID=15457) to work on /opt/airflow/dags/scd.py
[2026-07-20T09:00:44.104+0000] {processor.py:830} INFO - Processing file /opt/airflow/dags/scd.py for tasks to queue
[2026-07-20T09:00:44.106+0000] {logging_mixin.py:188} INFO - [2026-07-20T09:00:44.106+0000] {dagbag.py:545} INFO - Filling up the DagBag from /opt/airflow/dags/scd.py
[2026-07-20T09:00:44.134+0000] {processor.py:840} INFO - DAG(s) 'SCD2_snapshots' retrieved from /opt/airflow/dags/scd.py
[2026-07-20T09:00:44.170+0000] {logging_mixin.py:188} INFO - [2026-07-20T09:00:44.170+0000] {dag.py:3089} INFO - Sync 1 DAGs
[2026-07-20T09:00:44.196+0000] {logging_mixin.py:188} INFO - [2026-07-20T09:00:44.196+0000] {dag.py:3947} INFO - Setting next_dagrun for SCD2_snapshots to 2026-07-19 00:00:00+00:00, run_after=2026-07-20 00:00:00+00:00
[2026-07-20T09:00:44.220+0000] {processor.py:183} INFO - Processing /opt/airflow/dags/scd.py took 0.125 seconds
[2026-07-20T09:01:14.560+0000] {processor.py:161} INFO - Started process (PID=15462) to work on /opt/airflow/dags/scd.py
[2026-07-20T09:01:14.562+0000] {processor.py:830} INFO - Processing file /opt/airflow/dags/scd.py for tasks to queue
[2026-07-20T09:01:14.564+0000] {logging_mixin.py:188} INFO - [2026-07-20T09:01:14.564+0000] {dagbag.py:545} INFO - Filling up the DagBag from /opt/airflow/dags/scd.py
[2026-07-20T09:01:14.600+0000] {processor.py:840} INFO - DAG(s) 'SCD2_snapshots' retrieved from /opt/airflow/dags/scd.py
[2026-07-20T09:01:14.639+0000] {logging_mixin.py:188} INFO - [2026-07-20T09:01:14.639+0000] {dag.py:3089} INFO - Sync 1 DAGs
[2026-07-20T09:01:14.665+0000] {logging_mixin.py:188} INFO - [2026-07-20T09:01:14.665+0000] {dag.py:3947} INFO - Setting next_dagrun for SCD2_snapshots to 2026-07-19 00:00:00+00:00, run_after=2026-07-20 00:00:00+00:00
[2026-07-20T09:01:14.688+0000] {processor.py:183} INFO - Processing /opt/airflow/dags/scd.py took 0.136 seconds
[2026-07-20T09:01:45.032+0000] {processor.py:161} INFO - Started process (PID=15467) to work on /opt/airflow/dags/scd.py
[2026-07-20T09:01:45.034+0000] {processor.py:830} INFO - Processing file /opt/airflow/dags/scd.py for tasks to queue
[2026-07-20T09:01:45.036+0000] {logging_mixin.py:188} INFO - [2026-07-20T09:01:45.036+0000] {dagbag.py:545} INFO - Filling up the DagBag from /opt/airflow/dags/scd.py
[2026-07-20T09:01:45.065+0000] {processor.py:840} INFO - DAG(s) 'SCD2_snapshots' retrieved from /opt/airflow/dags/scd.py
[2026-07-20T09:01:45.102+0000] {logging_mixin.py:188} INFO - [2026-07-20T09:01:45.101+0000] {dag.py:3089} INFO - Sync 1 DAGs
[2026-07-20T09:01:45.127+0000] {logging_mixin.py:188} INFO - [2026-07-20T09:01:45.126+0000] {dag.py:3947} INFO - Setting next_dagrun for SCD2_snapshots to 2026-07-19 00:00:00+00:00, run_after=2026-07-20 00:00:00+00:00
[2026-07-20T09:01:45.148+0000] {processor.py:183} INFO - Processing /opt/airflow/dags/scd.py took 0.122 seconds
[2026-07-20T09:02:15.309+0000] {processor.py:161} INFO - Started process (PID=15472) to work on /opt/airflow/dags/scd.py
[2026-07-20T09:02:15.311+0000] {processor.py:830} INFO - Processing file /opt/airflow/dags/scd.py for tasks to queue
[2026-07-20T09:02:15.313+0000] {logging_mixin.py:188} INFO - [2026-07-20T09:02:15.313+0000] {dagbag.py:545} INFO - Filling up the DagBag from /opt/airflow/dags/scd.py
[2026-07-20T09:02:15.339+0000] {processor.py:840} INFO - DAG(s) 'SCD2_snapshots' retrieved from /opt/airflow/dags/scd.py
[2026-07-20T09:02:15.375+0000] {logging_mixin.py:188} INFO - [2026-07-20T09:02:15.375+0000] {dag.py:3089} INFO - Sync 1 DAGs
[2026-07-20T09:02:15.400+0000] {logging_mixin.py:188} INFO - [2026-07-20T09:02:15.400+0000] {dag.py:3947} INFO - Setting next_dagrun for SCD2_snapshots to 2026-07-19 00:00:00+00:00, run_after=2026-07-20 00:00:00+00:00
[2026-07-20T09:02:15.423+0000] {processor.py:183} INFO - Processing /opt/airflow/dags/scd.py took 0.121 seconds
[2026-07-20T09:02:45.540+0000] {processor.py:161} INFO - Started process (PID=15477) to work on /opt/airflow/dags/scd.py
[2026-07-20T09:02:45.542+0000] {processor.py:830} INFO - Processing file /opt/airflow/dags/scd.py for tasks to queue
[2026-07-20T09:02:45.544+0000] {logging_mixin.py:188} INFO - [2026-07-20T09:02:45.544+0000] {dagbag.py:545} INFO - Filling up the DagBag from /opt/airflow/dags/scd.py
[2026-07-20T09:02:45.577+0000] {processor.py:840} INFO - DAG(s) 'SCD2_snapshots' retrieved from /opt/airflow/dags/scd.py
[2026-07-20T09:02:45.617+0000] {logging_mixin.py:188} INFO - [2026-07-20T09:02:45.617+0000] {dag.py:3089} INFO - Sync 1 DAGs
[2026-07-20T09:02:45.641+0000] {logging_mixin.py:188} INFO - [2026-07-20T09:02:45.641+0000] {dag.py:3947} INFO - Setting next_dagrun for SCD2_snapshots to 2026-07-19 00:00:00+00:00, run_after=2026-07-20 00:00:00+00:00
[2026-07-20T09:02:45.663+0000] {processor.py:183} INFO - Processing /opt/airflow/dags/scd.py took 0.130 seconds
[2026-07-20T09:03:16.019+0000] {processor.py:161} INFO - Started process (PID=15482) to work on /opt/airflow/dags/scd.py
[2026-07-20T09:03:16.021+0000] {processor.py:830} INFO - Processing file /opt/airflow/dags/scd.py for tasks to queue
[2026-07-20T09:03:16.023+0000] {logging_mixin.py:188} INFO - [2026-07-20T09:03:16.022+0000] {dagbag.py:545} INFO - Filling up the DagBag from /opt/airflow/dags/scd.py
[2026-07-20T09:03:16.052+0000] {processor.py:840} INFO - DAG(s) 'SCD2_snapshots' retrieved from /opt/airflow/dags/scd.py
[2026-07-20T09:03:16.093+0000] {logging_mixin.py:188} INFO - [2026-07-20T09:03:16.092+0000] {dag.py:3089} INFO - Sync 1 DAGs
[2026-07-20T09:03:16.124+0000] {logging_mixin.py:188} INFO - [2026-07-20T09:03:16.123+0000] {dag.py:3947} INFO - Setting next_dagrun for SCD2_snapshots to 2026-07-19 00:00:00+00:00, run_after=2026-07-20 00:00:00+00:00
[2026-07-20T09:03:16.158+0000] {processor.py:183} INFO - Processing /opt/airflow/dags/scd.py took 0.149 seconds
[2026-07-20T09:03:46.478+0000] {processor.py:161} INFO - Started process (PID=15487) to work on /opt/airflow/dags/scd.py
[2026-07-20T09:03:46.479+0000] {processor.py:830} INFO - Processing file /opt/airflow/dags/scd.py for tasks to queue
[2026-07-20T09:03:46.481+0000] {logging_mixin.py:188} INFO - [2026-07-20T09:03:46.481+0000] {dagbag.py:545} INFO - Filling up the DagBag from /opt/airflow/dags/scd.py
[2026-07-20T09:03:46.510+0000] {processor.py:840} INFO - DAG(s) 'SCD2_snapshots' retrieved from /opt/airflow/dags/scd.py
[2026-07-20T09:03:46.547+0000] {logging_mixin.py:188} INFO - [2026-07-20T09:03:46.547+0000] {dag.py:3089} INFO - Sync 1 DAGs
[2026-07-20T09:03:46.571+0000] {logging_mixin.py:188} INFO - [2026-07-20T09:03:46.571+0000] {dag.py:3947} INFO - Setting next_dagrun for SCD2_snapshots to 2026-07-19 00:00:00+00:00, run_after=2026-07-20 00:00:00+00:00
[2026-07-20T09:03:46.601+0000] {processor.py:183} INFO - Processing /opt/airflow/dags/scd.py took 0.132 seconds
[2026-07-20T09:04:16.903+0000] {processor.py:161} INFO - Started process (PID=15492) to work on /opt/airflow/dags/scd.py
[2026-07-20T09:04:16.906+0000] {processor.py:830} INFO - Processing file /opt/airflow/dags/scd.py for tasks to queue
[2026-07-20T09:04:16.908+0000] {logging_mixin.py:188} INFO - [2026-07-20T09:04:16.908+0000] {dagbag.py:545} INFO - Filling up the DagBag from /opt/airflow/dags/scd.py
[2026-07-20T09:04:16.934+0000] {processor.py:840} INFO - DAG(s) 'SCD2_snapshots' retrieved from /opt/airflow/dags/scd.py
[2026-07-20T09:04:16.971+0000] {logging_mixin.py:188} INFO - [2026-07-20T09:04:16.971+0000] {dag.py:3089} INFO - Sync 1 DAGs
[2026-07-20T09:04:16.996+0000] {logging_mixin.py:188} INFO - [2026-07-20T09:04:16.995+0000] {dag.py:3947} INFO - Setting next_dagrun for SCD2_snapshots to 2026-07-19 00:00:00+00:00, run_after=2026-07-20 00:00:00+00:00
[2026-07-20T09:04:17.018+0000] {processor.py:183} INFO - Processing /opt/airflow/dags/scd.py took 0.122 seconds
[2026-07-20T09:04:47.128+0000] {processor.py:161} INFO - Started process (PID=15497) to work on /opt/airflow/dags/scd.py
[2026-07-20T09:04:47.129+0000] {processor.py:830} INFO - Processing file /opt/airflow/dags/scd.py for tasks to queue
[2026-07-20T09:04:47.132+0000] {logging_mixin.py:188} INFO - [2026-07-20T09:04:47.132+0000] {dagbag.py:545} INFO - Filling up the DagBag from /opt/airflow/dags/scd.py
[2026-07-20T09:04:47.156+0000] {processor.py:840} INFO - DAG(s) 'SCD2_snapshots' retrieved from /opt/airflow/dags/scd.py
[2026-07-20T09:04:47.193+0000] {logging_mixin.py:188} INFO - [2026-07-20T09:04:47.193+0000] {dag.py:3089} INFO - Sync 1 DAGs
[2026-07-20T09:04:47.216+0000] {logging_mixin.py:188} INFO - [2026-07-20T09:04:47.216+0000] {dag.py:3947} INFO - Setting next_dagrun for SCD2_snapshots to 2026-07-19 00:00:00+00:00, run_after=2026-07-20 00:00:00+00:00
[2026-07-20T09:04:47.239+0000] {processor.py:183} INFO - Processing /opt/airflow/dags/scd.py took 0.117 seconds
[2026-07-20T09:05:17.298+0000] {processor.py:161} INFO - Started process (PID=15502) to work on /opt/airflow/dags/scd.py
[2026-07-20T09:05:17.300+0000] {processor.py:830} INFO - Processing file /opt/airflow/dags/scd.py for tasks to queue
[2026-07-20T09:05:17.303+0000] {logging_mixin.py:188} INFO - [2026-07-20T09:05:17.303+0000] {dagbag.py:545} INFO - Filling up the DagBag from /opt/airflow/dags/scd.py
[2026-07-20T09:05:17.330+0000] {processor.py:840} INFO - DAG(s) 'SCD2_snapshots' retrieved from /opt/airflow/dags/scd.py
[2026-07-20T09:05:17.369+0000] {logging_mixin.py:188} INFO - [2026-07-20T09:05:17.369+0000] {dag.py:3089} INFO - Sync 1 DAGs
[2026-07-20T09:05:17.396+0000] {logging_mixin.py:188} INFO - [2026-07-20T09:05:17.396+0000] {dag.py:3947} INFO - Setting next_dagrun for SCD2_snapshots to 2026-07-19 00:00:00+00:00, run_after=2026-07-20 00:00:00+00:00
[2026-07-20T09:05:17.423+0000] {processor.py:183} INFO - Processing /opt/airflow/dags/scd.py took 0.131 seconds
[2026-07-20T09:05:47.647+0000] {processor.py:161} INFO - Started process (PID=15507) to work on /opt/airflow/dags/scd.py
[2026-07-20T09:05:47.649+0000] {processor.py:830} INFO - Processing file /opt/airflow/dags/scd.py for tasks to queue
[2026-07-20T09:05:47.652+0000] {logging_mixin.py:188} INFO - [2026-07-20T09:05:47.651+0000] {dagbag.py:545} INFO - Filling up the DagBag from /opt/airflow/dags/scd.py
[2026-07-20T09:05:47.681+0000] {processor.py:840} INFO - DAG(s) 'SCD2_snapshots' retrieved from /opt/airflow/dags/scd.py
[2026-07-20T09:05:47.718+0000] {logging_mixin.py:188} INFO - [2026-07-20T09:05:47.718+0000] {dag.py:3089} INFO - Sync 1 DAGs
[2026-07-20T09:05:47.742+0000] {logging_mixin.py:188} INFO - [2026-07-20T09:05:47.742+0000] {dag.py:3947} INFO - Setting next_dagrun for SCD2_snapshots to 2026-07-19 00:00:00+00:00, run_after=2026-07-20 00:00:00+00:00
[2026-07-20T09:05:47.768+0000] {processor.py:183} INFO - Processing /opt/airflow/dags/scd.py took 0.128 seconds
[2026-07-20T09:06:18.040+0000] {processor.py:161} INFO - Started process (PID=15512) to work on /opt/airflow/dags/scd.py
[2026-07-20T09:06:18.042+0000] {processor.py:830} INFO - Processing file /opt/airflow/dags/scd.py for tasks to queue
[2026-07-20T09:06:18.045+0000] {logging_mixin.py:188} INFO - [2026-07-20T09:06:18.044+0000] {dagbag.py:545} INFO - Filling up the DagBag from /opt/airflow/dags/scd.py
[2026-07-20T09:06:18.071+0000] {processor.py:840} INFO - DAG(s) 'SCD2_snapshots' retrieved from /opt/airflow/dags/scd.py
[2026-07-20T09:06:18.107+0000] {logging_mixin.py:188} INFO - [2026-07-20T09:06:18.106+0000] {dag.py:3089} INFO - Sync 1 DAGs
[2026-07-20T09:06:18.131+0000] {logging_mixin.py:188} INFO - [2026-07-20T09:06:18.131+0000] {dag.py:3947} INFO - Setting next_dagrun for SCD2_snapshots to 2026-07-19 00:00:00+00:00, run_after=2026-07-20 00:00:00+00:00
[2026-07-20T09:06:18.154+0000] {processor.py:183} INFO - Processing /opt/airflow/dags/scd.py took 0.121 seconds
[2026-07-20T09:06:48.278+0000] {processor.py:161} INFO - Started process (PID=15517) to work on /opt/airflow/dags/scd.py
[2026-07-20T09:06:48.280+0000] {processor.py:830} INFO - Processing file /opt/airflow/dags/scd.py for tasks to queue
[2026-07-20T09:06:48.282+0000] {logging_mixin.py:188} INFO - [2026-07-20T09:06:48.282+0000] {dagbag.py:545} INFO - Filling up the DagBag from /opt/airflow/dags/scd.py
[2026-07-20T09:06:48.313+0000] {processor.py:840} INFO - DAG(s) 'SCD2_snapshots' retrieved from /opt/airflow/dags/scd.py
[2026-07-20T09:06:48.350+0000] {logging_mixin.py:188} INFO - [2026-07-20T09:06:48.350+0000] {dag.py:3089} INFO - Sync 1 DAGs
[2026-07-20T09:06:48.374+0000] {logging_mixin.py:188} INFO - [2026-07-20T09:06:48.374+0000] {dag.py:3947} INFO - Setting next_dagrun for SCD2_snapshots to 2026-07-19 00:00:00+00:00, run_after=2026-07-20 00:00:00+00:00
[2026-07-20T09:06:48.400+0000] {processor.py:183} INFO - Processing /opt/airflow/dags/scd.py took 0.129 seconds
[2026-07-20T09:07:18.542+0000] {processor.py:161} INFO - Started process (PID=15522) to work on /opt/airflow/dags/scd.py
[2026-07-20T09:07:18.543+0000] {processor.py:830} INFO - Processing file /opt/airflow/dags/scd.py for tasks to queue
[2026-07-20T09:07:18.546+0000] {logging_mixin.py:188} INFO - [2026-07-20T09:07:18.546+0000] {dagbag.py:545} INFO - Filling up the DagBag from /opt/airflow/dags/scd.py
[2026-07-20T09:07:18.590+0000] {processor.py:840} INFO - DAG(s) 'SCD2_snapshots' retrieved from /opt/airflow/dags/scd.py
[2026-07-20T09:07:18.643+0000] {logging_mixin.py:188} INFO - [2026-07-20T09:07:18.642+0000] {dag.py:3089} INFO - Sync 1 DAGs
[2026-07-20T09:07:18.731+0000] {logging_mixin.py:188} INFO - [2026-07-20T09:07:18.730+0000] {dag.py:3947} INFO - Setting next_dagrun for SCD2_snapshots to 2026-07-19 00:00:00+00:00, run_after=2026-07-20 00:00:00+00:00
[2026-07-20T09:07:18.777+0000] {processor.py:183} INFO - Processing /opt/airflow/dags/scd.py took 0.244 seconds
[2026-07-20T09:07:49.128+0000] {processor.py:161} INFO - Started process (PID=15527) to work on /opt/airflow/dags/scd.py
[2026-07-20T09:07:49.130+0000] {processor.py:830} INFO - Processing file /opt/airflow/dags/scd.py for tasks to queue
[2026-07-20T09:07:49.132+0000] {logging_mixin.py:188} INFO - [2026-07-20T09:07:49.132+0000] {dagbag.py:545} INFO - Filling up the DagBag from /opt/airflow/dags/scd.py
[2026-07-20T09:07:49.159+0000] {processor.py:840} INFO - DAG(s) 'SCD2_snapshots' retrieved from /opt/airflow/dags/scd.py
[2026-07-20T09:07:49.201+0000] {logging_mixin.py:188} INFO - [2026-07-20T09:07:49.200+0000] {dag.py:3089} INFO - Sync 1 DAGs
[2026-07-20T09:07:49.227+0000] {logging_mixin.py:188} INFO - [2026-07-20T09:07:49.227+0000] {dag.py:3947} INFO - Setting next_dagrun for SCD2_snapshots to 2026-07-19 00:00:00+00:00, run_after=2026-07-20 00:00:00+00:00
[2026-07-20T09:07:49.254+0000] {processor.py:183} INFO - Processing /opt/airflow/dags/scd.py took 0.134 seconds
[2026-07-20T09:08:19.348+0000] {processor.py:161} INFO - Started process (PID=15532) to work on /opt/airflow/dags/scd.py
[2026-07-20T09:08:19.350+0000] {processor.py:830} INFO - Processing file /opt/airflow/dags/scd.py for tasks to queue
[2026-07-20T09:08:19.352+0000] {logging_mixin.py:188} INFO - [2026-07-20T09:08:19.352+0000] {dagbag.py:545} INFO - Filling up the DagBag from /opt/airflow/dags/scd.py
[2026-07-20T09:08:19.387+0000] {processor.py:840} INFO - DAG(s) 'SCD2_snapshots' retrieved from /opt/airflow/dags/scd.py
[2026-07-20T09:08:19.434+0000] {logging_mixin.py:188} INFO - [2026-07-20T09:08:19.434+0000] {dag.py:3089} INFO - Sync 1 DAGs
[2026-07-20T09:08:19.465+0000] {logging_mixin.py:188} INFO - [2026-07-20T09:08:19.465+0000] {dag.py:3947} INFO - Setting next_dagrun for SCD2_snapshots to 2026-07-19 00:00:00+00:00, run_after=2026-07-20 00:00:00+00:00
[2026-07-20T09:08:19.497+0000] {processor.py:183} INFO - Processing /opt/airflow/dags/scd.py took 0.159 seconds
[2026-07-20T09:08:49.761+0000] {processor.py:161} INFO - Started process (PID=15537) to work on /opt/airflow/dags/scd.py
[2026-07-20T09:08:49.762+0000] {processor.py:830} INFO - Processing file /opt/airflow/dags/scd.py for tasks to queue
[2026-07-20T09:08:49.764+0000] {logging_mixin.py:188} INFO - [2026-07-20T09:08:49.764+0000] {dagbag.py:545} INFO - Filling up the DagBag from /opt/airflow/dags/scd.py
[2026-07-20T09:08:49.793+0000] {processor.py:840} INFO - DAG(s) 'SCD2_snapshots' retrieved from /opt/airflow/dags/scd.py
[2026-07-20T09:08:49.831+0000] {logging_mixin.py:188} INFO - [2026-07-20T09:08:49.830+0000] {dag.py:3089} INFO - Sync 1 DAGs
[2026-07-20T09:08:49.855+0000] {logging_mixin.py:188} INFO - [2026-07-20T09:08:49.854+0000] {dag.py:3947} INFO - Setting next_dagrun for SCD2_snapshots to 2026-07-19 00:00:00+00:00, run_after=2026-07-20 00:00:00+00:00
[2026-07-20T09:08:49.877+0000] {processor.py:183} INFO - Processing /opt/airflow/dags/scd.py took 0.126 seconds
[2026-07-20T09:09:20.157+0000] {processor.py:161} INFO - Started process (PID=15542) to work on /opt/airflow/dags/scd.py
[2026-07-20T09:09:20.159+0000] {processor.py:830} INFO - Processing file /opt/airflow/dags/scd.py for tasks to queue
[2026-07-20T09:09:20.163+0000] {logging_mixin.py:188} INFO - [2026-07-20T09:09:20.162+0000] {dagbag.py:545} INFO - Filling up the DagBag from /opt/airflow/dags/scd.py
[2026-07-20T09:09:20.195+0000] {processor.py:840} INFO - DAG(s) 'SCD2_snapshots' retrieved from /opt/airflow/dags/scd.py
[2026-07-20T09:09:20.247+0000] {logging_mixin.py:188} INFO - [2026-07-20T09:09:20.247+0000] {dag.py:3089} INFO - Sync 1 DAGs
[2026-07-20T09:09:20.290+0000] {logging_mixin.py:188} INFO - [2026-07-20T09:09:20.289+0000] {dag.py:3947} INFO - Setting next_dagrun for SCD2_snapshots to 2026-07-19 00:00:00+00:00, run_after=2026-07-20 00:00:00+00:00
[2026-07-20T09:09:20.316+0000] {processor.py:183} INFO - Processing /opt/airflow/dags/scd.py took 0.166 seconds
[2026-07-20T09:09:50.469+0000] {processor.py:161} INFO - Started process (PID=15547) to work on /opt/airflow/dags/scd.py
[2026-07-20T09:09:50.472+0000] {processor.py:830} INFO - Processing file /opt/airflow/dags/scd.py for tasks to queue
[2026-07-20T09:09:50.475+0000] {logging_mixin.py:188} INFO - [2026-07-20T09:09:50.474+0000] {dagbag.py:545} INFO - Filling up the DagBag from /opt/airflow/dags/scd.py
[2026-07-20T09:09:50.506+0000] {processor.py:840} INFO - DAG(s) 'SCD2_snapshots' retrieved from /opt/airflow/dags/scd.py
[2026-07-20T09:09:50.543+0000] {logging_mixin.py:188} INFO - [2026-07-20T09:09:50.543+0000] {dag.py:3089} INFO - Sync 1 DAGs
[2026-07-20T09:09:50.568+0000] {logging_mixin.py:188} INFO - [2026-07-20T09:09:50.567+0000] {dag.py:3947} INFO - Setting next_dagrun for SCD2_snapshots to 2026-07-19 00:00:00+00:00, run_after=2026-07-20 00:00:00+00:00
[2026-07-20T09:09:50.597+0000] {processor.py:183} INFO - Processing /opt/airflow/dags/scd.py took 0.134 seconds
[2026-07-20T09:10:20.907+0000] {processor.py:161} INFO - Started process (PID=15548) to work on /opt/airflow/dags/scd.py
[2026-07-20T09:10:20.909+0000] {processor.py:830} INFO - Processing file /opt/airflow/dags/scd.py for tasks to queue
[2026-07-20T09:10:20.911+0000] {logging_mixin.py:188} INFO - [2026-07-20T09:10:20.911+0000] {dagbag.py:545} INFO - Filling up the DagBag from /opt/airflow/dags/scd.py
[2026-07-20T09:10:20.944+0000] {processor.py:840} INFO - DAG(s) 'SCD2_snapshots' retrieved from /opt/airflow/dags/scd.py
[2026-07-20T09:10:20.992+0000] {logging_mixin.py:188} INFO - [2026-07-20T09:10:20.992+0000] {dag.py:3089} INFO - Sync 1 DAGs
[2026-07-20T09:10:21.022+0000] {logging_mixin.py:188} INFO - [2026-07-20T09:10:21.022+0000] {dag.py:3947} INFO - Setting next_dagrun for SCD2_snapshots to 2026-07-19 00:00:00+00:00, run_after=2026-07-20 00:00:00+00:00
[2026-07-20T09:10:21.048+0000] {processor.py:183} INFO - Processing /opt/airflow/dags/scd.py took 0.152 seconds
[2026-07-20T09:10:51.189+0000] {processor.py:161} INFO - Started process (PID=15553) to work on /opt/airflow/dags/scd.py
[2026-07-20T09:10:51.191+0000] {processor.py:830} INFO - Processing file /opt/airflow/dags/scd.py for tasks to queue
[2026-07-20T09:10:51.193+0000] {logging_mixin.py:188} INFO - [2026-07-20T09:10:51.193+0000] {dagbag.py:545} INFO - Filling up the DagBag from /opt/airflow/dags/scd.py
[2026-07-20T09:10:51.222+0000] {processor.py:840} INFO - DAG(s) 'SCD2_snapshots' retrieved from /opt/airflow/dags/scd.py
[2026-07-20T09:10:51.263+0000] {logging_mixin.py:188} INFO - [2026-07-20T09:10:51.263+0000] {dag.py:3089} INFO - Sync 1 DAGs
[2026-07-20T09:10:51.290+0000] {logging_mixin.py:188} INFO - [2026-07-20T09:10:51.290+0000] {dag.py:3947} INFO - Setting next_dagrun for SCD2_snapshots to 2026-07-19 00:00:00+00:00, run_after=2026-07-20 00:00:00+00:00
[2026-07-20T09:10:51.312+0000] {processor.py:183} INFO - Processing /opt/airflow/dags/scd.py took 0.130 seconds
[2026-07-20T09:11:21.545+0000] {processor.py:161} INFO - Started process (PID=15558) to work on /opt/airflow/dags/scd.py
[2026-07-20T09:11:21.547+0000] {processor.py:830} INFO - Processing file /opt/airflow/dags/scd.py for tasks to queue
[2026-07-20T09:11:21.550+0000] {logging_mixin.py:188} INFO - [2026-07-20T09:11:21.549+0000] {dagbag.py:545} INFO - Filling up the DagBag from /opt/airflow/dags/scd.py
[2026-07-20T09:11:21.579+0000] {processor.py:840} INFO - DAG(s) 'SCD2_snapshots' retrieved from /opt/airflow/dags/scd.py
[2026-07-20T09:11:21.619+0000] {logging_mixin.py:188} INFO - [2026-07-20T09:11:21.619+0000] {dag.py:3089} INFO - Sync 1 DAGs
[2026-07-20T09:11:21.643+0000] {logging_mixin.py:188} INFO - [2026-07-20T09:11:21.643+0000] {dag.py:3947} INFO - Setting next_dagrun for SCD2_snapshots to 2026-07-19 00:00:00+00:00, run_after=2026-07-20 00:00:00+00:00
[2026-07-20T09:11:21.666+0000] {processor.py:183} INFO - Processing /opt/airflow/dags/scd.py took 0.128 seconds
[2026-07-20T09:11:51.781+0000] {processor.py:161} INFO - Started process (PID=15563) to work on /opt/airflow/dags/scd.py
[2026-07-20T09:11:51.783+0000] {processor.py:830} INFO - Processing file /opt/airflow/dags/scd.py for tasks to queue
[2026-07-20T09:11:51.785+0000] {logging_mixin.py:188} INFO - [2026-07-20T09:11:51.785+0000] {dagbag.py:545} INFO - Filling up the DagBag from /opt/airflow/dags/scd.py
[2026-07-20T09:11:51.813+0000] {processor.py:840} INFO - DAG(s) 'SCD2_snapshots' retrieved from /opt/airflow/dags/scd.py
[2026-07-20T09:11:51.852+0000] {logging_mixin.py:188} INFO - [2026-07-20T09:11:51.852+0000] {dag.py:3089} INFO - Sync 1 DAGs
[2026-07-20T09:11:51.876+0000] {logging_mixin.py:188} INFO - [2026-07-20T09:11:51.876+0000] {dag.py:3947} INFO - Setting next_dagrun for SCD2_snapshots to 2026-07-19 00:00:00+00:00, run_after=2026-07-20 00:00:00+00:00
[2026-07-20T09:11:51.901+0000] {processor.py:183} INFO - Processing /opt/airflow/dags/scd.py took 0.128 seconds
[2026-07-20T09:12:22.121+0000] {processor.py:161} INFO - Started process (PID=15568) to work on /opt/airflow/dags/scd.py
[2026-07-20T09:12:22.123+0000] {processor.py:830} INFO - Processing file /opt/airflow/dags/scd.py for tasks to queue
[2026-07-20T09:12:22.126+0000] {logging_mixin.py:188} INFO - [2026-07-20T09:12:22.126+0000] {dagbag.py:545} INFO - Filling up the DagBag from /opt/airflow/dags/scd.py
[2026-07-20T09:12:22.159+0000] {processor.py:840} INFO - DAG(s) 'SCD2_snapshots' retrieved from /opt/airflow/dags/scd.py
[2026-07-20T09:12:22.204+0000] {logging_mixin.py:188} INFO - [2026-07-20T09:12:22.203+0000] {dag.py:3089} INFO - Sync 1 DAGs
[2026-07-20T09:12:22.243+0000] {logging_mixin.py:188} INFO - [2026-07-20T09:12:22.242+0000] {dag.py:3947} INFO - Setting next_dagrun for SCD2_snapshots to 2026-07-19 00:00:00+00:00, run_after=2026-07-20 00:00:00+00:00
[2026-07-20T09:12:22.267+0000] {processor.py:183} INFO - Processing /opt/airflow/dags/scd.py took 0.154 seconds
[2026-07-20T09:12:52.558+0000] {processor.py:161} INFO - Started process (PID=15573) to work on /opt/airflow/dags/scd.py
[2026-07-20T09:12:52.560+0000] {processor.py:830} INFO - Processing file /opt/airflow/dags/scd.py for tasks to queue
[2026-07-20T09:12:52.563+0000] {logging_mixin.py:188} INFO - [2026-07-20T09:12:52.562+0000] {dagbag.py:545} INFO - Filling up the DagBag from /opt/airflow/dags/scd.py
[2026-07-20T09:12:52.597+0000] {processor.py:840} INFO - DAG(s) 'SCD2_snapshots' retrieved from /opt/airflow/dags/scd.py
[2026-07-20T09:12:52.634+0000] {logging_mixin.py:188} INFO - [2026-07-20T09:12:52.634+0000] {dag.py:3089} INFO - Sync 1 DAGs
[2026-07-20T09:12:52.660+0000] {logging_mixin.py:188} INFO - [2026-07-20T09:12:52.660+0000] {dag.py:3947} INFO - Setting next_dagrun for SCD2_snapshots to 2026-07-19 00:00:00+00:00, run_after=2026-07-20 00:00:00+00:00
[2026-07-20T09:12:52.681+0000] {processor.py:183} INFO - Processing /opt/airflow/dags/scd.py took 0.131 seconds
[2026-07-20T09:13:22.743+0000] {processor.py:161} INFO - Started process (PID=15578) to work on /opt/airflow/dags/scd.py
[2026-07-20T09:13:22.744+0000] {processor.py:830} INFO - Processing file /opt/airflow/dags/scd.py for tasks to queue
[2026-07-20T09:13:22.747+0000] {logging_mixin.py:188} INFO - [2026-07-20T09:13:22.747+0000] {dagbag.py:545} INFO - Filling up the DagBag from /opt/airflow/dags/scd.py
[2026-07-20T09:13:22.778+0000] {processor.py:840} INFO - DAG(s) 'SCD2_snapshots' retrieved from /opt/airflow/dags/scd.py
[2026-07-20T09:13:22.817+0000] {logging_mixin.py:188} INFO - [2026-07-20T09:13:22.816+0000] {dag.py:3089} INFO - Sync 1 DAGs
[2026-07-20T09:13:22.843+0000] {logging_mixin.py:188} INFO - [2026-07-20T09:13:22.843+0000] {dag.py:3947} INFO - Setting next_dagrun for SCD2_snapshots to 2026-07-19 00:00:00+00:00, run_after=2026-07-20 00:00:00+00:00
[2026-07-20T09:13:22.866+0000] {processor.py:183} INFO - Processing /opt/airflow/dags/scd.py took 0.131 seconds
[2026-07-20T09:13:53.047+0000] {processor.py:161} INFO - Started process (PID=15583) to work on /opt/airflow/dags/scd.py
[2026-07-20T09:13:53.049+0000] {processor.py:830} INFO - Processing file /opt/airflow/dags/scd.py for tasks to queue
[2026-07-20T09:13:53.052+0000] {logging_mixin.py:188} INFO - [2026-07-20T09:13:53.052+0000] {dagbag.py:545} INFO - Filling up the DagBag from /opt/airflow/dags/scd.py
[2026-07-20T09:13:53.087+0000] {processor.py:840} INFO - DAG(s) 'SCD2_snapshots' retrieved from /opt/airflow/dags/scd.py
[2026-07-20T09:13:53.135+0000] {logging_mixin.py:188} INFO - [2026-07-20T09:13:53.134+0000] {dag.py:3089} INFO - Sync 1 DAGs
[2026-07-20T09:13:53.169+0000] {logging_mixin.py:188} INFO - [2026-07-20T09:13:53.168+0000] {dag.py:3947} INFO - Setting next_dagrun for SCD2_snapshots to 2026-07-19 00:00:00+00:00, run_after=2026-07-20 00:00:00+00:00
[2026-07-20T09:13:53.197+0000] {processor.py:183} INFO - Processing /opt/airflow/dags/scd.py took 0.159 seconds
[2026-07-20T09:14:23.432+0000] {processor.py:161} INFO - Started process (PID=15588) to work on /opt/airflow/dags/scd.py
[2026-07-20T09:14:23.434+0000] {processor.py:830} INFO - Processing file /opt/airflow/dags/scd.py for tasks to queue
[2026-07-20T09:14:23.436+0000] {logging_mixin.py:188} INFO - [2026-07-20T09:14:23.436+0000] {dagbag.py:545} INFO - Filling up the DagBag from /opt/airflow/dags/scd.py
[2026-07-20T09:14:23.464+0000] {processor.py:840} INFO - DAG(s) 'SCD2_snapshots' retrieved from /opt/airflow/dags/scd.py
[2026-07-20T09:14:23.504+0000] {logging_mixin.py:188} INFO - [2026-07-20T09:14:23.503+0000] {dag.py:3089} INFO - Sync 1 DAGs
[2026-07-20T09:14:23.528+0000] {logging_mixin.py:188} INFO - [2026-07-20T09:14:23.528+0000] {dag.py:3947} INFO - Setting next_dagrun for SCD2_snapshots to 2026-07-19 00:00:00+00:00, run_after=2026-07-20 00:00:00+00:00
[2026-07-20T09:14:23.551+0000] {processor.py:183} INFO - Processing /opt/airflow/dags/scd.py took 0.127 seconds
[2026-07-20T09:14:53.700+0000] {processor.py:161} INFO - Started process (PID=15593) to work on /opt/airflow/dags/scd.py
[2026-07-20T09:14:53.702+0000] {processor.py:830} INFO - Processing file /opt/airflow/dags/scd.py for tasks to queue
[2026-07-20T09:14:53.704+0000] {logging_mixin.py:188} INFO - [2026-07-20T09:14:53.704+0000] {dagbag.py:545} INFO - Filling up the DagBag from /opt/airflow/dags/scd.py
[2026-07-20T09:14:53.734+0000] {processor.py:840} INFO - DAG(s) 'SCD2_snapshots' retrieved from /opt/airflow/dags/scd.py
[2026-07-20T09:14:53.772+0000] {logging_mixin.py:188} INFO - [2026-07-20T09:14:53.771+0000] {dag.py:3089} INFO - Sync 1 DAGs
[2026-07-20T09:14:53.798+0000] {logging_mixin.py:188} INFO - [2026-07-20T09:14:53.798+0000] {dag.py:3947} INFO - Setting next_dagrun for SCD2_snapshots to 2026-07-19 00:00:00+00:00, run_after=2026-07-20 00:00:00+00:00
[2026-07-20T09:14:53.820+0000] {processor.py:183} INFO - Processing /opt/airflow/dags/scd.py took 0.127 seconds
[2026-07-20T09:15:24.053+0000] {processor.py:161} INFO - Started process (PID=15598) to work on /opt/airflow/dags/scd.py
[2026-07-20T09:15:24.055+0000] {processor.py:830} INFO - Processing file /opt/airflow/dags/scd.py for tasks to queue
[2026-07-20T09:15:24.058+0000] {logging_mixin.py:188} INFO - [2026-07-20T09:15:24.057+0000] {dagbag.py:545} INFO - Filling up the DagBag from /opt/airflow/dags/scd.py
[2026-07-20T09:15:24.091+0000] {processor.py:840} INFO - DAG(s) 'SCD2_snapshots' retrieved from /opt/airflow/dags/scd.py
[2026-07-20T09:15:24.141+0000] {logging_mixin.py:188} INFO - [2026-07-20T09:15:24.140+0000] {dag.py:3089} INFO - Sync 1 DAGs
[2026-07-20T09:15:24.180+0000] {logging_mixin.py:188} INFO - [2026-07-20T09:15:24.179+0000] {dag.py:3947} INFO - Setting next_dagrun for SCD2_snapshots to 2026-07-19 00:00:00+00:00, run_after=2026-07-20 00:00:00+00:00
[2026-07-20T09:15:24.218+0000] {processor.py:183} INFO - Processing /opt/airflow/dags/scd.py took 0.175 seconds
[2026-07-20T09:15:54.653+0000] {processor.py:161} INFO - Started process (PID=15603) to work on /opt/airflow/dags/scd.py
[2026-07-20T09:15:54.655+0000] {processor.py:830} INFO - Processing file /opt/airflow/dags/scd.py for tasks to queue
[2026-07-20T09:15:54.657+0000] {logging_mixin.py:188} INFO - [2026-07-20T09:15:54.657+0000] {dagbag.py:545} INFO - Filling up the DagBag from /opt/airflow/dags/scd.py
[2026-07-20T09:15:54.687+0000] {processor.py:840} INFO - DAG(s) 'SCD2_snapshots' retrieved from /opt/airflow/dags/scd.py
[2026-07-20T09:15:54.726+0000] {logging_mixin.py:188} INFO - [2026-07-20T09:15:54.726+0000] {dag.py:3089} INFO - Sync 1 DAGs
[2026-07-20T09:15:54.752+0000] {logging_mixin.py:188} INFO - [2026-07-20T09:15:54.751+0000] {dag.py:3947} INFO - Setting next_dagrun for SCD2_snapshots to 2026-07-19 00:00:00+00:00, run_after=2026-07-20 00:00:00+00:00
[2026-07-20T09:15:54.780+0000] {processor.py:183} INFO - Processing /opt/airflow/dags/scd.py took 0.134 seconds
[2026-07-20T09:16:24.980+0000] {processor.py:161} INFO - Started process (PID=15608) to work on /opt/airflow/dags/scd.py
[2026-07-20T09:16:24.982+0000] {processor.py:830} INFO - Processing file /opt/airflow/dags/scd.py for tasks to queue
[2026-07-20T09:16:24.987+0000] {logging_mixin.py:188} INFO - [2026-07-20T09:16:24.987+0000] {dagbag.py:545} INFO - Filling up the DagBag from /opt/airflow/dags/scd.py
[2026-07-20T09:16:25.032+0000] {processor.py:840} INFO - DAG(s) 'SCD2_snapshots' retrieved from /opt/airflow/dags/scd.py
[2026-07-20T09:16:25.092+0000] {logging_mixin.py:188} INFO - [2026-07-20T09:16:25.092+0000] {dag.py:3089} INFO - Sync 1 DAGs
[2026-07-20T09:16:25.129+0000] {logging_mixin.py:188} INFO - [2026-07-20T09:16:25.129+0000] {dag.py:3947} INFO - Setting next_dagrun for SCD2_snapshots to 2026-07-19 00:00:00+00:00, run_after=2026-07-20 00:00:00+00:00
[2026-07-20T09:16:25.166+0000] {processor.py:183} INFO - Processing /opt/airflow/dags/scd.py took 0.200 seconds
[2026-07-20T09:16:55.457+0000] {processor.py:161} INFO - Started process (PID=15613) to work on /opt/airflow/dags/scd.py
[2026-07-20T09:16:55.459+0000] {processor.py:830} INFO - Processing file /opt/airflow/dags/scd.py for tasks to queue
[2026-07-20T09:16:55.461+0000] {logging_mixin.py:188} INFO - [2026-07-20T09:16:55.461+0000] {dagbag.py:545} INFO - Filling up the DagBag from /opt/airflow/dags/scd.py
[2026-07-20T09:16:55.500+0000] {processor.py:840} INFO - DAG(s) 'SCD2_snapshots' retrieved from /opt/airflow/dags/scd.py
[2026-07-20T09:16:55.543+0000] {logging_mixin.py:188} INFO - [2026-07-20T09:16:55.543+0000] {dag.py:3089} INFO - Sync 1 DAGs
[2026-07-20T09:16:55.578+0000] {logging_mixin.py:188} INFO - [2026-07-20T09:16:55.577+0000] {dag.py:3947} INFO - Setting next_dagrun for SCD2_snapshots to 2026-07-19 00:00:00+00:00, run_after=2026-07-20 00:00:00+00:00
[2026-07-20T09:16:55.614+0000] {processor.py:183} INFO - Processing /opt/airflow/dags/scd.py took 0.166 seconds
[2026-07-20T09:17:25.857+0000] {processor.py:161} INFO - Started process (PID=15618) to work on /opt/airflow/dags/scd.py
[2026-07-20T09:17:25.878+0000] {processor.py:830} INFO - Processing file /opt/airflow/dags/scd.py for tasks to queue
[2026-07-20T09:17:25.909+0000] {logging_mixin.py:188} INFO - [2026-07-20T09:17:25.906+0000] {dagbag.py:545} INFO - Filling up the DagBag from /opt/airflow/dags/scd.py
[2026-07-20T09:17:25.984+0000] {processor.py:840} INFO - DAG(s) 'SCD2_snapshots' retrieved from /opt/airflow/dags/scd.py
[2026-07-20T09:17:26.120+0000] {logging_mixin.py:188} INFO - [2026-07-20T09:17:26.119+0000] {dag.py:3089} INFO - Sync 1 DAGs
[2026-07-20T09:17:26.199+0000] {logging_mixin.py:188} INFO - [2026-07-20T09:17:26.198+0000] {dag.py:3947} INFO - Setting next_dagrun for SCD2_snapshots to 2026-07-19 00:00:00+00:00, run_after=2026-07-20 00:00:00+00:00
[2026-07-20T09:17:26.244+0000] {processor.py:183} INFO - Processing /opt/airflow/dags/scd.py took 0.502 seconds
[2026-07-20T09:17:56.416+0000] {processor.py:161} INFO - Started process (PID=15623) to work on /opt/airflow/dags/scd.py
[2026-07-20T09:17:56.418+0000] {processor.py:830} INFO - Processing file /opt/airflow/dags/scd.py for tasks to queue
[2026-07-20T09:17:56.420+0000] {logging_mixin.py:188} INFO - [2026-07-20T09:17:56.420+0000] {dagbag.py:545} INFO - Filling up the DagBag from /opt/airflow/dags/scd.py
[2026-07-20T09:17:56.450+0000] {processor.py:840} INFO - DAG(s) 'SCD2_snapshots' retrieved from /opt/airflow/dags/scd.py
[2026-07-20T09:17:56.489+0000] {logging_mixin.py:188} INFO - [2026-07-20T09:17:56.489+0000] {dag.py:3089} INFO - Sync 1 DAGs
[2026-07-20T09:17:56.517+0000] {logging_mixin.py:188} INFO - [2026-07-20T09:17:56.516+0000] {dag.py:3947} INFO - Setting next_dagrun for SCD2_snapshots to 2026-07-19 00:00:00+00:00, run_after=2026-07-20 00:00:00+00:00
[2026-07-20T09:17:56.539+0000] {processor.py:183} INFO - Processing /opt/airflow/dags/scd.py took 0.130 seconds
[2026-07-20T09:18:26.909+0000] {processor.py:161} INFO - Started process (PID=15628) to work on /opt/airflow/dags/scd.py
[2026-07-20T09:18:26.911+0000] {processor.py:830} INFO - Processing file /opt/airflow/dags/scd.py for tasks to queue
[2026-07-20T09:18:26.913+0000] {logging_mixin.py:188} INFO - [2026-07-20T09:18:26.913+0000] {dagbag.py:545} INFO - Filling up the DagBag from /opt/airflow/dags/scd.py
[2026-07-20T09:18:26.953+0000] {processor.py:840} INFO - DAG(s) 'SCD2_snapshots' retrieved from /opt/airflow/dags/scd.py
[2026-07-20T09:18:27.018+0000] {logging_mixin.py:188} INFO - [2026-07-20T09:18:27.017+0000] {dag.py:3089} INFO - Sync 1 DAGs
[2026-07-20T09:18:27.092+0000] {logging_mixin.py:188} INFO - [2026-07-20T09:18:27.091+0000] {dag.py:3947} INFO - Setting next_dagrun for SCD2_snapshots to 2026-07-19 00:00:00+00:00, run_after=2026-07-20 00:00:00+00:00
[2026-07-20T09:18:27.170+0000] {processor.py:183} INFO - Processing /opt/airflow/dags/scd.py took 0.271 seconds
[2026-07-20T09:18:57.538+0000] {processor.py:161} INFO - Started process (PID=15633) to work on /opt/airflow/dags/scd.py
[2026-07-20T09:18:57.539+0000] {processor.py:830} INFO - Processing file /opt/airflow/dags/scd.py for tasks to queue
[2026-07-20T09:18:57.542+0000] {logging_mixin.py:188} INFO - [2026-07-20T09:18:57.541+0000] {dagbag.py:545} INFO - Filling up the DagBag from /opt/airflow/dags/scd.py
[2026-07-20T09:18:57.585+0000] {processor.py:840} INFO - DAG(s) 'SCD2_snapshots' retrieved from /opt/airflow/dags/scd.py
[2026-07-20T09:18:57.646+0000] {logging_mixin.py:188} INFO - [2026-07-20T09:18:57.645+0000] {dag.py:3089} INFO - Sync 1 DAGs
[2026-07-20T09:18:57.683+0000] {logging_mixin.py:188} INFO - [2026-07-20T09:18:57.683+0000] {dag.py:3947} INFO - Setting next_dagrun for SCD2_snapshots to 2026-07-19 00:00:00+00:00, run_after=2026-07-20 00:00:00+00:00
[2026-07-20T09:18:57.713+0000] {processor.py:183} INFO - Processing /opt/airflow/dags/scd.py took 0.188 seconds
[2026-07-20T09:19:27.824+0000] {processor.py:161} INFO - Started process (PID=15638) to work on /opt/airflow/dags/scd.py
[2026-07-20T09:19:27.826+0000] {processor.py:830} INFO - Processing file /opt/airflow/dags/scd.py for tasks to queue
[2026-07-20T09:19:27.829+0000] {logging_mixin.py:188} INFO - [2026-07-20T09:19:27.828+0000] {dagbag.py:545} INFO - Filling up the DagBag from /opt/airflow/dags/scd.py
[2026-07-20T09:19:27.858+0000] {processor.py:840} INFO - DAG(s) 'SCD2_snapshots' retrieved from /opt/airflow/dags/scd.py
[2026-07-20T09:19:27.897+0000] {logging_mixin.py:188} INFO - [2026-07-20T09:19:27.897+0000] {dag.py:3089} INFO - Sync 1 DAGs
[2026-07-20T09:19:27.926+0000] {logging_mixin.py:188} INFO - [2026-07-20T09:19:27.925+0000] {dag.py:3947} INFO - Setting next_dagrun for SCD2_snapshots to 2026-07-19 00:00:00+00:00, run_after=2026-07-20 00:00:00+00:00
[2026-07-20T09:19:27.949+0000] {processor.py:183} INFO - Processing /opt/airflow/dags/scd.py took 0.132 seconds
[2026-07-20T09:19:58.122+0000] {processor.py:161} INFO - Started process (PID=15643) to work on /opt/airflow/dags/scd.py
[2026-07-20T09:19:58.123+0000] {processor.py:830} INFO - Processing file /opt/airflow/dags/scd.py for tasks to queue
[2026-07-20T09:19:58.126+0000] {logging_mixin.py:188} INFO - [2026-07-20T09:19:58.126+0000] {dagbag.py:545} INFO - Filling up the DagBag from /opt/airflow/dags/scd.py
[2026-07-20T09:19:58.156+0000] {processor.py:840} INFO - DAG(s) 'SCD2_snapshots' retrieved from /opt/airflow/dags/scd.py
[2026-07-20T09:19:58.196+0000] {logging_mixin.py:188} INFO - [2026-07-20T09:19:58.195+0000] {dag.py:3089} INFO - Sync 1 DAGs
[2026-07-20T09:19:58.224+0000] {logging_mixin.py:188} INFO - [2026-07-20T09:19:58.223+0000] {dag.py:3947} INFO - Setting next_dagrun for SCD2_snapshots to 2026-07-19 00:00:00+00:00, run_after=2026-07-20 00:00:00+00:00
[2026-07-20T09:19:58.252+0000] {processor.py:183} INFO - Processing /opt/airflow/dags/scd.py took 0.140 seconds
[2026-07-20T09:20:28.551+0000] {processor.py:161} INFO - Started process (PID=15648) to work on /opt/airflow/dags/scd.py
[2026-07-20T09:20:28.553+0000] {processor.py:830} INFO - Processing file /opt/airflow/dags/scd.py for tasks to queue
[2026-07-20T09:20:28.555+0000] {logging_mixin.py:188} INFO - [2026-07-20T09:20:28.555+0000] {dagbag.py:545} INFO - Filling up the DagBag from /opt/airflow/dags/scd.py
[2026-07-20T09:20:28.592+0000] {processor.py:840} INFO - DAG(s) 'SCD2_snapshots' retrieved from /opt/airflow/dags/scd.py
[2026-07-20T09:20:28.654+0000] {logging_mixin.py:188} INFO - [2026-07-20T09:20:28.654+0000] {dag.py:3089} INFO - Sync 1 DAGs
[2026-07-20T09:20:28.692+0000] {logging_mixin.py:188} INFO - [2026-07-20T09:20:28.691+0000] {dag.py:3947} INFO - Setting next_dagrun for SCD2_snapshots to 2026-07-19 00:00:00+00:00, run_after=2026-07-20 00:00:00+00:00
[2026-07-20T09:20:28.721+0000] {processor.py:183} INFO - Processing /opt/airflow/dags/scd.py took 0.177 seconds
[2026-07-20T09:20:58.941+0000] {processor.py:161} INFO - Started process (PID=15653) to work on /opt/airflow/dags/scd.py
[2026-07-20T09:20:58.944+0000] {processor.py:830} INFO - Processing file /opt/airflow/dags/scd.py for tasks to queue
[2026-07-20T09:20:58.948+0000] {logging_mixin.py:188} INFO - [2026-07-20T09:20:58.948+0000] {dagbag.py:545} INFO - Filling up the DagBag from /opt/airflow/dags/scd.py
[2026-07-20T09:20:58.980+0000] {processor.py:840} INFO - DAG(s) 'SCD2_snapshots' retrieved from /opt/airflow/dags/scd.py
[2026-07-20T09:20:59.020+0000] {logging_mixin.py:188} INFO - [2026-07-20T09:20:59.020+0000] {dag.py:3089} INFO - Sync 1 DAGs
[2026-07-20T09:20:59.048+0000] {logging_mixin.py:188} INFO - [2026-07-20T09:20:59.048+0000] {dag.py:3947} INFO - Setting next_dagrun for SCD2_snapshots to 2026-07-19 00:00:00+00:00, run_after=2026-07-20 00:00:00+00:00
[2026-07-20T09:20:59.071+0000] {processor.py:183} INFO - Processing /opt/airflow/dags/scd.py took 0.138 seconds
[2026-07-20T09:21:29.340+0000] {processor.py:161} INFO - Started process (PID=15658) to work on /opt/airflow/dags/scd.py
[2026-07-20T09:21:29.341+0000] {processor.py:830} INFO - Processing file /opt/airflow/dags/scd.py for tasks to queue
[2026-07-20T09:21:29.344+0000] {logging_mixin.py:188} INFO - [2026-07-20T09:21:29.343+0000] {dagbag.py:545} INFO - Filling up the DagBag from /opt/airflow/dags/scd.py
[2026-07-20T09:21:29.368+0000] {processor.py:840} INFO - DAG(s) 'SCD2_snapshots' retrieved from /opt/airflow/dags/scd.py
[2026-07-20T09:21:29.410+0000] {logging_mixin.py:188} INFO - [2026-07-20T09:21:29.409+0000] {dag.py:3089} INFO - Sync 1 DAGs
[2026-07-20T09:21:29.435+0000] {logging_mixin.py:188} INFO - [2026-07-20T09:21:29.435+0000] {dag.py:3947} INFO - Setting next_dagrun for SCD2_snapshots to 2026-07-19 00:00:00+00:00, run_after=2026-07-20 00:00:00+00:00
[2026-07-20T09:21:29.481+0000] {processor.py:183} INFO - Processing /opt/airflow/dags/scd.py took 0.149 seconds
[2026-07-20T09:21:59.779+0000] {processor.py:161} INFO - Started process (PID=15663) to work on /opt/airflow/dags/scd.py
[2026-07-20T09:21:59.780+0000] {processor.py:830} INFO - Processing file /opt/airflow/dags/scd.py for tasks to queue
[2026-07-20T09:21:59.783+0000] {logging_mixin.py:188} INFO - [2026-07-20T09:21:59.783+0000] {dagbag.py:545} INFO - Filling up the DagBag from /opt/airflow/dags/scd.py
[2026-07-20T09:21:59.813+0000] {processor.py:840} INFO - DAG(s) 'SCD2_snapshots' retrieved from /opt/airflow/dags/scd.py
[2026-07-20T09:21:59.852+0000] {logging_mixin.py:188} INFO - [2026-07-20T09:21:59.851+0000] {dag.py:3089} INFO - Sync 1 DAGs
[2026-07-20T09:21:59.878+0000] {logging_mixin.py:188} INFO - [2026-07-20T09:21:59.878+0000] {dag.py:3947} INFO - Setting next_dagrun for SCD2_snapshots to 2026-07-19 00:00:00+00:00, run_after=2026-07-20 00:00:00+00:00
[2026-07-20T09:21:59.900+0000] {processor.py:183} INFO - Processing /opt/airflow/dags/scd.py took 0.130 seconds
[2026-07-20T09:22:30.216+0000] {processor.py:161} INFO - Started process (PID=15668) to work on /opt/airflow/dags/scd.py
[2026-07-20T09:22:30.218+0000] {processor.py:830} INFO - Processing file /opt/airflow/dags/scd.py for tasks to queue
[2026-07-20T09:22:30.221+0000] {logging_mixin.py:188} INFO - [2026-07-20T09:22:30.220+0000] {dagbag.py:545} INFO - Filling up the DagBag from /opt/airflow/dags/scd.py
[2026-07-20T09:22:30.247+0000] {processor.py:840} INFO - DAG(s) 'SCD2_snapshots' retrieved from /opt/airflow/dags/scd.py
[2026-07-20T09:22:30.285+0000] {logging_mixin.py:188} INFO - [2026-07-20T09:22:30.285+0000] {dag.py:3089} INFO - Sync 1 DAGs
[2026-07-20T09:22:30.310+0000] {logging_mixin.py:188} INFO - [2026-07-20T09:22:30.310+0000] {dag.py:3947} INFO - Setting next_dagrun for SCD2_snapshots to 2026-07-19 00:00:00+00:00, run_after=2026-07-20 00:00:00+00:00
[2026-07-20T09:22:30.332+0000] {processor.py:183} INFO - Processing /opt/airflow/dags/scd.py took 0.123 seconds
[2026-07-20T09:23:00.558+0000] {processor.py:161} INFO - Started process (PID=15673) to work on /opt/airflow/dags/scd.py
[2026-07-20T09:23:00.560+0000] {processor.py:830} INFO - Processing file /opt/airflow/dags/scd.py for tasks to queue
[2026-07-20T09:23:00.562+0000] {logging_mixin.py:188} INFO - [2026-07-20T09:23:00.562+0000] {dagbag.py:545} INFO - Filling up the DagBag from /opt/airflow/dags/scd.py
[2026-07-20T09:23:00.604+0000] {processor.py:840} INFO - DAG(s) 'SCD2_snapshots' retrieved from /opt/airflow/dags/scd.py
[2026-07-20T09:23:00.646+0000] {logging_mixin.py:188} INFO - [2026-07-20T09:23:00.645+0000] {dag.py:3089} INFO - Sync 1 DAGs
[2026-07-20T09:23:00.675+0000] {logging_mixin.py:188} INFO - [2026-07-20T09:23:00.674+0000] {dag.py:3947} INFO - Setting next_dagrun for SCD2_snapshots to 2026-07-19 00:00:00+00:00, run_after=2026-07-20 00:00:00+00:00
[2026-07-20T09:23:00.706+0000] {processor.py:183} INFO - Processing /opt/airflow/dags/scd.py took 0.154 seconds
[2026-07-20T09:23:30.905+0000] {processor.py:161} INFO - Started process (PID=15678) to work on /opt/airflow/dags/scd.py
[2026-07-20T09:23:30.907+0000] {processor.py:830} INFO - Processing file /opt/airflow/dags/scd.py for tasks to queue
[2026-07-20T09:23:30.910+0000] {logging_mixin.py:188} INFO - [2026-07-20T09:23:30.909+0000] {dagbag.py:545} INFO - Filling up the DagBag from /opt/airflow/dags/scd.py
[2026-07-20T09:23:30.951+0000] {processor.py:840} INFO - DAG(s) 'SCD2_snapshots' retrieved from /opt/airflow/dags/scd.py
[2026-07-20T09:23:31.003+0000] {logging_mixin.py:188} INFO - [2026-07-20T09:23:31.002+0000] {dag.py:3089} INFO - Sync 1 DAGs
[2026-07-20T09:23:31.045+0000] {logging_mixin.py:188} INFO - [2026-07-20T09:23:31.045+0000] {dag.py:3947} INFO - Setting next_dagrun for SCD2_snapshots to 2026-07-19 00:00:00+00:00, run_after=2026-07-20 00:00:00+00:00
[2026-07-20T09:23:31.084+0000] {processor.py:183} INFO - Processing /opt/airflow/dags/scd.py took 0.192 seconds
[2026-07-20T09:24:01.356+0000] {processor.py:161} INFO - Started process (PID=15683) to work on /opt/airflow/dags/scd.py
[2026-07-20T09:24:01.357+0000] {processor.py:830} INFO - Processing file /opt/airflow/dags/scd.py for tasks to queue
[2026-07-20T09:24:01.360+0000] {logging_mixin.py:188} INFO - [2026-07-20T09:24:01.360+0000] {dagbag.py:545} INFO - Filling up the DagBag from /opt/airflow/dags/scd.py
[2026-07-20T09:24:01.388+0000] {processor.py:840} INFO - DAG(s) 'SCD2_snapshots' retrieved from /opt/airflow/dags/scd.py
[2026-07-20T09:24:01.425+0000] {logging_mixin.py:188} INFO - [2026-07-20T09:24:01.425+0000] {dag.py:3089} INFO - Sync 1 DAGs
[2026-07-20T09:24:01.449+0000] {logging_mixin.py:188} INFO - [2026-07-20T09:24:01.449+0000] {dag.py:3947} INFO - Setting next_dagrun for SCD2_snapshots to 2026-07-19 00:00:00+00:00, run_after=2026-07-20 00:00:00+00:00
[2026-07-20T09:24:01.473+0000] {processor.py:183} INFO - Processing /opt/airflow/dags/scd.py took 0.124 seconds
[2026-07-20T09:24:31.715+0000] {processor.py:161} INFO - Started process (PID=15688) to work on /opt/airflow/dags/scd.py
[2026-07-20T09:24:31.717+0000] {processor.py:830} INFO - Processing file /opt/airflow/dags/scd.py for tasks to queue
[2026-07-20T09:24:31.719+0000] {logging_mixin.py:188} INFO - [2026-07-20T09:24:31.719+0000] {dagbag.py:545} INFO - Filling up the DagBag from /opt/airflow/dags/scd.py
[2026-07-20T09:24:31.748+0000] {processor.py:840} INFO - DAG(s) 'SCD2_snapshots' retrieved from /opt/airflow/dags/scd.py
[2026-07-20T09:24:31.785+0000] {logging_mixin.py:188} INFO - [2026-07-20T09:24:31.785+0000] {dag.py:3089} INFO - Sync 1 DAGs
[2026-07-20T09:24:31.820+0000] {logging_mixin.py:188} INFO - [2026-07-20T09:24:31.820+0000] {dag.py:3947} INFO - Setting next_dagrun for SCD2_snapshots to 2026-07-19 00:00:00+00:00, run_after=2026-07-20 00:00:00+00:00
[2026-07-20T09:24:31.842+0000] {processor.py:183} INFO - Processing /opt/airflow/dags/scd.py took 0.133 seconds
[2026-07-20T09:25:02.004+0000] {processor.py:161} INFO - Started process (PID=15689) to work on /opt/airflow/dags/scd.py
[2026-07-20T09:25:02.006+0000] {processor.py:830} INFO - Processing file /opt/airflow/dags/scd.py for tasks to queue
[2026-07-20T09:25:02.008+0000] {logging_mixin.py:188} INFO - [2026-07-20T09:25:02.008+0000] {dagbag.py:545} INFO - Filling up the DagBag from /opt/airflow/dags/scd.py
[2026-07-20T09:25:02.035+0000] {processor.py:840} INFO - DAG(s) 'SCD2_snapshots' retrieved from /opt/airflow/dags/scd.py
[2026-07-20T09:25:02.075+0000] {logging_mixin.py:188} INFO - [2026-07-20T09:25:02.074+0000] {dag.py:3089} INFO - Sync 1 DAGs
[2026-07-20T09:25:02.103+0000] {logging_mixin.py:188} INFO - [2026-07-20T09:25:02.102+0000] {dag.py:3947} INFO - Setting next_dagrun for SCD2_snapshots to 2026-07-19 00:00:00+00:00, run_after=2026-07-20 00:00:00+00:00
[2026-07-20T09:25:02.127+0000] {processor.py:183} INFO - Processing /opt/airflow/dags/scd.py took 0.131 seconds
[2026-07-20T09:25:32.274+0000] {processor.py:161} INFO - Started process (PID=15694) to work on /opt/airflow/dags/scd.py
[2026-07-20T09:25:32.276+0000] {processor.py:830} INFO - Processing file /opt/airflow/dags/scd.py for tasks to queue
[2026-07-20T09:25:32.279+0000] {logging_mixin.py:188} INFO - [2026-07-20T09:25:32.279+0000] {dagbag.py:545} INFO - Filling up the DagBag from /opt/airflow/dags/scd.py
[2026-07-20T09:25:32.309+0000] {processor.py:840} INFO - DAG(s) 'SCD2_snapshots' retrieved from /opt/airflow/dags/scd.py
[2026-07-20T09:25:32.348+0000] {logging_mixin.py:188} INFO - [2026-07-20T09:25:32.348+0000] {dag.py:3089} INFO - Sync 1 DAGs
[2026-07-20T09:25:32.376+0000] {logging_mixin.py:188} INFO - [2026-07-20T09:25:32.376+0000] {dag.py:3947} INFO - Setting next_dagrun for SCD2_snapshots to 2026-07-19 00:00:00+00:00, run_after=2026-07-20 00:00:00+00:00
[2026-07-20T09:25:32.401+0000] {processor.py:183} INFO - Processing /opt/airflow/dags/scd.py took 0.138 seconds
[2026-07-20T09:26:02.681+0000] {processor.py:161} INFO - Started process (PID=15699) to work on /opt/airflow/dags/scd.py
[2026-07-20T09:26:02.683+0000] {processor.py:830} INFO - Processing file /opt/airflow/dags/scd.py for tasks to queue
[2026-07-20T09:26:02.685+0000] {logging_mixin.py:188} INFO - [2026-07-20T09:26:02.684+0000] {dagbag.py:545} INFO - Filling up the DagBag from /opt/airflow/dags/scd.py
[2026-07-20T09:26:02.711+0000] {processor.py:840} INFO - DAG(s) 'SCD2_snapshots' retrieved from /opt/airflow/dags/scd.py
[2026-07-20T09:26:02.749+0000] {logging_mixin.py:188} INFO - [2026-07-20T09:26:02.749+0000] {dag.py:3089} INFO - Sync 1 DAGs
[2026-07-20T09:26:02.775+0000] {logging_mixin.py:188} INFO - [2026-07-20T09:26:02.774+0000] {dag.py:3947} INFO - Setting next_dagrun for SCD2_snapshots to 2026-07-19 00:00:00+00:00, run_after=2026-07-20 00:00:00+00:00
[2026-07-20T09:26:02.812+0000] {processor.py:183} INFO - Processing /opt/airflow/dags/scd.py took 0.138 seconds
[2026-07-20T09:26:32.935+0000] {processor.py:161} INFO - Started process (PID=15704) to work on /opt/airflow/dags/scd.py
[2026-07-20T09:26:32.937+0000] {processor.py:830} INFO - Processing file /opt/airflow/dags/scd.py for tasks to queue
[2026-07-20T09:26:32.939+0000] {logging_mixin.py:188} INFO - [2026-07-20T09:26:32.939+0000] {dagbag.py:545} INFO - Filling up the DagBag from /opt/airflow/dags/scd.py
[2026-07-20T09:26:32.977+0000] {processor.py:840} INFO - DAG(s) 'SCD2_snapshots' retrieved from /opt/airflow/dags/scd.py
[2026-07-20T09:26:33.024+0000] {logging_mixin.py:188} INFO - [2026-07-20T09:26:33.024+0000] {dag.py:3089} INFO - Sync 1 DAGs
[2026-07-20T09:26:33.059+0000] {logging_mixin.py:188} INFO - [2026-07-20T09:26:33.058+0000] {dag.py:3947} INFO - Setting next_dagrun for SCD2_snapshots to 2026-07-19 00:00:00+00:00, run_after=2026-07-20 00:00:00+00:00
[2026-07-20T09:26:33.107+0000] {processor.py:183} INFO - Processing /opt/airflow/dags/scd.py took 0.183 seconds
[2026-07-20T09:27:03.335+0000] {processor.py:161} INFO - Started process (PID=15709) to work on /opt/airflow/dags/scd.py
[2026-07-20T09:27:03.337+0000] {processor.py:830} INFO - Processing file /opt/airflow/dags/scd.py for tasks to queue
[2026-07-20T09:27:03.339+0000] {logging_mixin.py:188} INFO - [2026-07-20T09:27:03.339+0000] {dagbag.py:545} INFO - Filling up the DagBag from /opt/airflow/dags/scd.py
[2026-07-20T09:27:03.368+0000] {processor.py:840} INFO - DAG(s) 'SCD2_snapshots' retrieved from /opt/airflow/dags/scd.py
[2026-07-20T09:27:03.414+0000] {logging_mixin.py:188} INFO - [2026-07-20T09:27:03.413+0000] {dag.py:3089} INFO - Sync 1 DAGs
[2026-07-20T09:27:03.442+0000] {logging_mixin.py:188} INFO - [2026-07-20T09:27:03.442+0000] {dag.py:3947} INFO - Setting next_dagrun for SCD2_snapshots to 2026-07-19 00:00:00+00:00, run_after=2026-07-20 00:00:00+00:00
[2026-07-20T09:27:03.477+0000] {processor.py:183} INFO - Processing /opt/airflow/dags/scd.py took 0.149 seconds
[2026-07-20T09:27:33.757+0000] {processor.py:161} INFO - Started process (PID=15714) to work on /opt/airflow/dags/scd.py
[2026-07-20T09:27:33.758+0000] {processor.py:830} INFO - Processing file /opt/airflow/dags/scd.py for tasks to queue
[2026-07-20T09:27:33.761+0000] {logging_mixin.py:188} INFO - [2026-07-20T09:27:33.760+0000] {dagbag.py:545} INFO - Filling up the DagBag from /opt/airflow/dags/scd.py
[2026-07-20T09:27:33.790+0000] {processor.py:840} INFO - DAG(s) 'SCD2_snapshots' retrieved from /opt/airflow/dags/scd.py
[2026-07-20T09:27:33.828+0000] {logging_mixin.py:188} INFO - [2026-07-20T09:27:33.828+0000] {dag.py:3089} INFO - Sync 1 DAGs
[2026-07-20T09:27:33.855+0000] {logging_mixin.py:188} INFO - [2026-07-20T09:27:33.854+0000] {dag.py:3947} INFO - Setting next_dagrun for SCD2_snapshots to 2026-07-19 00:00:00+00:00, run_after=2026-07-20 00:00:00+00:00
[2026-07-20T09:27:33.879+0000] {processor.py:183} INFO - Processing /opt/airflow/dags/scd.py took 0.129 seconds
[2026-07-20T09:28:04.009+0000] {processor.py:161} INFO - Started process (PID=15719) to work on /opt/airflow/dags/scd.py
[2026-07-20T09:28:04.011+0000] {processor.py:830} INFO - Processing file /opt/airflow/dags/scd.py for tasks to queue
[2026-07-20T09:28:04.013+0000] {logging_mixin.py:188} INFO - [2026-07-20T09:28:04.013+0000] {dagbag.py:545} INFO - Filling up the DagBag from /opt/airflow/dags/scd.py
[2026-07-20T09:28:04.049+0000] {processor.py:840} INFO - DAG(s) 'SCD2_snapshots' retrieved from /opt/airflow/dags/scd.py
[2026-07-20T09:28:04.105+0000] {logging_mixin.py:188} INFO - [2026-07-20T09:28:04.104+0000] {dag.py:3089} INFO - Sync 1 DAGs
[2026-07-20T09:28:04.137+0000] {logging_mixin.py:188} INFO - [2026-07-20T09:28:04.137+0000] {dag.py:3947} INFO - Setting next_dagrun for SCD2_snapshots to 2026-07-19 00:00:00+00:00, run_after=2026-07-20 00:00:00+00:00
[2026-07-20T09:28:04.164+0000] {processor.py:183} INFO - Processing /opt/airflow/dags/scd.py took 0.165 seconds
[2026-07-20T09:28:34.533+0000] {processor.py:161} INFO - Started process (PID=15724) to work on /opt/airflow/dags/scd.py
[2026-07-20T09:28:34.534+0000] {processor.py:830} INFO - Processing file /opt/airflow/dags/scd.py for tasks to queue
[2026-07-20T09:28:34.537+0000] {logging_mixin.py:188} INFO - [2026-07-20T09:28:34.537+0000] {dagbag.py:545} INFO - Filling up the DagBag from /opt/airflow/dags/scd.py
[2026-07-20T09:28:34.565+0000] {processor.py:840} INFO - DAG(s) 'SCD2_snapshots' retrieved from /opt/airflow/dags/scd.py
[2026-07-20T09:28:34.615+0000] {logging_mixin.py:188} INFO - [2026-07-20T09:28:34.614+0000] {dag.py:3089} INFO - Sync 1 DAGs
[2026-07-20T09:28:34.641+0000] {logging_mixin.py:188} INFO - [2026-07-20T09:28:34.641+0000] {dag.py:3947} INFO - Setting next_dagrun for SCD2_snapshots to 2026-07-19 00:00:00+00:00, run_after=2026-07-20 00:00:00+00:00
[2026-07-20T09:28:34.662+0000] {processor.py:183} INFO - Processing /opt/airflow/dags/scd.py took 0.139 seconds
[2026-07-20T09:29:04.910+0000] {processor.py:161} INFO - Started process (PID=15729) to work on /opt/airflow/dags/scd.py
[2026-07-20T09:29:04.914+0000] {processor.py:830} INFO - Processing file /opt/airflow/dags/scd.py for tasks to queue
[2026-07-20T09:29:04.916+0000] {logging_mixin.py:188} INFO - [2026-07-20T09:29:04.916+0000] {dagbag.py:545} INFO - Filling up the DagBag from /opt/airflow/dags/scd.py
[2026-07-20T09:29:04.945+0000] {processor.py:840} INFO - DAG(s) 'SCD2_snapshots' retrieved from /opt/airflow/dags/scd.py
[2026-07-20T09:29:04.986+0000] {logging_mixin.py:188} INFO - [2026-07-20T09:29:04.986+0000] {dag.py:3089} INFO - Sync 1 DAGs
[2026-07-20T09:29:05.011+0000] {logging_mixin.py:188} INFO - [2026-07-20T09:29:05.011+0000] {dag.py:3947} INFO - Setting next_dagrun for SCD2_snapshots to 2026-07-19 00:00:00+00:00, run_after=2026-07-20 00:00:00+00:00
[2026-07-20T09:29:05.034+0000] {processor.py:183} INFO - Processing /opt/airflow/dags/scd.py took 0.130 seconds
[2026-07-20T09:29:35.457+0000] {processor.py:161} INFO - Started process (PID=15734) to work on /opt/airflow/dags/scd.py
[2026-07-20T09:29:35.458+0000] {processor.py:830} INFO - Processing file /opt/airflow/dags/scd.py for tasks to queue
[2026-07-20T09:29:35.461+0000] {logging_mixin.py:188} INFO - [2026-07-20T09:29:35.460+0000] {dagbag.py:545} INFO - Filling up the DagBag from /opt/airflow/dags/scd.py
[2026-07-20T09:29:35.489+0000] {processor.py:840} INFO - DAG(s) 'SCD2_snapshots' retrieved from /opt/airflow/dags/scd.py
[2026-07-20T09:29:35.528+0000] {logging_mixin.py:188} INFO - [2026-07-20T09:29:35.528+0000] {dag.py:3089} INFO - Sync 1 DAGs
[2026-07-20T09:29:35.552+0000] {logging_mixin.py:188} INFO - [2026-07-20T09:29:35.552+0000] {dag.py:3947} INFO - Setting next_dagrun for SCD2_snapshots to 2026-07-19 00:00:00+00:00, run_after=2026-07-20 00:00:00+00:00
[2026-07-20T09:29:35.574+0000] {processor.py:183} INFO - Processing /opt/airflow/dags/scd.py took 0.124 seconds
[2026-07-20T09:30:05.784+0000] {processor.py:161} INFO - Started process (PID=15739) to work on /opt/airflow/dags/scd.py
[2026-07-20T09:30:05.785+0000] {processor.py:830} INFO - Processing file /opt/airflow/dags/scd.py for tasks to queue
[2026-07-20T09:30:05.788+0000] {logging_mixin.py:188} INFO - [2026-07-20T09:30:05.787+0000] {dagbag.py:545} INFO - Filling up the DagBag from /opt/airflow/dags/scd.py
[2026-07-20T09:30:05.820+0000] {processor.py:840} INFO - DAG(s) 'SCD2_snapshots' retrieved from /opt/airflow/dags/scd.py
[2026-07-20T09:30:05.865+0000] {logging_mixin.py:188} INFO - [2026-07-20T09:30:05.865+0000] {dag.py:3089} INFO - Sync 1 DAGs
[2026-07-20T09:30:05.889+0000] {logging_mixin.py:188} INFO - [2026-07-20T09:30:05.889+0000] {dag.py:3947} INFO - Setting next_dagrun for SCD2_snapshots to 2026-07-19 00:00:00+00:00, run_after=2026-07-20 00:00:00+00:00
[2026-07-20T09:30:05.913+0000] {processor.py:183} INFO - Processing /opt/airflow/dags/scd.py took 0.137 seconds
[2026-07-20T09:30:36.142+0000] {processor.py:161} INFO - Started process (PID=15744) to work on /opt/airflow/dags/scd.py
[2026-07-20T09:30:36.143+0000] {processor.py:830} INFO - Processing file /opt/airflow/dags/scd.py for tasks to queue
[2026-07-20T09:30:36.146+0000] {logging_mixin.py:188} INFO - [2026-07-20T09:30:36.146+0000] {dagbag.py:545} INFO - Filling up the DagBag from /opt/airflow/dags/scd.py
[2026-07-20T09:30:36.181+0000] {processor.py:840} INFO - DAG(s) 'SCD2_snapshots' retrieved from /opt/airflow/dags/scd.py
[2026-07-20T09:30:36.221+0000] {logging_mixin.py:188} INFO - [2026-07-20T09:30:36.221+0000] {dag.py:3089} INFO - Sync 1 DAGs
[2026-07-20T09:30:36.246+0000] {logging_mixin.py:188} INFO - [2026-07-20T09:30:36.245+0000] {dag.py:3947} INFO - Setting next_dagrun for SCD2_snapshots to 2026-07-19 00:00:00+00:00, run_after=2026-07-20 00:00:00+00:00
[2026-07-20T09:30:36.269+0000] {processor.py:183} INFO - Processing /opt/airflow/dags/scd.py took 0.137 seconds
[2026-07-20T09:31:06.401+0000] {processor.py:161} INFO - Started process (PID=15749) to work on /opt/airflow/dags/scd.py
[2026-07-20T09:31:06.403+0000] {processor.py:830} INFO - Processing file /opt/airflow/dags/scd.py for tasks to queue
[2026-07-20T09:31:06.405+0000] {logging_mixin.py:188} INFO - [2026-07-20T09:31:06.405+0000] {dagbag.py:545} INFO - Filling up the DagBag from /opt/airflow/dags/scd.py
[2026-07-20T09:31:06.434+0000] {processor.py:840} INFO - DAG(s) 'SCD2_snapshots' retrieved from /opt/airflow/dags/scd.py
[2026-07-20T09:31:06.474+0000] {logging_mixin.py:188} INFO - [2026-07-20T09:31:06.474+0000] {dag.py:3089} INFO - Sync 1 DAGs
[2026-07-20T09:31:06.501+0000] {logging_mixin.py:188} INFO - [2026-07-20T09:31:06.501+0000] {dag.py:3947} INFO - Setting next_dagrun for SCD2_snapshots to 2026-07-19 00:00:00+00:00, run_after=2026-07-20 00:00:00+00:00
[2026-07-20T09:31:06.524+0000] {processor.py:183} INFO - Processing /opt/airflow/dags/scd.py took 0.132 seconds
[2026-07-20T09:31:36.818+0000] {processor.py:161} INFO - Started process (PID=15754) to work on /opt/airflow/dags/scd.py
[2026-07-20T09:31:36.820+0000] {processor.py:830} INFO - Processing file /opt/airflow/dags/scd.py for tasks to queue
[2026-07-20T09:31:36.822+0000] {logging_mixin.py:188} INFO - [2026-07-20T09:31:36.822+0000] {dagbag.py:545} INFO - Filling up the DagBag from /opt/airflow/dags/scd.py
[2026-07-20T09:31:36.854+0000] {processor.py:840} INFO - DAG(s) 'SCD2_snapshots' retrieved from /opt/airflow/dags/scd.py
[2026-07-20T09:31:36.894+0000] {logging_mixin.py:188} INFO - [2026-07-20T09:31:36.894+0000] {dag.py:3089} INFO - Sync 1 DAGs
[2026-07-20T09:31:36.919+0000] {logging_mixin.py:188} INFO - [2026-07-20T09:31:36.919+0000] {dag.py:3947} INFO - Setting next_dagrun for SCD2_snapshots to 2026-07-19 00:00:00+00:00, run_after=2026-07-20 00:00:00+00:00
[2026-07-20T09:31:36.940+0000] {processor.py:183} INFO - Processing /opt/airflow/dags/scd.py took 0.130 seconds
[2026-07-20T09:32:07.151+0000] {processor.py:161} INFO - Started process (PID=15759) to work on /opt/airflow/dags/scd.py
[2026-07-20T09:32:07.154+0000] {processor.py:830} INFO - Processing file /opt/airflow/dags/scd.py for tasks to queue
[2026-07-20T09:32:07.159+0000] {logging_mixin.py:188} INFO - [2026-07-20T09:32:07.158+0000] {dagbag.py:545} INFO - Filling up the DagBag from /opt/airflow/dags/scd.py
[2026-07-20T09:32:07.243+0000] {processor.py:840} INFO - DAG(s) 'SCD2_snapshots' retrieved from /opt/airflow/dags/scd.py
[2026-07-20T09:32:07.305+0000] {logging_mixin.py:188} INFO - [2026-07-20T09:32:07.304+0000] {dag.py:3089} INFO - Sync 1 DAGs
[2026-07-20T09:32:07.333+0000] {logging_mixin.py:188} INFO - [2026-07-20T09:32:07.333+0000] {dag.py:3947} INFO - Setting next_dagrun for SCD2_snapshots to 2026-07-19 00:00:00+00:00, run_after=2026-07-20 00:00:00+00:00
[2026-07-20T09:32:07.360+0000] {processor.py:183} INFO - Processing /opt/airflow/dags/scd.py took 0.221 seconds
[2026-07-20T09:32:37.717+0000] {processor.py:161} INFO - Started process (PID=15764) to work on /opt/airflow/dags/scd.py
[2026-07-20T09:32:37.719+0000] {processor.py:830} INFO - Processing file /opt/airflow/dags/scd.py for tasks to queue
[2026-07-20T09:32:37.723+0000] {logging_mixin.py:188} INFO - [2026-07-20T09:32:37.722+0000] {dagbag.py:545} INFO - Filling up the DagBag from /opt/airflow/dags/scd.py
[2026-07-20T09:32:37.758+0000] {processor.py:840} INFO - DAG(s) 'SCD2_snapshots' retrieved from /opt/airflow/dags/scd.py
[2026-07-20T09:32:37.818+0000] {logging_mixin.py:188} INFO - [2026-07-20T09:32:37.817+0000] {dag.py:3089} INFO - Sync 1 DAGs
[2026-07-20T09:32:37.848+0000] {logging_mixin.py:188} INFO - [2026-07-20T09:32:37.848+0000] {dag.py:3947} INFO - Setting next_dagrun for SCD2_snapshots to 2026-07-19 00:00:00+00:00, run_after=2026-07-20 00:00:00+00:00
[2026-07-20T09:32:37.906+0000] {processor.py:183} INFO - Processing /opt/airflow/dags/scd.py took 0.203 seconds
[2026-07-20T09:33:08.319+0000] {processor.py:161} INFO - Started process (PID=15769) to work on /opt/airflow/dags/scd.py
[2026-07-20T09:33:08.322+0000] {processor.py:830} INFO - Processing file /opt/airflow/dags/scd.py for tasks to queue
[2026-07-20T09:33:08.326+0000] {logging_mixin.py:188} INFO - [2026-07-20T09:33:08.325+0000] {dagbag.py:545} INFO - Filling up the DagBag from /opt/airflow/dags/scd.py
[2026-07-20T09:33:08.360+0000] {processor.py:840} INFO - DAG(s) 'SCD2_snapshots' retrieved from /opt/airflow/dags/scd.py
[2026-07-20T09:33:08.416+0000] {logging_mixin.py:188} INFO - [2026-07-20T09:33:08.415+0000] {dag.py:3089} INFO - Sync 1 DAGs
[2026-07-20T09:33:08.471+0000] {logging_mixin.py:188} INFO - [2026-07-20T09:33:08.471+0000] {dag.py:3947} INFO - Setting next_dagrun for SCD2_snapshots to 2026-07-19 00:00:00+00:00, run_after=2026-07-20 00:00:00+00:00
[2026-07-20T09:33:08.514+0000] {processor.py:183} INFO - Processing /opt/airflow/dags/scd.py took 0.213 seconds
[2026-07-20T09:33:38.638+0000] {processor.py:161} INFO - Started process (PID=15774) to work on /opt/airflow/dags/scd.py
[2026-07-20T09:33:38.640+0000] {processor.py:830} INFO - Processing file /opt/airflow/dags/scd.py for tasks to queue
[2026-07-20T09:33:38.645+0000] {logging_mixin.py:188} INFO - [2026-07-20T09:33:38.645+0000] {dagbag.py:545} INFO - Filling up the DagBag from /opt/airflow/dags/scd.py
[2026-07-20T09:33:38.699+0000] {processor.py:840} INFO - DAG(s) 'SCD2_snapshots' retrieved from /opt/airflow/dags/scd.py
[2026-07-20T09:33:38.763+0000] {logging_mixin.py:188} INFO - [2026-07-20T09:33:38.763+0000] {dag.py:3089} INFO - Sync 1 DAGs
[2026-07-20T09:33:38.795+0000] {logging_mixin.py:188} INFO - [2026-07-20T09:33:38.795+0000] {dag.py:3947} INFO - Setting next_dagrun for SCD2_snapshots to 2026-07-19 00:00:00+00:00, run_after=2026-07-20 00:00:00+00:00
[2026-07-20T09:33:38.823+0000] {processor.py:183} INFO - Processing /opt/airflow/dags/scd.py took 0.201 seconds
[2026-07-20T09:34:09.157+0000] {processor.py:161} INFO - Started process (PID=15779) to work on /opt/airflow/dags/scd.py
[2026-07-20T09:34:09.161+0000] {processor.py:830} INFO - Processing file /opt/airflow/dags/scd.py for tasks to queue
[2026-07-20T09:34:09.170+0000] {logging_mixin.py:188} INFO - [2026-07-20T09:34:09.167+0000] {dagbag.py:545} INFO - Filling up the DagBag from /opt/airflow/dags/scd.py
[2026-07-20T09:34:09.289+0000] {processor.py:840} INFO - DAG(s) 'SCD2_snapshots' retrieved from /opt/airflow/dags/scd.py
[2026-07-20T09:34:09.426+0000] {logging_mixin.py:188} INFO - [2026-07-20T09:34:09.426+0000] {dag.py:3089} INFO - Sync 1 DAGs
[2026-07-20T09:34:09.497+0000] {logging_mixin.py:188} INFO - [2026-07-20T09:34:09.497+0000] {dag.py:3947} INFO - Setting next_dagrun for SCD2_snapshots to 2026-07-19 00:00:00+00:00, run_after=2026-07-20 00:00:00+00:00
[2026-07-20T09:34:09.541+0000] {processor.py:183} INFO - Processing /opt/airflow/dags/scd.py took 0.404 seconds
[2026-07-20T09:34:39.850+0000] {processor.py:161} INFO - Started process (PID=15784) to work on /opt/airflow/dags/scd.py
[2026-07-20T09:34:39.851+0000] {processor.py:830} INFO - Processing file /opt/airflow/dags/scd.py for tasks to queue
[2026-07-20T09:34:39.853+0000] {logging_mixin.py:188} INFO - [2026-07-20T09:34:39.853+0000] {dagbag.py:545} INFO - Filling up the DagBag from /opt/airflow/dags/scd.py
[2026-07-20T09:34:39.881+0000] {processor.py:840} INFO - DAG(s) 'SCD2_snapshots' retrieved from /opt/airflow/dags/scd.py
[2026-07-20T09:34:39.918+0000] {logging_mixin.py:188} INFO - [2026-07-20T09:34:39.918+0000] {dag.py:3089} INFO - Sync 1 DAGs
[2026-07-20T09:34:39.943+0000] {logging_mixin.py:188} INFO - [2026-07-20T09:34:39.943+0000] {dag.py:3947} INFO - Setting next_dagrun for SCD2_snapshots to 2026-07-19 00:00:00+00:00, run_after=2026-07-20 00:00:00+00:00
[2026-07-20T09:34:39.968+0000] {processor.py:183} INFO - Processing /opt/airflow/dags/scd.py took 0.126 seconds
[2026-07-20T09:35:10.069+0000] {processor.py:161} INFO - Started process (PID=15789) to work on /opt/airflow/dags/scd.py
[2026-07-20T09:35:10.070+0000] {processor.py:830} INFO - Processing file /opt/airflow/dags/scd.py for tasks to queue
[2026-07-20T09:35:10.074+0000] {logging_mixin.py:188} INFO - [2026-07-20T09:35:10.073+0000] {dagbag.py:545} INFO - Filling up the DagBag from /opt/airflow/dags/scd.py
[2026-07-20T09:35:10.105+0000] {processor.py:840} INFO - DAG(s) 'SCD2_snapshots' retrieved from /opt/airflow/dags/scd.py
[2026-07-20T09:35:10.144+0000] {logging_mixin.py:188} INFO - [2026-07-20T09:35:10.144+0000] {dag.py:3089} INFO - Sync 1 DAGs
[2026-07-20T09:35:10.172+0000] {logging_mixin.py:188} INFO - [2026-07-20T09:35:10.172+0000] {dag.py:3947} INFO - Setting next_dagrun for SCD2_snapshots to 2026-07-19 00:00:00+00:00, run_after=2026-07-20 00:00:00+00:00
[2026-07-20T09:35:10.198+0000] {processor.py:183} INFO - Processing /opt/airflow/dags/scd.py took 0.137 seconds
[2026-07-20T09:35:40.465+0000] {processor.py:161} INFO - Started process (PID=15794) to work on /opt/airflow/dags/scd.py
[2026-07-20T09:35:40.467+0000] {processor.py:830} INFO - Processing file /opt/airflow/dags/scd.py for tasks to queue
[2026-07-20T09:35:40.471+0000] {logging_mixin.py:188} INFO - [2026-07-20T09:35:40.471+0000] {dagbag.py:545} INFO - Filling up the DagBag from /opt/airflow/dags/scd.py
[2026-07-20T09:35:40.554+0000] {processor.py:840} INFO - DAG(s) 'SCD2_snapshots' retrieved from /opt/airflow/dags/scd.py
[2026-07-20T09:35:40.618+0000] {logging_mixin.py:188} INFO - [2026-07-20T09:35:40.618+0000] {dag.py:3089} INFO - Sync 1 DAGs
[2026-07-20T09:35:40.646+0000] {logging_mixin.py:188} INFO - [2026-07-20T09:35:40.645+0000] {dag.py:3947} INFO - Setting next_dagrun for SCD2_snapshots to 2026-07-19 00:00:00+00:00, run_after=2026-07-20 00:00:00+00:00
[2026-07-20T09:35:40.665+0000] {processor.py:183} INFO - Processing /opt/airflow/dags/scd.py took 0.219 seconds
[2026-07-20T09:36:10.999+0000] {processor.py:161} INFO - Started process (PID=15799) to work on /opt/airflow/dags/scd.py
[2026-07-20T09:36:11.001+0000] {processor.py:830} INFO - Processing file /opt/airflow/dags/scd.py for tasks to queue
[2026-07-20T09:36:11.006+0000] {logging_mixin.py:188} INFO - [2026-07-20T09:36:11.005+0000] {dagbag.py:545} INFO - Filling up the DagBag from /opt/airflow/dags/scd.py
[2026-07-20T09:36:11.036+0000] {processor.py:840} INFO - DAG(s) 'SCD2_snapshots' retrieved from /opt/airflow/dags/scd.py
[2026-07-20T09:36:11.073+0000] {logging_mixin.py:188} INFO - [2026-07-20T09:36:11.072+0000] {dag.py:3089} INFO - Sync 1 DAGs
[2026-07-20T09:36:11.096+0000] {logging_mixin.py:188} INFO - [2026-07-20T09:36:11.096+0000] {dag.py:3947} INFO - Setting next_dagrun for SCD2_snapshots to 2026-07-19 00:00:00+00:00, run_after=2026-07-20 00:00:00+00:00
[2026-07-20T09:36:11.120+0000] {processor.py:183} INFO - Processing /opt/airflow/dags/scd.py took 0.135 seconds
[2026-07-20T09:36:41.293+0000] {processor.py:161} INFO - Started process (PID=15804) to work on /opt/airflow/dags/scd.py
[2026-07-20T09:36:41.295+0000] {processor.py:830} INFO - Processing file /opt/airflow/dags/scd.py for tasks to queue
[2026-07-20T09:36:41.297+0000] {logging_mixin.py:188} INFO - [2026-07-20T09:36:41.297+0000] {dagbag.py:545} INFO - Filling up the DagBag from /opt/airflow/dags/scd.py
[2026-07-20T09:36:41.322+0000] {processor.py:840} INFO - DAG(s) 'SCD2_snapshots' retrieved from /opt/airflow/dags/scd.py
[2026-07-20T09:36:41.364+0000] {logging_mixin.py:188} INFO - [2026-07-20T09:36:41.364+0000] {dag.py:3089} INFO - Sync 1 DAGs
[2026-07-20T09:36:41.390+0000] {logging_mixin.py:188} INFO - [2026-07-20T09:36:41.390+0000] {dag.py:3947} INFO - Setting next_dagrun for SCD2_snapshots to 2026-07-19 00:00:00+00:00, run_after=2026-07-20 00:00:00+00:00
[2026-07-20T09:36:41.412+0000] {processor.py:183} INFO - Processing /opt/airflow/dags/scd.py took 0.125 seconds
[2026-07-20T09:37:11.646+0000] {processor.py:161} INFO - Started process (PID=15809) to work on /opt/airflow/dags/scd.py
[2026-07-20T09:37:11.651+0000] {processor.py:830} INFO - Processing file /opt/airflow/dags/scd.py for tasks to queue
[2026-07-20T09:37:11.655+0000] {logging_mixin.py:188} INFO - [2026-07-20T09:37:11.654+0000] {dagbag.py:545} INFO - Filling up the DagBag from /opt/airflow/dags/scd.py
[2026-07-20T09:37:11.700+0000] {processor.py:840} INFO - DAG(s) 'SCD2_snapshots' retrieved from /opt/airflow/dags/scd.py
[2026-07-20T09:37:11.753+0000] {logging_mixin.py:188} INFO - [2026-07-20T09:37:11.753+0000] {dag.py:3089} INFO - Sync 1 DAGs
[2026-07-20T09:37:11.788+0000] {logging_mixin.py:188} INFO - [2026-07-20T09:37:11.787+0000] {dag.py:3947} INFO - Setting next_dagrun for SCD2_snapshots to 2026-07-19 00:00:00+00:00, run_after=2026-07-20 00:00:00+00:00
[2026-07-20T09:37:11.823+0000] {processor.py:183} INFO - Processing /opt/airflow/dags/scd.py took 0.193 seconds
[2026-07-20T09:37:42.056+0000] {processor.py:161} INFO - Started process (PID=15814) to work on /opt/airflow/dags/scd.py
[2026-07-20T09:37:42.059+0000] {processor.py:830} INFO - Processing file /opt/airflow/dags/scd.py for tasks to queue
[2026-07-20T09:37:42.063+0000] {logging_mixin.py:188} INFO - [2026-07-20T09:37:42.063+0000] {dagbag.py:545} INFO - Filling up the DagBag from /opt/airflow/dags/scd.py
[2026-07-20T09:37:42.096+0000] {processor.py:840} INFO - DAG(s) 'SCD2_snapshots' retrieved from /opt/airflow/dags/scd.py
[2026-07-20T09:37:42.131+0000] {logging_mixin.py:188} INFO - [2026-07-20T09:37:42.130+0000] {dag.py:3089} INFO - Sync 1 DAGs
[2026-07-20T09:37:42.154+0000] {logging_mixin.py:188} INFO - [2026-07-20T09:37:42.154+0000] {dag.py:3947} INFO - Setting next_dagrun for SCD2_snapshots to 2026-07-19 00:00:00+00:00, run_after=2026-07-20 00:00:00+00:00
[2026-07-20T09:37:42.181+0000] {processor.py:183} INFO - Processing /opt/airflow/dags/scd.py took 0.142 seconds
[2026-07-20T09:38:12.331+0000] {processor.py:161} INFO - Started process (PID=15819) to work on /opt/airflow/dags/scd.py
[2026-07-20T09:38:12.332+0000] {processor.py:830} INFO - Processing file /opt/airflow/dags/scd.py for tasks to queue
[2026-07-20T09:38:12.335+0000] {logging_mixin.py:188} INFO - [2026-07-20T09:38:12.335+0000] {dagbag.py:545} INFO - Filling up the DagBag from /opt/airflow/dags/scd.py
[2026-07-20T09:38:12.370+0000] {processor.py:840} INFO - DAG(s) 'SCD2_snapshots' retrieved from /opt/airflow/dags/scd.py
[2026-07-20T09:38:12.427+0000] {logging_mixin.py:188} INFO - [2026-07-20T09:38:12.427+0000] {dag.py:3089} INFO - Sync 1 DAGs
[2026-07-20T09:38:12.481+0000] {logging_mixin.py:188} INFO - [2026-07-20T09:38:12.480+0000] {dag.py:3947} INFO - Setting next_dagrun for SCD2_snapshots to 2026-07-19 00:00:00+00:00, run_after=2026-07-20 00:00:00+00:00
[2026-07-20T09:38:12.528+0000] {processor.py:183} INFO - Processing /opt/airflow/dags/scd.py took 0.207 seconds
[2026-07-20T09:38:42.864+0000] {processor.py:161} INFO - Started process (PID=15824) to work on /opt/airflow/dags/scd.py
[2026-07-20T09:38:42.867+0000] {processor.py:830} INFO - Processing file /opt/airflow/dags/scd.py for tasks to queue
[2026-07-20T09:38:42.872+0000] {logging_mixin.py:188} INFO - [2026-07-20T09:38:42.871+0000] {dagbag.py:545} INFO - Filling up the DagBag from /opt/airflow/dags/scd.py
[2026-07-20T09:38:42.937+0000] {processor.py:840} INFO - DAG(s) 'SCD2_snapshots' retrieved from /opt/airflow/dags/scd.py
[2026-07-20T09:38:43.033+0000] {logging_mixin.py:188} INFO - [2026-07-20T09:38:43.032+0000] {dag.py:3089} INFO - Sync 1 DAGs
[2026-07-20T09:38:43.123+0000] {logging_mixin.py:188} INFO - [2026-07-20T09:38:43.123+0000] {dag.py:3947} INFO - Setting next_dagrun for SCD2_snapshots to 2026-07-19 00:00:00+00:00, run_after=2026-07-20 00:00:00+00:00
[2026-07-20T09:38:43.162+0000] {processor.py:183} INFO - Processing /opt/airflow/dags/scd.py took 0.316 seconds
[2026-07-20T09:39:13.572+0000] {processor.py:161} INFO - Started process (PID=15829) to work on /opt/airflow/dags/scd.py
[2026-07-20T09:39:13.574+0000] {processor.py:830} INFO - Processing file /opt/airflow/dags/scd.py for tasks to queue
[2026-07-20T09:39:13.577+0000] {logging_mixin.py:188} INFO - [2026-07-20T09:39:13.577+0000] {dagbag.py:545} INFO - Filling up the DagBag from /opt/airflow/dags/scd.py
[2026-07-20T09:39:13.610+0000] {processor.py:840} INFO - DAG(s) 'SCD2_snapshots' retrieved from /opt/airflow/dags/scd.py
[2026-07-20T09:39:13.674+0000] {logging_mixin.py:188} INFO - [2026-07-20T09:39:13.674+0000] {dag.py:3089} INFO - Sync 1 DAGs
[2026-07-20T09:39:13.704+0000] {logging_mixin.py:188} INFO - [2026-07-20T09:39:13.704+0000] {dag.py:3947} INFO - Setting next_dagrun for SCD2_snapshots to 2026-07-19 00:00:00+00:00, run_after=2026-07-20 00:00:00+00:00
[2026-07-20T09:39:13.728+0000] {processor.py:183} INFO - Processing /opt/airflow/dags/scd.py took 0.166 seconds
[2026-07-20T09:39:43.926+0000] {processor.py:161} INFO - Started process (PID=15834) to work on /opt/airflow/dags/scd.py
[2026-07-20T09:39:43.928+0000] {processor.py:830} INFO - Processing file /opt/airflow/dags/scd.py for tasks to queue
[2026-07-20T09:39:43.930+0000] {logging_mixin.py:188} INFO - [2026-07-20T09:39:43.930+0000] {dagbag.py:545} INFO - Filling up the DagBag from /opt/airflow/dags/scd.py
[2026-07-20T09:39:43.957+0000] {processor.py:840} INFO - DAG(s) 'SCD2_snapshots' retrieved from /opt/airflow/dags/scd.py
[2026-07-20T09:39:43.997+0000] {logging_mixin.py:188} INFO - [2026-07-20T09:39:43.997+0000] {dag.py:3089} INFO - Sync 1 DAGs
[2026-07-20T09:39:44.022+0000] {logging_mixin.py:188} INFO - [2026-07-20T09:39:44.022+0000] {dag.py:3947} INFO - Setting next_dagrun for SCD2_snapshots to 2026-07-19 00:00:00+00:00, run_after=2026-07-20 00:00:00+00:00
[2026-07-20T09:39:44.045+0000] {processor.py:183} INFO - Processing /opt/airflow/dags/scd.py took 0.126 seconds
[2026-07-20T09:40:14.320+0000] {processor.py:161} INFO - Started process (PID=15839) to work on /opt/airflow/dags/scd.py
[2026-07-20T09:40:14.321+0000] {processor.py:830} INFO - Processing file /opt/airflow/dags/scd.py for tasks to queue
[2026-07-20T09:40:14.324+0000] {logging_mixin.py:188} INFO - [2026-07-20T09:40:14.323+0000] {dagbag.py:545} INFO - Filling up the DagBag from /opt/airflow/dags/scd.py
[2026-07-20T09:40:14.350+0000] {processor.py:840} INFO - DAG(s) 'SCD2_snapshots' retrieved from /opt/airflow/dags/scd.py
[2026-07-20T09:40:14.387+0000] {logging_mixin.py:188} INFO - [2026-07-20T09:40:14.387+0000] {dag.py:3089} INFO - Sync 1 DAGs
[2026-07-20T09:40:14.411+0000] {logging_mixin.py:188} INFO - [2026-07-20T09:40:14.410+0000] {dag.py:3947} INFO - Setting next_dagrun for SCD2_snapshots to 2026-07-19 00:00:00+00:00, run_after=2026-07-20 00:00:00+00:00
[2026-07-20T09:40:14.433+0000] {processor.py:183} INFO - Processing /opt/airflow/dags/scd.py took 0.120 seconds
[2026-07-20T09:40:44.669+0000] {processor.py:161} INFO - Started process (PID=15840) to work on /opt/airflow/dags/scd.py
[2026-07-20T09:40:44.671+0000] {processor.py:830} INFO - Processing file /opt/airflow/dags/scd.py for tasks to queue
[2026-07-20T09:40:44.674+0000] {logging_mixin.py:188} INFO - [2026-07-20T09:40:44.673+0000] {dagbag.py:545} INFO - Filling up the DagBag from /opt/airflow/dags/scd.py
[2026-07-20T09:40:44.714+0000] {processor.py:840} INFO - DAG(s) 'SCD2_snapshots' retrieved from /opt/airflow/dags/scd.py
[2026-07-20T09:40:44.772+0000] {logging_mixin.py:188} INFO - [2026-07-20T09:40:44.772+0000] {dag.py:3089} INFO - Sync 1 DAGs
[2026-07-20T09:40:44.811+0000] {logging_mixin.py:188} INFO - [2026-07-20T09:40:44.810+0000] {dag.py:3947} INFO - Setting next_dagrun for SCD2_snapshots to 2026-07-19 00:00:00+00:00, run_after=2026-07-20 00:00:00+00:00
[2026-07-20T09:40:44.845+0000] {processor.py:183} INFO - Processing /opt/airflow/dags/scd.py took 0.188 seconds
[2026-07-20T09:41:15.105+0000] {processor.py:161} INFO - Started process (PID=15845) to work on /opt/airflow/dags/scd.py
[2026-07-20T09:41:15.110+0000] {processor.py:830} INFO - Processing file /opt/airflow/dags/scd.py for tasks to queue
[2026-07-20T09:41:15.115+0000] {logging_mixin.py:188} INFO - [2026-07-20T09:41:15.115+0000] {dagbag.py:545} INFO - Filling up the DagBag from /opt/airflow/dags/scd.py
[2026-07-20T09:41:15.154+0000] {processor.py:840} INFO - DAG(s) 'SCD2_snapshots' retrieved from /opt/airflow/dags/scd.py
[2026-07-20T09:41:15.215+0000] {logging_mixin.py:188} INFO - [2026-07-20T09:41:15.215+0000] {dag.py:3089} INFO - Sync 1 DAGs
[2026-07-20T09:41:15.251+0000] {logging_mixin.py:188} INFO - [2026-07-20T09:41:15.250+0000] {dag.py:3947} INFO - Setting next_dagrun for SCD2_snapshots to 2026-07-19 00:00:00+00:00, run_after=2026-07-20 00:00:00+00:00
[2026-07-20T09:41:15.286+0000] {processor.py:183} INFO - Processing /opt/airflow/dags/scd.py took 0.188 seconds
[2026-07-20T09:41:45.464+0000] {processor.py:161} INFO - Started process (PID=15850) to work on /opt/airflow/dags/scd.py
[2026-07-20T09:41:45.466+0000] {processor.py:830} INFO - Processing file /opt/airflow/dags/scd.py for tasks to queue
[2026-07-20T09:41:45.469+0000] {logging_mixin.py:188} INFO - [2026-07-20T09:41:45.468+0000] {dagbag.py:545} INFO - Filling up the DagBag from /opt/airflow/dags/scd.py
[2026-07-20T09:41:45.510+0000] {processor.py:840} INFO - DAG(s) 'SCD2_snapshots' retrieved from /opt/airflow/dags/scd.py
[2026-07-20T09:41:45.550+0000] {logging_mixin.py:188} INFO - [2026-07-20T09:41:45.550+0000] {dag.py:3089} INFO - Sync 1 DAGs
[2026-07-20T09:41:45.580+0000] {logging_mixin.py:188} INFO - [2026-07-20T09:41:45.580+0000] {dag.py:3947} INFO - Setting next_dagrun for SCD2_snapshots to 2026-07-19 00:00:00+00:00, run_after=2026-07-20 00:00:00+00:00
[2026-07-20T09:41:45.612+0000] {processor.py:183} INFO - Processing /opt/airflow/dags/scd.py took 0.157 seconds
[2026-07-20T09:42:15.882+0000] {processor.py:161} INFO - Started process (PID=15855) to work on /opt/airflow/dags/scd.py
[2026-07-20T09:42:15.884+0000] {processor.py:830} INFO - Processing file /opt/airflow/dags/scd.py for tasks to queue
[2026-07-20T09:42:15.886+0000] {logging_mixin.py:188} INFO - [2026-07-20T09:42:15.886+0000] {dagbag.py:545} INFO - Filling up the DagBag from /opt/airflow/dags/scd.py
[2026-07-20T09:42:15.911+0000] {processor.py:840} INFO - DAG(s) 'SCD2_snapshots' retrieved from /opt/airflow/dags/scd.py
[2026-07-20T09:42:15.949+0000] {logging_mixin.py:188} INFO - [2026-07-20T09:42:15.949+0000] {dag.py:3089} INFO - Sync 1 DAGs
[2026-07-20T09:42:15.976+0000] {logging_mixin.py:188} INFO - [2026-07-20T09:42:15.975+0000] {dag.py:3947} INFO - Setting next_dagrun for SCD2_snapshots to 2026-07-19 00:00:00+00:00, run_after=2026-07-20 00:00:00+00:00
[2026-07-20T09:42:16.001+0000] {processor.py:183} INFO - Processing /opt/airflow/dags/scd.py took 0.126 seconds
[2026-07-20T09:42:46.103+0000] {processor.py:161} INFO - Started process (PID=15860) to work on /opt/airflow/dags/scd.py
[2026-07-20T09:42:46.105+0000] {processor.py:830} INFO - Processing file /opt/airflow/dags/scd.py for tasks to queue
[2026-07-20T09:42:46.108+0000] {logging_mixin.py:188} INFO - [2026-07-20T09:42:46.107+0000] {dagbag.py:545} INFO - Filling up the DagBag from /opt/airflow/dags/scd.py
[2026-07-20T09:42:46.133+0000] {processor.py:840} INFO - DAG(s) 'SCD2_snapshots' retrieved from /opt/airflow/dags/scd.py
[2026-07-20T09:42:46.170+0000] {logging_mixin.py:188} INFO - [2026-07-20T09:42:46.169+0000] {dag.py:3089} INFO - Sync 1 DAGs
[2026-07-20T09:42:46.194+0000] {logging_mixin.py:188} INFO - [2026-07-20T09:42:46.194+0000] {dag.py:3947} INFO - Setting next_dagrun for SCD2_snapshots to 2026-07-19 00:00:00+00:00, run_after=2026-07-20 00:00:00+00:00
[2026-07-20T09:42:46.220+0000] {processor.py:183} INFO - Processing /opt/airflow/dags/scd.py took 0.123 seconds
[2026-07-20T09:43:16.455+0000] {processor.py:161} INFO - Started process (PID=15865) to work on /opt/airflow/dags/scd.py
[2026-07-20T09:43:16.456+0000] {processor.py:830} INFO - Processing file /opt/airflow/dags/scd.py for tasks to queue
[2026-07-20T09:43:16.459+0000] {logging_mixin.py:188} INFO - [2026-07-20T09:43:16.459+0000] {dagbag.py:545} INFO - Filling up the DagBag from /opt/airflow/dags/scd.py
[2026-07-20T09:43:16.488+0000] {processor.py:840} INFO - DAG(s) 'SCD2_snapshots' retrieved from /opt/airflow/dags/scd.py
[2026-07-20T09:43:16.523+0000] {logging_mixin.py:188} INFO - [2026-07-20T09:43:16.522+0000] {dag.py:3089} INFO - Sync 1 DAGs
[2026-07-20T09:43:16.546+0000] {logging_mixin.py:188} INFO - [2026-07-20T09:43:16.546+0000] {dag.py:3947} INFO - Setting next_dagrun for SCD2_snapshots to 2026-07-19 00:00:00+00:00, run_after=2026-07-20 00:00:00+00:00
[2026-07-20T09:43:16.575+0000] {processor.py:183} INFO - Processing /opt/airflow/dags/scd.py took 0.128 seconds
[2026-07-20T09:43:46.860+0000] {processor.py:161} INFO - Started process (PID=15870) to work on /opt/airflow/dags/scd.py
[2026-07-20T09:43:46.862+0000] {processor.py:830} INFO - Processing file /opt/airflow/dags/scd.py for tasks to queue
[2026-07-20T09:43:46.865+0000] {logging_mixin.py:188} INFO - [2026-07-20T09:43:46.865+0000] {dagbag.py:545} INFO - Filling up the DagBag from /opt/airflow/dags/scd.py
[2026-07-20T09:43:46.890+0000] {processor.py:840} INFO - DAG(s) 'SCD2_snapshots' retrieved from /opt/airflow/dags/scd.py
[2026-07-20T09:43:46.931+0000] {logging_mixin.py:188} INFO - [2026-07-20T09:43:46.931+0000] {dag.py:3089} INFO - Sync 1 DAGs
[2026-07-20T09:43:46.957+0000] {logging_mixin.py:188} INFO - [2026-07-20T09:43:46.956+0000] {dag.py:3947} INFO - Setting next_dagrun for SCD2_snapshots to 2026-07-19 00:00:00+00:00, run_after=2026-07-20 00:00:00+00:00
[2026-07-20T09:43:46.982+0000] {processor.py:183} INFO - Processing /opt/airflow/dags/scd.py took 0.129 seconds
[2026-07-20T09:44:17.155+0000] {processor.py:161} INFO - Started process (PID=15875) to work on /opt/airflow/dags/scd.py
[2026-07-20T09:44:17.157+0000] {processor.py:830} INFO - Processing file /opt/airflow/dags/scd.py for tasks to queue
[2026-07-20T09:44:17.159+0000] {logging_mixin.py:188} INFO - [2026-07-20T09:44:17.158+0000] {dagbag.py:545} INFO - Filling up the DagBag from /opt/airflow/dags/scd.py
[2026-07-20T09:44:17.186+0000] {processor.py:840} INFO - DAG(s) 'SCD2_snapshots' retrieved from /opt/airflow/dags/scd.py
[2026-07-20T09:44:17.225+0000] {logging_mixin.py:188} INFO - [2026-07-20T09:44:17.225+0000] {dag.py:3089} INFO - Sync 1 DAGs
[2026-07-20T09:44:17.250+0000] {logging_mixin.py:188} INFO - [2026-07-20T09:44:17.250+0000] {dag.py:3947} INFO - Setting next_dagrun for SCD2_snapshots to 2026-07-19 00:00:00+00:00, run_after=2026-07-20 00:00:00+00:00
[2026-07-20T09:44:17.274+0000] {processor.py:183} INFO - Processing /opt/airflow/dags/scd.py took 0.126 seconds
[2026-07-20T09:44:47.548+0000] {processor.py:161} INFO - Started process (PID=15880) to work on /opt/airflow/dags/scd.py
[2026-07-20T09:44:47.550+0000] {processor.py:830} INFO - Processing file /opt/airflow/dags/scd.py for tasks to queue
[2026-07-20T09:44:47.554+0000] {logging_mixin.py:188} INFO - [2026-07-20T09:44:47.554+0000] {dagbag.py:545} INFO - Filling up the DagBag from /opt/airflow/dags/scd.py
[2026-07-20T09:44:47.593+0000] {processor.py:840} INFO - DAG(s) 'SCD2_snapshots' retrieved from /opt/airflow/dags/scd.py
[2026-07-20T09:44:47.635+0000] {logging_mixin.py:188} INFO - [2026-07-20T09:44:47.635+0000] {dag.py:3089} INFO - Sync 1 DAGs
[2026-07-20T09:44:47.663+0000] {logging_mixin.py:188} INFO - [2026-07-20T09:44:47.662+0000] {dag.py:3947} INFO - Setting next_dagrun for SCD2_snapshots to 2026-07-19 00:00:00+00:00, run_after=2026-07-20 00:00:00+00:00
[2026-07-20T09:44:47.686+0000] {processor.py:183} INFO - Processing /opt/airflow/dags/scd.py took 0.145 seconds
[2026-07-20T09:45:17.747+0000] {processor.py:161} INFO - Started process (PID=15885) to work on /opt/airflow/dags/scd.py
[2026-07-20T09:45:17.750+0000] {processor.py:830} INFO - Processing file /opt/airflow/dags/scd.py for tasks to queue
[2026-07-20T09:45:17.753+0000] {logging_mixin.py:188} INFO - [2026-07-20T09:45:17.752+0000] {dagbag.py:545} INFO - Filling up the DagBag from /opt/airflow/dags/scd.py
[2026-07-20T09:45:17.786+0000] {processor.py:840} INFO - DAG(s) 'SCD2_snapshots' retrieved from /opt/airflow/dags/scd.py
[2026-07-20T09:45:17.832+0000] {logging_mixin.py:188} INFO - [2026-07-20T09:45:17.832+0000] {dag.py:3089} INFO - Sync 1 DAGs
[2026-07-20T09:45:17.859+0000] {logging_mixin.py:188} INFO - [2026-07-20T09:45:17.859+0000] {dag.py:3947} INFO - Setting next_dagrun for SCD2_snapshots to 2026-07-19 00:00:00+00:00, run_after=2026-07-20 00:00:00+00:00
[2026-07-20T09:45:17.886+0000] {processor.py:183} INFO - Processing /opt/airflow/dags/scd.py took 0.147 seconds
[2026-07-20T09:45:48.022+0000] {processor.py:161} INFO - Started process (PID=15890) to work on /opt/airflow/dags/scd.py
[2026-07-20T09:45:48.023+0000] {processor.py:830} INFO - Processing file /opt/airflow/dags/scd.py for tasks to queue
[2026-07-20T09:45:48.026+0000] {logging_mixin.py:188} INFO - [2026-07-20T09:45:48.026+0000] {dagbag.py:545} INFO - Filling up the DagBag from /opt/airflow/dags/scd.py
[2026-07-20T09:45:48.054+0000] {processor.py:840} INFO - DAG(s) 'SCD2_snapshots' retrieved from /opt/airflow/dags/scd.py
[2026-07-20T09:45:48.091+0000] {logging_mixin.py:188} INFO - [2026-07-20T09:45:48.091+0000] {dag.py:3089} INFO - Sync 1 DAGs
[2026-07-20T09:45:48.117+0000] {logging_mixin.py:188} INFO - [2026-07-20T09:45:48.117+0000] {dag.py:3947} INFO - Setting next_dagrun for SCD2_snapshots to 2026-07-19 00:00:00+00:00, run_after=2026-07-20 00:00:00+00:00
[2026-07-20T09:45:48.142+0000] {processor.py:183} INFO - Processing /opt/airflow/dags/scd.py took 0.131 seconds
[2026-07-20T09:46:18.420+0000] {processor.py:161} INFO - Started process (PID=15895) to work on /opt/airflow/dags/scd.py
[2026-07-20T09:46:18.421+0000] {processor.py:830} INFO - Processing file /opt/airflow/dags/scd.py for tasks to queue
[2026-07-20T09:46:18.424+0000] {logging_mixin.py:188} INFO - [2026-07-20T09:46:18.423+0000] {dagbag.py:545} INFO - Filling up the DagBag from /opt/airflow/dags/scd.py
[2026-07-20T09:46:18.452+0000] {processor.py:840} INFO - DAG(s) 'SCD2_snapshots' retrieved from /opt/airflow/dags/scd.py
[2026-07-20T09:46:18.490+0000] {logging_mixin.py:188} INFO - [2026-07-20T09:46:18.489+0000] {dag.py:3089} INFO - Sync 1 DAGs
[2026-07-20T09:46:18.514+0000] {logging_mixin.py:188} INFO - [2026-07-20T09:46:18.513+0000] {dag.py:3947} INFO - Setting next_dagrun for SCD2_snapshots to 2026-07-19 00:00:00+00:00, run_after=2026-07-20 00:00:00+00:00
[2026-07-20T09:46:18.546+0000] {processor.py:183} INFO - Processing /opt/airflow/dags/scd.py took 0.133 seconds
[2026-07-20T09:46:48.662+0000] {processor.py:161} INFO - Started process (PID=15900) to work on /opt/airflow/dags/scd.py
[2026-07-20T09:46:48.663+0000] {processor.py:830} INFO - Processing file /opt/airflow/dags/scd.py for tasks to queue
[2026-07-20T09:46:48.666+0000] {logging_mixin.py:188} INFO - [2026-07-20T09:46:48.666+0000] {dagbag.py:545} INFO - Filling up the DagBag from /opt/airflow/dags/scd.py
[2026-07-20T09:46:48.698+0000] {processor.py:840} INFO - DAG(s) 'SCD2_snapshots' retrieved from /opt/airflow/dags/scd.py
[2026-07-20T09:46:48.752+0000] {logging_mixin.py:188} INFO - [2026-07-20T09:46:48.751+0000] {dag.py:3089} INFO - Sync 1 DAGs
[2026-07-20T09:46:48.795+0000] {logging_mixin.py:188} INFO - [2026-07-20T09:46:48.794+0000] {dag.py:3947} INFO - Setting next_dagrun for SCD2_snapshots to 2026-07-19 00:00:00+00:00, run_after=2026-07-20 00:00:00+00:00
[2026-07-20T09:46:48.818+0000] {processor.py:183} INFO - Processing /opt/airflow/dags/scd.py took 0.166 seconds
[2026-07-20T09:47:19.094+0000] {processor.py:161} INFO - Started process (PID=15905) to work on /opt/airflow/dags/scd.py
[2026-07-20T09:47:19.096+0000] {processor.py:830} INFO - Processing file /opt/airflow/dags/scd.py for tasks to queue
[2026-07-20T09:47:19.099+0000] {logging_mixin.py:188} INFO - [2026-07-20T09:47:19.099+0000] {dagbag.py:545} INFO - Filling up the DagBag from /opt/airflow/dags/scd.py
[2026-07-20T09:47:19.133+0000] {processor.py:840} INFO - DAG(s) 'SCD2_snapshots' retrieved from /opt/airflow/dags/scd.py
[2026-07-20T09:47:19.180+0000] {logging_mixin.py:188} INFO - [2026-07-20T09:47:19.180+0000] {dag.py:3089} INFO - Sync 1 DAGs
[2026-07-20T09:47:19.206+0000] {logging_mixin.py:188} INFO - [2026-07-20T09:47:19.206+0000] {dag.py:3947} INFO - Setting next_dagrun for SCD2_snapshots to 2026-07-19 00:00:00+00:00, run_after=2026-07-20 00:00:00+00:00
[2026-07-20T09:47:19.230+0000] {processor.py:183} INFO - Processing /opt/airflow/dags/scd.py took 0.143 seconds
[2026-07-20T09:47:49.416+0000] {processor.py:161} INFO - Started process (PID=15910) to work on /opt/airflow/dags/scd.py
[2026-07-20T09:47:49.417+0000] {processor.py:830} INFO - Processing file /opt/airflow/dags/scd.py for tasks to queue
[2026-07-20T09:47:49.421+0000] {logging_mixin.py:188} INFO - [2026-07-20T09:47:49.420+0000] {dagbag.py:545} INFO - Filling up the DagBag from /opt/airflow/dags/scd.py
[2026-07-20T09:47:49.448+0000] {processor.py:840} INFO - DAG(s) 'SCD2_snapshots' retrieved from /opt/airflow/dags/scd.py
[2026-07-20T09:47:49.492+0000] {logging_mixin.py:188} INFO - [2026-07-20T09:47:49.491+0000] {dag.py:3089} INFO - Sync 1 DAGs
[2026-07-20T09:47:49.518+0000] {logging_mixin.py:188} INFO - [2026-07-20T09:47:49.518+0000] {dag.py:3947} INFO - Setting next_dagrun for SCD2_snapshots to 2026-07-19 00:00:00+00:00, run_after=2026-07-20 00:00:00+00:00
[2026-07-20T09:47:49.542+0000] {processor.py:183} INFO - Processing /opt/airflow/dags/scd.py took 0.133 seconds
[2026-07-20T09:48:19.696+0000] {processor.py:161} INFO - Started process (PID=15915) to work on /opt/airflow/dags/scd.py
[2026-07-20T09:48:19.698+0000] {processor.py:830} INFO - Processing file /opt/airflow/dags/scd.py for tasks to queue
[2026-07-20T09:48:19.701+0000] {logging_mixin.py:188} INFO - [2026-07-20T09:48:19.701+0000] {dagbag.py:545} INFO - Filling up the DagBag from /opt/airflow/dags/scd.py
[2026-07-20T09:48:19.742+0000] {processor.py:840} INFO - DAG(s) 'SCD2_snapshots' retrieved from /opt/airflow/dags/scd.py
[2026-07-20T09:48:19.786+0000] {logging_mixin.py:188} INFO - [2026-07-20T09:48:19.785+0000] {dag.py:3089} INFO - Sync 1 DAGs
[2026-07-20T09:48:19.826+0000] {logging_mixin.py:188} INFO - [2026-07-20T09:48:19.826+0000] {dag.py:3947} INFO - Setting next_dagrun for SCD2_snapshots to 2026-07-19 00:00:00+00:00, run_after=2026-07-20 00:00:00+00:00
[2026-07-20T09:48:19.858+0000] {processor.py:183} INFO - Processing /opt/airflow/dags/scd.py took 0.172 seconds
[2026-07-20T09:48:50.115+0000] {processor.py:161} INFO - Started process (PID=15920) to work on /opt/airflow/dags/scd.py
[2026-07-20T09:48:50.117+0000] {processor.py:830} INFO - Processing file /opt/airflow/dags/scd.py for tasks to queue
[2026-07-20T09:48:50.120+0000] {logging_mixin.py:188} INFO - [2026-07-20T09:48:50.120+0000] {dagbag.py:545} INFO - Filling up the DagBag from /opt/airflow/dags/scd.py
[2026-07-20T09:48:50.148+0000] {processor.py:840} INFO - DAG(s) 'SCD2_snapshots' retrieved from /opt/airflow/dags/scd.py
[2026-07-20T09:48:50.190+0000] {logging_mixin.py:188} INFO - [2026-07-20T09:48:50.189+0000] {dag.py:3089} INFO - Sync 1 DAGs
[2026-07-20T09:48:50.227+0000] {logging_mixin.py:188} INFO - [2026-07-20T09:48:50.226+0000] {dag.py:3947} INFO - Setting next_dagrun for SCD2_snapshots to 2026-07-19 00:00:00+00:00, run_after=2026-07-20 00:00:00+00:00
[2026-07-20T09:48:50.268+0000] {processor.py:183} INFO - Processing /opt/airflow/dags/scd.py took 0.160 seconds
[2026-07-20T09:49:20.432+0000] {processor.py:161} INFO - Started process (PID=15925) to work on /opt/airflow/dags/scd.py
[2026-07-20T09:49:20.433+0000] {processor.py:830} INFO - Processing file /opt/airflow/dags/scd.py for tasks to queue
[2026-07-20T09:49:20.435+0000] {logging_mixin.py:188} INFO - [2026-07-20T09:49:20.435+0000] {dagbag.py:545} INFO - Filling up the DagBag from /opt/airflow/dags/scd.py
[2026-07-20T09:49:20.461+0000] {processor.py:840} INFO - DAG(s) 'SCD2_snapshots' retrieved from /opt/airflow/dags/scd.py
[2026-07-20T09:49:20.501+0000] {logging_mixin.py:188} INFO - [2026-07-20T09:49:20.501+0000] {dag.py:3089} INFO - Sync 1 DAGs
[2026-07-20T09:49:20.535+0000] {logging_mixin.py:188} INFO - [2026-07-20T09:49:20.535+0000] {dag.py:3947} INFO - Setting next_dagrun for SCD2_snapshots to 2026-07-19 00:00:00+00:00, run_after=2026-07-20 00:00:00+00:00
[2026-07-20T09:49:20.568+0000] {processor.py:183} INFO - Processing /opt/airflow/dags/scd.py took 0.144 seconds
[2026-07-20T09:49:50.868+0000] {processor.py:161} INFO - Started process (PID=15930) to work on /opt/airflow/dags/scd.py
[2026-07-20T09:49:50.869+0000] {processor.py:830} INFO - Processing file /opt/airflow/dags/scd.py for tasks to queue
[2026-07-20T09:49:50.872+0000] {logging_mixin.py:188} INFO - [2026-07-20T09:49:50.871+0000] {dagbag.py:545} INFO - Filling up the DagBag from /opt/airflow/dags/scd.py
[2026-07-20T09:49:50.903+0000] {processor.py:840} INFO - DAG(s) 'SCD2_snapshots' retrieved from /opt/airflow/dags/scd.py
[2026-07-20T09:49:50.941+0000] {logging_mixin.py:188} INFO - [2026-07-20T09:49:50.940+0000] {dag.py:3089} INFO - Sync 1 DAGs
[2026-07-20T09:49:50.967+0000] {logging_mixin.py:188} INFO - [2026-07-20T09:49:50.967+0000] {dag.py:3947} INFO - Setting next_dagrun for SCD2_snapshots to 2026-07-19 00:00:00+00:00, run_after=2026-07-20 00:00:00+00:00
[2026-07-20T09:49:50.990+0000] {processor.py:183} INFO - Processing /opt/airflow/dags/scd.py took 0.132 seconds
[2026-07-20T09:50:21.081+0000] {processor.py:161} INFO - Started process (PID=15935) to work on /opt/airflow/dags/scd.py
[2026-07-20T09:50:21.083+0000] {processor.py:830} INFO - Processing file /opt/airflow/dags/scd.py for tasks to queue
[2026-07-20T09:50:21.086+0000] {logging_mixin.py:188} INFO - [2026-07-20T09:50:21.085+0000] {dagbag.py:545} INFO - Filling up the DagBag from /opt/airflow/dags/scd.py
[2026-07-20T09:50:21.121+0000] {processor.py:840} INFO - DAG(s) 'SCD2_snapshots' retrieved from /opt/airflow/dags/scd.py
[2026-07-20T09:50:21.189+0000] {logging_mixin.py:188} INFO - [2026-07-20T09:50:21.188+0000] {dag.py:3089} INFO - Sync 1 DAGs
[2026-07-20T09:50:21.235+0000] {logging_mixin.py:188} INFO - [2026-07-20T09:50:21.235+0000] {dag.py:3947} INFO - Setting next_dagrun for SCD2_snapshots to 2026-07-19 00:00:00+00:00, run_after=2026-07-20 00:00:00+00:00
[2026-07-20T09:50:21.267+0000] {processor.py:183} INFO - Processing /opt/airflow/dags/scd.py took 0.195 seconds
[2026-07-20T09:50:51.684+0000] {processor.py:161} INFO - Started process (PID=15940) to work on /opt/airflow/dags/scd.py
[2026-07-20T09:50:51.687+0000] {processor.py:830} INFO - Processing file /opt/airflow/dags/scd.py for tasks to queue
[2026-07-20T09:50:51.691+0000] {logging_mixin.py:188} INFO - [2026-07-20T09:50:51.690+0000] {dagbag.py:545} INFO - Filling up the DagBag from /opt/airflow/dags/scd.py
[2026-07-20T09:50:51.722+0000] {processor.py:840} INFO - DAG(s) 'SCD2_snapshots' retrieved from /opt/airflow/dags/scd.py
[2026-07-20T09:50:51.769+0000] {logging_mixin.py:188} INFO - [2026-07-20T09:50:51.769+0000] {dag.py:3089} INFO - Sync 1 DAGs
[2026-07-20T09:50:51.800+0000] {logging_mixin.py:188} INFO - [2026-07-20T09:50:51.800+0000] {dag.py:3947} INFO - Setting next_dagrun for SCD2_snapshots to 2026-07-19 00:00:00+00:00, run_after=2026-07-20 00:00:00+00:00
[2026-07-20T09:50:51.833+0000] {processor.py:183} INFO - Processing /opt/airflow/dags/scd.py took 0.160 seconds
[2026-07-20T09:51:22.240+0000] {processor.py:161} INFO - Started process (PID=15945) to work on /opt/airflow/dags/scd.py
[2026-07-20T09:51:22.242+0000] {processor.py:830} INFO - Processing file /opt/airflow/dags/scd.py for tasks to queue
[2026-07-20T09:51:22.245+0000] {logging_mixin.py:188} INFO - [2026-07-20T09:51:22.245+0000] {dagbag.py:545} INFO - Filling up the DagBag from /opt/airflow/dags/scd.py
[2026-07-20T09:51:22.277+0000] {processor.py:840} INFO - DAG(s) 'SCD2_snapshots' retrieved from /opt/airflow/dags/scd.py
[2026-07-20T09:51:22.320+0000] {logging_mixin.py:188} INFO - [2026-07-20T09:51:22.320+0000] {dag.py:3089} INFO - Sync 1 DAGs
[2026-07-20T09:51:22.351+0000] {logging_mixin.py:188} INFO - [2026-07-20T09:51:22.351+0000] {dag.py:3947} INFO - Setting next_dagrun for SCD2_snapshots to 2026-07-19 00:00:00+00:00, run_after=2026-07-20 00:00:00+00:00
[2026-07-20T09:51:22.380+0000] {processor.py:183} INFO - Processing /opt/airflow/dags/scd.py took 0.148 seconds
[2026-07-20T09:51:52.800+0000] {processor.py:161} INFO - Started process (PID=15950) to work on /opt/airflow/dags/scd.py
[2026-07-20T09:51:52.802+0000] {processor.py:830} INFO - Processing file /opt/airflow/dags/scd.py for tasks to queue
[2026-07-20T09:51:52.804+0000] {logging_mixin.py:188} INFO - [2026-07-20T09:51:52.804+0000] {dagbag.py:545} INFO - Filling up the DagBag from /opt/airflow/dags/scd.py
[2026-07-20T09:51:52.831+0000] {processor.py:840} INFO - DAG(s) 'SCD2_snapshots' retrieved from /opt/airflow/dags/scd.py
[2026-07-20T09:51:52.867+0000] {logging_mixin.py:188} INFO - [2026-07-20T09:51:52.866+0000] {dag.py:3089} INFO - Sync 1 DAGs
[2026-07-20T09:51:52.892+0000] {logging_mixin.py:188} INFO - [2026-07-20T09:51:52.891+0000] {dag.py:3947} INFO - Setting next_dagrun for SCD2_snapshots to 2026-07-19 00:00:00+00:00, run_after=2026-07-20 00:00:00+00:00
[2026-07-20T09:51:52.917+0000] {processor.py:183} INFO - Processing /opt/airflow/dags/scd.py took 0.134 seconds
[2026-07-20T09:52:23.011+0000] {processor.py:161} INFO - Started process (PID=15955) to work on /opt/airflow/dags/scd.py
[2026-07-20T09:52:23.013+0000] {processor.py:830} INFO - Processing file /opt/airflow/dags/scd.py for tasks to queue
[2026-07-20T09:52:23.015+0000] {logging_mixin.py:188} INFO - [2026-07-20T09:52:23.015+0000] {dagbag.py:545} INFO - Filling up the DagBag from /opt/airflow/dags/scd.py
[2026-07-20T09:52:23.042+0000] {processor.py:840} INFO - DAG(s) 'SCD2_snapshots' retrieved from /opt/airflow/dags/scd.py
[2026-07-20T09:52:23.078+0000] {logging_mixin.py:188} INFO - [2026-07-20T09:52:23.077+0000] {dag.py:3089} INFO - Sync 1 DAGs
[2026-07-20T09:52:23.101+0000] {logging_mixin.py:188} INFO - [2026-07-20T09:52:23.101+0000] {dag.py:3947} INFO - Setting next_dagrun for SCD2_snapshots to 2026-07-19 00:00:00+00:00, run_after=2026-07-20 00:00:00+00:00
[2026-07-20T09:52:23.123+0000] {processor.py:183} INFO - Processing /opt/airflow/dags/scd.py took 0.118 seconds
[2026-07-20T09:52:53.315+0000] {processor.py:161} INFO - Started process (PID=15960) to work on /opt/airflow/dags/scd.py
[2026-07-20T09:52:53.317+0000] {processor.py:830} INFO - Processing file /opt/airflow/dags/scd.py for tasks to queue
[2026-07-20T09:52:53.319+0000] {logging_mixin.py:188} INFO - [2026-07-20T09:52:53.319+0000] {dagbag.py:545} INFO - Filling up the DagBag from /opt/airflow/dags/scd.py
[2026-07-20T09:52:53.355+0000] {processor.py:840} INFO - DAG(s) 'SCD2_snapshots' retrieved from /opt/airflow/dags/scd.py
[2026-07-20T09:52:53.392+0000] {logging_mixin.py:188} INFO - [2026-07-20T09:52:53.392+0000] {dag.py:3089} INFO - Sync 1 DAGs
[2026-07-20T09:52:53.417+0000] {logging_mixin.py:188} INFO - [2026-07-20T09:52:53.416+0000] {dag.py:3947} INFO - Setting next_dagrun for SCD2_snapshots to 2026-07-19 00:00:00+00:00, run_after=2026-07-20 00:00:00+00:00
[2026-07-20T09:52:53.440+0000] {processor.py:183} INFO - Processing /opt/airflow/dags/scd.py took 0.137 seconds
[2026-07-20T09:53:23.625+0000] {processor.py:161} INFO - Started process (PID=15965) to work on /opt/airflow/dags/scd.py
[2026-07-20T09:53:23.626+0000] {processor.py:830} INFO - Processing file /opt/airflow/dags/scd.py for tasks to queue
[2026-07-20T09:53:23.628+0000] {logging_mixin.py:188} INFO - [2026-07-20T09:53:23.628+0000] {dagbag.py:545} INFO - Filling up the DagBag from /opt/airflow/dags/scd.py
[2026-07-20T09:53:23.654+0000] {processor.py:840} INFO - DAG(s) 'SCD2_snapshots' retrieved from /opt/airflow/dags/scd.py
[2026-07-20T09:53:23.691+0000] {logging_mixin.py:188} INFO - [2026-07-20T09:53:23.691+0000] {dag.py:3089} INFO - Sync 1 DAGs
[2026-07-20T09:53:23.715+0000] {logging_mixin.py:188} INFO - [2026-07-20T09:53:23.715+0000] {dag.py:3947} INFO - Setting next_dagrun for SCD2_snapshots to 2026-07-19 00:00:00+00:00, run_after=2026-07-20 00:00:00+00:00
[2026-07-20T09:53:23.740+0000] {processor.py:183} INFO - Processing /opt/airflow/dags/scd.py took 0.122 seconds
[2026-07-20T09:53:54.040+0000] {processor.py:161} INFO - Started process (PID=15970) to work on /opt/airflow/dags/scd.py
[2026-07-20T09:53:54.042+0000] {processor.py:830} INFO - Processing file /opt/airflow/dags/scd.py for tasks to queue
[2026-07-20T09:53:54.045+0000] {logging_mixin.py:188} INFO - [2026-07-20T09:53:54.045+0000] {dagbag.py:545} INFO - Filling up the DagBag from /opt/airflow/dags/scd.py
[2026-07-20T09:53:54.074+0000] {processor.py:840} INFO - DAG(s) 'SCD2_snapshots' retrieved from /opt/airflow/dags/scd.py
[2026-07-20T09:53:54.112+0000] {logging_mixin.py:188} INFO - [2026-07-20T09:53:54.112+0000] {dag.py:3089} INFO - Sync 1 DAGs
[2026-07-20T09:53:54.137+0000] {logging_mixin.py:188} INFO - [2026-07-20T09:53:54.136+0000] {dag.py:3947} INFO - Setting next_dagrun for SCD2_snapshots to 2026-07-19 00:00:00+00:00, run_after=2026-07-20 00:00:00+00:00
[2026-07-20T09:53:54.159+0000] {processor.py:183} INFO - Processing /opt/airflow/dags/scd.py took 0.129 seconds
[2026-07-20T09:54:24.289+0000] {processor.py:161} INFO - Started process (PID=15975) to work on /opt/airflow/dags/scd.py
[2026-07-20T09:54:24.290+0000] {processor.py:830} INFO - Processing file /opt/airflow/dags/scd.py for tasks to queue
[2026-07-20T09:54:24.293+0000] {logging_mixin.py:188} INFO - [2026-07-20T09:54:24.292+0000] {dagbag.py:545} INFO - Filling up the DagBag from /opt/airflow/dags/scd.py
[2026-07-20T09:54:24.322+0000] {processor.py:840} INFO - DAG(s) 'SCD2_snapshots' retrieved from /opt/airflow/dags/scd.py
[2026-07-20T09:54:24.358+0000] {logging_mixin.py:188} INFO - [2026-07-20T09:54:24.358+0000] {dag.py:3089} INFO - Sync 1 DAGs
[2026-07-20T09:54:24.383+0000] {logging_mixin.py:188} INFO - [2026-07-20T09:54:24.383+0000] {dag.py:3947} INFO - Setting next_dagrun for SCD2_snapshots to 2026-07-19 00:00:00+00:00, run_after=2026-07-20 00:00:00+00:00
[2026-07-20T09:54:24.405+0000] {processor.py:183} INFO - Processing /opt/airflow/dags/scd.py took 0.125 seconds
[2026-07-20T09:54:54.758+0000] {processor.py:161} INFO - Started process (PID=15980) to work on /opt/airflow/dags/scd.py
[2026-07-20T09:54:54.759+0000] {processor.py:830} INFO - Processing file /opt/airflow/dags/scd.py for tasks to queue
[2026-07-20T09:54:54.761+0000] {logging_mixin.py:188} INFO - [2026-07-20T09:54:54.761+0000] {dagbag.py:545} INFO - Filling up the DagBag from /opt/airflow/dags/scd.py
[2026-07-20T09:54:54.789+0000] {processor.py:840} INFO - DAG(s) 'SCD2_snapshots' retrieved from /opt/airflow/dags/scd.py
[2026-07-20T09:54:54.826+0000] {logging_mixin.py:188} INFO - [2026-07-20T09:54:54.826+0000] {dag.py:3089} INFO - Sync 1 DAGs
[2026-07-20T09:54:54.850+0000] {logging_mixin.py:188} INFO - [2026-07-20T09:54:54.850+0000] {dag.py:3947} INFO - Setting next_dagrun for SCD2_snapshots to 2026-07-19 00:00:00+00:00, run_after=2026-07-20 00:00:00+00:00
[2026-07-20T09:54:54.874+0000] {processor.py:183} INFO - Processing /opt/airflow/dags/scd.py took 0.124 seconds
[2026-07-20T09:55:25.013+0000] {processor.py:161} INFO - Started process (PID=15985) to work on /opt/airflow/dags/scd.py
[2026-07-20T09:55:25.016+0000] {processor.py:830} INFO - Processing file /opt/airflow/dags/scd.py for tasks to queue
[2026-07-20T09:55:25.018+0000] {logging_mixin.py:188} INFO - [2026-07-20T09:55:25.017+0000] {dagbag.py:545} INFO - Filling up the DagBag from /opt/airflow/dags/scd.py
[2026-07-20T09:55:25.049+0000] {processor.py:840} INFO - DAG(s) 'SCD2_snapshots' retrieved from /opt/airflow/dags/scd.py
[2026-07-20T09:55:25.088+0000] {logging_mixin.py:188} INFO - [2026-07-20T09:55:25.087+0000] {dag.py:3089} INFO - Sync 1 DAGs
[2026-07-20T09:55:25.112+0000] {logging_mixin.py:188} INFO - [2026-07-20T09:55:25.112+0000] {dag.py:3947} INFO - Setting next_dagrun for SCD2_snapshots to 2026-07-19 00:00:00+00:00, run_after=2026-07-20 00:00:00+00:00
[2026-07-20T09:55:25.137+0000] {processor.py:183} INFO - Processing /opt/airflow/dags/scd.py took 0.131 seconds
[2026-07-20T09:55:55.313+0000] {processor.py:161} INFO - Started process (PID=15990) to work on /opt/airflow/dags/scd.py
[2026-07-20T09:55:55.314+0000] {processor.py:830} INFO - Processing file /opt/airflow/dags/scd.py for tasks to queue
[2026-07-20T09:55:55.316+0000] {logging_mixin.py:188} INFO - [2026-07-20T09:55:55.316+0000] {dagbag.py:545} INFO - Filling up the DagBag from /opt/airflow/dags/scd.py
[2026-07-20T09:55:55.345+0000] {processor.py:840} INFO - DAG(s) 'SCD2_snapshots' retrieved from /opt/airflow/dags/scd.py
[2026-07-20T09:55:55.382+0000] {logging_mixin.py:188} INFO - [2026-07-20T09:55:55.382+0000] {dag.py:3089} INFO - Sync 1 DAGs
[2026-07-20T09:55:55.407+0000] {logging_mixin.py:188} INFO - [2026-07-20T09:55:55.407+0000] {dag.py:3947} INFO - Setting next_dagrun for SCD2_snapshots to 2026-07-19 00:00:00+00:00, run_after=2026-07-20 00:00:00+00:00
[2026-07-20T09:55:55.431+0000] {processor.py:183} INFO - Processing /opt/airflow/dags/scd.py took 0.126 seconds
[2026-07-20T09:56:25.711+0000] {processor.py:161} INFO - Started process (PID=15991) to work on /opt/airflow/dags/scd.py
[2026-07-20T09:56:25.713+0000] {processor.py:830} INFO - Processing file /opt/airflow/dags/scd.py for tasks to queue
[2026-07-20T09:56:25.715+0000] {logging_mixin.py:188} INFO - [2026-07-20T09:56:25.715+0000] {dagbag.py:545} INFO - Filling up the DagBag from /opt/airflow/dags/scd.py
[2026-07-20T09:56:25.746+0000] {processor.py:840} INFO - DAG(s) 'SCD2_snapshots' retrieved from /opt/airflow/dags/scd.py
[2026-07-20T09:56:25.786+0000] {logging_mixin.py:188} INFO - [2026-07-20T09:56:25.786+0000] {dag.py:3089} INFO - Sync 1 DAGs
[2026-07-20T09:56:25.814+0000] {logging_mixin.py:188} INFO - [2026-07-20T09:56:25.814+0000] {dag.py:3947} INFO - Setting next_dagrun for SCD2_snapshots to 2026-07-19 00:00:00+00:00, run_after=2026-07-20 00:00:00+00:00
[2026-07-20T09:56:25.837+0000] {processor.py:183} INFO - Processing /opt/airflow/dags/scd.py took 0.134 seconds
[2026-07-20T09:56:56.152+0000] {processor.py:161} INFO - Started process (PID=15996) to work on /opt/airflow/dags/scd.py
[2026-07-20T09:56:56.154+0000] {processor.py:830} INFO - Processing file /opt/airflow/dags/scd.py for tasks to queue
[2026-07-20T09:56:56.157+0000] {logging_mixin.py:188} INFO - [2026-07-20T09:56:56.157+0000] {dagbag.py:545} INFO - Filling up the DagBag from /opt/airflow/dags/scd.py
[2026-07-20T09:56:56.188+0000] {processor.py:840} INFO - DAG(s) 'SCD2_snapshots' retrieved from /opt/airflow/dags/scd.py
[2026-07-20T09:56:56.235+0000] {logging_mixin.py:188} INFO - [2026-07-20T09:56:56.234+0000] {dag.py:3089} INFO - Sync 1 DAGs
[2026-07-20T09:56:56.265+0000] {logging_mixin.py:188} INFO - [2026-07-20T09:56:56.265+0000] {dag.py:3947} INFO - Setting next_dagrun for SCD2_snapshots to 2026-07-19 00:00:00+00:00, run_after=2026-07-20 00:00:00+00:00
[2026-07-20T09:56:56.286+0000] {processor.py:183} INFO - Processing /opt/airflow/dags/scd.py took 0.142 seconds
[2026-07-20T09:57:26.380+0000] {processor.py:161} INFO - Started process (PID=16001) to work on /opt/airflow/dags/scd.py
[2026-07-20T09:57:26.382+0000] {processor.py:830} INFO - Processing file /opt/airflow/dags/scd.py for tasks to queue
[2026-07-20T09:57:26.384+0000] {logging_mixin.py:188} INFO - [2026-07-20T09:57:26.384+0000] {dagbag.py:545} INFO - Filling up the DagBag from /opt/airflow/dags/scd.py
[2026-07-20T09:57:26.411+0000] {processor.py:840} INFO - DAG(s) 'SCD2_snapshots' retrieved from /opt/airflow/dags/scd.py
[2026-07-20T09:57:26.449+0000] {logging_mixin.py:188} INFO - [2026-07-20T09:57:26.448+0000] {dag.py:3089} INFO - Sync 1 DAGs
[2026-07-20T09:57:26.474+0000] {logging_mixin.py:188} INFO - [2026-07-20T09:57:26.474+0000] {dag.py:3947} INFO - Setting next_dagrun for SCD2_snapshots to 2026-07-19 00:00:00+00:00, run_after=2026-07-20 00:00:00+00:00
[2026-07-20T09:57:26.497+0000] {processor.py:183} INFO - Processing /opt/airflow/dags/scd.py took 0.125 seconds
[2026-07-20T09:57:56.643+0000] {processor.py:161} INFO - Started process (PID=16006) to work on /opt/airflow/dags/scd.py
[2026-07-20T09:57:56.644+0000] {processor.py:830} INFO - Processing file /opt/airflow/dags/scd.py for tasks to queue
[2026-07-20T09:57:56.646+0000] {logging_mixin.py:188} INFO - [2026-07-20T09:57:56.646+0000] {dagbag.py:545} INFO - Filling up the DagBag from /opt/airflow/dags/scd.py
[2026-07-20T09:57:56.676+0000] {processor.py:840} INFO - DAG(s) 'SCD2_snapshots' retrieved from /opt/airflow/dags/scd.py
[2026-07-20T09:57:56.716+0000] {logging_mixin.py:188} INFO - [2026-07-20T09:57:56.715+0000] {dag.py:3089} INFO - Sync 1 DAGs
[2026-07-20T09:57:56.742+0000] {logging_mixin.py:188} INFO - [2026-07-20T09:57:56.742+0000] {dag.py:3947} INFO - Setting next_dagrun for SCD2_snapshots to 2026-07-19 00:00:00+00:00, run_after=2026-07-20 00:00:00+00:00
[2026-07-20T09:57:56.767+0000] {processor.py:183} INFO - Processing /opt/airflow/dags/scd.py took 0.132 seconds
[2026-07-20T09:58:27.039+0000] {processor.py:161} INFO - Started process (PID=16011) to work on /opt/airflow/dags/scd.py
[2026-07-20T09:58:27.040+0000] {processor.py:830} INFO - Processing file /opt/airflow/dags/scd.py for tasks to queue
[2026-07-20T09:58:27.042+0000] {logging_mixin.py:188} INFO - [2026-07-20T09:58:27.042+0000] {dagbag.py:545} INFO - Filling up the DagBag from /opt/airflow/dags/scd.py
[2026-07-20T09:58:27.070+0000] {processor.py:840} INFO - DAG(s) 'SCD2_snapshots' retrieved from /opt/airflow/dags/scd.py
[2026-07-20T09:58:27.107+0000] {logging_mixin.py:188} INFO - [2026-07-20T09:58:27.107+0000] {dag.py:3089} INFO - Sync 1 DAGs
[2026-07-20T09:58:27.131+0000] {logging_mixin.py:188} INFO - [2026-07-20T09:58:27.131+0000] {dag.py:3947} INFO - Setting next_dagrun for SCD2_snapshots to 2026-07-19 00:00:00+00:00, run_after=2026-07-20 00:00:00+00:00
[2026-07-20T09:58:27.154+0000] {processor.py:183} INFO - Processing /opt/airflow/dags/scd.py took 0.123 seconds
[2026-07-20T09:58:57.372+0000] {processor.py:161} INFO - Started process (PID=16016) to work on /opt/airflow/dags/scd.py
[2026-07-20T09:58:57.373+0000] {processor.py:830} INFO - Processing file /opt/airflow/dags/scd.py for tasks to queue
[2026-07-20T09:58:57.376+0000] {logging_mixin.py:188} INFO - [2026-07-20T09:58:57.376+0000] {dagbag.py:545} INFO - Filling up the DagBag from /opt/airflow/dags/scd.py
[2026-07-20T09:58:57.403+0000] {processor.py:840} INFO - DAG(s) 'SCD2_snapshots' retrieved from /opt/airflow/dags/scd.py
[2026-07-20T09:58:57.442+0000] {logging_mixin.py:188} INFO - [2026-07-20T09:58:57.441+0000] {dag.py:3089} INFO - Sync 1 DAGs
[2026-07-20T09:58:57.472+0000] {logging_mixin.py:188} INFO - [2026-07-20T09:58:57.472+0000] {dag.py:3947} INFO - Setting next_dagrun for SCD2_snapshots to 2026-07-19 00:00:00+00:00, run_after=2026-07-20 00:00:00+00:00
[2026-07-20T09:58:57.503+0000] {processor.py:183} INFO - Processing /opt/airflow/dags/scd.py took 0.138 seconds
[2026-07-20T09:59:27.724+0000] {processor.py:161} INFO - Started process (PID=16021) to work on /opt/airflow/dags/scd.py
[2026-07-20T09:59:27.726+0000] {processor.py:830} INFO - Processing file /opt/airflow/dags/scd.py for tasks to queue
[2026-07-20T09:59:27.729+0000] {logging_mixin.py:188} INFO - [2026-07-20T09:59:27.729+0000] {dagbag.py:545} INFO - Filling up the DagBag from /opt/airflow/dags/scd.py
[2026-07-20T09:59:27.757+0000] {processor.py:840} INFO - DAG(s) 'SCD2_snapshots' retrieved from /opt/airflow/dags/scd.py
[2026-07-20T09:59:27.795+0000] {logging_mixin.py:188} INFO - [2026-07-20T09:59:27.795+0000] {dag.py:3089} INFO - Sync 1 DAGs
[2026-07-20T09:59:27.819+0000] {logging_mixin.py:188} INFO - [2026-07-20T09:59:27.819+0000] {dag.py:3947} INFO - Setting next_dagrun for SCD2_snapshots to 2026-07-19 00:00:00+00:00, run_after=2026-07-20 00:00:00+00:00
[2026-07-20T09:59:27.845+0000] {processor.py:183} INFO - Processing /opt/airflow/dags/scd.py took 0.129 seconds
[2026-07-20T09:59:58.148+0000] {processor.py:161} INFO - Started process (PID=16026) to work on /opt/airflow/dags/scd.py
[2026-07-20T09:59:58.150+0000] {processor.py:830} INFO - Processing file /opt/airflow/dags/scd.py for tasks to queue
[2026-07-20T09:59:58.152+0000] {logging_mixin.py:188} INFO - [2026-07-20T09:59:58.152+0000] {dagbag.py:545} INFO - Filling up the DagBag from /opt/airflow/dags/scd.py
[2026-07-20T09:59:58.178+0000] {processor.py:840} INFO - DAG(s) 'SCD2_snapshots' retrieved from /opt/airflow/dags/scd.py
[2026-07-20T09:59:58.215+0000] {logging_mixin.py:188} INFO - [2026-07-20T09:59:58.215+0000] {dag.py:3089} INFO - Sync 1 DAGs
[2026-07-20T09:59:58.241+0000] {logging_mixin.py:188} INFO - [2026-07-20T09:59:58.241+0000] {dag.py:3947} INFO - Setting next_dagrun for SCD2_snapshots to 2026-07-19 00:00:00+00:00, run_after=2026-07-20 00:00:00+00:00
[2026-07-20T09:59:58.264+0000] {processor.py:183} INFO - Processing /opt/airflow/dags/scd.py took 0.123 seconds
[2026-07-20T10:00:28.499+0000] {processor.py:161} INFO - Started process (PID=16031) to work on /opt/airflow/dags/scd.py
[2026-07-20T10:00:28.500+0000] {processor.py:830} INFO - Processing file /opt/airflow/dags/scd.py for tasks to queue
[2026-07-20T10:00:28.504+0000] {logging_mixin.py:188} INFO - [2026-07-20T10:00:28.503+0000] {dagbag.py:545} INFO - Filling up the DagBag from /opt/airflow/dags/scd.py
[2026-07-20T10:00:28.532+0000] {processor.py:840} INFO - DAG(s) 'SCD2_snapshots' retrieved from /opt/airflow/dags/scd.py
[2026-07-20T10:00:28.572+0000] {logging_mixin.py:188} INFO - [2026-07-20T10:00:28.572+0000] {dag.py:3089} INFO - Sync 1 DAGs
[2026-07-20T10:00:28.603+0000] {logging_mixin.py:188} INFO - [2026-07-20T10:00:28.603+0000] {dag.py:3947} INFO - Setting next_dagrun for SCD2_snapshots to 2026-07-19 00:00:00+00:00, run_after=2026-07-20 00:00:00+00:00
[2026-07-20T10:00:28.628+0000] {processor.py:183} INFO - Processing /opt/airflow/dags/scd.py took 0.137 seconds
[2026-07-20T10:00:58.749+0000] {processor.py:161} INFO - Started process (PID=16036) to work on /opt/airflow/dags/scd.py
[2026-07-20T10:00:58.751+0000] {processor.py:830} INFO - Processing file /opt/airflow/dags/scd.py for tasks to queue
[2026-07-20T10:00:58.754+0000] {logging_mixin.py:188} INFO - [2026-07-20T10:00:58.754+0000] {dagbag.py:545} INFO - Filling up the DagBag from /opt/airflow/dags/scd.py
[2026-07-20T10:00:58.781+0000] {processor.py:840} INFO - DAG(s) 'SCD2_snapshots' retrieved from /opt/airflow/dags/scd.py
[2026-07-20T10:00:58.829+0000] {logging_mixin.py:188} INFO - [2026-07-20T10:00:58.829+0000] {dag.py:3089} INFO - Sync 1 DAGs
[2026-07-20T10:00:58.860+0000] {logging_mixin.py:188} INFO - [2026-07-20T10:00:58.859+0000] {dag.py:3947} INFO - Setting next_dagrun for SCD2_snapshots to 2026-07-19 00:00:00+00:00, run_after=2026-07-20 00:00:00+00:00
[2026-07-20T10:00:58.890+0000] {processor.py:183} INFO - Processing /opt/airflow/dags/scd.py took 0.148 seconds
[2026-07-20T10:01:29.238+0000] {processor.py:161} INFO - Started process (PID=16041) to work on /opt/airflow/dags/scd.py
[2026-07-20T10:01:29.240+0000] {processor.py:830} INFO - Processing file /opt/airflow/dags/scd.py for tasks to queue
[2026-07-20T10:01:29.242+0000] {logging_mixin.py:188} INFO - [2026-07-20T10:01:29.242+0000] {dagbag.py:545} INFO - Filling up the DagBag from /opt/airflow/dags/scd.py
[2026-07-20T10:01:29.267+0000] {processor.py:840} INFO - DAG(s) 'SCD2_snapshots' retrieved from /opt/airflow/dags/scd.py
[2026-07-20T10:01:29.304+0000] {logging_mixin.py:188} INFO - [2026-07-20T10:01:29.304+0000] {dag.py:3089} INFO - Sync 1 DAGs
[2026-07-20T10:01:29.330+0000] {logging_mixin.py:188} INFO - [2026-07-20T10:01:29.329+0000] {dag.py:3947} INFO - Setting next_dagrun for SCD2_snapshots to 2026-07-19 00:00:00+00:00, run_after=2026-07-20 00:00:00+00:00
[2026-07-20T10:01:29.354+0000] {processor.py:183} INFO - Processing /opt/airflow/dags/scd.py took 0.123 seconds
[2026-07-20T10:01:59.557+0000] {processor.py:161} INFO - Started process (PID=16046) to work on /opt/airflow/dags/scd.py
[2026-07-20T10:01:59.559+0000] {processor.py:830} INFO - Processing file /opt/airflow/dags/scd.py for tasks to queue
[2026-07-20T10:01:59.563+0000] {logging_mixin.py:188} INFO - [2026-07-20T10:01:59.562+0000] {dagbag.py:545} INFO - Filling up the DagBag from /opt/airflow/dags/scd.py
[2026-07-20T10:01:59.607+0000] {processor.py:840} INFO - DAG(s) 'SCD2_snapshots' retrieved from /opt/airflow/dags/scd.py
[2026-07-20T10:01:59.657+0000] {logging_mixin.py:188} INFO - [2026-07-20T10:01:59.656+0000] {dag.py:3089} INFO - Sync 1 DAGs
[2026-07-20T10:01:59.685+0000] {logging_mixin.py:188} INFO - [2026-07-20T10:01:59.685+0000] {dag.py:3947} INFO - Setting next_dagrun for SCD2_snapshots to 2026-07-19 00:00:00+00:00, run_after=2026-07-20 00:00:00+00:00
[2026-07-20T10:01:59.718+0000] {processor.py:183} INFO - Processing /opt/airflow/dags/scd.py took 0.168 seconds
[2026-07-20T10:02:29.870+0000] {processor.py:161} INFO - Started process (PID=16051) to work on /opt/airflow/dags/scd.py
[2026-07-20T10:02:29.874+0000] {processor.py:830} INFO - Processing file /opt/airflow/dags/scd.py for tasks to queue
[2026-07-20T10:02:29.879+0000] {logging_mixin.py:188} INFO - [2026-07-20T10:02:29.878+0000] {dagbag.py:545} INFO - Filling up the DagBag from /opt/airflow/dags/scd.py
[2026-07-20T10:02:29.917+0000] {processor.py:840} INFO - DAG(s) 'SCD2_snapshots' retrieved from /opt/airflow/dags/scd.py
[2026-07-20T10:02:29.959+0000] {logging_mixin.py:188} INFO - [2026-07-20T10:02:29.958+0000] {dag.py:3089} INFO - Sync 1 DAGs
[2026-07-20T10:02:29.986+0000] {logging_mixin.py:188} INFO - [2026-07-20T10:02:29.986+0000] {dag.py:3947} INFO - Setting next_dagrun for SCD2_snapshots to 2026-07-19 00:00:00+00:00, run_after=2026-07-20 00:00:00+00:00
[2026-07-20T10:02:30.012+0000] {processor.py:183} INFO - Processing /opt/airflow/dags/scd.py took 0.157 seconds
[2026-07-20T10:03:00.173+0000] {processor.py:161} INFO - Started process (PID=16056) to work on /opt/airflow/dags/scd.py
[2026-07-20T10:03:00.175+0000] {processor.py:830} INFO - Processing file /opt/airflow/dags/scd.py for tasks to queue
[2026-07-20T10:03:00.178+0000] {logging_mixin.py:188} INFO - [2026-07-20T10:03:00.177+0000] {dagbag.py:545} INFO - Filling up the DagBag from /opt/airflow/dags/scd.py
[2026-07-20T10:03:00.212+0000] {processor.py:840} INFO - DAG(s) 'SCD2_snapshots' retrieved from /opt/airflow/dags/scd.py
[2026-07-20T10:03:00.251+0000] {logging_mixin.py:188} INFO - [2026-07-20T10:03:00.251+0000] {dag.py:3089} INFO - Sync 1 DAGs
[2026-07-20T10:03:00.279+0000] {logging_mixin.py:188} INFO - [2026-07-20T10:03:00.279+0000] {dag.py:3947} INFO - Setting next_dagrun for SCD2_snapshots to 2026-07-19 00:00:00+00:00, run_after=2026-07-20 00:00:00+00:00
[2026-07-20T10:03:00.303+0000] {processor.py:183} INFO - Processing /opt/airflow/dags/scd.py took 0.139 seconds
[2026-07-20T10:03:30.616+0000] {processor.py:161} INFO - Started process (PID=16061) to work on /opt/airflow/dags/scd.py
[2026-07-20T10:03:30.617+0000] {processor.py:830} INFO - Processing file /opt/airflow/dags/scd.py for tasks to queue
[2026-07-20T10:03:30.621+0000] {logging_mixin.py:188} INFO - [2026-07-20T10:03:30.620+0000] {dagbag.py:545} INFO - Filling up the DagBag from /opt/airflow/dags/scd.py
[2026-07-20T10:03:30.647+0000] {processor.py:840} INFO - DAG(s) 'SCD2_snapshots' retrieved from /opt/airflow/dags/scd.py
[2026-07-20T10:03:30.684+0000] {logging_mixin.py:188} INFO - [2026-07-20T10:03:30.684+0000] {dag.py:3089} INFO - Sync 1 DAGs
[2026-07-20T10:03:30.711+0000] {logging_mixin.py:188} INFO - [2026-07-20T10:03:30.710+0000] {dag.py:3947} INFO - Setting next_dagrun for SCD2_snapshots to 2026-07-19 00:00:00+00:00, run_after=2026-07-20 00:00:00+00:00
[2026-07-20T10:03:30.734+0000] {processor.py:183} INFO - Processing /opt/airflow/dags/scd.py took 0.126 seconds
[2026-07-20T10:04:00.868+0000] {processor.py:161} INFO - Started process (PID=16066) to work on /opt/airflow/dags/scd.py
[2026-07-20T10:04:00.870+0000] {processor.py:830} INFO - Processing file /opt/airflow/dags/scd.py for tasks to queue
[2026-07-20T10:04:00.872+0000] {logging_mixin.py:188} INFO - [2026-07-20T10:04:00.872+0000] {dagbag.py:545} INFO - Filling up the DagBag from /opt/airflow/dags/scd.py
[2026-07-20T10:04:00.898+0000] {processor.py:840} INFO - DAG(s) 'SCD2_snapshots' retrieved from /opt/airflow/dags/scd.py
[2026-07-20T10:04:00.938+0000] {logging_mixin.py:188} INFO - [2026-07-20T10:04:00.938+0000] {dag.py:3089} INFO - Sync 1 DAGs
[2026-07-20T10:04:00.967+0000] {logging_mixin.py:188} INFO - [2026-07-20T10:04:00.966+0000] {dag.py:3947} INFO - Setting next_dagrun for SCD2_snapshots to 2026-07-19 00:00:00+00:00, run_after=2026-07-20 00:00:00+00:00
[2026-07-20T10:04:00.990+0000] {processor.py:183} INFO - Processing /opt/airflow/dags/scd.py took 0.130 seconds
[2026-07-20T10:04:31.061+0000] {processor.py:161} INFO - Started process (PID=16071) to work on /opt/airflow/dags/scd.py
[2026-07-20T10:04:31.063+0000] {processor.py:830} INFO - Processing file /opt/airflow/dags/scd.py for tasks to queue
[2026-07-20T10:04:31.066+0000] {logging_mixin.py:188} INFO - [2026-07-20T10:04:31.066+0000] {dagbag.py:545} INFO - Filling up the DagBag from /opt/airflow/dags/scd.py
[2026-07-20T10:04:31.091+0000] {processor.py:840} INFO - DAG(s) 'SCD2_snapshots' retrieved from /opt/airflow/dags/scd.py
[2026-07-20T10:04:31.129+0000] {logging_mixin.py:188} INFO - [2026-07-20T10:04:31.129+0000] {dag.py:3089} INFO - Sync 1 DAGs
[2026-07-20T10:04:31.155+0000] {logging_mixin.py:188} INFO - [2026-07-20T10:04:31.154+0000] {dag.py:3947} INFO - Setting next_dagrun for SCD2_snapshots to 2026-07-19 00:00:00+00:00, run_after=2026-07-20 00:00:00+00:00
[2026-07-20T10:04:31.181+0000] {processor.py:183} INFO - Processing /opt/airflow/dags/scd.py took 0.126 seconds
[2026-07-20T10:05:01.260+0000] {processor.py:161} INFO - Started process (PID=16076) to work on /opt/airflow/dags/scd.py
[2026-07-20T10:05:01.262+0000] {processor.py:830} INFO - Processing file /opt/airflow/dags/scd.py for tasks to queue
[2026-07-20T10:05:01.264+0000] {logging_mixin.py:188} INFO - [2026-07-20T10:05:01.264+0000] {dagbag.py:545} INFO - Filling up the DagBag from /opt/airflow/dags/scd.py
[2026-07-20T10:05:01.291+0000] {processor.py:840} INFO - DAG(s) 'SCD2_snapshots' retrieved from /opt/airflow/dags/scd.py
[2026-07-20T10:05:01.329+0000] {logging_mixin.py:188} INFO - [2026-07-20T10:05:01.328+0000] {dag.py:3089} INFO - Sync 1 DAGs
[2026-07-20T10:05:01.353+0000] {logging_mixin.py:188} INFO - [2026-07-20T10:05:01.353+0000] {dag.py:3947} INFO - Setting next_dagrun for SCD2_snapshots to 2026-07-19 00:00:00+00:00, run_after=2026-07-20 00:00:00+00:00
[2026-07-20T10:05:01.375+0000] {processor.py:183} INFO - Processing /opt/airflow/dags/scd.py took 0.123 seconds
[2026-07-20T10:05:31.650+0000] {processor.py:161} INFO - Started process (PID=16081) to work on /opt/airflow/dags/scd.py
[2026-07-20T10:05:31.652+0000] {processor.py:830} INFO - Processing file /opt/airflow/dags/scd.py for tasks to queue
[2026-07-20T10:05:31.654+0000] {logging_mixin.py:188} INFO - [2026-07-20T10:05:31.654+0000] {dagbag.py:545} INFO - Filling up the DagBag from /opt/airflow/dags/scd.py
[2026-07-20T10:05:31.681+0000] {processor.py:840} INFO - DAG(s) 'SCD2_snapshots' retrieved from /opt/airflow/dags/scd.py
[2026-07-20T10:05:31.718+0000] {logging_mixin.py:188} INFO - [2026-07-20T10:05:31.718+0000] {dag.py:3089} INFO - Sync 1 DAGs
[2026-07-20T10:05:31.741+0000] {logging_mixin.py:188} INFO - [2026-07-20T10:05:31.741+0000] {dag.py:3947} INFO - Setting next_dagrun for SCD2_snapshots to 2026-07-19 00:00:00+00:00, run_after=2026-07-20 00:00:00+00:00
[2026-07-20T10:05:31.765+0000] {processor.py:183} INFO - Processing /opt/airflow/dags/scd.py took 0.123 seconds
[2026-07-20T10:06:01.976+0000] {processor.py:161} INFO - Started process (PID=16086) to work on /opt/airflow/dags/scd.py
[2026-07-20T10:06:01.979+0000] {processor.py:830} INFO - Processing file /opt/airflow/dags/scd.py for tasks to queue
[2026-07-20T10:06:01.983+0000] {logging_mixin.py:188} INFO - [2026-07-20T10:06:01.982+0000] {dagbag.py:545} INFO - Filling up the DagBag from /opt/airflow/dags/scd.py
[2026-07-20T10:06:02.019+0000] {processor.py:840} INFO - DAG(s) 'SCD2_snapshots' retrieved from /opt/airflow/dags/scd.py
[2026-07-20T10:06:02.064+0000] {logging_mixin.py:188} INFO - [2026-07-20T10:06:02.063+0000] {dag.py:3089} INFO - Sync 1 DAGs
[2026-07-20T10:06:02.101+0000] {logging_mixin.py:188} INFO - [2026-07-20T10:06:02.100+0000] {dag.py:3947} INFO - Setting next_dagrun for SCD2_snapshots to 2026-07-19 00:00:00+00:00, run_after=2026-07-20 00:00:00+00:00
[2026-07-20T10:06:02.132+0000] {processor.py:183} INFO - Processing /opt/airflow/dags/scd.py took 0.168 seconds
[2026-07-20T10:06:32.289+0000] {processor.py:161} INFO - Started process (PID=16091) to work on /opt/airflow/dags/scd.py
[2026-07-20T10:06:32.291+0000] {processor.py:830} INFO - Processing file /opt/airflow/dags/scd.py for tasks to queue
[2026-07-20T10:06:32.293+0000] {logging_mixin.py:188} INFO - [2026-07-20T10:06:32.293+0000] {dagbag.py:545} INFO - Filling up the DagBag from /opt/airflow/dags/scd.py
[2026-07-20T10:06:32.322+0000] {processor.py:840} INFO - DAG(s) 'SCD2_snapshots' retrieved from /opt/airflow/dags/scd.py
[2026-07-20T10:06:32.360+0000] {logging_mixin.py:188} INFO - [2026-07-20T10:06:32.359+0000] {dag.py:3089} INFO - Sync 1 DAGs
[2026-07-20T10:06:32.386+0000] {logging_mixin.py:188} INFO - [2026-07-20T10:06:32.385+0000] {dag.py:3947} INFO - Setting next_dagrun for SCD2_snapshots to 2026-07-19 00:00:00+00:00, run_after=2026-07-20 00:00:00+00:00
[2026-07-20T10:06:32.416+0000] {processor.py:183} INFO - Processing /opt/airflow/dags/scd.py took 0.137 seconds
[2026-07-20T10:07:02.665+0000] {processor.py:161} INFO - Started process (PID=16096) to work on /opt/airflow/dags/scd.py
[2026-07-20T10:07:02.667+0000] {processor.py:830} INFO - Processing file /opt/airflow/dags/scd.py for tasks to queue
[2026-07-20T10:07:02.670+0000] {logging_mixin.py:188} INFO - [2026-07-20T10:07:02.670+0000] {dagbag.py:545} INFO - Filling up the DagBag from /opt/airflow/dags/scd.py
[2026-07-20T10:07:02.694+0000] {processor.py:840} INFO - DAG(s) 'SCD2_snapshots' retrieved from /opt/airflow/dags/scd.py
[2026-07-20T10:07:02.732+0000] {logging_mixin.py:188} INFO - [2026-07-20T10:07:02.732+0000] {dag.py:3089} INFO - Sync 1 DAGs
[2026-07-20T10:07:02.757+0000] {logging_mixin.py:188} INFO - [2026-07-20T10:07:02.756+0000] {dag.py:3947} INFO - Setting next_dagrun for SCD2_snapshots to 2026-07-19 00:00:00+00:00, run_after=2026-07-20 00:00:00+00:00
[2026-07-20T10:07:02.779+0000] {processor.py:183} INFO - Processing /opt/airflow/dags/scd.py took 0.121 seconds
[2026-07-20T10:07:33.139+0000] {processor.py:161} INFO - Started process (PID=16101) to work on /opt/airflow/dags/scd.py
[2026-07-20T10:07:33.140+0000] {processor.py:830} INFO - Processing file /opt/airflow/dags/scd.py for tasks to queue
[2026-07-20T10:07:33.143+0000] {logging_mixin.py:188} INFO - [2026-07-20T10:07:33.143+0000] {dagbag.py:545} INFO - Filling up the DagBag from /opt/airflow/dags/scd.py
[2026-07-20T10:07:33.174+0000] {processor.py:840} INFO - DAG(s) 'SCD2_snapshots' retrieved from /opt/airflow/dags/scd.py
[2026-07-20T10:07:33.212+0000] {logging_mixin.py:188} INFO - [2026-07-20T10:07:33.211+0000] {dag.py:3089} INFO - Sync 1 DAGs
[2026-07-20T10:07:33.240+0000] {logging_mixin.py:188} INFO - [2026-07-20T10:07:33.240+0000] {dag.py:3947} INFO - Setting next_dagrun for SCD2_snapshots to 2026-07-19 00:00:00+00:00, run_after=2026-07-20 00:00:00+00:00
[2026-07-20T10:07:33.264+0000] {processor.py:183} INFO - Processing /opt/airflow/dags/scd.py took 0.135 seconds
[2026-07-20T10:08:03.582+0000] {processor.py:161} INFO - Started process (PID=16106) to work on /opt/airflow/dags/scd.py
[2026-07-20T10:08:03.584+0000] {processor.py:830} INFO - Processing file /opt/airflow/dags/scd.py for tasks to queue
[2026-07-20T10:08:03.586+0000] {logging_mixin.py:188} INFO - [2026-07-20T10:08:03.586+0000] {dagbag.py:545} INFO - Filling up the DagBag from /opt/airflow/dags/scd.py
[2026-07-20T10:08:03.622+0000] {processor.py:840} INFO - DAG(s) 'SCD2_snapshots' retrieved from /opt/airflow/dags/scd.py
[2026-07-20T10:08:03.661+0000] {logging_mixin.py:188} INFO - [2026-07-20T10:08:03.661+0000] {dag.py:3089} INFO - Sync 1 DAGs
[2026-07-20T10:08:03.690+0000] {logging_mixin.py:188} INFO - [2026-07-20T10:08:03.690+0000] {dag.py:3947} INFO - Setting next_dagrun for SCD2_snapshots to 2026-07-19 00:00:00+00:00, run_after=2026-07-20 00:00:00+00:00
[2026-07-20T10:08:03.718+0000] {processor.py:183} INFO - Processing /opt/airflow/dags/scd.py took 0.145 seconds
[2026-07-20T10:08:34.064+0000] {processor.py:161} INFO - Started process (PID=16111) to work on /opt/airflow/dags/scd.py
[2026-07-20T10:08:34.066+0000] {processor.py:830} INFO - Processing file /opt/airflow/dags/scd.py for tasks to queue
[2026-07-20T10:08:34.068+0000] {logging_mixin.py:188} INFO - [2026-07-20T10:08:34.068+0000] {dagbag.py:545} INFO - Filling up the DagBag from /opt/airflow/dags/scd.py
[2026-07-20T10:08:34.101+0000] {processor.py:840} INFO - DAG(s) 'SCD2_snapshots' retrieved from /opt/airflow/dags/scd.py
[2026-07-20T10:08:34.143+0000] {logging_mixin.py:188} INFO - [2026-07-20T10:08:34.143+0000] {dag.py:3089} INFO - Sync 1 DAGs
[2026-07-20T10:08:34.171+0000] {logging_mixin.py:188} INFO - [2026-07-20T10:08:34.171+0000] {dag.py:3947} INFO - Setting next_dagrun for SCD2_snapshots to 2026-07-19 00:00:00+00:00, run_after=2026-07-20 00:00:00+00:00
[2026-07-20T10:08:34.197+0000] {processor.py:183} INFO - Processing /opt/airflow/dags/scd.py took 0.143 seconds
[2026-07-20T10:09:04.569+0000] {processor.py:161} INFO - Started process (PID=16116) to work on /opt/airflow/dags/scd.py
[2026-07-20T10:09:04.571+0000] {processor.py:830} INFO - Processing file /opt/airflow/dags/scd.py for tasks to queue
[2026-07-20T10:09:04.576+0000] {logging_mixin.py:188} INFO - [2026-07-20T10:09:04.574+0000] {dagbag.py:545} INFO - Filling up the DagBag from /opt/airflow/dags/scd.py
[2026-07-20T10:09:04.625+0000] {processor.py:840} INFO - DAG(s) 'SCD2_snapshots' retrieved from /opt/airflow/dags/scd.py
[2026-07-20T10:09:04.680+0000] {logging_mixin.py:188} INFO - [2026-07-20T10:09:04.680+0000] {dag.py:3089} INFO - Sync 1 DAGs
[2026-07-20T10:09:04.707+0000] {logging_mixin.py:188} INFO - [2026-07-20T10:09:04.707+0000] {dag.py:3947} INFO - Setting next_dagrun for SCD2_snapshots to 2026-07-19 00:00:00+00:00, run_after=2026-07-20 00:00:00+00:00
[2026-07-20T10:09:04.733+0000] {processor.py:183} INFO - Processing /opt/airflow/dags/scd.py took 0.171 seconds
[2026-07-20T10:09:34.922+0000] {processor.py:161} INFO - Started process (PID=16121) to work on /opt/airflow/dags/scd.py
[2026-07-20T10:09:34.924+0000] {processor.py:830} INFO - Processing file /opt/airflow/dags/scd.py for tasks to queue
[2026-07-20T10:09:34.926+0000] {logging_mixin.py:188} INFO - [2026-07-20T10:09:34.926+0000] {dagbag.py:545} INFO - Filling up the DagBag from /opt/airflow/dags/scd.py
[2026-07-20T10:09:34.955+0000] {processor.py:840} INFO - DAG(s) 'SCD2_snapshots' retrieved from /opt/airflow/dags/scd.py
[2026-07-20T10:09:34.997+0000] {logging_mixin.py:188} INFO - [2026-07-20T10:09:34.997+0000] {dag.py:3089} INFO - Sync 1 DAGs
[2026-07-20T10:09:35.027+0000] {logging_mixin.py:188} INFO - [2026-07-20T10:09:35.027+0000] {dag.py:3947} INFO - Setting next_dagrun for SCD2_snapshots to 2026-07-19 00:00:00+00:00, run_after=2026-07-20 00:00:00+00:00
[2026-07-20T10:09:35.056+0000] {processor.py:183} INFO - Processing /opt/airflow/dags/scd.py took 0.141 seconds
[2026-07-20T10:10:05.130+0000] {processor.py:161} INFO - Started process (PID=16126) to work on /opt/airflow/dags/scd.py
[2026-07-20T10:10:05.132+0000] {processor.py:830} INFO - Processing file /opt/airflow/dags/scd.py for tasks to queue
[2026-07-20T10:10:05.135+0000] {logging_mixin.py:188} INFO - [2026-07-20T10:10:05.135+0000] {dagbag.py:545} INFO - Filling up the DagBag from /opt/airflow/dags/scd.py
[2026-07-20T10:10:05.177+0000] {processor.py:840} INFO - DAG(s) 'SCD2_snapshots' retrieved from /opt/airflow/dags/scd.py
[2026-07-20T10:10:05.228+0000] {logging_mixin.py:188} INFO - [2026-07-20T10:10:05.228+0000] {dag.py:3089} INFO - Sync 1 DAGs
[2026-07-20T10:10:05.270+0000] {logging_mixin.py:188} INFO - [2026-07-20T10:10:05.269+0000] {dag.py:3947} INFO - Setting next_dagrun for SCD2_snapshots to 2026-07-19 00:00:00+00:00, run_after=2026-07-20 00:00:00+00:00
[2026-07-20T10:10:05.301+0000] {processor.py:183} INFO - Processing /opt/airflow/dags/scd.py took 0.179 seconds
[2026-07-20T10:10:35.474+0000] {processor.py:161} INFO - Started process (PID=16131) to work on /opt/airflow/dags/scd.py
[2026-07-20T10:10:35.476+0000] {processor.py:830} INFO - Processing file /opt/airflow/dags/scd.py for tasks to queue
[2026-07-20T10:10:35.479+0000] {logging_mixin.py:188} INFO - [2026-07-20T10:10:35.478+0000] {dagbag.py:545} INFO - Filling up the DagBag from /opt/airflow/dags/scd.py
[2026-07-20T10:10:35.514+0000] {processor.py:840} INFO - DAG(s) 'SCD2_snapshots' retrieved from /opt/airflow/dags/scd.py
[2026-07-20T10:10:35.562+0000] {logging_mixin.py:188} INFO - [2026-07-20T10:10:35.562+0000] {dag.py:3089} INFO - Sync 1 DAGs
[2026-07-20T10:10:35.591+0000] {logging_mixin.py:188} INFO - [2026-07-20T10:10:35.591+0000] {dag.py:3947} INFO - Setting next_dagrun for SCD2_snapshots to 2026-07-19 00:00:00+00:00, run_after=2026-07-20 00:00:00+00:00
[2026-07-20T10:10:35.642+0000] {processor.py:183} INFO - Processing /opt/airflow/dags/scd.py took 0.174 seconds
[2026-07-20T10:11:05.870+0000] {processor.py:161} INFO - Started process (PID=16136) to work on /opt/airflow/dags/scd.py
[2026-07-20T10:11:05.871+0000] {processor.py:830} INFO - Processing file /opt/airflow/dags/scd.py for tasks to queue
[2026-07-20T10:11:05.874+0000] {logging_mixin.py:188} INFO - [2026-07-20T10:11:05.873+0000] {dagbag.py:545} INFO - Filling up the DagBag from /opt/airflow/dags/scd.py
[2026-07-20T10:11:05.902+0000] {processor.py:840} INFO - DAG(s) 'SCD2_snapshots' retrieved from /opt/airflow/dags/scd.py
[2026-07-20T10:11:05.959+0000] {logging_mixin.py:188} INFO - [2026-07-20T10:11:05.959+0000] {dag.py:3089} INFO - Sync 1 DAGs
[2026-07-20T10:11:05.990+0000] {logging_mixin.py:188} INFO - [2026-07-20T10:11:05.989+0000] {dag.py:3947} INFO - Setting next_dagrun for SCD2_snapshots to 2026-07-19 00:00:00+00:00, run_after=2026-07-20 00:00:00+00:00
[2026-07-20T10:11:06.025+0000] {processor.py:183} INFO - Processing /opt/airflow/dags/scd.py took 0.164 seconds
[2026-07-20T10:11:36.253+0000] {processor.py:161} INFO - Started process (PID=16141) to work on /opt/airflow/dags/scd.py
[2026-07-20T10:11:36.255+0000] {processor.py:830} INFO - Processing file /opt/airflow/dags/scd.py for tasks to queue
[2026-07-20T10:11:36.257+0000] {logging_mixin.py:188} INFO - [2026-07-20T10:11:36.257+0000] {dagbag.py:545} INFO - Filling up the DagBag from /opt/airflow/dags/scd.py
[2026-07-20T10:11:36.290+0000] {processor.py:840} INFO - DAG(s) 'SCD2_snapshots' retrieved from /opt/airflow/dags/scd.py
[2026-07-20T10:11:36.328+0000] {logging_mixin.py:188} INFO - [2026-07-20T10:11:36.327+0000] {dag.py:3089} INFO - Sync 1 DAGs
[2026-07-20T10:11:36.351+0000] {logging_mixin.py:188} INFO - [2026-07-20T10:11:36.351+0000] {dag.py:3947} INFO - Setting next_dagrun for SCD2_snapshots to 2026-07-19 00:00:00+00:00, run_after=2026-07-20 00:00:00+00:00
[2026-07-20T10:11:36.374+0000] {processor.py:183} INFO - Processing /opt/airflow/dags/scd.py took 0.132 seconds
[2026-07-20T10:12:06.645+0000] {processor.py:161} INFO - Started process (PID=16142) to work on /opt/airflow/dags/scd.py
[2026-07-20T10:12:06.647+0000] {processor.py:830} INFO - Processing file /opt/airflow/dags/scd.py for tasks to queue
[2026-07-20T10:12:06.651+0000] {logging_mixin.py:188} INFO - [2026-07-20T10:12:06.651+0000] {dagbag.py:545} INFO - Filling up the DagBag from /opt/airflow/dags/scd.py
[2026-07-20T10:12:06.685+0000] {processor.py:840} INFO - DAG(s) 'SCD2_snapshots' retrieved from /opt/airflow/dags/scd.py
[2026-07-20T10:12:06.737+0000] {logging_mixin.py:188} INFO - [2026-07-20T10:12:06.737+0000] {dag.py:3089} INFO - Sync 1 DAGs
[2026-07-20T10:12:06.776+0000] {logging_mixin.py:188} INFO - [2026-07-20T10:12:06.776+0000] {dag.py:3947} INFO - Setting next_dagrun for SCD2_snapshots to 2026-07-19 00:00:00+00:00, run_after=2026-07-20 00:00:00+00:00
[2026-07-20T10:12:06.809+0000] {processor.py:183} INFO - Processing /opt/airflow/dags/scd.py took 0.174 seconds
[2026-07-20T10:12:36.861+0000] {processor.py:161} INFO - Started process (PID=16147) to work on /opt/airflow/dags/scd.py
[2026-07-20T10:12:36.863+0000] {processor.py:830} INFO - Processing file /opt/airflow/dags/scd.py for tasks to queue
[2026-07-20T10:12:36.865+0000] {logging_mixin.py:188} INFO - [2026-07-20T10:12:36.865+0000] {dagbag.py:545} INFO - Filling up the DagBag from /opt/airflow/dags/scd.py
[2026-07-20T10:12:36.889+0000] {processor.py:840} INFO - DAG(s) 'SCD2_snapshots' retrieved from /opt/airflow/dags/scd.py
[2026-07-20T10:12:36.926+0000] {logging_mixin.py:188} INFO - [2026-07-20T10:12:36.926+0000] {dag.py:3089} INFO - Sync 1 DAGs
[2026-07-20T10:12:36.954+0000] {logging_mixin.py:188} INFO - [2026-07-20T10:12:36.954+0000] {dag.py:3947} INFO - Setting next_dagrun for SCD2_snapshots to 2026-07-19 00:00:00+00:00, run_after=2026-07-20 00:00:00+00:00
[2026-07-20T10:12:36.977+0000] {processor.py:183} INFO - Processing /opt/airflow/dags/scd.py took 0.123 seconds
[2026-07-20T10:13:07.126+0000] {processor.py:161} INFO - Started process (PID=16152) to work on /opt/airflow/dags/scd.py
[2026-07-20T10:13:07.127+0000] {processor.py:830} INFO - Processing file /opt/airflow/dags/scd.py for tasks to queue
[2026-07-20T10:13:07.129+0000] {logging_mixin.py:188} INFO - [2026-07-20T10:13:07.129+0000] {dagbag.py:545} INFO - Filling up the DagBag from /opt/airflow/dags/scd.py
[2026-07-20T10:13:07.156+0000] {processor.py:840} INFO - DAG(s) 'SCD2_snapshots' retrieved from /opt/airflow/dags/scd.py
[2026-07-20T10:13:07.195+0000] {logging_mixin.py:188} INFO - [2026-07-20T10:13:07.195+0000] {dag.py:3089} INFO - Sync 1 DAGs
[2026-07-20T10:13:07.224+0000] {logging_mixin.py:188} INFO - [2026-07-20T10:13:07.224+0000] {dag.py:3947} INFO - Setting next_dagrun for SCD2_snapshots to 2026-07-19 00:00:00+00:00, run_after=2026-07-20 00:00:00+00:00
[2026-07-20T10:13:07.252+0000] {processor.py:183} INFO - Processing /opt/airflow/dags/scd.py took 0.134 seconds
[2026-07-20T10:13:37.387+0000] {processor.py:161} INFO - Started process (PID=16157) to work on /opt/airflow/dags/scd.py
[2026-07-20T10:13:37.389+0000] {processor.py:830} INFO - Processing file /opt/airflow/dags/scd.py for tasks to queue
[2026-07-20T10:13:37.391+0000] {logging_mixin.py:188} INFO - [2026-07-20T10:13:37.391+0000] {dagbag.py:545} INFO - Filling up the DagBag from /opt/airflow/dags/scd.py
[2026-07-20T10:13:37.415+0000] {processor.py:840} INFO - DAG(s) 'SCD2_snapshots' retrieved from /opt/airflow/dags/scd.py
[2026-07-20T10:13:37.452+0000] {logging_mixin.py:188} INFO - [2026-07-20T10:13:37.452+0000] {dag.py:3089} INFO - Sync 1 DAGs
[2026-07-20T10:13:37.481+0000] {logging_mixin.py:188} INFO - [2026-07-20T10:13:37.480+0000] {dag.py:3947} INFO - Setting next_dagrun for SCD2_snapshots to 2026-07-19 00:00:00+00:00, run_after=2026-07-20 00:00:00+00:00
[2026-07-20T10:13:37.504+0000] {processor.py:183} INFO - Processing /opt/airflow/dags/scd.py took 0.125 seconds
[2026-07-20T10:14:07.699+0000] {processor.py:161} INFO - Started process (PID=16162) to work on /opt/airflow/dags/scd.py
[2026-07-20T10:14:07.702+0000] {processor.py:830} INFO - Processing file /opt/airflow/dags/scd.py for tasks to queue
[2026-07-20T10:14:07.704+0000] {logging_mixin.py:188} INFO - [2026-07-20T10:14:07.704+0000] {dagbag.py:545} INFO - Filling up the DagBag from /opt/airflow/dags/scd.py
[2026-07-20T10:14:07.731+0000] {processor.py:840} INFO - DAG(s) 'SCD2_snapshots' retrieved from /opt/airflow/dags/scd.py
[2026-07-20T10:14:07.771+0000] {logging_mixin.py:188} INFO - [2026-07-20T10:14:07.770+0000] {dag.py:3089} INFO - Sync 1 DAGs
[2026-07-20T10:14:07.797+0000] {logging_mixin.py:188} INFO - [2026-07-20T10:14:07.797+0000] {dag.py:3947} INFO - Setting next_dagrun for SCD2_snapshots to 2026-07-19 00:00:00+00:00, run_after=2026-07-20 00:00:00+00:00
[2026-07-20T10:14:07.822+0000] {processor.py:183} INFO - Processing /opt/airflow/dags/scd.py took 0.132 seconds
[2026-07-20T10:14:38.071+0000] {processor.py:161} INFO - Started process (PID=16167) to work on /opt/airflow/dags/scd.py
[2026-07-20T10:14:38.073+0000] {processor.py:830} INFO - Processing file /opt/airflow/dags/scd.py for tasks to queue
[2026-07-20T10:14:38.077+0000] {logging_mixin.py:188} INFO - [2026-07-20T10:14:38.077+0000] {dagbag.py:545} INFO - Filling up the DagBag from /opt/airflow/dags/scd.py
[2026-07-20T10:14:38.110+0000] {processor.py:840} INFO - DAG(s) 'SCD2_snapshots' retrieved from /opt/airflow/dags/scd.py
[2026-07-20T10:14:38.154+0000] {logging_mixin.py:188} INFO - [2026-07-20T10:14:38.154+0000] {dag.py:3089} INFO - Sync 1 DAGs
[2026-07-20T10:14:38.185+0000] {logging_mixin.py:188} INFO - [2026-07-20T10:14:38.184+0000] {dag.py:3947} INFO - Setting next_dagrun for SCD2_snapshots to 2026-07-19 00:00:00+00:00, run_after=2026-07-20 00:00:00+00:00
[2026-07-20T10:14:38.209+0000] {processor.py:183} INFO - Processing /opt/airflow/dags/scd.py took 0.149 seconds
[2026-07-20T10:15:08.320+0000] {processor.py:161} INFO - Started process (PID=16172) to work on /opt/airflow/dags/scd.py
[2026-07-20T10:15:08.321+0000] {processor.py:830} INFO - Processing file /opt/airflow/dags/scd.py for tasks to queue
[2026-07-20T10:15:08.324+0000] {logging_mixin.py:188} INFO - [2026-07-20T10:15:08.324+0000] {dagbag.py:545} INFO - Filling up the DagBag from /opt/airflow/dags/scd.py
[2026-07-20T10:15:08.350+0000] {processor.py:840} INFO - DAG(s) 'SCD2_snapshots' retrieved from /opt/airflow/dags/scd.py
[2026-07-20T10:15:08.386+0000] {logging_mixin.py:188} INFO - [2026-07-20T10:15:08.386+0000] {dag.py:3089} INFO - Sync 1 DAGs
[2026-07-20T10:15:08.411+0000] {logging_mixin.py:188} INFO - [2026-07-20T10:15:08.410+0000] {dag.py:3947} INFO - Setting next_dagrun for SCD2_snapshots to 2026-07-19 00:00:00+00:00, run_after=2026-07-20 00:00:00+00:00
[2026-07-20T10:15:08.434+0000] {processor.py:183} INFO - Processing /opt/airflow/dags/scd.py took 0.121 seconds
[2026-07-20T10:15:38.571+0000] {processor.py:161} INFO - Started process (PID=16177) to work on /opt/airflow/dags/scd.py
[2026-07-20T10:15:38.573+0000] {processor.py:830} INFO - Processing file /opt/airflow/dags/scd.py for tasks to queue
[2026-07-20T10:15:38.576+0000] {logging_mixin.py:188} INFO - [2026-07-20T10:15:38.575+0000] {dagbag.py:545} INFO - Filling up the DagBag from /opt/airflow/dags/scd.py
[2026-07-20T10:15:38.607+0000] {processor.py:840} INFO - DAG(s) 'SCD2_snapshots' retrieved from /opt/airflow/dags/scd.py
[2026-07-20T10:15:38.647+0000] {logging_mixin.py:188} INFO - [2026-07-20T10:15:38.646+0000] {dag.py:3089} INFO - Sync 1 DAGs
[2026-07-20T10:15:38.670+0000] {logging_mixin.py:188} INFO - [2026-07-20T10:15:38.670+0000] {dag.py:3947} INFO - Setting next_dagrun for SCD2_snapshots to 2026-07-19 00:00:00+00:00, run_after=2026-07-20 00:00:00+00:00
[2026-07-20T10:15:38.692+0000] {processor.py:183} INFO - Processing /opt/airflow/dags/scd.py took 0.128 seconds
[2026-07-20T10:16:08.904+0000] {processor.py:161} INFO - Started process (PID=16182) to work on /opt/airflow/dags/scd.py
[2026-07-20T10:16:08.906+0000] {processor.py:830} INFO - Processing file /opt/airflow/dags/scd.py for tasks to queue
[2026-07-20T10:16:08.908+0000] {logging_mixin.py:188} INFO - [2026-07-20T10:16:08.908+0000] {dagbag.py:545} INFO - Filling up the DagBag from /opt/airflow/dags/scd.py
[2026-07-20T10:16:08.935+0000] {processor.py:840} INFO - DAG(s) 'SCD2_snapshots' retrieved from /opt/airflow/dags/scd.py
[2026-07-20T10:16:08.972+0000] {logging_mixin.py:188} INFO - [2026-07-20T10:16:08.972+0000] {dag.py:3089} INFO - Sync 1 DAGs
[2026-07-20T10:16:08.995+0000] {logging_mixin.py:188} INFO - [2026-07-20T10:16:08.995+0000] {dag.py:3947} INFO - Setting next_dagrun for SCD2_snapshots to 2026-07-19 00:00:00+00:00, run_after=2026-07-20 00:00:00+00:00
[2026-07-20T10:16:09.020+0000] {processor.py:183} INFO - Processing /opt/airflow/dags/scd.py took 0.122 seconds
[2026-07-20T10:16:39.081+0000] {processor.py:161} INFO - Started process (PID=16187) to work on /opt/airflow/dags/scd.py
[2026-07-20T10:16:39.083+0000] {processor.py:830} INFO - Processing file /opt/airflow/dags/scd.py for tasks to queue
[2026-07-20T10:16:39.085+0000] {logging_mixin.py:188} INFO - [2026-07-20T10:16:39.085+0000] {dagbag.py:545} INFO - Filling up the DagBag from /opt/airflow/dags/scd.py
[2026-07-20T10:16:39.113+0000] {processor.py:840} INFO - DAG(s) 'SCD2_snapshots' retrieved from /opt/airflow/dags/scd.py
[2026-07-20T10:16:39.149+0000] {logging_mixin.py:188} INFO - [2026-07-20T10:16:39.149+0000] {dag.py:3089} INFO - Sync 1 DAGs
[2026-07-20T10:16:39.174+0000] {logging_mixin.py:188} INFO - [2026-07-20T10:16:39.174+0000] {dag.py:3947} INFO - Setting next_dagrun for SCD2_snapshots to 2026-07-19 00:00:00+00:00, run_after=2026-07-20 00:00:00+00:00
[2026-07-20T10:16:39.197+0000] {processor.py:183} INFO - Processing /opt/airflow/dags/scd.py took 0.123 seconds
[2026-07-20T10:17:09.247+0000] {processor.py:161} INFO - Started process (PID=16192) to work on /opt/airflow/dags/scd.py
[2026-07-20T10:17:09.248+0000] {processor.py:830} INFO - Processing file /opt/airflow/dags/scd.py for tasks to queue
[2026-07-20T10:17:09.250+0000] {logging_mixin.py:188} INFO - [2026-07-20T10:17:09.250+0000] {dagbag.py:545} INFO - Filling up the DagBag from /opt/airflow/dags/scd.py
[2026-07-20T10:17:09.279+0000] {processor.py:840} INFO - DAG(s) 'SCD2_snapshots' retrieved from /opt/airflow/dags/scd.py
[2026-07-20T10:17:09.316+0000] {logging_mixin.py:188} INFO - [2026-07-20T10:17:09.316+0000] {dag.py:3089} INFO - Sync 1 DAGs
[2026-07-20T10:17:09.341+0000] {logging_mixin.py:188} INFO - [2026-07-20T10:17:09.340+0000] {dag.py:3947} INFO - Setting next_dagrun for SCD2_snapshots to 2026-07-19 00:00:00+00:00, run_after=2026-07-20 00:00:00+00:00
[2026-07-20T10:17:09.363+0000] {processor.py:183} INFO - Processing /opt/airflow/dags/scd.py took 0.124 seconds
[2026-07-20T10:17:39.424+0000] {processor.py:161} INFO - Started process (PID=16197) to work on /opt/airflow/dags/scd.py
[2026-07-20T10:17:39.425+0000] {processor.py:830} INFO - Processing file /opt/airflow/dags/scd.py for tasks to queue
[2026-07-20T10:17:39.428+0000] {logging_mixin.py:188} INFO - [2026-07-20T10:17:39.427+0000] {dagbag.py:545} INFO - Filling up the DagBag from /opt/airflow/dags/scd.py
[2026-07-20T10:17:39.455+0000] {processor.py:840} INFO - DAG(s) 'SCD2_snapshots' retrieved from /opt/airflow/dags/scd.py
[2026-07-20T10:17:39.502+0000] {logging_mixin.py:188} INFO - [2026-07-20T10:17:39.502+0000] {dag.py:3089} INFO - Sync 1 DAGs
[2026-07-20T10:17:39.541+0000] {logging_mixin.py:188} INFO - [2026-07-20T10:17:39.541+0000] {dag.py:3947} INFO - Setting next_dagrun for SCD2_snapshots to 2026-07-19 00:00:00+00:00, run_after=2026-07-20 00:00:00+00:00
[2026-07-20T10:17:39.575+0000] {processor.py:183} INFO - Processing /opt/airflow/dags/scd.py took 0.159 seconds
[2026-07-20T10:18:09.683+0000] {processor.py:161} INFO - Started process (PID=16202) to work on /opt/airflow/dags/scd.py
[2026-07-20T10:18:09.685+0000] {processor.py:830} INFO - Processing file /opt/airflow/dags/scd.py for tasks to queue
[2026-07-20T10:18:09.687+0000] {logging_mixin.py:188} INFO - [2026-07-20T10:18:09.687+0000] {dagbag.py:545} INFO - Filling up the DagBag from /opt/airflow/dags/scd.py
[2026-07-20T10:18:09.716+0000] {processor.py:840} INFO - DAG(s) 'SCD2_snapshots' retrieved from /opt/airflow/dags/scd.py
[2026-07-20T10:18:09.759+0000] {logging_mixin.py:188} INFO - [2026-07-20T10:18:09.759+0000] {dag.py:3089} INFO - Sync 1 DAGs
[2026-07-20T10:18:09.784+0000] {logging_mixin.py:188} INFO - [2026-07-20T10:18:09.784+0000] {dag.py:3947} INFO - Setting next_dagrun for SCD2_snapshots to 2026-07-19 00:00:00+00:00, run_after=2026-07-20 00:00:00+00:00
[2026-07-20T10:18:09.806+0000] {processor.py:183} INFO - Processing /opt/airflow/dags/scd.py took 0.132 seconds
[2026-07-20T10:18:40.100+0000] {processor.py:161} INFO - Started process (PID=16207) to work on /opt/airflow/dags/scd.py
[2026-07-20T10:18:40.101+0000] {processor.py:830} INFO - Processing file /opt/airflow/dags/scd.py for tasks to queue
[2026-07-20T10:18:40.103+0000] {logging_mixin.py:188} INFO - [2026-07-20T10:18:40.103+0000] {dagbag.py:545} INFO - Filling up the DagBag from /opt/airflow/dags/scd.py
[2026-07-20T10:18:40.128+0000] {processor.py:840} INFO - DAG(s) 'SCD2_snapshots' retrieved from /opt/airflow/dags/scd.py
[2026-07-20T10:18:40.165+0000] {logging_mixin.py:188} INFO - [2026-07-20T10:18:40.165+0000] {dag.py:3089} INFO - Sync 1 DAGs
[2026-07-20T10:18:40.190+0000] {logging_mixin.py:188} INFO - [2026-07-20T10:18:40.190+0000] {dag.py:3947} INFO - Setting next_dagrun for SCD2_snapshots to 2026-07-19 00:00:00+00:00, run_after=2026-07-20 00:00:00+00:00
[2026-07-20T10:18:40.212+0000] {processor.py:183} INFO - Processing /opt/airflow/dags/scd.py took 0.121 seconds
[2026-07-20T10:19:10.386+0000] {processor.py:161} INFO - Started process (PID=16212) to work on /opt/airflow/dags/scd.py
[2026-07-20T10:19:10.387+0000] {processor.py:830} INFO - Processing file /opt/airflow/dags/scd.py for tasks to queue
[2026-07-20T10:19:10.390+0000] {logging_mixin.py:188} INFO - [2026-07-20T10:19:10.390+0000] {dagbag.py:545} INFO - Filling up the DagBag from /opt/airflow/dags/scd.py
[2026-07-20T10:19:10.416+0000] {processor.py:840} INFO - DAG(s) 'SCD2_snapshots' retrieved from /opt/airflow/dags/scd.py
[2026-07-20T10:19:10.456+0000] {logging_mixin.py:188} INFO - [2026-07-20T10:19:10.456+0000] {dag.py:3089} INFO - Sync 1 DAGs
[2026-07-20T10:19:10.482+0000] {logging_mixin.py:188} INFO - [2026-07-20T10:19:10.482+0000] {dag.py:3947} INFO - Setting next_dagrun for SCD2_snapshots to 2026-07-19 00:00:00+00:00, run_after=2026-07-20 00:00:00+00:00
[2026-07-20T10:19:10.519+0000] {processor.py:183} INFO - Processing /opt/airflow/dags/scd.py took 0.140 seconds
[2026-07-20T10:19:40.859+0000] {processor.py:161} INFO - Started process (PID=16217) to work on /opt/airflow/dags/scd.py
[2026-07-20T10:19:40.861+0000] {processor.py:830} INFO - Processing file /opt/airflow/dags/scd.py for tasks to queue
[2026-07-20T10:19:40.864+0000] {logging_mixin.py:188} INFO - [2026-07-20T10:19:40.864+0000] {dagbag.py:545} INFO - Filling up the DagBag from /opt/airflow/dags/scd.py
[2026-07-20T10:19:40.908+0000] {processor.py:840} INFO - DAG(s) 'SCD2_snapshots' retrieved from /opt/airflow/dags/scd.py
[2026-07-20T10:19:40.981+0000] {logging_mixin.py:188} INFO - [2026-07-20T10:19:40.980+0000] {dag.py:3089} INFO - Sync 1 DAGs
[2026-07-20T10:19:41.057+0000] {logging_mixin.py:188} INFO - [2026-07-20T10:19:41.057+0000] {dag.py:3947} INFO - Setting next_dagrun for SCD2_snapshots to 2026-07-19 00:00:00+00:00, run_after=2026-07-20 00:00:00+00:00
[2026-07-20T10:19:41.136+0000] {processor.py:183} INFO - Processing /opt/airflow/dags/scd.py took 0.291 seconds
[2026-07-20T10:20:11.275+0000] {processor.py:161} INFO - Started process (PID=16222) to work on /opt/airflow/dags/scd.py
[2026-07-20T10:20:11.276+0000] {processor.py:830} INFO - Processing file /opt/airflow/dags/scd.py for tasks to queue
[2026-07-20T10:20:11.278+0000] {logging_mixin.py:188} INFO - [2026-07-20T10:20:11.278+0000] {dagbag.py:545} INFO - Filling up the DagBag from /opt/airflow/dags/scd.py
[2026-07-20T10:20:11.307+0000] {processor.py:840} INFO - DAG(s) 'SCD2_snapshots' retrieved from /opt/airflow/dags/scd.py
[2026-07-20T10:20:11.342+0000] {logging_mixin.py:188} INFO - [2026-07-20T10:20:11.342+0000] {dag.py:3089} INFO - Sync 1 DAGs
[2026-07-20T10:20:11.368+0000] {logging_mixin.py:188} INFO - [2026-07-20T10:20:11.368+0000] {dag.py:3947} INFO - Setting next_dagrun for SCD2_snapshots to 2026-07-19 00:00:00+00:00, run_after=2026-07-20 00:00:00+00:00
[2026-07-20T10:20:11.391+0000] {processor.py:183} INFO - Processing /opt/airflow/dags/scd.py took 0.124 seconds
[2026-07-20T10:20:41.474+0000] {processor.py:161} INFO - Started process (PID=16227) to work on /opt/airflow/dags/scd.py
[2026-07-20T10:20:41.476+0000] {processor.py:830} INFO - Processing file /opt/airflow/dags/scd.py for tasks to queue
[2026-07-20T10:20:41.479+0000] {logging_mixin.py:188} INFO - [2026-07-20T10:20:41.478+0000] {dagbag.py:545} INFO - Filling up the DagBag from /opt/airflow/dags/scd.py
[2026-07-20T10:20:41.504+0000] {processor.py:840} INFO - DAG(s) 'SCD2_snapshots' retrieved from /opt/airflow/dags/scd.py
[2026-07-20T10:20:41.542+0000] {logging_mixin.py:188} INFO - [2026-07-20T10:20:41.542+0000] {dag.py:3089} INFO - Sync 1 DAGs
[2026-07-20T10:20:41.569+0000] {logging_mixin.py:188} INFO - [2026-07-20T10:20:41.568+0000] {dag.py:3947} INFO - Setting next_dagrun for SCD2_snapshots to 2026-07-19 00:00:00+00:00, run_after=2026-07-20 00:00:00+00:00
[2026-07-20T10:20:41.603+0000] {processor.py:183} INFO - Processing /opt/airflow/dags/scd.py took 0.135 seconds
[2026-07-20T10:21:11.919+0000] {processor.py:161} INFO - Started process (PID=16232) to work on /opt/airflow/dags/scd.py
[2026-07-20T10:21:11.921+0000] {processor.py:830} INFO - Processing file /opt/airflow/dags/scd.py for tasks to queue
[2026-07-20T10:21:11.923+0000] {logging_mixin.py:188} INFO - [2026-07-20T10:21:11.923+0000] {dagbag.py:545} INFO - Filling up the DagBag from /opt/airflow/dags/scd.py
[2026-07-20T10:21:11.949+0000] {processor.py:840} INFO - DAG(s) 'SCD2_snapshots' retrieved from /opt/airflow/dags/scd.py
[2026-07-20T10:21:11.986+0000] {logging_mixin.py:188} INFO - [2026-07-20T10:21:11.986+0000] {dag.py:3089} INFO - Sync 1 DAGs
[2026-07-20T10:21:12.012+0000] {logging_mixin.py:188} INFO - [2026-07-20T10:21:12.012+0000] {dag.py:3947} INFO - Setting next_dagrun for SCD2_snapshots to 2026-07-19 00:00:00+00:00, run_after=2026-07-20 00:00:00+00:00
[2026-07-20T10:21:12.038+0000] {processor.py:183} INFO - Processing /opt/airflow/dags/scd.py took 0.127 seconds
[2026-07-20T10:21:42.140+0000] {processor.py:161} INFO - Started process (PID=16237) to work on /opt/airflow/dags/scd.py
[2026-07-20T10:21:42.142+0000] {processor.py:830} INFO - Processing file /opt/airflow/dags/scd.py for tasks to queue
[2026-07-20T10:21:42.144+0000] {logging_mixin.py:188} INFO - [2026-07-20T10:21:42.144+0000] {dagbag.py:545} INFO - Filling up the DagBag from /opt/airflow/dags/scd.py
[2026-07-20T10:21:42.172+0000] {processor.py:840} INFO - DAG(s) 'SCD2_snapshots' retrieved from /opt/airflow/dags/scd.py
[2026-07-20T10:21:42.208+0000] {logging_mixin.py:188} INFO - [2026-07-20T10:21:42.208+0000] {dag.py:3089} INFO - Sync 1 DAGs
[2026-07-20T10:21:42.232+0000] {logging_mixin.py:188} INFO - [2026-07-20T10:21:42.231+0000] {dag.py:3947} INFO - Setting next_dagrun for SCD2_snapshots to 2026-07-19 00:00:00+00:00, run_after=2026-07-20 00:00:00+00:00
[2026-07-20T10:21:42.255+0000] {processor.py:183} INFO - Processing /opt/airflow/dags/scd.py took 0.123 seconds
[2026-07-20T10:22:12.614+0000] {processor.py:161} INFO - Started process (PID=16242) to work on /opt/airflow/dags/scd.py
[2026-07-20T10:22:12.616+0000] {processor.py:830} INFO - Processing file /opt/airflow/dags/scd.py for tasks to queue
[2026-07-20T10:22:12.622+0000] {logging_mixin.py:188} INFO - [2026-07-20T10:22:12.621+0000] {dagbag.py:545} INFO - Filling up the DagBag from /opt/airflow/dags/scd.py
[2026-07-20T10:22:12.668+0000] {processor.py:840} INFO - DAG(s) 'SCD2_snapshots' retrieved from /opt/airflow/dags/scd.py
[2026-07-20T10:22:12.741+0000] {logging_mixin.py:188} INFO - [2026-07-20T10:22:12.741+0000] {dag.py:3089} INFO - Sync 1 DAGs
[2026-07-20T10:22:12.788+0000] {logging_mixin.py:188} INFO - [2026-07-20T10:22:12.787+0000] {dag.py:3947} INFO - Setting next_dagrun for SCD2_snapshots to 2026-07-19 00:00:00+00:00, run_after=2026-07-20 00:00:00+00:00
[2026-07-20T10:22:12.828+0000] {processor.py:183} INFO - Processing /opt/airflow/dags/scd.py took 0.228 seconds
[2026-07-20T10:22:43.209+0000] {processor.py:161} INFO - Started process (PID=16247) to work on /opt/airflow/dags/scd.py
[2026-07-20T10:22:43.211+0000] {processor.py:830} INFO - Processing file /opt/airflow/dags/scd.py for tasks to queue
[2026-07-20T10:22:43.217+0000] {logging_mixin.py:188} INFO - [2026-07-20T10:22:43.217+0000] {dagbag.py:545} INFO - Filling up the DagBag from /opt/airflow/dags/scd.py
[2026-07-20T10:22:43.245+0000] {processor.py:840} INFO - DAG(s) 'SCD2_snapshots' retrieved from /opt/airflow/dags/scd.py
[2026-07-20T10:22:43.298+0000] {logging_mixin.py:188} INFO - [2026-07-20T10:22:43.298+0000] {dag.py:3089} INFO - Sync 1 DAGs
[2026-07-20T10:22:43.332+0000] {logging_mixin.py:188} INFO - [2026-07-20T10:22:43.332+0000] {dag.py:3947} INFO - Setting next_dagrun for SCD2_snapshots to 2026-07-19 00:00:00+00:00, run_after=2026-07-20 00:00:00+00:00
[2026-07-20T10:22:43.364+0000] {processor.py:183} INFO - Processing /opt/airflow/dags/scd.py took 0.170 seconds
[2026-07-20T10:23:13.707+0000] {processor.py:161} INFO - Started process (PID=16252) to work on /opt/airflow/dags/scd.py
[2026-07-20T10:23:13.709+0000] {processor.py:830} INFO - Processing file /opt/airflow/dags/scd.py for tasks to queue
[2026-07-20T10:23:13.713+0000] {logging_mixin.py:188} INFO - [2026-07-20T10:23:13.712+0000] {dagbag.py:545} INFO - Filling up the DagBag from /opt/airflow/dags/scd.py
[2026-07-20T10:23:13.749+0000] {processor.py:840} INFO - DAG(s) 'SCD2_snapshots' retrieved from /opt/airflow/dags/scd.py
[2026-07-20T10:23:13.791+0000] {logging_mixin.py:188} INFO - [2026-07-20T10:23:13.790+0000] {dag.py:3089} INFO - Sync 1 DAGs
[2026-07-20T10:23:13.817+0000] {logging_mixin.py:188} INFO - [2026-07-20T10:23:13.817+0000] {dag.py:3947} INFO - Setting next_dagrun for SCD2_snapshots to 2026-07-19 00:00:00+00:00, run_after=2026-07-20 00:00:00+00:00
[2026-07-20T10:23:13.842+0000] {processor.py:183} INFO - Processing /opt/airflow/dags/scd.py took 0.144 seconds
[2026-07-20T10:23:44.063+0000] {processor.py:161} INFO - Started process (PID=16257) to work on /opt/airflow/dags/scd.py
[2026-07-20T10:23:44.065+0000] {processor.py:830} INFO - Processing file /opt/airflow/dags/scd.py for tasks to queue
[2026-07-20T10:23:44.068+0000] {logging_mixin.py:188} INFO - [2026-07-20T10:23:44.068+0000] {dagbag.py:545} INFO - Filling up the DagBag from /opt/airflow/dags/scd.py
[2026-07-20T10:23:44.112+0000] {processor.py:840} INFO - DAG(s) 'SCD2_snapshots' retrieved from /opt/airflow/dags/scd.py
[2026-07-20T10:23:44.180+0000] {logging_mixin.py:188} INFO - [2026-07-20T10:23:44.180+0000] {dag.py:3089} INFO - Sync 1 DAGs
[2026-07-20T10:23:44.224+0000] {logging_mixin.py:188} INFO - [2026-07-20T10:23:44.223+0000] {dag.py:3947} INFO - Setting next_dagrun for SCD2_snapshots to 2026-07-19 00:00:00+00:00, run_after=2026-07-20 00:00:00+00:00
[2026-07-20T10:23:44.258+0000] {processor.py:183} INFO - Processing /opt/airflow/dags/scd.py took 0.207 seconds
[2026-07-20T10:24:14.682+0000] {processor.py:161} INFO - Started process (PID=16262) to work on /opt/airflow/dags/scd.py
[2026-07-20T10:24:14.684+0000] {processor.py:830} INFO - Processing file /opt/airflow/dags/scd.py for tasks to queue
[2026-07-20T10:24:14.687+0000] {logging_mixin.py:188} INFO - [2026-07-20T10:24:14.687+0000] {dagbag.py:545} INFO - Filling up the DagBag from /opt/airflow/dags/scd.py
[2026-07-20T10:24:14.716+0000] {processor.py:840} INFO - DAG(s) 'SCD2_snapshots' retrieved from /opt/airflow/dags/scd.py
[2026-07-20T10:24:14.758+0000] {logging_mixin.py:188} INFO - [2026-07-20T10:24:14.758+0000] {dag.py:3089} INFO - Sync 1 DAGs
[2026-07-20T10:24:14.787+0000] {logging_mixin.py:188} INFO - [2026-07-20T10:24:14.787+0000] {dag.py:3947} INFO - Setting next_dagrun for SCD2_snapshots to 2026-07-19 00:00:00+00:00, run_after=2026-07-20 00:00:00+00:00
[2026-07-20T10:24:14.815+0000] {processor.py:183} INFO - Processing /opt/airflow/dags/scd.py took 0.142 seconds
[2026-07-20T10:24:45.255+0000] {processor.py:161} INFO - Started process (PID=16267) to work on /opt/airflow/dags/scd.py
[2026-07-20T10:24:45.257+0000] {processor.py:830} INFO - Processing file /opt/airflow/dags/scd.py for tasks to queue
[2026-07-20T10:24:45.259+0000] {logging_mixin.py:188} INFO - [2026-07-20T10:24:45.258+0000] {dagbag.py:545} INFO - Filling up the DagBag from /opt/airflow/dags/scd.py
[2026-07-20T10:24:45.290+0000] {processor.py:840} INFO - DAG(s) 'SCD2_snapshots' retrieved from /opt/airflow/dags/scd.py
[2026-07-20T10:24:45.342+0000] {logging_mixin.py:188} INFO - [2026-07-20T10:24:45.341+0000] {dag.py:3089} INFO - Sync 1 DAGs
[2026-07-20T10:24:45.372+0000] {logging_mixin.py:188} INFO - [2026-07-20T10:24:45.372+0000] {dag.py:3947} INFO - Setting next_dagrun for SCD2_snapshots to 2026-07-19 00:00:00+00:00, run_after=2026-07-20 00:00:00+00:00
[2026-07-20T10:24:45.395+0000] {processor.py:183} INFO - Processing /opt/airflow/dags/scd.py took 0.152 seconds
[2026-07-20T10:25:15.626+0000] {processor.py:161} INFO - Started process (PID=16271) to work on /opt/airflow/dags/scd.py
[2026-07-20T10:25:15.628+0000] {processor.py:830} INFO - Processing file /opt/airflow/dags/scd.py for tasks to queue
[2026-07-20T10:25:15.632+0000] {logging_mixin.py:188} INFO - [2026-07-20T10:25:15.631+0000] {dagbag.py:545} INFO - Filling up the DagBag from /opt/airflow/dags/scd.py
[2026-07-20T10:25:15.686+0000] {processor.py:840} INFO - DAG(s) 'SCD2_snapshots' retrieved from /opt/airflow/dags/scd.py
[2026-07-20T10:25:15.751+0000] {logging_mixin.py:188} INFO - [2026-07-20T10:25:15.750+0000] {dag.py:3089} INFO - Sync 1 DAGs
[2026-07-20T10:25:15.794+0000] {logging_mixin.py:188} INFO - [2026-07-20T10:25:15.794+0000] {dag.py:3947} INFO - Setting next_dagrun for SCD2_snapshots to 2026-07-19 00:00:00+00:00, run_after=2026-07-20 00:00:00+00:00
[2026-07-20T10:25:15.826+0000] {processor.py:183} INFO - Processing /opt/airflow/dags/scd.py took 0.219 seconds
[2026-07-20T10:25:46.256+0000] {processor.py:161} INFO - Started process (PID=16273) to work on /opt/airflow/dags/scd.py
[2026-07-20T10:25:46.258+0000] {processor.py:830} INFO - Processing file /opt/airflow/dags/scd.py for tasks to queue
[2026-07-20T10:25:46.262+0000] {logging_mixin.py:188} INFO - [2026-07-20T10:25:46.262+0000] {dagbag.py:545} INFO - Filling up the DagBag from /opt/airflow/dags/scd.py
[2026-07-20T10:25:46.301+0000] {processor.py:840} INFO - DAG(s) 'SCD2_snapshots' retrieved from /opt/airflow/dags/scd.py
[2026-07-20T10:25:46.372+0000] {logging_mixin.py:188} INFO - [2026-07-20T10:25:46.372+0000] {dag.py:3089} INFO - Sync 1 DAGs
[2026-07-20T10:25:46.414+0000] {logging_mixin.py:188} INFO - [2026-07-20T10:25:46.414+0000] {dag.py:3947} INFO - Setting next_dagrun for SCD2_snapshots to 2026-07-19 00:00:00+00:00, run_after=2026-07-20 00:00:00+00:00
[2026-07-20T10:25:46.462+0000] {processor.py:183} INFO - Processing /opt/airflow/dags/scd.py took 0.218 seconds
[2026-07-20T10:26:16.537+0000] {processor.py:161} INFO - Started process (PID=16278) to work on /opt/airflow/dags/scd.py
[2026-07-20T10:26:16.538+0000] {processor.py:830} INFO - Processing file /opt/airflow/dags/scd.py for tasks to queue
[2026-07-20T10:26:16.542+0000] {logging_mixin.py:188} INFO - [2026-07-20T10:26:16.542+0000] {dagbag.py:545} INFO - Filling up the DagBag from /opt/airflow/dags/scd.py
[2026-07-20T10:26:16.569+0000] {processor.py:840} INFO - DAG(s) 'SCD2_snapshots' retrieved from /opt/airflow/dags/scd.py
[2026-07-20T10:26:16.613+0000] {logging_mixin.py:188} INFO - [2026-07-20T10:26:16.613+0000] {dag.py:3089} INFO - Sync 1 DAGs
[2026-07-20T10:26:16.642+0000] {logging_mixin.py:188} INFO - [2026-07-20T10:26:16.642+0000] {dag.py:3947} INFO - Setting next_dagrun for SCD2_snapshots to 2026-07-19 00:00:00+00:00, run_after=2026-07-20 00:00:00+00:00
[2026-07-20T10:26:16.666+0000] {processor.py:183} INFO - Processing /opt/airflow/dags/scd.py took 0.137 seconds
[2026-07-20T10:26:46.776+0000] {processor.py:161} INFO - Started process (PID=16283) to work on /opt/airflow/dags/scd.py
[2026-07-20T10:26:46.778+0000] {processor.py:830} INFO - Processing file /opt/airflow/dags/scd.py for tasks to queue
[2026-07-20T10:26:46.780+0000] {logging_mixin.py:188} INFO - [2026-07-20T10:26:46.779+0000] {dagbag.py:545} INFO - Filling up the DagBag from /opt/airflow/dags/scd.py
[2026-07-20T10:26:46.813+0000] {processor.py:840} INFO - DAG(s) 'SCD2_snapshots' retrieved from /opt/airflow/dags/scd.py
[2026-07-20T10:26:46.850+0000] {logging_mixin.py:188} INFO - [2026-07-20T10:26:46.850+0000] {dag.py:3089} INFO - Sync 1 DAGs
[2026-07-20T10:26:46.878+0000] {logging_mixin.py:188} INFO - [2026-07-20T10:26:46.878+0000] {dag.py:3947} INFO - Setting next_dagrun for SCD2_snapshots to 2026-07-19 00:00:00+00:00, run_after=2026-07-20 00:00:00+00:00
[2026-07-20T10:26:46.905+0000] {processor.py:183} INFO - Processing /opt/airflow/dags/scd.py took 0.136 seconds
[2026-07-20T10:27:17.093+0000] {processor.py:161} INFO - Started process (PID=16288) to work on /opt/airflow/dags/scd.py
[2026-07-20T10:27:17.095+0000] {processor.py:830} INFO - Processing file /opt/airflow/dags/scd.py for tasks to queue
[2026-07-20T10:27:17.099+0000] {logging_mixin.py:188} INFO - [2026-07-20T10:27:17.098+0000] {dagbag.py:545} INFO - Filling up the DagBag from /opt/airflow/dags/scd.py
[2026-07-20T10:27:17.132+0000] {processor.py:840} INFO - DAG(s) 'SCD2_snapshots' retrieved from /opt/airflow/dags/scd.py
[2026-07-20T10:27:17.183+0000] {logging_mixin.py:188} INFO - [2026-07-20T10:27:17.183+0000] {dag.py:3089} INFO - Sync 1 DAGs
[2026-07-20T10:27:17.216+0000] {logging_mixin.py:188} INFO - [2026-07-20T10:27:17.216+0000] {dag.py:3947} INFO - Setting next_dagrun for SCD2_snapshots to 2026-07-19 00:00:00+00:00, run_after=2026-07-20 00:00:00+00:00
[2026-07-20T10:27:17.242+0000] {processor.py:183} INFO - Processing /opt/airflow/dags/scd.py took 0.160 seconds
[2026-07-20T10:27:47.517+0000] {processor.py:161} INFO - Started process (PID=16293) to work on /opt/airflow/dags/scd.py
[2026-07-20T10:27:47.519+0000] {processor.py:830} INFO - Processing file /opt/airflow/dags/scd.py for tasks to queue
[2026-07-20T10:27:47.525+0000] {logging_mixin.py:188} INFO - [2026-07-20T10:27:47.523+0000] {dagbag.py:545} INFO - Filling up the DagBag from /opt/airflow/dags/scd.py
[2026-07-20T10:27:47.567+0000] {processor.py:840} INFO - DAG(s) 'SCD2_snapshots' retrieved from /opt/airflow/dags/scd.py
[2026-07-20T10:27:47.651+0000] {logging_mixin.py:188} INFO - [2026-07-20T10:27:47.650+0000] {dag.py:3089} INFO - Sync 1 DAGs
[2026-07-20T10:27:47.693+0000] {logging_mixin.py:188} INFO - [2026-07-20T10:27:47.692+0000] {dag.py:3947} INFO - Setting next_dagrun for SCD2_snapshots to 2026-07-19 00:00:00+00:00, run_after=2026-07-20 00:00:00+00:00
[2026-07-20T10:27:47.752+0000] {processor.py:183} INFO - Processing /opt/airflow/dags/scd.py took 0.247 seconds
[2026-07-20T10:28:18.089+0000] {processor.py:161} INFO - Started process (PID=16298) to work on /opt/airflow/dags/scd.py
[2026-07-20T10:28:18.091+0000] {processor.py:830} INFO - Processing file /opt/airflow/dags/scd.py for tasks to queue
[2026-07-20T10:28:18.094+0000] {logging_mixin.py:188} INFO - [2026-07-20T10:28:18.094+0000] {dagbag.py:545} INFO - Filling up the DagBag from /opt/airflow/dags/scd.py
[2026-07-20T10:28:18.122+0000] {processor.py:840} INFO - DAG(s) 'SCD2_snapshots' retrieved from /opt/airflow/dags/scd.py
[2026-07-20T10:28:18.168+0000] {logging_mixin.py:188} INFO - [2026-07-20T10:28:18.168+0000] {dag.py:3089} INFO - Sync 1 DAGs
[2026-07-20T10:28:18.193+0000] {logging_mixin.py:188} INFO - [2026-07-20T10:28:18.193+0000] {dag.py:3947} INFO - Setting next_dagrun for SCD2_snapshots to 2026-07-19 00:00:00+00:00, run_after=2026-07-20 00:00:00+00:00
[2026-07-20T10:28:18.220+0000] {processor.py:183} INFO - Processing /opt/airflow/dags/scd.py took 0.139 seconds
[2026-07-20T10:28:48.458+0000] {processor.py:161} INFO - Started process (PID=16303) to work on /opt/airflow/dags/scd.py
[2026-07-20T10:28:48.459+0000] {processor.py:830} INFO - Processing file /opt/airflow/dags/scd.py for tasks to queue
[2026-07-20T10:28:48.462+0000] {logging_mixin.py:188} INFO - [2026-07-20T10:28:48.462+0000] {dagbag.py:545} INFO - Filling up the DagBag from /opt/airflow/dags/scd.py
[2026-07-20T10:28:48.491+0000] {processor.py:840} INFO - DAG(s) 'SCD2_snapshots' retrieved from /opt/airflow/dags/scd.py
[2026-07-20T10:28:48.529+0000] {logging_mixin.py:188} INFO - [2026-07-20T10:28:48.529+0000] {dag.py:3089} INFO - Sync 1 DAGs
[2026-07-20T10:28:48.555+0000] {logging_mixin.py:188} INFO - [2026-07-20T10:28:48.555+0000] {dag.py:3947} INFO - Setting next_dagrun for SCD2_snapshots to 2026-07-19 00:00:00+00:00, run_after=2026-07-20 00:00:00+00:00
[2026-07-20T10:28:48.597+0000] {processor.py:183} INFO - Processing /opt/airflow/dags/scd.py took 0.147 seconds
[2026-07-20T10:29:18.805+0000] {processor.py:161} INFO - Started process (PID=16308) to work on /opt/airflow/dags/scd.py
[2026-07-20T10:29:18.808+0000] {processor.py:830} INFO - Processing file /opt/airflow/dags/scd.py for tasks to queue
[2026-07-20T10:29:18.811+0000] {logging_mixin.py:188} INFO - [2026-07-20T10:29:18.810+0000] {dagbag.py:545} INFO - Filling up the DagBag from /opt/airflow/dags/scd.py
[2026-07-20T10:29:18.844+0000] {processor.py:840} INFO - DAG(s) 'SCD2_snapshots' retrieved from /opt/airflow/dags/scd.py
[2026-07-20T10:29:18.882+0000] {logging_mixin.py:188} INFO - [2026-07-20T10:29:18.881+0000] {dag.py:3089} INFO - Sync 1 DAGs
[2026-07-20T10:29:18.911+0000] {logging_mixin.py:188} INFO - [2026-07-20T10:29:18.911+0000] {dag.py:3947} INFO - Setting next_dagrun for SCD2_snapshots to 2026-07-19 00:00:00+00:00, run_after=2026-07-20 00:00:00+00:00
[2026-07-20T10:29:18.937+0000] {processor.py:183} INFO - Processing /opt/airflow/dags/scd.py took 0.140 seconds
[2026-07-20T10:29:49.246+0000] {processor.py:161} INFO - Started process (PID=16313) to work on /opt/airflow/dags/scd.py
[2026-07-20T10:29:49.248+0000] {processor.py:830} INFO - Processing file /opt/airflow/dags/scd.py for tasks to queue
[2026-07-20T10:29:49.251+0000] {logging_mixin.py:188} INFO - [2026-07-20T10:29:49.250+0000] {dagbag.py:545} INFO - Filling up the DagBag from /opt/airflow/dags/scd.py
[2026-07-20T10:29:49.280+0000] {processor.py:840} INFO - DAG(s) 'SCD2_snapshots' retrieved from /opt/airflow/dags/scd.py
[2026-07-20T10:29:49.325+0000] {logging_mixin.py:188} INFO - [2026-07-20T10:29:49.324+0000] {dag.py:3089} INFO - Sync 1 DAGs
[2026-07-20T10:29:49.358+0000] {logging_mixin.py:188} INFO - [2026-07-20T10:29:49.358+0000] {dag.py:3947} INFO - Setting next_dagrun for SCD2_snapshots to 2026-07-19 00:00:00+00:00, run_after=2026-07-20 00:00:00+00:00
[2026-07-20T10:29:49.403+0000] {processor.py:183} INFO - Processing /opt/airflow/dags/scd.py took 0.165 seconds
[2026-07-20T10:30:19.624+0000] {processor.py:161} INFO - Started process (PID=16318) to work on /opt/airflow/dags/scd.py
[2026-07-20T10:30:19.626+0000] {processor.py:830} INFO - Processing file /opt/airflow/dags/scd.py for tasks to queue
[2026-07-20T10:30:19.628+0000] {logging_mixin.py:188} INFO - [2026-07-20T10:30:19.628+0000] {dagbag.py:545} INFO - Filling up the DagBag from /opt/airflow/dags/scd.py
[2026-07-20T10:30:19.656+0000] {processor.py:840} INFO - DAG(s) 'SCD2_snapshots' retrieved from /opt/airflow/dags/scd.py
[2026-07-20T10:30:19.694+0000] {logging_mixin.py:188} INFO - [2026-07-20T10:30:19.694+0000] {dag.py:3089} INFO - Sync 1 DAGs
[2026-07-20T10:30:19.718+0000] {logging_mixin.py:188} INFO - [2026-07-20T10:30:19.718+0000] {dag.py:3947} INFO - Setting next_dagrun for SCD2_snapshots to 2026-07-19 00:00:00+00:00, run_after=2026-07-20 00:00:00+00:00
[2026-07-20T10:30:19.746+0000] {processor.py:183} INFO - Processing /opt/airflow/dags/scd.py took 0.130 seconds
[2026-07-20T10:30:49.964+0000] {processor.py:161} INFO - Started process (PID=16323) to work on /opt/airflow/dags/scd.py
[2026-07-20T10:30:49.966+0000] {processor.py:830} INFO - Processing file /opt/airflow/dags/scd.py for tasks to queue
[2026-07-20T10:30:49.969+0000] {logging_mixin.py:188} INFO - [2026-07-20T10:30:49.968+0000] {dagbag.py:545} INFO - Filling up the DagBag from /opt/airflow/dags/scd.py
[2026-07-20T10:30:49.998+0000] {processor.py:840} INFO - DAG(s) 'SCD2_snapshots' retrieved from /opt/airflow/dags/scd.py
[2026-07-20T10:30:50.060+0000] {logging_mixin.py:188} INFO - [2026-07-20T10:30:50.060+0000] {dag.py:3089} INFO - Sync 1 DAGs
[2026-07-20T10:30:50.108+0000] {logging_mixin.py:188} INFO - [2026-07-20T10:30:50.107+0000] {dag.py:3947} INFO - Setting next_dagrun for SCD2_snapshots to 2026-07-19 00:00:00+00:00, run_after=2026-07-20 00:00:00+00:00
[2026-07-20T10:30:50.146+0000] {processor.py:183} INFO - Processing /opt/airflow/dags/scd.py took 0.191 seconds
[2026-07-20T10:31:16.387+0000] {processor.py:161} INFO - Started process (PID=16328) to work on /opt/airflow/dags/scd.py
[2026-07-20T10:31:16.392+0000] {processor.py:830} INFO - Processing file /opt/airflow/dags/scd.py for tasks to queue
[2026-07-20T10:31:16.397+0000] {logging_mixin.py:188} INFO - [2026-07-20T10:31:16.396+0000] {dagbag.py:545} INFO - Filling up the DagBag from /opt/airflow/dags/scd.py
[2026-07-20T10:31:16.455+0000] {processor.py:840} INFO - DAG(s) 'SCD2_snapshots' retrieved from /opt/airflow/dags/scd.py
[2026-07-20T10:31:16.514+0000] {logging_mixin.py:188} INFO - [2026-07-20T10:31:16.514+0000] {dag.py:3089} INFO - Sync 1 DAGs
[2026-07-20T10:31:16.575+0000] {logging_mixin.py:188} INFO - [2026-07-20T10:31:16.575+0000] {dag.py:3947} INFO - Setting next_dagrun for SCD2_snapshots to 2026-07-19 00:00:00+00:00, run_after=2026-07-20 00:00:00+00:00
[2026-07-20T10:31:16.668+0000] {processor.py:183} INFO - Processing /opt/airflow/dags/scd.py took 0.293 seconds
[2026-07-20T10:31:47.035+0000] {processor.py:161} INFO - Started process (PID=16333) to work on /opt/airflow/dags/scd.py
[2026-07-20T10:31:47.037+0000] {processor.py:830} INFO - Processing file /opt/airflow/dags/scd.py for tasks to queue
[2026-07-20T10:31:47.039+0000] {logging_mixin.py:188} INFO - [2026-07-20T10:31:47.038+0000] {dagbag.py:545} INFO - Filling up the DagBag from /opt/airflow/dags/scd.py
[2026-07-20T10:31:47.064+0000] {processor.py:840} INFO - DAG(s) 'SCD2_snapshots' retrieved from /opt/airflow/dags/scd.py
[2026-07-20T10:31:47.109+0000] {logging_mixin.py:188} INFO - [2026-07-20T10:31:47.109+0000] {dag.py:3089} INFO - Sync 1 DAGs
[2026-07-20T10:31:47.135+0000] {logging_mixin.py:188} INFO - [2026-07-20T10:31:47.135+0000] {dag.py:3947} INFO - Setting next_dagrun for SCD2_snapshots to 2026-07-19 00:00:00+00:00, run_after=2026-07-20 00:00:00+00:00
[2026-07-20T10:31:47.161+0000] {processor.py:183} INFO - Processing /opt/airflow/dags/scd.py took 0.133 seconds
[2026-07-20T10:32:17.359+0000] {processor.py:161} INFO - Started process (PID=16338) to work on /opt/airflow/dags/scd.py
[2026-07-20T10:32:17.360+0000] {processor.py:830} INFO - Processing file /opt/airflow/dags/scd.py for tasks to queue
[2026-07-20T10:32:17.363+0000] {logging_mixin.py:188} INFO - [2026-07-20T10:32:17.362+0000] {dagbag.py:545} INFO - Filling up the DagBag from /opt/airflow/dags/scd.py
[2026-07-20T10:32:17.388+0000] {processor.py:840} INFO - DAG(s) 'SCD2_snapshots' retrieved from /opt/airflow/dags/scd.py
[2026-07-20T10:32:17.430+0000] {logging_mixin.py:188} INFO - [2026-07-20T10:32:17.430+0000] {dag.py:3089} INFO - Sync 1 DAGs
[2026-07-20T10:32:17.456+0000] {logging_mixin.py:188} INFO - [2026-07-20T10:32:17.456+0000] {dag.py:3947} INFO - Setting next_dagrun for SCD2_snapshots to 2026-07-19 00:00:00+00:00, run_after=2026-07-20 00:00:00+00:00
[2026-07-20T10:32:17.480+0000] {processor.py:183} INFO - Processing /opt/airflow/dags/scd.py took 0.129 seconds
[2026-07-20T10:32:42.728+0000] {processor.py:161} INFO - Started process (PID=16343) to work on /opt/airflow/dags/scd.py
[2026-07-20T10:32:42.729+0000] {processor.py:830} INFO - Processing file /opt/airflow/dags/scd.py for tasks to queue
[2026-07-20T10:32:42.731+0000] {logging_mixin.py:188} INFO - [2026-07-20T10:32:42.731+0000] {dagbag.py:545} INFO - Filling up the DagBag from /opt/airflow/dags/scd.py
[2026-07-20T10:32:42.769+0000] {processor.py:840} INFO - DAG(s) 'SCD2_snapshots' retrieved from /opt/airflow/dags/scd.py
[2026-07-20T10:32:42.815+0000] {logging_mixin.py:188} INFO - [2026-07-20T10:32:42.815+0000] {dag.py:3089} INFO - Sync 1 DAGs
[2026-07-20T10:32:42.844+0000] {logging_mixin.py:188} INFO - [2026-07-20T10:32:42.844+0000] {dag.py:3947} INFO - Setting next_dagrun for SCD2_snapshots to 2026-07-19 00:00:00+00:00, run_after=2026-07-20 00:00:00+00:00
[2026-07-20T10:32:42.904+0000] {processor.py:183} INFO - Processing /opt/airflow/dags/scd.py took 0.185 seconds
[2026-07-20T10:33:13.191+0000] {processor.py:161} INFO - Started process (PID=16348) to work on /opt/airflow/dags/scd.py
[2026-07-20T10:33:13.192+0000] {processor.py:830} INFO - Processing file /opt/airflow/dags/scd.py for tasks to queue
[2026-07-20T10:33:13.195+0000] {logging_mixin.py:188} INFO - [2026-07-20T10:33:13.194+0000] {dagbag.py:545} INFO - Filling up the DagBag from /opt/airflow/dags/scd.py
[2026-07-20T10:33:13.223+0000] {processor.py:840} INFO - DAG(s) 'SCD2_snapshots' retrieved from /opt/airflow/dags/scd.py
[2026-07-20T10:33:13.264+0000] {logging_mixin.py:188} INFO - [2026-07-20T10:33:13.263+0000] {dag.py:3089} INFO - Sync 1 DAGs
[2026-07-20T10:33:13.292+0000] {logging_mixin.py:188} INFO - [2026-07-20T10:33:13.292+0000] {dag.py:3947} INFO - Setting next_dagrun for SCD2_snapshots to 2026-07-19 00:00:00+00:00, run_after=2026-07-20 00:00:00+00:00
[2026-07-20T10:33:13.315+0000] {processor.py:183} INFO - Processing /opt/airflow/dags/scd.py took 0.132 seconds
[2026-07-20T10:33:43.676+0000] {processor.py:161} INFO - Started process (PID=16353) to work on /opt/airflow/dags/scd.py
[2026-07-20T10:33:43.678+0000] {processor.py:830} INFO - Processing file /opt/airflow/dags/scd.py for tasks to queue
[2026-07-20T10:33:43.680+0000] {logging_mixin.py:188} INFO - [2026-07-20T10:33:43.680+0000] {dagbag.py:545} INFO - Filling up the DagBag from /opt/airflow/dags/scd.py
[2026-07-20T10:33:43.709+0000] {processor.py:840} INFO - DAG(s) 'SCD2_snapshots' retrieved from /opt/airflow/dags/scd.py
[2026-07-20T10:33:43.754+0000] {logging_mixin.py:188} INFO - [2026-07-20T10:33:43.753+0000] {dag.py:3089} INFO - Sync 1 DAGs
[2026-07-20T10:33:43.834+0000] {logging_mixin.py:188} INFO - [2026-07-20T10:33:43.834+0000] {dag.py:3947} INFO - Setting next_dagrun for SCD2_snapshots to 2026-07-19 00:00:00+00:00, run_after=2026-07-20 00:00:00+00:00
[2026-07-20T10:33:43.886+0000] {processor.py:183} INFO - Processing /opt/airflow/dags/scd.py took 0.218 seconds
[2026-07-20T10:34:14.194+0000] {processor.py:161} INFO - Started process (PID=16379) to work on /opt/airflow/dags/scd.py
[2026-07-20T10:34:14.195+0000] {processor.py:830} INFO - Processing file /opt/airflow/dags/scd.py for tasks to queue
[2026-07-20T10:34:14.198+0000] {logging_mixin.py:188} INFO - [2026-07-20T10:34:14.197+0000] {dagbag.py:545} INFO - Filling up the DagBag from /opt/airflow/dags/scd.py
[2026-07-20T10:34:14.227+0000] {processor.py:840} INFO - DAG(s) 'SCD2_snapshots' retrieved from /opt/airflow/dags/scd.py
[2026-07-20T10:34:14.273+0000] {logging_mixin.py:188} INFO - [2026-07-20T10:34:14.272+0000] {dag.py:3089} INFO - Sync 1 DAGs
[2026-07-20T10:34:14.300+0000] {logging_mixin.py:188} INFO - [2026-07-20T10:34:14.300+0000] {dag.py:3947} INFO - Setting next_dagrun for SCD2_snapshots to 2026-07-20 00:00:00+00:00, run_after=2026-07-21 00:00:00+00:00
[2026-07-20T10:34:14.326+0000] {processor.py:183} INFO - Processing /opt/airflow/dags/scd.py took 0.140 seconds
[2026-07-20T10:34:44.586+0000] {processor.py:161} INFO - Started process (PID=16403) to work on /opt/airflow/dags/scd.py
[2026-07-20T10:34:44.589+0000] {processor.py:830} INFO - Processing file /opt/airflow/dags/scd.py for tasks to queue
[2026-07-20T10:34:44.592+0000] {logging_mixin.py:188} INFO - [2026-07-20T10:34:44.592+0000] {dagbag.py:545} INFO - Filling up the DagBag from /opt/airflow/dags/scd.py
[2026-07-20T10:34:44.630+0000] {processor.py:840} INFO - DAG(s) 'SCD2_snapshots' retrieved from /opt/airflow/dags/scd.py
[2026-07-20T10:34:44.677+0000] {logging_mixin.py:188} INFO - [2026-07-20T10:34:44.677+0000] {dag.py:3089} INFO - Sync 1 DAGs
[2026-07-20T10:34:44.718+0000] {logging_mixin.py:188} INFO - [2026-07-20T10:34:44.717+0000] {dag.py:3947} INFO - Setting next_dagrun for SCD2_snapshots to 2026-07-20 00:00:00+00:00, run_after=2026-07-21 00:00:00+00:00
[2026-07-20T10:34:44.747+0000] {processor.py:183} INFO - Processing /opt/airflow/dags/scd.py took 0.171 seconds
[2026-07-20T10:35:14.901+0000] {processor.py:161} INFO - Started process (PID=16419) to work on /opt/airflow/dags/scd.py
[2026-07-20T10:35:14.903+0000] {processor.py:830} INFO - Processing file /opt/airflow/dags/scd.py for tasks to queue
[2026-07-20T10:35:14.906+0000] {logging_mixin.py:188} INFO - [2026-07-20T10:35:14.905+0000] {dagbag.py:545} INFO - Filling up the DagBag from /opt/airflow/dags/scd.py
[2026-07-20T10:35:14.941+0000] {processor.py:840} INFO - DAG(s) 'SCD2_snapshots' retrieved from /opt/airflow/dags/scd.py
[2026-07-20T10:35:14.993+0000] {logging_mixin.py:188} INFO - [2026-07-20T10:35:14.992+0000] {dag.py:3089} INFO - Sync 1 DAGs
[2026-07-20T10:35:15.037+0000] {logging_mixin.py:188} INFO - [2026-07-20T10:35:15.037+0000] {dag.py:3947} INFO - Setting next_dagrun for SCD2_snapshots to 2026-07-20 00:00:00+00:00, run_after=2026-07-21 00:00:00+00:00
[2026-07-20T10:35:15.086+0000] {processor.py:183} INFO - Processing /opt/airflow/dags/scd.py took 0.192 seconds
[2026-07-20T10:35:45.318+0000] {processor.py:161} INFO - Started process (PID=16453) to work on /opt/airflow/dags/scd.py
[2026-07-20T10:35:45.320+0000] {processor.py:830} INFO - Processing file /opt/airflow/dags/scd.py for tasks to queue
[2026-07-20T10:35:45.322+0000] {logging_mixin.py:188} INFO - [2026-07-20T10:35:45.321+0000] {dagbag.py:545} INFO - Filling up the DagBag from /opt/airflow/dags/scd.py
[2026-07-20T10:35:45.349+0000] {processor.py:840} INFO - DAG(s) 'SCD2_snapshots' retrieved from /opt/airflow/dags/scd.py
[2026-07-20T10:35:45.386+0000] {logging_mixin.py:188} INFO - [2026-07-20T10:35:45.386+0000] {dag.py:3089} INFO - Sync 1 DAGs
[2026-07-20T10:35:45.412+0000] {logging_mixin.py:188} INFO - [2026-07-20T10:35:45.412+0000] {dag.py:3947} INFO - Setting next_dagrun for SCD2_snapshots to 2026-07-20 00:00:00+00:00, run_after=2026-07-21 00:00:00+00:00
[2026-07-20T10:35:45.434+0000] {processor.py:183} INFO - Processing /opt/airflow/dags/scd.py took 0.123 seconds
[2026-07-20T10:36:15.676+0000] {processor.py:161} INFO - Started process (PID=16458) to work on /opt/airflow/dags/scd.py
[2026-07-20T10:36:15.679+0000] {processor.py:830} INFO - Processing file /opt/airflow/dags/scd.py for tasks to queue
[2026-07-20T10:36:15.683+0000] {logging_mixin.py:188} INFO - [2026-07-20T10:36:15.682+0000] {dagbag.py:545} INFO - Filling up the DagBag from /opt/airflow/dags/scd.py
[2026-07-20T10:36:15.737+0000] {processor.py:840} INFO - DAG(s) 'SCD2_snapshots' retrieved from /opt/airflow/dags/scd.py
[2026-07-20T10:36:15.815+0000] {logging_mixin.py:188} INFO - [2026-07-20T10:36:15.814+0000] {dag.py:3089} INFO - Sync 1 DAGs
[2026-07-20T10:36:15.845+0000] {logging_mixin.py:188} INFO - [2026-07-20T10:36:15.844+0000] {dag.py:3947} INFO - Setting next_dagrun for SCD2_snapshots to 2026-07-20 00:00:00+00:00, run_after=2026-07-21 00:00:00+00:00
[2026-07-20T10:36:15.867+0000] {processor.py:183} INFO - Processing /opt/airflow/dags/scd.py took 0.207 seconds
[2026-07-20T10:36:46.131+0000] {processor.py:161} INFO - Started process (PID=16459) to work on /opt/airflow/dags/scd.py
[2026-07-20T10:36:46.133+0000] {processor.py:830} INFO - Processing file /opt/airflow/dags/scd.py for tasks to queue
[2026-07-20T10:36:46.136+0000] {logging_mixin.py:188} INFO - [2026-07-20T10:36:46.135+0000] {dagbag.py:545} INFO - Filling up the DagBag from /opt/airflow/dags/scd.py
[2026-07-20T10:36:46.173+0000] {processor.py:840} INFO - DAG(s) 'SCD2_snapshots' retrieved from /opt/airflow/dags/scd.py
[2026-07-20T10:36:46.223+0000] {logging_mixin.py:188} INFO - [2026-07-20T10:36:46.223+0000] {dag.py:3089} INFO - Sync 1 DAGs
[2026-07-20T10:36:46.264+0000] {logging_mixin.py:188} INFO - [2026-07-20T10:36:46.264+0000] {dag.py:3947} INFO - Setting next_dagrun for SCD2_snapshots to 2026-07-20 00:00:00+00:00, run_after=2026-07-21 00:00:00+00:00
[2026-07-20T10:36:46.311+0000] {processor.py:183} INFO - Processing /opt/airflow/dags/scd.py took 0.189 seconds
[2026-07-20T10:37:16.673+0000] {processor.py:161} INFO - Started process (PID=16465) to work on /opt/airflow/dags/scd.py
[2026-07-20T10:37:16.675+0000] {processor.py:830} INFO - Processing file /opt/airflow/dags/scd.py for tasks to queue
[2026-07-20T10:37:16.678+0000] {logging_mixin.py:188} INFO - [2026-07-20T10:37:16.677+0000] {dagbag.py:545} INFO - Filling up the DagBag from /opt/airflow/dags/scd.py
[2026-07-20T10:37:16.713+0000] {processor.py:840} INFO - DAG(s) 'SCD2_snapshots' retrieved from /opt/airflow/dags/scd.py
[2026-07-20T10:37:16.755+0000] {logging_mixin.py:188} INFO - [2026-07-20T10:37:16.755+0000] {dag.py:3089} INFO - Sync 1 DAGs
[2026-07-20T10:37:16.789+0000] {logging_mixin.py:188} INFO - [2026-07-20T10:37:16.788+0000] {dag.py:3947} INFO - Setting next_dagrun for SCD2_snapshots to 2026-07-20 00:00:00+00:00, run_after=2026-07-21 00:00:00+00:00
[2026-07-20T10:37:16.838+0000] {processor.py:183} INFO - Processing /opt/airflow/dags/scd.py took 0.173 seconds
[2026-07-20T10:37:46.941+0000] {processor.py:161} INFO - Started process (PID=16489) to work on /opt/airflow/dags/scd.py
[2026-07-20T10:37:46.943+0000] {processor.py:830} INFO - Processing file /opt/airflow/dags/scd.py for tasks to queue
[2026-07-20T10:37:46.947+0000] {logging_mixin.py:188} INFO - [2026-07-20T10:37:46.946+0000] {dagbag.py:545} INFO - Filling up the DagBag from /opt/airflow/dags/scd.py
[2026-07-20T10:37:46.978+0000] {processor.py:840} INFO - DAG(s) 'SCD2_snapshots' retrieved from /opt/airflow/dags/scd.py
[2026-07-20T10:37:47.020+0000] {logging_mixin.py:188} INFO - [2026-07-20T10:37:47.020+0000] {dag.py:3089} INFO - Sync 1 DAGs
[2026-07-20T10:37:47.052+0000] {logging_mixin.py:188} INFO - [2026-07-20T10:37:47.052+0000] {dag.py:3947} INFO - Setting next_dagrun for SCD2_snapshots to 2026-07-20 00:00:00+00:00, run_after=2026-07-21 00:00:00+00:00
[2026-07-20T10:37:47.085+0000] {processor.py:183} INFO - Processing /opt/airflow/dags/scd.py took 0.153 seconds
[2026-07-20T10:38:17.236+0000] {processor.py:161} INFO - Started process (PID=16494) to work on /opt/airflow/dags/scd.py
[2026-07-20T10:38:17.238+0000] {processor.py:830} INFO - Processing file /opt/airflow/dags/scd.py for tasks to queue
[2026-07-20T10:38:17.240+0000] {logging_mixin.py:188} INFO - [2026-07-20T10:38:17.240+0000] {dagbag.py:545} INFO - Filling up the DagBag from /opt/airflow/dags/scd.py
[2026-07-20T10:38:17.269+0000] {processor.py:840} INFO - DAG(s) 'SCD2_snapshots' retrieved from /opt/airflow/dags/scd.py
[2026-07-20T10:38:17.312+0000] {logging_mixin.py:188} INFO - [2026-07-20T10:38:17.311+0000] {dag.py:3089} INFO - Sync 1 DAGs
[2026-07-20T10:38:17.337+0000] {logging_mixin.py:188} INFO - [2026-07-20T10:38:17.337+0000] {dag.py:3947} INFO - Setting next_dagrun for SCD2_snapshots to 2026-07-20 00:00:00+00:00, run_after=2026-07-21 00:00:00+00:00
[2026-07-20T10:38:17.364+0000] {processor.py:183} INFO - Processing /opt/airflow/dags/scd.py took 0.139 seconds
[2026-07-20T10:38:47.475+0000] {processor.py:161} INFO - Started process (PID=16519) to work on /opt/airflow/dags/scd.py
[2026-07-20T10:38:47.477+0000] {processor.py:830} INFO - Processing file /opt/airflow/dags/scd.py for tasks to queue
[2026-07-20T10:38:47.479+0000] {logging_mixin.py:188} INFO - [2026-07-20T10:38:47.479+0000] {dagbag.py:545} INFO - Filling up the DagBag from /opt/airflow/dags/scd.py
[2026-07-20T10:38:47.507+0000] {processor.py:840} INFO - DAG(s) 'SCD2_snapshots' retrieved from /opt/airflow/dags/scd.py
[2026-07-20T10:38:47.546+0000] {logging_mixin.py:188} INFO - [2026-07-20T10:38:47.546+0000] {dag.py:3089} INFO - Sync 1 DAGs
[2026-07-20T10:38:47.574+0000] {logging_mixin.py:188} INFO - [2026-07-20T10:38:47.573+0000] {dag.py:3947} INFO - Setting next_dagrun for SCD2_snapshots to 2026-07-20 00:00:00+00:00, run_after=2026-07-21 00:00:00+00:00
[2026-07-20T10:38:47.612+0000] {processor.py:183} INFO - Processing /opt/airflow/dags/scd.py took 0.145 seconds
[2026-07-20T10:39:18.057+0000] {processor.py:161} INFO - Started process (PID=16524) to work on /opt/airflow/dags/scd.py
[2026-07-20T10:39:18.059+0000] {processor.py:830} INFO - Processing file /opt/airflow/dags/scd.py for tasks to queue
[2026-07-20T10:39:18.062+0000] {logging_mixin.py:188} INFO - [2026-07-20T10:39:18.062+0000] {dagbag.py:545} INFO - Filling up the DagBag from /opt/airflow/dags/scd.py
[2026-07-20T10:39:18.094+0000] {processor.py:840} INFO - DAG(s) 'SCD2_snapshots' retrieved from /opt/airflow/dags/scd.py
[2026-07-20T10:39:18.137+0000] {logging_mixin.py:188} INFO - [2026-07-20T10:39:18.136+0000] {dag.py:3089} INFO - Sync 1 DAGs
[2026-07-20T10:39:18.166+0000] {logging_mixin.py:188} INFO - [2026-07-20T10:39:18.165+0000] {dag.py:3947} INFO - Setting next_dagrun for SCD2_snapshots to 2026-07-20 00:00:00+00:00, run_after=2026-07-21 00:00:00+00:00
[2026-07-20T10:39:18.195+0000] {processor.py:183} INFO - Processing /opt/airflow/dags/scd.py took 0.153 seconds
[2026-07-20T10:39:48.554+0000] {processor.py:161} INFO - Started process (PID=16529) to work on /opt/airflow/dags/scd.py
[2026-07-20T10:39:48.556+0000] {processor.py:830} INFO - Processing file /opt/airflow/dags/scd.py for tasks to queue
[2026-07-20T10:39:48.559+0000] {logging_mixin.py:188} INFO - [2026-07-20T10:39:48.559+0000] {dagbag.py:545} INFO - Filling up the DagBag from /opt/airflow/dags/scd.py
[2026-07-20T10:39:48.595+0000] {processor.py:840} INFO - DAG(s) 'SCD2_snapshots' retrieved from /opt/airflow/dags/scd.py
[2026-07-20T10:39:48.638+0000] {logging_mixin.py:188} INFO - [2026-07-20T10:39:48.637+0000] {dag.py:3089} INFO - Sync 1 DAGs
[2026-07-20T10:39:48.665+0000] {logging_mixin.py:188} INFO - [2026-07-20T10:39:48.664+0000] {dag.py:3947} INFO - Setting next_dagrun for SCD2_snapshots to 2026-07-20 00:00:00+00:00, run_after=2026-07-21 00:00:00+00:00
[2026-07-20T10:39:48.699+0000] {processor.py:183} INFO - Processing /opt/airflow/dags/scd.py took 0.154 seconds
[2026-07-20T10:40:18.962+0000] {processor.py:161} INFO - Started process (PID=16534) to work on /opt/airflow/dags/scd.py
[2026-07-20T10:40:18.964+0000] {processor.py:830} INFO - Processing file /opt/airflow/dags/scd.py for tasks to queue
[2026-07-20T10:40:18.969+0000] {logging_mixin.py:188} INFO - [2026-07-20T10:40:18.967+0000] {dagbag.py:545} INFO - Filling up the DagBag from /opt/airflow/dags/scd.py
[2026-07-20T10:40:19.004+0000] {processor.py:840} INFO - DAG(s) 'SCD2_snapshots' retrieved from /opt/airflow/dags/scd.py
[2026-07-20T10:40:19.059+0000] {logging_mixin.py:188} INFO - [2026-07-20T10:40:19.059+0000] {dag.py:3089} INFO - Sync 1 DAGs
[2026-07-20T10:40:19.098+0000] {logging_mixin.py:188} INFO - [2026-07-20T10:40:19.098+0000] {dag.py:3947} INFO - Setting next_dagrun for SCD2_snapshots to 2026-07-20 00:00:00+00:00, run_after=2026-07-21 00:00:00+00:00
[2026-07-20T10:40:19.132+0000] {processor.py:183} INFO - Processing /opt/airflow/dags/scd.py took 0.179 seconds
[2026-07-20T10:40:49.379+0000] {processor.py:161} INFO - Started process (PID=16539) to work on /opt/airflow/dags/scd.py
[2026-07-20T10:40:49.381+0000] {processor.py:830} INFO - Processing file /opt/airflow/dags/scd.py for tasks to queue
[2026-07-20T10:40:49.385+0000] {logging_mixin.py:188} INFO - [2026-07-20T10:40:49.384+0000] {dagbag.py:545} INFO - Filling up the DagBag from /opt/airflow/dags/scd.py
[2026-07-20T10:40:49.416+0000] {processor.py:840} INFO - DAG(s) 'SCD2_snapshots' retrieved from /opt/airflow/dags/scd.py
[2026-07-20T10:40:49.459+0000] {logging_mixin.py:188} INFO - [2026-07-20T10:40:49.458+0000] {dag.py:3089} INFO - Sync 1 DAGs
[2026-07-20T10:40:49.500+0000] {logging_mixin.py:188} INFO - [2026-07-20T10:40:49.498+0000] {dag.py:3947} INFO - Setting next_dagrun for SCD2_snapshots to 2026-07-20 00:00:00+00:00, run_after=2026-07-21 00:00:00+00:00
[2026-07-20T10:40:49.534+0000] {processor.py:183} INFO - Processing /opt/airflow/dags/scd.py took 0.162 seconds
[2026-07-20T10:41:19.709+0000] {processor.py:161} INFO - Started process (PID=16544) to work on /opt/airflow/dags/scd.py
[2026-07-20T10:41:19.711+0000] {processor.py:830} INFO - Processing file /opt/airflow/dags/scd.py for tasks to queue
[2026-07-20T10:41:19.717+0000] {logging_mixin.py:188} INFO - [2026-07-20T10:41:19.716+0000] {dagbag.py:545} INFO - Filling up the DagBag from /opt/airflow/dags/scd.py
[2026-07-20T10:41:19.756+0000] {processor.py:840} INFO - DAG(s) 'SCD2_snapshots' retrieved from /opt/airflow/dags/scd.py
[2026-07-20T10:41:19.805+0000] {logging_mixin.py:188} INFO - [2026-07-20T10:41:19.804+0000] {dag.py:3089} INFO - Sync 1 DAGs
[2026-07-20T10:41:19.850+0000] {logging_mixin.py:188} INFO - [2026-07-20T10:41:19.849+0000] {dag.py:3947} INFO - Setting next_dagrun for SCD2_snapshots to 2026-07-20 00:00:00+00:00, run_after=2026-07-21 00:00:00+00:00
[2026-07-20T10:41:19.900+0000] {processor.py:183} INFO - Processing /opt/airflow/dags/scd.py took 0.200 seconds
[2026-07-20T10:41:50.057+0000] {processor.py:161} INFO - Started process (PID=16549) to work on /opt/airflow/dags/scd.py
[2026-07-20T10:41:50.058+0000] {processor.py:830} INFO - Processing file /opt/airflow/dags/scd.py for tasks to queue
[2026-07-20T10:41:50.060+0000] {logging_mixin.py:188} INFO - [2026-07-20T10:41:50.060+0000] {dagbag.py:545} INFO - Filling up the DagBag from /opt/airflow/dags/scd.py
[2026-07-20T10:41:50.084+0000] {processor.py:840} INFO - DAG(s) 'SCD2_snapshots' retrieved from /opt/airflow/dags/scd.py
[2026-07-20T10:41:50.121+0000] {logging_mixin.py:188} INFO - [2026-07-20T10:41:50.120+0000] {dag.py:3089} INFO - Sync 1 DAGs
[2026-07-20T10:41:50.148+0000] {logging_mixin.py:188} INFO - [2026-07-20T10:41:50.148+0000] {dag.py:3947} INFO - Setting next_dagrun for SCD2_snapshots to 2026-07-20 00:00:00+00:00, run_after=2026-07-21 00:00:00+00:00
[2026-07-20T10:41:50.179+0000] {processor.py:183} INFO - Processing /opt/airflow/dags/scd.py took 0.130 seconds
[2026-07-20T10:42:20.283+0000] {processor.py:161} INFO - Started process (PID=16554) to work on /opt/airflow/dags/scd.py
[2026-07-20T10:42:20.285+0000] {processor.py:830} INFO - Processing file /opt/airflow/dags/scd.py for tasks to queue
[2026-07-20T10:42:20.288+0000] {logging_mixin.py:188} INFO - [2026-07-20T10:42:20.288+0000] {dagbag.py:545} INFO - Filling up the DagBag from /opt/airflow/dags/scd.py
[2026-07-20T10:42:20.316+0000] {processor.py:840} INFO - DAG(s) 'SCD2_snapshots' retrieved from /opt/airflow/dags/scd.py
[2026-07-20T10:42:20.356+0000] {logging_mixin.py:188} INFO - [2026-07-20T10:42:20.356+0000] {dag.py:3089} INFO - Sync 1 DAGs
[2026-07-20T10:42:20.383+0000] {logging_mixin.py:188} INFO - [2026-07-20T10:42:20.383+0000] {dag.py:3947} INFO - Setting next_dagrun for SCD2_snapshots to 2026-07-20 00:00:00+00:00, run_after=2026-07-21 00:00:00+00:00
[2026-07-20T10:42:20.410+0000] {processor.py:183} INFO - Processing /opt/airflow/dags/scd.py took 0.134 seconds
[2026-07-20T10:42:50.553+0000] {processor.py:161} INFO - Started process (PID=16559) to work on /opt/airflow/dags/scd.py
[2026-07-20T10:42:50.554+0000] {processor.py:830} INFO - Processing file /opt/airflow/dags/scd.py for tasks to queue
[2026-07-20T10:42:50.557+0000] {logging_mixin.py:188} INFO - [2026-07-20T10:42:50.556+0000] {dagbag.py:545} INFO - Filling up the DagBag from /opt/airflow/dags/scd.py
[2026-07-20T10:42:50.582+0000] {processor.py:840} INFO - DAG(s) 'SCD2_snapshots' retrieved from /opt/airflow/dags/scd.py
[2026-07-20T10:42:50.630+0000] {logging_mixin.py:188} INFO - [2026-07-20T10:42:50.630+0000] {dag.py:3089} INFO - Sync 1 DAGs
[2026-07-20T10:42:50.658+0000] {logging_mixin.py:188} INFO - [2026-07-20T10:42:50.657+0000] {dag.py:3947} INFO - Setting next_dagrun for SCD2_snapshots to 2026-07-20 00:00:00+00:00, run_after=2026-07-21 00:00:00+00:00
[2026-07-20T10:42:50.682+0000] {processor.py:183} INFO - Processing /opt/airflow/dags/scd.py took 0.137 seconds
[2026-07-20T10:43:20.906+0000] {processor.py:161} INFO - Started process (PID=16564) to work on /opt/airflow/dags/scd.py
[2026-07-20T10:43:20.908+0000] {processor.py:830} INFO - Processing file /opt/airflow/dags/scd.py for tasks to queue
[2026-07-20T10:43:20.911+0000] {logging_mixin.py:188} INFO - [2026-07-20T10:43:20.910+0000] {dagbag.py:545} INFO - Filling up the DagBag from /opt/airflow/dags/scd.py
[2026-07-20T10:43:20.937+0000] {processor.py:840} INFO - DAG(s) 'SCD2_snapshots' retrieved from /opt/airflow/dags/scd.py
[2026-07-20T10:43:20.977+0000] {logging_mixin.py:188} INFO - [2026-07-20T10:43:20.977+0000] {dag.py:3089} INFO - Sync 1 DAGs
[2026-07-20T10:43:21.005+0000] {logging_mixin.py:188} INFO - [2026-07-20T10:43:21.005+0000] {dag.py:3947} INFO - Setting next_dagrun for SCD2_snapshots to 2026-07-20 00:00:00+00:00, run_after=2026-07-21 00:00:00+00:00
[2026-07-20T10:43:21.031+0000] {processor.py:183} INFO - Processing /opt/airflow/dags/scd.py took 0.133 seconds
[2026-07-20T10:43:51.209+0000] {processor.py:161} INFO - Started process (PID=16569) to work on /opt/airflow/dags/scd.py
[2026-07-20T10:43:51.211+0000] {processor.py:830} INFO - Processing file /opt/airflow/dags/scd.py for tasks to queue
[2026-07-20T10:43:51.218+0000] {logging_mixin.py:188} INFO - [2026-07-20T10:43:51.217+0000] {dagbag.py:545} INFO - Filling up the DagBag from /opt/airflow/dags/scd.py
[2026-07-20T10:43:51.255+0000] {processor.py:840} INFO - DAG(s) 'SCD2_snapshots' retrieved from /opt/airflow/dags/scd.py
[2026-07-20T10:43:51.295+0000] {logging_mixin.py:188} INFO - [2026-07-20T10:43:51.295+0000] {dag.py:3089} INFO - Sync 1 DAGs
[2026-07-20T10:43:51.326+0000] {logging_mixin.py:188} INFO - [2026-07-20T10:43:51.326+0000] {dag.py:3947} INFO - Setting next_dagrun for SCD2_snapshots to 2026-07-20 00:00:00+00:00, run_after=2026-07-21 00:00:00+00:00
[2026-07-20T10:43:51.357+0000] {processor.py:183} INFO - Processing /opt/airflow/dags/scd.py took 0.159 seconds
[2026-07-20T10:44:21.680+0000] {processor.py:161} INFO - Started process (PID=16574) to work on /opt/airflow/dags/scd.py
[2026-07-20T10:44:21.681+0000] {processor.py:830} INFO - Processing file /opt/airflow/dags/scd.py for tasks to queue
[2026-07-20T10:44:21.684+0000] {logging_mixin.py:188} INFO - [2026-07-20T10:44:21.683+0000] {dagbag.py:545} INFO - Filling up the DagBag from /opt/airflow/dags/scd.py
[2026-07-20T10:44:21.715+0000] {processor.py:840} INFO - DAG(s) 'SCD2_snapshots' retrieved from /opt/airflow/dags/scd.py
[2026-07-20T10:44:21.755+0000] {logging_mixin.py:188} INFO - [2026-07-20T10:44:21.755+0000] {dag.py:3089} INFO - Sync 1 DAGs
[2026-07-20T10:44:21.783+0000] {logging_mixin.py:188} INFO - [2026-07-20T10:44:21.783+0000] {dag.py:3947} INFO - Setting next_dagrun for SCD2_snapshots to 2026-07-20 00:00:00+00:00, run_after=2026-07-21 00:00:00+00:00
[2026-07-20T10:44:21.807+0000] {processor.py:183} INFO - Processing /opt/airflow/dags/scd.py took 0.136 seconds
[2026-07-20T10:44:51.937+0000] {processor.py:161} INFO - Started process (PID=16579) to work on /opt/airflow/dags/scd.py
[2026-07-20T10:44:51.939+0000] {processor.py:830} INFO - Processing file /opt/airflow/dags/scd.py for tasks to queue
[2026-07-20T10:44:51.943+0000] {logging_mixin.py:188} INFO - [2026-07-20T10:44:51.942+0000] {dagbag.py:545} INFO - Filling up the DagBag from /opt/airflow/dags/scd.py
[2026-07-20T10:44:51.979+0000] {processor.py:840} INFO - DAG(s) 'SCD2_snapshots' retrieved from /opt/airflow/dags/scd.py
[2026-07-20T10:44:52.032+0000] {logging_mixin.py:188} INFO - [2026-07-20T10:44:52.031+0000] {dag.py:3089} INFO - Sync 1 DAGs
[2026-07-20T10:44:52.071+0000] {logging_mixin.py:188} INFO - [2026-07-20T10:44:52.070+0000] {dag.py:3947} INFO - Setting next_dagrun for SCD2_snapshots to 2026-07-20 00:00:00+00:00, run_after=2026-07-21 00:00:00+00:00
[2026-07-20T10:44:52.110+0000] {processor.py:183} INFO - Processing /opt/airflow/dags/scd.py took 0.180 seconds
[2026-07-20T10:45:22.435+0000] {processor.py:161} INFO - Started process (PID=16584) to work on /opt/airflow/dags/scd.py
[2026-07-20T10:45:22.438+0000] {processor.py:830} INFO - Processing file /opt/airflow/dags/scd.py for tasks to queue
[2026-07-20T10:45:22.441+0000] {logging_mixin.py:188} INFO - [2026-07-20T10:45:22.441+0000] {dagbag.py:545} INFO - Filling up the DagBag from /opt/airflow/dags/scd.py
[2026-07-20T10:45:22.471+0000] {processor.py:840} INFO - DAG(s) 'SCD2_snapshots' retrieved from /opt/airflow/dags/scd.py
[2026-07-20T10:45:22.513+0000] {logging_mixin.py:188} INFO - [2026-07-20T10:45:22.513+0000] {dag.py:3089} INFO - Sync 1 DAGs
[2026-07-20T10:45:22.542+0000] {logging_mixin.py:188} INFO - [2026-07-20T10:45:22.541+0000] {dag.py:3947} INFO - Setting next_dagrun for SCD2_snapshots to 2026-07-20 00:00:00+00:00, run_after=2026-07-21 00:00:00+00:00
[2026-07-20T10:45:22.566+0000] {processor.py:183} INFO - Processing /opt/airflow/dags/scd.py took 0.141 seconds
[2026-07-20T10:45:52.743+0000] {processor.py:161} INFO - Started process (PID=16589) to work on /opt/airflow/dags/scd.py
[2026-07-20T10:45:52.745+0000] {processor.py:830} INFO - Processing file /opt/airflow/dags/scd.py for tasks to queue
[2026-07-20T10:45:52.748+0000] {logging_mixin.py:188} INFO - [2026-07-20T10:45:52.747+0000] {dagbag.py:545} INFO - Filling up the DagBag from /opt/airflow/dags/scd.py
[2026-07-20T10:45:52.776+0000] {processor.py:840} INFO - DAG(s) 'SCD2_snapshots' retrieved from /opt/airflow/dags/scd.py
[2026-07-20T10:45:52.823+0000] {logging_mixin.py:188} INFO - [2026-07-20T10:45:52.823+0000] {dag.py:3089} INFO - Sync 1 DAGs
[2026-07-20T10:45:52.854+0000] {logging_mixin.py:188} INFO - [2026-07-20T10:45:52.853+0000] {dag.py:3947} INFO - Setting next_dagrun for SCD2_snapshots to 2026-07-20 00:00:00+00:00, run_after=2026-07-21 00:00:00+00:00
[2026-07-20T10:45:52.892+0000] {processor.py:183} INFO - Processing /opt/airflow/dags/scd.py took 0.156 seconds
[2026-07-20T10:46:23.157+0000] {processor.py:161} INFO - Started process (PID=16594) to work on /opt/airflow/dags/scd.py
[2026-07-20T10:46:23.159+0000] {processor.py:830} INFO - Processing file /opt/airflow/dags/scd.py for tasks to queue
[2026-07-20T10:46:23.161+0000] {logging_mixin.py:188} INFO - [2026-07-20T10:46:23.161+0000] {dagbag.py:545} INFO - Filling up the DagBag from /opt/airflow/dags/scd.py
[2026-07-20T10:46:23.201+0000] {processor.py:840} INFO - DAG(s) 'SCD2_snapshots' retrieved from /opt/airflow/dags/scd.py
[2026-07-20T10:46:23.251+0000] {logging_mixin.py:188} INFO - [2026-07-20T10:46:23.250+0000] {dag.py:3089} INFO - Sync 1 DAGs
[2026-07-20T10:46:23.289+0000] {logging_mixin.py:188} INFO - [2026-07-20T10:46:23.289+0000] {dag.py:3947} INFO - Setting next_dagrun for SCD2_snapshots to 2026-07-20 00:00:00+00:00, run_after=2026-07-21 00:00:00+00:00
[2026-07-20T10:46:23.317+0000] {processor.py:183} INFO - Processing /opt/airflow/dags/scd.py took 0.167 seconds
[2026-07-20T10:46:53.436+0000] {processor.py:161} INFO - Started process (PID=16599) to work on /opt/airflow/dags/scd.py
[2026-07-20T10:46:53.437+0000] {processor.py:830} INFO - Processing file /opt/airflow/dags/scd.py for tasks to queue
[2026-07-20T10:46:53.440+0000] {logging_mixin.py:188} INFO - [2026-07-20T10:46:53.439+0000] {dagbag.py:545} INFO - Filling up the DagBag from /opt/airflow/dags/scd.py
[2026-07-20T10:46:53.468+0000] {processor.py:840} INFO - DAG(s) 'SCD2_snapshots' retrieved from /opt/airflow/dags/scd.py
[2026-07-20T10:46:53.511+0000] {logging_mixin.py:188} INFO - [2026-07-20T10:46:53.510+0000] {dag.py:3089} INFO - Sync 1 DAGs
[2026-07-20T10:46:53.538+0000] {logging_mixin.py:188} INFO - [2026-07-20T10:46:53.538+0000] {dag.py:3947} INFO - Setting next_dagrun for SCD2_snapshots to 2026-07-20 00:00:00+00:00, run_after=2026-07-21 00:00:00+00:00
[2026-07-20T10:46:53.566+0000] {processor.py:183} INFO - Processing /opt/airflow/dags/scd.py took 0.141 seconds
[2026-07-20T10:47:23.882+0000] {processor.py:161} INFO - Started process (PID=16604) to work on /opt/airflow/dags/scd.py
[2026-07-20T10:47:23.884+0000] {processor.py:830} INFO - Processing file /opt/airflow/dags/scd.py for tasks to queue
[2026-07-20T10:47:23.886+0000] {logging_mixin.py:188} INFO - [2026-07-20T10:47:23.886+0000] {dagbag.py:545} INFO - Filling up the DagBag from /opt/airflow/dags/scd.py
[2026-07-20T10:47:23.914+0000] {processor.py:840} INFO - DAG(s) 'SCD2_snapshots' retrieved from /opt/airflow/dags/scd.py
[2026-07-20T10:47:23.953+0000] {logging_mixin.py:188} INFO - [2026-07-20T10:47:23.953+0000] {dag.py:3089} INFO - Sync 1 DAGs
[2026-07-20T10:47:23.983+0000] {logging_mixin.py:188} INFO - [2026-07-20T10:47:23.982+0000] {dag.py:3947} INFO - Setting next_dagrun for SCD2_snapshots to 2026-07-20 00:00:00+00:00, run_after=2026-07-21 00:00:00+00:00
[2026-07-20T10:47:24.007+0000] {processor.py:183} INFO - Processing /opt/airflow/dags/scd.py took 0.132 seconds
[2026-07-20T10:47:54.339+0000] {processor.py:161} INFO - Started process (PID=16609) to work on /opt/airflow/dags/scd.py
[2026-07-20T10:47:54.342+0000] {processor.py:830} INFO - Processing file /opt/airflow/dags/scd.py for tasks to queue
[2026-07-20T10:47:54.358+0000] {logging_mixin.py:188} INFO - [2026-07-20T10:47:54.357+0000] {dagbag.py:545} INFO - Filling up the DagBag from /opt/airflow/dags/scd.py
[2026-07-20T10:47:54.412+0000] {processor.py:840} INFO - DAG(s) 'SCD2_snapshots' retrieved from /opt/airflow/dags/scd.py
[2026-07-20T10:47:54.466+0000] {logging_mixin.py:188} INFO - [2026-07-20T10:47:54.466+0000] {dag.py:3089} INFO - Sync 1 DAGs
[2026-07-20T10:47:54.514+0000] {logging_mixin.py:188} INFO - [2026-07-20T10:47:54.513+0000] {dag.py:3947} INFO - Setting next_dagrun for SCD2_snapshots to 2026-07-20 00:00:00+00:00, run_after=2026-07-21 00:00:00+00:00
[2026-07-20T10:47:54.542+0000] {processor.py:183} INFO - Processing /opt/airflow/dags/scd.py took 0.222 seconds
[2026-07-20T10:48:24.835+0000] {processor.py:161} INFO - Started process (PID=16614) to work on /opt/airflow/dags/scd.py
[2026-07-20T10:48:24.837+0000] {processor.py:830} INFO - Processing file /opt/airflow/dags/scd.py for tasks to queue
[2026-07-20T10:48:24.841+0000] {logging_mixin.py:188} INFO - [2026-07-20T10:48:24.839+0000] {dagbag.py:545} INFO - Filling up the DagBag from /opt/airflow/dags/scd.py
[2026-07-20T10:48:24.871+0000] {processor.py:840} INFO - DAG(s) 'SCD2_snapshots' retrieved from /opt/airflow/dags/scd.py
[2026-07-20T10:48:24.928+0000] {logging_mixin.py:188} INFO - [2026-07-20T10:48:24.927+0000] {dag.py:3089} INFO - Sync 1 DAGs
[2026-07-20T10:48:24.962+0000] {logging_mixin.py:188} INFO - [2026-07-20T10:48:24.962+0000] {dag.py:3947} INFO - Setting next_dagrun for SCD2_snapshots to 2026-07-20 00:00:00+00:00, run_after=2026-07-21 00:00:00+00:00
[2026-07-20T10:48:24.993+0000] {processor.py:183} INFO - Processing /opt/airflow/dags/scd.py took 0.167 seconds
[2026-07-20T10:48:55.310+0000] {processor.py:161} INFO - Started process (PID=16619) to work on /opt/airflow/dags/scd.py
[2026-07-20T10:48:55.312+0000] {processor.py:830} INFO - Processing file /opt/airflow/dags/scd.py for tasks to queue
[2026-07-20T10:48:55.314+0000] {logging_mixin.py:188} INFO - [2026-07-20T10:48:55.314+0000] {dagbag.py:545} INFO - Filling up the DagBag from /opt/airflow/dags/scd.py
[2026-07-20T10:48:55.345+0000] {processor.py:840} INFO - DAG(s) 'SCD2_snapshots' retrieved from /opt/airflow/dags/scd.py
[2026-07-20T10:48:55.389+0000] {logging_mixin.py:188} INFO - [2026-07-20T10:48:55.388+0000] {dag.py:3089} INFO - Sync 1 DAGs
[2026-07-20T10:48:55.422+0000] {logging_mixin.py:188} INFO - [2026-07-20T10:48:55.421+0000] {dag.py:3947} INFO - Setting next_dagrun for SCD2_snapshots to 2026-07-20 00:00:00+00:00, run_after=2026-07-21 00:00:00+00:00
[2026-07-20T10:48:55.458+0000] {processor.py:183} INFO - Processing /opt/airflow/dags/scd.py took 0.155 seconds
[2026-07-20T10:49:25.802+0000] {processor.py:161} INFO - Started process (PID=16624) to work on /opt/airflow/dags/scd.py
[2026-07-20T10:49:25.804+0000] {processor.py:830} INFO - Processing file /opt/airflow/dags/scd.py for tasks to queue
[2026-07-20T10:49:25.808+0000] {logging_mixin.py:188} INFO - [2026-07-20T10:49:25.807+0000] {dagbag.py:545} INFO - Filling up the DagBag from /opt/airflow/dags/scd.py
[2026-07-20T10:49:25.850+0000] {processor.py:840} INFO - DAG(s) 'SCD2_snapshots' retrieved from /opt/airflow/dags/scd.py
[2026-07-20T10:49:25.931+0000] {logging_mixin.py:188} INFO - [2026-07-20T10:49:25.930+0000] {dag.py:3089} INFO - Sync 1 DAGs
[2026-07-20T10:49:25.974+0000] {logging_mixin.py:188} INFO - [2026-07-20T10:49:25.974+0000] {dag.py:3947} INFO - Setting next_dagrun for SCD2_snapshots to 2026-07-20 00:00:00+00:00, run_after=2026-07-21 00:00:00+00:00
[2026-07-20T10:49:26.005+0000] {processor.py:183} INFO - Processing /opt/airflow/dags/scd.py took 0.217 seconds
[2026-07-20T10:49:56.382+0000] {processor.py:161} INFO - Started process (PID=16629) to work on /opt/airflow/dags/scd.py
[2026-07-20T10:49:56.384+0000] {processor.py:830} INFO - Processing file /opt/airflow/dags/scd.py for tasks to queue
[2026-07-20T10:49:56.387+0000] {logging_mixin.py:188} INFO - [2026-07-20T10:49:56.387+0000] {dagbag.py:545} INFO - Filling up the DagBag from /opt/airflow/dags/scd.py
[2026-07-20T10:49:56.422+0000] {processor.py:840} INFO - DAG(s) 'SCD2_snapshots' retrieved from /opt/airflow/dags/scd.py
[2026-07-20T10:49:56.468+0000] {logging_mixin.py:188} INFO - [2026-07-20T10:49:56.468+0000] {dag.py:3089} INFO - Sync 1 DAGs
[2026-07-20T10:49:56.521+0000] {logging_mixin.py:188} INFO - [2026-07-20T10:49:56.521+0000] {dag.py:3947} INFO - Setting next_dagrun for SCD2_snapshots to 2026-07-20 00:00:00+00:00, run_after=2026-07-21 00:00:00+00:00
[2026-07-20T10:49:56.556+0000] {processor.py:183} INFO - Processing /opt/airflow/dags/scd.py took 0.187 seconds
[2026-07-20T10:50:26.757+0000] {processor.py:161} INFO - Started process (PID=16634) to work on /opt/airflow/dags/scd.py
[2026-07-20T10:50:26.762+0000] {processor.py:830} INFO - Processing file /opt/airflow/dags/scd.py for tasks to queue
[2026-07-20T10:50:26.767+0000] {logging_mixin.py:188} INFO - [2026-07-20T10:50:26.766+0000] {dagbag.py:545} INFO - Filling up the DagBag from /opt/airflow/dags/scd.py
[2026-07-20T10:50:26.805+0000] {processor.py:840} INFO - DAG(s) 'SCD2_snapshots' retrieved from /opt/airflow/dags/scd.py
[2026-07-20T10:50:26.874+0000] {logging_mixin.py:188} INFO - [2026-07-20T10:50:26.873+0000] {dag.py:3089} INFO - Sync 1 DAGs
[2026-07-20T10:50:26.911+0000] {logging_mixin.py:188} INFO - [2026-07-20T10:50:26.910+0000] {dag.py:3947} INFO - Setting next_dagrun for SCD2_snapshots to 2026-07-20 00:00:00+00:00, run_after=2026-07-21 00:00:00+00:00
[2026-07-20T10:50:26.946+0000] {processor.py:183} INFO - Processing /opt/airflow/dags/scd.py took 0.225 seconds
[2026-07-20T10:50:57.290+0000] {processor.py:161} INFO - Started process (PID=16639) to work on /opt/airflow/dags/scd.py
[2026-07-20T10:50:57.292+0000] {processor.py:830} INFO - Processing file /opt/airflow/dags/scd.py for tasks to queue
[2026-07-20T10:50:57.295+0000] {logging_mixin.py:188} INFO - [2026-07-20T10:50:57.295+0000] {dagbag.py:545} INFO - Filling up the DagBag from /opt/airflow/dags/scd.py
[2026-07-20T10:50:57.331+0000] {processor.py:840} INFO - DAG(s) 'SCD2_snapshots' retrieved from /opt/airflow/dags/scd.py
[2026-07-20T10:50:57.377+0000] {logging_mixin.py:188} INFO - [2026-07-20T10:50:57.377+0000] {dag.py:3089} INFO - Sync 1 DAGs
[2026-07-20T10:50:57.404+0000] {logging_mixin.py:188} INFO - [2026-07-20T10:50:57.404+0000] {dag.py:3947} INFO - Setting next_dagrun for SCD2_snapshots to 2026-07-20 00:00:00+00:00, run_after=2026-07-21 00:00:00+00:00
[2026-07-20T10:50:57.432+0000] {processor.py:183} INFO - Processing /opt/airflow/dags/scd.py took 0.151 seconds
[2026-07-20T10:51:27.608+0000] {processor.py:161} INFO - Started process (PID=16644) to work on /opt/airflow/dags/scd.py
[2026-07-20T10:51:27.610+0000] {processor.py:830} INFO - Processing file /opt/airflow/dags/scd.py for tasks to queue
[2026-07-20T10:51:27.612+0000] {logging_mixin.py:188} INFO - [2026-07-20T10:51:27.612+0000] {dagbag.py:545} INFO - Filling up the DagBag from /opt/airflow/dags/scd.py
[2026-07-20T10:51:27.640+0000] {processor.py:840} INFO - DAG(s) 'SCD2_snapshots' retrieved from /opt/airflow/dags/scd.py
[2026-07-20T10:51:27.694+0000] {logging_mixin.py:188} INFO - [2026-07-20T10:51:27.693+0000] {dag.py:3089} INFO - Sync 1 DAGs
[2026-07-20T10:51:27.723+0000] {logging_mixin.py:188} INFO - [2026-07-20T10:51:27.723+0000] {dag.py:3947} INFO - Setting next_dagrun for SCD2_snapshots to 2026-07-20 00:00:00+00:00, run_after=2026-07-21 00:00:00+00:00
[2026-07-20T10:51:27.750+0000] {processor.py:183} INFO - Processing /opt/airflow/dags/scd.py took 0.151 seconds
[2026-07-20T10:51:57.954+0000] {processor.py:161} INFO - Started process (PID=16649) to work on /opt/airflow/dags/scd.py
[2026-07-20T10:51:57.956+0000] {processor.py:830} INFO - Processing file /opt/airflow/dags/scd.py for tasks to queue
[2026-07-20T10:51:57.959+0000] {logging_mixin.py:188} INFO - [2026-07-20T10:51:57.959+0000] {dagbag.py:545} INFO - Filling up the DagBag from /opt/airflow/dags/scd.py
[2026-07-20T10:51:57.990+0000] {processor.py:840} INFO - DAG(s) 'SCD2_snapshots' retrieved from /opt/airflow/dags/scd.py
[2026-07-20T10:51:58.026+0000] {logging_mixin.py:188} INFO - [2026-07-20T10:51:58.026+0000] {dag.py:3089} INFO - Sync 1 DAGs
[2026-07-20T10:51:58.050+0000] {logging_mixin.py:188} INFO - [2026-07-20T10:51:58.050+0000] {dag.py:3947} INFO - Setting next_dagrun for SCD2_snapshots to 2026-07-20 00:00:00+00:00, run_after=2026-07-21 00:00:00+00:00
[2026-07-20T10:51:58.072+0000] {processor.py:183} INFO - Processing /opt/airflow/dags/scd.py took 0.135 seconds
[2026-07-20T10:52:28.326+0000] {processor.py:161} INFO - Started process (PID=16650) to work on /opt/airflow/dags/scd.py
[2026-07-20T10:52:28.328+0000] {processor.py:830} INFO - Processing file /opt/airflow/dags/scd.py for tasks to queue
[2026-07-20T10:52:28.331+0000] {logging_mixin.py:188} INFO - [2026-07-20T10:52:28.331+0000] {dagbag.py:545} INFO - Filling up the DagBag from /opt/airflow/dags/scd.py
[2026-07-20T10:52:28.366+0000] {processor.py:840} INFO - DAG(s) 'SCD2_snapshots' retrieved from /opt/airflow/dags/scd.py
[2026-07-20T10:52:28.412+0000] {logging_mixin.py:188} INFO - [2026-07-20T10:52:28.411+0000] {dag.py:3089} INFO - Sync 1 DAGs
[2026-07-20T10:52:28.440+0000] {logging_mixin.py:188} INFO - [2026-07-20T10:52:28.440+0000] {dag.py:3947} INFO - Setting next_dagrun for SCD2_snapshots to 2026-07-20 00:00:00+00:00, run_after=2026-07-21 00:00:00+00:00
[2026-07-20T10:52:28.467+0000] {processor.py:183} INFO - Processing /opt/airflow/dags/scd.py took 0.151 seconds
[2026-07-20T10:52:58.733+0000] {processor.py:161} INFO - Started process (PID=16655) to work on /opt/airflow/dags/scd.py
[2026-07-20T10:52:58.735+0000] {processor.py:830} INFO - Processing file /opt/airflow/dags/scd.py for tasks to queue
[2026-07-20T10:52:58.737+0000] {logging_mixin.py:188} INFO - [2026-07-20T10:52:58.737+0000] {dagbag.py:545} INFO - Filling up the DagBag from /opt/airflow/dags/scd.py
[2026-07-20T10:52:58.766+0000] {processor.py:840} INFO - DAG(s) 'SCD2_snapshots' retrieved from /opt/airflow/dags/scd.py
[2026-07-20T10:52:58.807+0000] {logging_mixin.py:188} INFO - [2026-07-20T10:52:58.807+0000] {dag.py:3089} INFO - Sync 1 DAGs
[2026-07-20T10:52:58.835+0000] {logging_mixin.py:188} INFO - [2026-07-20T10:52:58.835+0000] {dag.py:3947} INFO - Setting next_dagrun for SCD2_snapshots to 2026-07-20 00:00:00+00:00, run_after=2026-07-21 00:00:00+00:00
[2026-07-20T10:52:58.861+0000] {processor.py:183} INFO - Processing /opt/airflow/dags/scd.py took 0.136 seconds
[2026-07-20T10:53:29.202+0000] {processor.py:161} INFO - Started process (PID=16660) to work on /opt/airflow/dags/scd.py
[2026-07-20T10:53:29.207+0000] {processor.py:830} INFO - Processing file /opt/airflow/dags/scd.py for tasks to queue
[2026-07-20T10:53:29.234+0000] {logging_mixin.py:188} INFO - [2026-07-20T10:53:29.230+0000] {dagbag.py:545} INFO - Filling up the DagBag from /opt/airflow/dags/scd.py
[2026-07-20T10:53:29.311+0000] {processor.py:840} INFO - DAG(s) 'SCD2_snapshots' retrieved from /opt/airflow/dags/scd.py
[2026-07-20T10:53:29.568+0000] {logging_mixin.py:188} INFO - [2026-07-20T10:53:29.568+0000] {dag.py:3089} INFO - Sync 1 DAGs
[2026-07-20T10:53:29.663+0000] {logging_mixin.py:188} INFO - [2026-07-20T10:53:29.662+0000] {dag.py:3947} INFO - Setting next_dagrun for SCD2_snapshots to 2026-07-20 00:00:00+00:00, run_after=2026-07-21 00:00:00+00:00
[2026-07-20T10:53:29.700+0000] {processor.py:183} INFO - Processing /opt/airflow/dags/scd.py took 0.599 seconds
[2026-07-20T10:54:22.104+0000] {processor.py:161} INFO - Started process (PID=25) to work on /opt/airflow/dags/scd.py
[2026-07-20T10:54:22.107+0000] {processor.py:830} INFO - Processing file /opt/airflow/dags/scd.py for tasks to queue
[2026-07-20T10:54:22.115+0000] {logging_mixin.py:188} INFO - [2026-07-20T10:54:22.114+0000] {dagbag.py:545} INFO - Filling up the DagBag from /opt/airflow/dags/scd.py
[2026-07-20T10:54:22.266+0000] {processor.py:840} INFO - DAG(s) 'SCD2_snapshots' retrieved from /opt/airflow/dags/scd.py
[2026-07-20T10:54:22.437+0000] {logging_mixin.py:188} INFO - [2026-07-20T10:54:22.436+0000] {dag.py:3089} INFO - Sync 1 DAGs
[2026-07-20T10:54:22.491+0000] {logging_mixin.py:188} INFO - [2026-07-20T10:54:22.490+0000] {dag.py:3947} INFO - Setting next_dagrun for SCD2_snapshots to 2026-07-20 00:00:00+00:00, run_after=2026-07-21 00:00:00+00:00
[2026-07-20T10:54:22.519+0000] {processor.py:183} INFO - Processing /opt/airflow/dags/scd.py took 0.444 seconds
[2026-07-20T10:54:52.805+0000] {processor.py:161} INFO - Started process (PID=30) to work on /opt/airflow/dags/scd.py
[2026-07-20T10:54:52.806+0000] {processor.py:830} INFO - Processing file /opt/airflow/dags/scd.py for tasks to queue
[2026-07-20T10:54:52.809+0000] {logging_mixin.py:188} INFO - [2026-07-20T10:54:52.809+0000] {dagbag.py:545} INFO - Filling up the DagBag from /opt/airflow/dags/scd.py
[2026-07-20T10:54:52.838+0000] {processor.py:840} INFO - DAG(s) 'SCD2_snapshots' retrieved from /opt/airflow/dags/scd.py
[2026-07-20T10:54:52.880+0000] {logging_mixin.py:188} INFO - [2026-07-20T10:54:52.879+0000] {dag.py:3089} INFO - Sync 1 DAGs
[2026-07-20T10:54:52.907+0000] {logging_mixin.py:188} INFO - [2026-07-20T10:54:52.907+0000] {dag.py:3947} INFO - Setting next_dagrun for SCD2_snapshots to 2026-07-20 00:00:00+00:00, run_after=2026-07-21 00:00:00+00:00
[2026-07-20T10:54:52.932+0000] {processor.py:183} INFO - Processing /opt/airflow/dags/scd.py took 0.136 seconds
[2026-07-20T10:55:23.327+0000] {processor.py:161} INFO - Started process (PID=35) to work on /opt/airflow/dags/scd.py
[2026-07-20T10:55:23.329+0000] {processor.py:830} INFO - Processing file /opt/airflow/dags/scd.py for tasks to queue
[2026-07-20T10:55:23.332+0000] {logging_mixin.py:188} INFO - [2026-07-20T10:55:23.332+0000] {dagbag.py:545} INFO - Filling up the DagBag from /opt/airflow/dags/scd.py
[2026-07-20T10:55:23.360+0000] {processor.py:840} INFO - DAG(s) 'SCD2_snapshots' retrieved from /opt/airflow/dags/scd.py
[2026-07-20T10:55:23.403+0000] {logging_mixin.py:188} INFO - [2026-07-20T10:55:23.403+0000] {dag.py:3089} INFO - Sync 1 DAGs
[2026-07-20T10:55:23.432+0000] {logging_mixin.py:188} INFO - [2026-07-20T10:55:23.432+0000] {dag.py:3947} INFO - Setting next_dagrun for SCD2_snapshots to 2026-07-20 00:00:00+00:00, run_after=2026-07-21 00:00:00+00:00
[2026-07-20T10:55:23.457+0000] {processor.py:183} INFO - Processing /opt/airflow/dags/scd.py took 0.138 seconds
[2026-07-20T10:55:53.572+0000] {processor.py:161} INFO - Started process (PID=40) to work on /opt/airflow/dags/scd.py
[2026-07-20T10:55:53.574+0000] {processor.py:830} INFO - Processing file /opt/airflow/dags/scd.py for tasks to queue
[2026-07-20T10:55:53.577+0000] {logging_mixin.py:188} INFO - [2026-07-20T10:55:53.577+0000] {dagbag.py:545} INFO - Filling up the DagBag from /opt/airflow/dags/scd.py
[2026-07-20T10:55:53.613+0000] {processor.py:840} INFO - DAG(s) 'SCD2_snapshots' retrieved from /opt/airflow/dags/scd.py
[2026-07-20T10:55:53.657+0000] {logging_mixin.py:188} INFO - [2026-07-20T10:55:53.657+0000] {dag.py:3089} INFO - Sync 1 DAGs
[2026-07-20T10:55:53.686+0000] {logging_mixin.py:188} INFO - [2026-07-20T10:55:53.686+0000] {dag.py:3947} INFO - Setting next_dagrun for SCD2_snapshots to 2026-07-20 00:00:00+00:00, run_after=2026-07-21 00:00:00+00:00
[2026-07-20T10:55:53.710+0000] {processor.py:183} INFO - Processing /opt/airflow/dags/scd.py took 0.147 seconds
[2026-07-20T10:56:23.993+0000] {processor.py:161} INFO - Started process (PID=45) to work on /opt/airflow/dags/scd.py
[2026-07-20T10:56:23.995+0000] {processor.py:830} INFO - Processing file /opt/airflow/dags/scd.py for tasks to queue
[2026-07-20T10:56:23.999+0000] {logging_mixin.py:188} INFO - [2026-07-20T10:56:23.998+0000] {dagbag.py:545} INFO - Filling up the DagBag from /opt/airflow/dags/scd.py
[2026-07-20T10:56:24.051+0000] {processor.py:840} INFO - DAG(s) 'SCD2_snapshots' retrieved from /opt/airflow/dags/scd.py
[2026-07-20T10:56:24.126+0000] {logging_mixin.py:188} INFO - [2026-07-20T10:56:24.125+0000] {dag.py:3089} INFO - Sync 1 DAGs
[2026-07-20T10:56:24.180+0000] {logging_mixin.py:188} INFO - [2026-07-20T10:56:24.180+0000] {dag.py:3947} INFO - Setting next_dagrun for SCD2_snapshots to 2026-07-20 00:00:00+00:00, run_after=2026-07-21 00:00:00+00:00
[2026-07-20T10:56:24.229+0000] {processor.py:183} INFO - Processing /opt/airflow/dags/scd.py took 0.245 seconds
[2026-07-20T10:56:54.555+0000] {processor.py:161} INFO - Started process (PID=50) to work on /opt/airflow/dags/scd.py
[2026-07-20T10:56:54.557+0000] {processor.py:830} INFO - Processing file /opt/airflow/dags/scd.py for tasks to queue
[2026-07-20T10:56:54.560+0000] {logging_mixin.py:188} INFO - [2026-07-20T10:56:54.559+0000] {dagbag.py:545} INFO - Filling up the DagBag from /opt/airflow/dags/scd.py
[2026-07-20T10:56:54.589+0000] {processor.py:840} INFO - DAG(s) 'SCD2_snapshots' retrieved from /opt/airflow/dags/scd.py
[2026-07-20T10:56:54.637+0000] {logging_mixin.py:188} INFO - [2026-07-20T10:56:54.637+0000] {dag.py:3089} INFO - Sync 1 DAGs
[2026-07-20T10:56:54.664+0000] {logging_mixin.py:188} INFO - [2026-07-20T10:56:54.664+0000] {dag.py:3947} INFO - Setting next_dagrun for SCD2_snapshots to 2026-07-20 00:00:00+00:00, run_after=2026-07-21 00:00:00+00:00
[2026-07-20T10:56:54.709+0000] {processor.py:183} INFO - Processing /opt/airflow/dags/scd.py took 0.163 seconds
[2026-07-20T10:57:24.897+0000] {processor.py:161} INFO - Started process (PID=55) to work on /opt/airflow/dags/scd.py
[2026-07-20T10:57:24.899+0000] {processor.py:830} INFO - Processing file /opt/airflow/dags/scd.py for tasks to queue
[2026-07-20T10:57:24.902+0000] {logging_mixin.py:188} INFO - [2026-07-20T10:57:24.902+0000] {dagbag.py:545} INFO - Filling up the DagBag from /opt/airflow/dags/scd.py
[2026-07-20T10:57:24.932+0000] {processor.py:840} INFO - DAG(s) 'SCD2_snapshots' retrieved from /opt/airflow/dags/scd.py
[2026-07-20T10:57:24.978+0000] {logging_mixin.py:188} INFO - [2026-07-20T10:57:24.978+0000] {dag.py:3089} INFO - Sync 1 DAGs
[2026-07-20T10:57:25.009+0000] {logging_mixin.py:188} INFO - [2026-07-20T10:57:25.009+0000] {dag.py:3947} INFO - Setting next_dagrun for SCD2_snapshots to 2026-07-20 00:00:00+00:00, run_after=2026-07-21 00:00:00+00:00
[2026-07-20T10:57:25.040+0000] {processor.py:183} INFO - Processing /opt/airflow/dags/scd.py took 0.155 seconds
[2026-07-20T10:57:55.098+0000] {processor.py:161} INFO - Started process (PID=60) to work on /opt/airflow/dags/scd.py
[2026-07-20T10:57:55.099+0000] {processor.py:830} INFO - Processing file /opt/airflow/dags/scd.py for tasks to queue
[2026-07-20T10:57:55.102+0000] {logging_mixin.py:188} INFO - [2026-07-20T10:57:55.102+0000] {dagbag.py:545} INFO - Filling up the DagBag from /opt/airflow/dags/scd.py
[2026-07-20T10:57:55.133+0000] {processor.py:840} INFO - DAG(s) 'SCD2_snapshots' retrieved from /opt/airflow/dags/scd.py
[2026-07-20T10:57:55.191+0000] {logging_mixin.py:188} INFO - [2026-07-20T10:57:55.191+0000] {dag.py:3089} INFO - Sync 1 DAGs
[2026-07-20T10:57:55.231+0000] {logging_mixin.py:188} INFO - [2026-07-20T10:57:55.231+0000] {dag.py:3947} INFO - Setting next_dagrun for SCD2_snapshots to 2026-07-20 00:00:00+00:00, run_after=2026-07-21 00:00:00+00:00
[2026-07-20T10:57:55.266+0000] {processor.py:183} INFO - Processing /opt/airflow/dags/scd.py took 0.178 seconds
[2026-07-20T10:58:25.478+0000] {processor.py:161} INFO - Started process (PID=65) to work on /opt/airflow/dags/scd.py
[2026-07-20T10:58:25.480+0000] {processor.py:830} INFO - Processing file /opt/airflow/dags/scd.py for tasks to queue
[2026-07-20T10:58:25.482+0000] {logging_mixin.py:188} INFO - [2026-07-20T10:58:25.482+0000] {dagbag.py:545} INFO - Filling up the DagBag from /opt/airflow/dags/scd.py
[2026-07-20T10:58:25.518+0000] {processor.py:840} INFO - DAG(s) 'SCD2_snapshots' retrieved from /opt/airflow/dags/scd.py
[2026-07-20T10:58:25.561+0000] {logging_mixin.py:188} INFO - [2026-07-20T10:58:25.561+0000] {dag.py:3089} INFO - Sync 1 DAGs
[2026-07-20T10:58:25.590+0000] {logging_mixin.py:188} INFO - [2026-07-20T10:58:25.590+0000] {dag.py:3947} INFO - Setting next_dagrun for SCD2_snapshots to 2026-07-20 00:00:00+00:00, run_after=2026-07-21 00:00:00+00:00
[2026-07-20T10:58:25.618+0000] {processor.py:183} INFO - Processing /opt/airflow/dags/scd.py took 0.146 seconds
[2026-07-20T10:58:55.850+0000] {processor.py:161} INFO - Started process (PID=70) to work on /opt/airflow/dags/scd.py
[2026-07-20T10:58:55.852+0000] {processor.py:830} INFO - Processing file /opt/airflow/dags/scd.py for tasks to queue
[2026-07-20T10:58:55.855+0000] {logging_mixin.py:188} INFO - [2026-07-20T10:58:55.854+0000] {dagbag.py:545} INFO - Filling up the DagBag from /opt/airflow/dags/scd.py
[2026-07-20T10:58:55.888+0000] {processor.py:840} INFO - DAG(s) 'SCD2_snapshots' retrieved from /opt/airflow/dags/scd.py
[2026-07-20T10:58:55.934+0000] {logging_mixin.py:188} INFO - [2026-07-20T10:58:55.934+0000] {dag.py:3089} INFO - Sync 1 DAGs
[2026-07-20T10:58:55.975+0000] {logging_mixin.py:188} INFO - [2026-07-20T10:58:55.975+0000] {dag.py:3947} INFO - Setting next_dagrun for SCD2_snapshots to 2026-07-20 00:00:00+00:00, run_after=2026-07-21 00:00:00+00:00
[2026-07-20T10:58:56.003+0000] {processor.py:183} INFO - Processing /opt/airflow/dags/scd.py took 0.161 seconds
[2026-07-20T10:59:26.176+0000] {processor.py:161} INFO - Started process (PID=75) to work on /opt/airflow/dags/scd.py
[2026-07-20T10:59:26.178+0000] {processor.py:830} INFO - Processing file /opt/airflow/dags/scd.py for tasks to queue
[2026-07-20T10:59:26.181+0000] {logging_mixin.py:188} INFO - [2026-07-20T10:59:26.181+0000] {dagbag.py:545} INFO - Filling up the DagBag from /opt/airflow/dags/scd.py
[2026-07-20T10:59:26.222+0000] {processor.py:840} INFO - DAG(s) 'SCD2_snapshots' retrieved from /opt/airflow/dags/scd.py
[2026-07-20T10:59:26.290+0000] {logging_mixin.py:188} INFO - [2026-07-20T10:59:26.290+0000] {dag.py:3089} INFO - Sync 1 DAGs
[2026-07-20T10:59:26.338+0000] {logging_mixin.py:188} INFO - [2026-07-20T10:59:26.338+0000] {dag.py:3947} INFO - Setting next_dagrun for SCD2_snapshots to 2026-07-20 00:00:00+00:00, run_after=2026-07-21 00:00:00+00:00
[2026-07-20T10:59:26.395+0000] {processor.py:183} INFO - Processing /opt/airflow/dags/scd.py took 0.231 seconds
[2026-07-20T10:59:56.715+0000] {processor.py:161} INFO - Started process (PID=102) to work on /opt/airflow/dags/scd.py
[2026-07-20T10:59:56.719+0000] {processor.py:830} INFO - Processing file /opt/airflow/dags/scd.py for tasks to queue
[2026-07-20T10:59:56.722+0000] {logging_mixin.py:188} INFO - [2026-07-20T10:59:56.721+0000] {dagbag.py:545} INFO - Filling up the DagBag from /opt/airflow/dags/scd.py
[2026-07-20T10:59:56.759+0000] {processor.py:840} INFO - DAG(s) 'SCD2_snapshots' retrieved from /opt/airflow/dags/scd.py
[2026-07-20T10:59:56.800+0000] {logging_mixin.py:188} INFO - [2026-07-20T10:59:56.800+0000] {dag.py:3089} INFO - Sync 1 DAGs
[2026-07-20T10:59:56.827+0000] {logging_mixin.py:188} INFO - [2026-07-20T10:59:56.827+0000] {dag.py:3947} INFO - Setting next_dagrun for SCD2_snapshots to 2026-07-20 00:00:00+00:00, run_after=2026-07-21 00:00:00+00:00
[2026-07-20T10:59:56.855+0000] {processor.py:183} INFO - Processing /opt/airflow/dags/scd.py took 0.148 seconds
[2026-07-20T11:00:27.068+0000] {processor.py:161} INFO - Started process (PID=107) to work on /opt/airflow/dags/scd.py
[2026-07-20T11:00:27.070+0000] {processor.py:830} INFO - Processing file /opt/airflow/dags/scd.py for tasks to queue
[2026-07-20T11:00:27.073+0000] {logging_mixin.py:188} INFO - [2026-07-20T11:00:27.072+0000] {dagbag.py:545} INFO - Filling up the DagBag from /opt/airflow/dags/scd.py
[2026-07-20T11:00:27.106+0000] {processor.py:840} INFO - DAG(s) 'SCD2_snapshots' retrieved from /opt/airflow/dags/scd.py
[2026-07-20T11:00:27.151+0000] {logging_mixin.py:188} INFO - [2026-07-20T11:00:27.150+0000] {dag.py:3089} INFO - Sync 1 DAGs
[2026-07-20T11:00:27.183+0000] {logging_mixin.py:188} INFO - [2026-07-20T11:00:27.183+0000] {dag.py:3947} INFO - Setting next_dagrun for SCD2_snapshots to 2026-07-20 00:00:00+00:00, run_after=2026-07-21 00:00:00+00:00
[2026-07-20T11:00:27.207+0000] {processor.py:183} INFO - Processing /opt/airflow/dags/scd.py took 0.148 seconds
[2026-07-20T11:00:57.383+0000] {processor.py:161} INFO - Started process (PID=123) to work on /opt/airflow/dags/scd.py
[2026-07-20T11:00:57.384+0000] {processor.py:830} INFO - Processing file /opt/airflow/dags/scd.py for tasks to queue
[2026-07-20T11:00:57.386+0000] {logging_mixin.py:188} INFO - [2026-07-20T11:00:57.386+0000] {dagbag.py:545} INFO - Filling up the DagBag from /opt/airflow/dags/scd.py
[2026-07-20T11:00:57.420+0000] {processor.py:840} INFO - DAG(s) 'SCD2_snapshots' retrieved from /opt/airflow/dags/scd.py
[2026-07-20T11:00:57.463+0000] {logging_mixin.py:188} INFO - [2026-07-20T11:00:57.463+0000] {dag.py:3089} INFO - Sync 1 DAGs
[2026-07-20T11:00:57.494+0000] {logging_mixin.py:188} INFO - [2026-07-20T11:00:57.494+0000] {dag.py:3947} INFO - Setting next_dagrun for SCD2_snapshots to 2026-07-20 00:00:00+00:00, run_after=2026-07-21 00:00:00+00:00
[2026-07-20T11:00:57.519+0000] {processor.py:183} INFO - Processing /opt/airflow/dags/scd.py took 0.145 seconds
[2026-07-20T11:01:27.744+0000] {processor.py:161} INFO - Started process (PID=139) to work on /opt/airflow/dags/scd.py
[2026-07-20T11:01:27.746+0000] {processor.py:830} INFO - Processing file /opt/airflow/dags/scd.py for tasks to queue
[2026-07-20T11:01:27.750+0000] {logging_mixin.py:188} INFO - [2026-07-20T11:01:27.749+0000] {dagbag.py:545} INFO - Filling up the DagBag from /opt/airflow/dags/scd.py
[2026-07-20T11:01:27.794+0000] {processor.py:840} INFO - DAG(s) 'SCD2_snapshots' retrieved from /opt/airflow/dags/scd.py
[2026-07-20T11:01:27.846+0000] {logging_mixin.py:188} INFO - [2026-07-20T11:01:27.846+0000] {dag.py:3089} INFO - Sync 1 DAGs
[2026-07-20T11:01:27.878+0000] {logging_mixin.py:188} INFO - [2026-07-20T11:01:27.877+0000] {dag.py:3947} INFO - Setting next_dagrun for SCD2_snapshots to 2026-07-20 00:00:00+00:00, run_after=2026-07-21 00:00:00+00:00
[2026-07-20T11:01:27.901+0000] {processor.py:183} INFO - Processing /opt/airflow/dags/scd.py took 0.169 seconds
[2026-07-20T11:01:58.212+0000] {processor.py:161} INFO - Started process (PID=144) to work on /opt/airflow/dags/scd.py
[2026-07-20T11:01:58.213+0000] {processor.py:830} INFO - Processing file /opt/airflow/dags/scd.py for tasks to queue
[2026-07-20T11:01:58.216+0000] {logging_mixin.py:188} INFO - [2026-07-20T11:01:58.215+0000] {dagbag.py:545} INFO - Filling up the DagBag from /opt/airflow/dags/scd.py
[2026-07-20T11:01:58.242+0000] {processor.py:840} INFO - DAG(s) 'SCD2_snapshots' retrieved from /opt/airflow/dags/scd.py
[2026-07-20T11:01:58.281+0000] {logging_mixin.py:188} INFO - [2026-07-20T11:01:58.281+0000] {dag.py:3089} INFO - Sync 1 DAGs
[2026-07-20T11:01:58.308+0000] {logging_mixin.py:188} INFO - [2026-07-20T11:01:58.308+0000] {dag.py:3947} INFO - Setting next_dagrun for SCD2_snapshots to 2026-07-20 00:00:00+00:00, run_after=2026-07-21 00:00:00+00:00
[2026-07-20T11:01:58.339+0000] {processor.py:183} INFO - Processing /opt/airflow/dags/scd.py took 0.135 seconds
[2026-07-20T11:02:28.659+0000] {processor.py:161} INFO - Started process (PID=149) to work on /opt/airflow/dags/scd.py
[2026-07-20T11:02:28.661+0000] {processor.py:830} INFO - Processing file /opt/airflow/dags/scd.py for tasks to queue
[2026-07-20T11:02:28.665+0000] {logging_mixin.py:188} INFO - [2026-07-20T11:02:28.665+0000] {dagbag.py:545} INFO - Filling up the DagBag from /opt/airflow/dags/scd.py
[2026-07-20T11:02:28.699+0000] {processor.py:840} INFO - DAG(s) 'SCD2_snapshots' retrieved from /opt/airflow/dags/scd.py
[2026-07-20T11:02:28.755+0000] {logging_mixin.py:188} INFO - [2026-07-20T11:02:28.754+0000] {dag.py:3089} INFO - Sync 1 DAGs
[2026-07-20T11:02:28.788+0000] {logging_mixin.py:188} INFO - [2026-07-20T11:02:28.788+0000] {dag.py:3947} INFO - Setting next_dagrun for SCD2_snapshots to 2026-07-20 00:00:00+00:00, run_after=2026-07-21 00:00:00+00:00
[2026-07-20T11:02:28.823+0000] {processor.py:183} INFO - Processing /opt/airflow/dags/scd.py took 0.181 seconds
[2026-07-20T11:02:59.155+0000] {processor.py:161} INFO - Started process (PID=154) to work on /opt/airflow/dags/scd.py
[2026-07-20T11:02:59.156+0000] {processor.py:830} INFO - Processing file /opt/airflow/dags/scd.py for tasks to queue
[2026-07-20T11:02:59.159+0000] {logging_mixin.py:188} INFO - [2026-07-20T11:02:59.158+0000] {dagbag.py:545} INFO - Filling up the DagBag from /opt/airflow/dags/scd.py
[2026-07-20T11:02:59.186+0000] {processor.py:840} INFO - DAG(s) 'SCD2_snapshots' retrieved from /opt/airflow/dags/scd.py
[2026-07-20T11:02:59.229+0000] {logging_mixin.py:188} INFO - [2026-07-20T11:02:59.229+0000] {dag.py:3089} INFO - Sync 1 DAGs
[2026-07-20T11:02:59.261+0000] {logging_mixin.py:188} INFO - [2026-07-20T11:02:59.260+0000] {dag.py:3947} INFO - Setting next_dagrun for SCD2_snapshots to 2026-07-20 00:00:00+00:00, run_after=2026-07-21 00:00:00+00:00
[2026-07-20T11:02:59.289+0000] {processor.py:183} INFO - Processing /opt/airflow/dags/scd.py took 0.144 seconds
[2026-07-20T11:03:29.418+0000] {processor.py:161} INFO - Started process (PID=159) to work on /opt/airflow/dags/scd.py
[2026-07-20T11:03:29.420+0000] {processor.py:830} INFO - Processing file /opt/airflow/dags/scd.py for tasks to queue
[2026-07-20T11:03:29.423+0000] {logging_mixin.py:188} INFO - [2026-07-20T11:03:29.422+0000] {dagbag.py:545} INFO - Filling up the DagBag from /opt/airflow/dags/scd.py
[2026-07-20T11:03:29.454+0000] {processor.py:840} INFO - DAG(s) 'SCD2_snapshots' retrieved from /opt/airflow/dags/scd.py
[2026-07-20T11:03:29.499+0000] {logging_mixin.py:188} INFO - [2026-07-20T11:03:29.498+0000] {dag.py:3089} INFO - Sync 1 DAGs
[2026-07-20T11:03:29.529+0000] {logging_mixin.py:188} INFO - [2026-07-20T11:03:29.529+0000] {dag.py:3947} INFO - Setting next_dagrun for SCD2_snapshots to 2026-07-20 00:00:00+00:00, run_after=2026-07-21 00:00:00+00:00
[2026-07-20T11:03:29.558+0000] {processor.py:183} INFO - Processing /opt/airflow/dags/scd.py took 0.150 seconds
[2026-07-20T11:03:59.865+0000] {processor.py:161} INFO - Started process (PID=175) to work on /opt/airflow/dags/scd.py
[2026-07-20T11:03:59.866+0000] {processor.py:830} INFO - Processing file /opt/airflow/dags/scd.py for tasks to queue
[2026-07-20T11:03:59.869+0000] {logging_mixin.py:188} INFO - [2026-07-20T11:03:59.868+0000] {dagbag.py:545} INFO - Filling up the DagBag from /opt/airflow/dags/scd.py
[2026-07-20T11:03:59.898+0000] {processor.py:840} INFO - DAG(s) 'SCD2_snapshots' retrieved from /opt/airflow/dags/scd.py
[2026-07-20T11:03:59.938+0000] {logging_mixin.py:188} INFO - [2026-07-20T11:03:59.938+0000] {dag.py:3089} INFO - Sync 1 DAGs
[2026-07-20T11:03:59.968+0000] {logging_mixin.py:188} INFO - [2026-07-20T11:03:59.968+0000] {dag.py:3947} INFO - Setting next_dagrun for SCD2_snapshots to 2026-07-20 00:00:00+00:00, run_after=2026-07-21 00:00:00+00:00
[2026-07-20T11:03:59.992+0000] {processor.py:183} INFO - Processing /opt/airflow/dags/scd.py took 0.135 seconds
[2026-07-20T11:04:30.267+0000] {processor.py:161} INFO - Started process (PID=199) to work on /opt/airflow/dags/scd.py
[2026-07-20T11:04:30.268+0000] {processor.py:830} INFO - Processing file /opt/airflow/dags/scd.py for tasks to queue
[2026-07-20T11:04:30.270+0000] {logging_mixin.py:188} INFO - [2026-07-20T11:04:30.270+0000] {dagbag.py:545} INFO - Filling up the DagBag from /opt/airflow/dags/scd.py
[2026-07-20T11:04:30.303+0000] {processor.py:840} INFO - DAG(s) 'SCD2_snapshots' retrieved from /opt/airflow/dags/scd.py
[2026-07-20T11:04:30.346+0000] {logging_mixin.py:188} INFO - [2026-07-20T11:04:30.345+0000] {dag.py:3089} INFO - Sync 1 DAGs
[2026-07-20T11:04:30.373+0000] {logging_mixin.py:188} INFO - [2026-07-20T11:04:30.373+0000] {dag.py:3947} INFO - Setting next_dagrun for SCD2_snapshots to 2026-07-20 00:00:00+00:00, run_after=2026-07-21 00:00:00+00:00
[2026-07-20T11:04:30.402+0000] {processor.py:183} INFO - Processing /opt/airflow/dags/scd.py took 0.144 seconds
[2026-07-20T11:05:00.616+0000] {processor.py:161} INFO - Started process (PID=204) to work on /opt/airflow/dags/scd.py
[2026-07-20T11:05:00.617+0000] {processor.py:830} INFO - Processing file /opt/airflow/dags/scd.py for tasks to queue
[2026-07-20T11:05:00.620+0000] {logging_mixin.py:188} INFO - [2026-07-20T11:05:00.619+0000] {dagbag.py:545} INFO - Filling up the DagBag from /opt/airflow/dags/scd.py
[2026-07-20T11:05:00.651+0000] {processor.py:840} INFO - DAG(s) 'SCD2_snapshots' retrieved from /opt/airflow/dags/scd.py
[2026-07-20T11:05:00.691+0000] {logging_mixin.py:188} INFO - [2026-07-20T11:05:00.691+0000] {dag.py:3089} INFO - Sync 1 DAGs
[2026-07-20T11:05:00.717+0000] {logging_mixin.py:188} INFO - [2026-07-20T11:05:00.717+0000] {dag.py:3947} INFO - Setting next_dagrun for SCD2_snapshots to 2026-07-20 00:00:00+00:00, run_after=2026-07-21 00:00:00+00:00
[2026-07-20T11:05:00.739+0000] {processor.py:183} INFO - Processing /opt/airflow/dags/scd.py took 0.135 seconds
[2026-07-20T11:05:43.036+0000] {processor.py:161} INFO - Started process (PID=34) to work on /opt/airflow/dags/scd.py
[2026-07-20T11:05:43.039+0000] {processor.py:830} INFO - Processing file /opt/airflow/dags/scd.py for tasks to queue
[2026-07-20T11:05:43.041+0000] {logging_mixin.py:188} INFO - [2026-07-20T11:05:43.041+0000] {dagbag.py:545} INFO - Filling up the DagBag from /opt/airflow/dags/scd.py
[2026-07-20T11:05:43.094+0000] {processor.py:840} INFO - DAG(s) 'SCD2_snapshots' retrieved from /opt/airflow/dags/scd.py
[2026-07-20T11:05:43.184+0000] {logging_mixin.py:188} INFO - [2026-07-20T11:05:43.183+0000] {dag.py:3089} INFO - Sync 1 DAGs
[2026-07-20T11:05:43.221+0000] {logging_mixin.py:188} INFO - [2026-07-20T11:05:43.221+0000] {dag.py:3947} INFO - Setting next_dagrun for SCD2_snapshots to 2026-07-20 00:00:00+00:00, run_after=2026-07-21 00:00:00+00:00
[2026-07-20T11:05:43.250+0000] {processor.py:183} INFO - Processing /opt/airflow/dags/scd.py took 0.224 seconds
[2026-07-20T11:06:13.457+0000] {processor.py:161} INFO - Started process (PID=57) to work on /opt/airflow/dags/scd.py
[2026-07-20T11:06:13.459+0000] {processor.py:830} INFO - Processing file /opt/airflow/dags/scd.py for tasks to queue
[2026-07-20T11:06:13.463+0000] {logging_mixin.py:188} INFO - [2026-07-20T11:06:13.463+0000] {dagbag.py:545} INFO - Filling up the DagBag from /opt/airflow/dags/scd.py
[2026-07-20T11:06:13.500+0000] {processor.py:840} INFO - DAG(s) 'SCD2_snapshots' retrieved from /opt/airflow/dags/scd.py
[2026-07-20T11:06:13.563+0000] {logging_mixin.py:188} INFO - [2026-07-20T11:06:13.562+0000] {dag.py:3089} INFO - Sync 1 DAGs
[2026-07-20T11:06:13.603+0000] {logging_mixin.py:188} INFO - [2026-07-20T11:06:13.602+0000] {dag.py:3947} INFO - Setting next_dagrun for SCD2_snapshots to 2026-07-20 00:00:00+00:00, run_after=2026-07-21 00:00:00+00:00
[2026-07-20T11:06:13.641+0000] {processor.py:183} INFO - Processing /opt/airflow/dags/scd.py took 0.194 seconds
[2026-07-20T11:06:43.762+0000] {processor.py:161} INFO - Started process (PID=62) to work on /opt/airflow/dags/scd.py
[2026-07-20T11:06:43.763+0000] {processor.py:830} INFO - Processing file /opt/airflow/dags/scd.py for tasks to queue
[2026-07-20T11:06:43.766+0000] {logging_mixin.py:188} INFO - [2026-07-20T11:06:43.765+0000] {dagbag.py:545} INFO - Filling up the DagBag from /opt/airflow/dags/scd.py
[2026-07-20T11:06:43.801+0000] {processor.py:840} INFO - DAG(s) 'SCD2_snapshots' retrieved from /opt/airflow/dags/scd.py
[2026-07-20T11:06:43.859+0000] {logging_mixin.py:188} INFO - [2026-07-20T11:06:43.859+0000] {dag.py:3089} INFO - Sync 1 DAGs
[2026-07-20T11:06:43.889+0000] {logging_mixin.py:188} INFO - [2026-07-20T11:06:43.888+0000] {dag.py:3947} INFO - Setting next_dagrun for SCD2_snapshots to 2026-07-20 00:00:00+00:00, run_after=2026-07-21 00:00:00+00:00
[2026-07-20T11:06:43.918+0000] {processor.py:183} INFO - Processing /opt/airflow/dags/scd.py took 0.165 seconds
[2026-07-20T11:07:14.151+0000] {processor.py:161} INFO - Started process (PID=67) to work on /opt/airflow/dags/scd.py
[2026-07-20T11:07:14.153+0000] {processor.py:830} INFO - Processing file /opt/airflow/dags/scd.py for tasks to queue
[2026-07-20T11:07:14.156+0000] {logging_mixin.py:188} INFO - [2026-07-20T11:07:14.155+0000] {dagbag.py:545} INFO - Filling up the DagBag from /opt/airflow/dags/scd.py
[2026-07-20T11:07:14.183+0000] {processor.py:840} INFO - DAG(s) 'SCD2_snapshots' retrieved from /opt/airflow/dags/scd.py
[2026-07-20T11:07:14.225+0000] {logging_mixin.py:188} INFO - [2026-07-20T11:07:14.225+0000] {dag.py:3089} INFO - Sync 1 DAGs
[2026-07-20T11:07:14.252+0000] {logging_mixin.py:188} INFO - [2026-07-20T11:07:14.251+0000] {dag.py:3947} INFO - Setting next_dagrun for SCD2_snapshots to 2026-07-20 00:00:00+00:00, run_after=2026-07-21 00:00:00+00:00
[2026-07-20T11:07:14.277+0000] {processor.py:183} INFO - Processing /opt/airflow/dags/scd.py took 0.132 seconds
[2026-07-20T11:07:54.328+0000] {processor.py:161} INFO - Started process (PID=34) to work on /opt/airflow/dags/scd.py
[2026-07-20T11:07:54.330+0000] {processor.py:830} INFO - Processing file /opt/airflow/dags/scd.py for tasks to queue
[2026-07-20T11:07:54.333+0000] {logging_mixin.py:188} INFO - [2026-07-20T11:07:54.332+0000] {dagbag.py:545} INFO - Filling up the DagBag from /opt/airflow/dags/scd.py
[2026-07-20T11:07:54.377+0000] {processor.py:840} INFO - DAG(s) 'SCD2_snapshots' retrieved from /opt/airflow/dags/scd.py
[2026-07-20T11:07:54.464+0000] {logging_mixin.py:188} INFO - [2026-07-20T11:07:54.464+0000] {dag.py:3089} INFO - Sync 1 DAGs
[2026-07-20T11:07:54.493+0000] {logging_mixin.py:188} INFO - [2026-07-20T11:07:54.493+0000] {dag.py:3947} INFO - Setting next_dagrun for SCD2_snapshots to 2026-07-20 00:00:00+00:00, run_after=2026-07-21 00:00:00+00:00
[2026-07-20T11:07:54.524+0000] {processor.py:183} INFO - Processing /opt/airflow/dags/scd.py took 0.205 seconds
[2026-07-20T11:08:24.666+0000] {processor.py:161} INFO - Started process (PID=39) to work on /opt/airflow/dags/scd.py
[2026-07-20T11:08:24.668+0000] {processor.py:830} INFO - Processing file /opt/airflow/dags/scd.py for tasks to queue
[2026-07-20T11:08:24.671+0000] {logging_mixin.py:188} INFO - [2026-07-20T11:08:24.671+0000] {dagbag.py:545} INFO - Filling up the DagBag from /opt/airflow/dags/scd.py
[2026-07-20T11:08:24.713+0000] {processor.py:840} INFO - DAG(s) 'SCD2_snapshots' retrieved from /opt/airflow/dags/scd.py
[2026-07-20T11:08:24.787+0000] {logging_mixin.py:188} INFO - [2026-07-20T11:08:24.787+0000] {dag.py:3089} INFO - Sync 1 DAGs
[2026-07-20T11:08:24.843+0000] {logging_mixin.py:188} INFO - [2026-07-20T11:08:24.842+0000] {dag.py:3947} INFO - Setting next_dagrun for SCD2_snapshots to 2026-07-20 00:00:00+00:00, run_after=2026-07-21 00:00:00+00:00
[2026-07-20T11:08:24.877+0000] {processor.py:183} INFO - Processing /opt/airflow/dags/scd.py took 0.224 seconds
[2026-07-20T11:08:55.088+0000] {processor.py:161} INFO - Started process (PID=44) to work on /opt/airflow/dags/scd.py
[2026-07-20T11:08:55.090+0000] {processor.py:830} INFO - Processing file /opt/airflow/dags/scd.py for tasks to queue
[2026-07-20T11:08:55.096+0000] {logging_mixin.py:188} INFO - [2026-07-20T11:08:55.095+0000] {dagbag.py:545} INFO - Filling up the DagBag from /opt/airflow/dags/scd.py
[2026-07-20T11:08:55.126+0000] {processor.py:840} INFO - DAG(s) 'SCD2_snapshots' retrieved from /opt/airflow/dags/scd.py
[2026-07-20T11:08:55.176+0000] {logging_mixin.py:188} INFO - [2026-07-20T11:08:55.176+0000] {dag.py:3089} INFO - Sync 1 DAGs
[2026-07-20T11:08:55.210+0000] {logging_mixin.py:188} INFO - [2026-07-20T11:08:55.210+0000] {dag.py:3947} INFO - Setting next_dagrun for SCD2_snapshots to 2026-07-20 00:00:00+00:00, run_after=2026-07-21 00:00:00+00:00
[2026-07-20T11:08:55.241+0000] {processor.py:183} INFO - Processing /opt/airflow/dags/scd.py took 0.164 seconds
[2026-07-20T11:09:25.420+0000] {processor.py:161} INFO - Started process (PID=49) to work on /opt/airflow/dags/scd.py
[2026-07-20T11:09:25.422+0000] {processor.py:830} INFO - Processing file /opt/airflow/dags/scd.py for tasks to queue
[2026-07-20T11:09:25.425+0000] {logging_mixin.py:188} INFO - [2026-07-20T11:09:25.425+0000] {dagbag.py:545} INFO - Filling up the DagBag from /opt/airflow/dags/scd.py
[2026-07-20T11:09:25.454+0000] {processor.py:840} INFO - DAG(s) 'SCD2_snapshots' retrieved from /opt/airflow/dags/scd.py
[2026-07-20T11:09:25.497+0000] {logging_mixin.py:188} INFO - [2026-07-20T11:09:25.497+0000] {dag.py:3089} INFO - Sync 1 DAGs
[2026-07-20T11:09:25.533+0000] {logging_mixin.py:188} INFO - [2026-07-20T11:09:25.533+0000] {dag.py:3947} INFO - Setting next_dagrun for SCD2_snapshots to 2026-07-20 00:00:00+00:00, run_after=2026-07-21 00:00:00+00:00
[2026-07-20T11:09:25.556+0000] {processor.py:183} INFO - Processing /opt/airflow/dags/scd.py took 0.147 seconds
[2026-07-20T11:09:55.792+0000] {processor.py:161} INFO - Started process (PID=84) to work on /opt/airflow/dags/scd.py
[2026-07-20T11:09:55.794+0000] {processor.py:830} INFO - Processing file /opt/airflow/dags/scd.py for tasks to queue
[2026-07-20T11:09:55.797+0000] {logging_mixin.py:188} INFO - [2026-07-20T11:09:55.797+0000] {dagbag.py:545} INFO - Filling up the DagBag from /opt/airflow/dags/scd.py
[2026-07-20T11:09:55.833+0000] {processor.py:840} INFO - DAG(s) 'SCD2_snapshots' retrieved from /opt/airflow/dags/scd.py
[2026-07-20T11:09:55.884+0000] {logging_mixin.py:188} INFO - [2026-07-20T11:09:55.883+0000] {dag.py:3089} INFO - Sync 1 DAGs
[2026-07-20T11:09:55.923+0000] {logging_mixin.py:188} INFO - [2026-07-20T11:09:55.923+0000] {dag.py:3947} INFO - Setting next_dagrun for SCD2_snapshots to 2026-07-20 00:00:00+00:00, run_after=2026-07-21 00:00:00+00:00
[2026-07-20T11:09:55.981+0000] {processor.py:183} INFO - Processing /opt/airflow/dags/scd.py took 0.203 seconds
[2026-07-20T11:10:26.089+0000] {processor.py:161} INFO - Started process (PID=127) to work on /opt/airflow/dags/scd.py
[2026-07-20T11:10:26.091+0000] {processor.py:830} INFO - Processing file /opt/airflow/dags/scd.py for tasks to queue
[2026-07-20T11:10:26.093+0000] {logging_mixin.py:188} INFO - [2026-07-20T11:10:26.093+0000] {dagbag.py:545} INFO - Filling up the DagBag from /opt/airflow/dags/scd.py
[2026-07-20T11:10:26.120+0000] {processor.py:840} INFO - DAG(s) 'SCD2_snapshots' retrieved from /opt/airflow/dags/scd.py
[2026-07-20T11:10:26.161+0000] {logging_mixin.py:188} INFO - [2026-07-20T11:10:26.160+0000] {dag.py:3089} INFO - Sync 1 DAGs
[2026-07-20T11:10:26.189+0000] {logging_mixin.py:188} INFO - [2026-07-20T11:10:26.188+0000] {dag.py:3947} INFO - Setting next_dagrun for SCD2_snapshots to 2026-07-20 00:00:00+00:00, run_after=2026-07-21 00:00:00+00:00
[2026-07-20T11:10:26.220+0000] {processor.py:183} INFO - Processing /opt/airflow/dags/scd.py took 0.141 seconds
[2026-07-20T11:10:56.386+0000] {processor.py:161} INFO - Started process (PID=132) to work on /opt/airflow/dags/scd.py
[2026-07-20T11:10:56.388+0000] {processor.py:830} INFO - Processing file /opt/airflow/dags/scd.py for tasks to queue
[2026-07-20T11:10:56.391+0000] {logging_mixin.py:188} INFO - [2026-07-20T11:10:56.390+0000] {dagbag.py:545} INFO - Filling up the DagBag from /opt/airflow/dags/scd.py
[2026-07-20T11:10:56.423+0000] {processor.py:840} INFO - DAG(s) 'SCD2_snapshots' retrieved from /opt/airflow/dags/scd.py
[2026-07-20T11:10:56.470+0000] {logging_mixin.py:188} INFO - [2026-07-20T11:10:56.469+0000] {dag.py:3089} INFO - Sync 1 DAGs
[2026-07-20T11:10:56.497+0000] {logging_mixin.py:188} INFO - [2026-07-20T11:10:56.497+0000] {dag.py:3947} INFO - Setting next_dagrun for SCD2_snapshots to 2026-07-20 00:00:00+00:00, run_after=2026-07-21 00:00:00+00:00
[2026-07-20T11:10:56.519+0000] {processor.py:183} INFO - Processing /opt/airflow/dags/scd.py took 0.143 seconds
[2026-07-20T11:11:26.709+0000] {processor.py:161} INFO - Started process (PID=137) to work on /opt/airflow/dags/scd.py
[2026-07-20T11:11:26.710+0000] {processor.py:830} INFO - Processing file /opt/airflow/dags/scd.py for tasks to queue
[2026-07-20T11:11:26.713+0000] {logging_mixin.py:188} INFO - [2026-07-20T11:11:26.712+0000] {dagbag.py:545} INFO - Filling up the DagBag from /opt/airflow/dags/scd.py
[2026-07-20T11:11:26.742+0000] {processor.py:840} INFO - DAG(s) 'SCD2_snapshots' retrieved from /opt/airflow/dags/scd.py
[2026-07-20T11:11:26.785+0000] {logging_mixin.py:188} INFO - [2026-07-20T11:11:26.785+0000] {dag.py:3089} INFO - Sync 1 DAGs
[2026-07-20T11:11:26.818+0000] {logging_mixin.py:188} INFO - [2026-07-20T11:11:26.818+0000] {dag.py:3947} INFO - Setting next_dagrun for SCD2_snapshots to 2026-07-20 00:00:00+00:00, run_after=2026-07-21 00:00:00+00:00
[2026-07-20T11:11:26.845+0000] {processor.py:183} INFO - Processing /opt/airflow/dags/scd.py took 0.144 seconds
[2026-07-20T11:11:57.043+0000] {processor.py:161} INFO - Started process (PID=142) to work on /opt/airflow/dags/scd.py
[2026-07-20T11:11:57.044+0000] {processor.py:830} INFO - Processing file /opt/airflow/dags/scd.py for tasks to queue
[2026-07-20T11:11:57.048+0000] {logging_mixin.py:188} INFO - [2026-07-20T11:11:57.048+0000] {dagbag.py:545} INFO - Filling up the DagBag from /opt/airflow/dags/scd.py
[2026-07-20T11:11:57.089+0000] {processor.py:840} INFO - DAG(s) 'SCD2_snapshots' retrieved from /opt/airflow/dags/scd.py
[2026-07-20T11:11:57.130+0000] {logging_mixin.py:188} INFO - [2026-07-20T11:11:57.130+0000] {dag.py:3089} INFO - Sync 1 DAGs
[2026-07-20T11:11:57.168+0000] {logging_mixin.py:188} INFO - [2026-07-20T11:11:57.168+0000] {dag.py:3947} INFO - Setting next_dagrun for SCD2_snapshots to 2026-07-20 00:00:00+00:00, run_after=2026-07-21 00:00:00+00:00
[2026-07-20T11:11:57.201+0000] {processor.py:183} INFO - Processing /opt/airflow/dags/scd.py took 0.175 seconds
[2026-07-20T11:12:27.563+0000] {processor.py:161} INFO - Started process (PID=147) to work on /opt/airflow/dags/scd.py
[2026-07-20T11:12:27.564+0000] {processor.py:830} INFO - Processing file /opt/airflow/dags/scd.py for tasks to queue
[2026-07-20T11:12:27.566+0000] {logging_mixin.py:188} INFO - [2026-07-20T11:12:27.566+0000] {dagbag.py:545} INFO - Filling up the DagBag from /opt/airflow/dags/scd.py
[2026-07-20T11:12:27.595+0000] {processor.py:840} INFO - DAG(s) 'SCD2_snapshots' retrieved from /opt/airflow/dags/scd.py
[2026-07-20T11:12:27.641+0000] {logging_mixin.py:188} INFO - [2026-07-20T11:12:27.641+0000] {dag.py:3089} INFO - Sync 1 DAGs
[2026-07-20T11:12:27.673+0000] {logging_mixin.py:188} INFO - [2026-07-20T11:12:27.673+0000] {dag.py:3947} INFO - Setting next_dagrun for SCD2_snapshots to 2026-07-20 00:00:00+00:00, run_after=2026-07-21 00:00:00+00:00
[2026-07-20T11:12:27.699+0000] {processor.py:183} INFO - Processing /opt/airflow/dags/scd.py took 0.143 seconds
[2026-07-20T11:12:57.836+0000] {processor.py:161} INFO - Started process (PID=152) to work on /opt/airflow/dags/scd.py
[2026-07-20T11:12:57.837+0000] {processor.py:830} INFO - Processing file /opt/airflow/dags/scd.py for tasks to queue
[2026-07-20T11:12:57.840+0000] {logging_mixin.py:188} INFO - [2026-07-20T11:12:57.839+0000] {dagbag.py:545} INFO - Filling up the DagBag from /opt/airflow/dags/scd.py
[2026-07-20T11:12:57.868+0000] {processor.py:840} INFO - DAG(s) 'SCD2_snapshots' retrieved from /opt/airflow/dags/scd.py
[2026-07-20T11:12:57.907+0000] {logging_mixin.py:188} INFO - [2026-07-20T11:12:57.907+0000] {dag.py:3089} INFO - Sync 1 DAGs
[2026-07-20T11:12:57.936+0000] {logging_mixin.py:188} INFO - [2026-07-20T11:12:57.936+0000] {dag.py:3947} INFO - Setting next_dagrun for SCD2_snapshots to 2026-07-20 00:00:00+00:00, run_after=2026-07-21 00:00:00+00:00
[2026-07-20T11:12:57.965+0000] {processor.py:183} INFO - Processing /opt/airflow/dags/scd.py took 0.137 seconds
[2026-07-20T11:13:28.096+0000] {processor.py:161} INFO - Started process (PID=157) to work on /opt/airflow/dags/scd.py
[2026-07-20T11:13:28.099+0000] {processor.py:830} INFO - Processing file /opt/airflow/dags/scd.py for tasks to queue
[2026-07-20T11:13:28.111+0000] {logging_mixin.py:188} INFO - [2026-07-20T11:13:28.110+0000] {dagbag.py:545} INFO - Filling up the DagBag from /opt/airflow/dags/scd.py
[2026-07-20T11:13:28.173+0000] {processor.py:840} INFO - DAG(s) 'SCD2_snapshots' retrieved from /opt/airflow/dags/scd.py
[2026-07-20T11:13:28.298+0000] {logging_mixin.py:188} INFO - [2026-07-20T11:13:28.297+0000] {dag.py:3089} INFO - Sync 1 DAGs
[2026-07-20T11:13:28.426+0000] {logging_mixin.py:188} INFO - [2026-07-20T11:13:28.424+0000] {dag.py:3947} INFO - Setting next_dagrun for SCD2_snapshots to 2026-07-20 00:00:00+00:00, run_after=2026-07-21 00:00:00+00:00
[2026-07-20T11:13:28.524+0000] {processor.py:183} INFO - Processing /opt/airflow/dags/scd.py took 0.453 seconds
[2026-07-20T11:13:58.849+0000] {processor.py:161} INFO - Started process (PID=162) to work on /opt/airflow/dags/scd.py
[2026-07-20T11:13:58.851+0000] {processor.py:830} INFO - Processing file /opt/airflow/dags/scd.py for tasks to queue
[2026-07-20T11:13:58.853+0000] {logging_mixin.py:188} INFO - [2026-07-20T11:13:58.853+0000] {dagbag.py:545} INFO - Filling up the DagBag from /opt/airflow/dags/scd.py
[2026-07-20T11:13:58.884+0000] {processor.py:840} INFO - DAG(s) 'SCD2_snapshots' retrieved from /opt/airflow/dags/scd.py
[2026-07-20T11:13:58.923+0000] {logging_mixin.py:188} INFO - [2026-07-20T11:13:58.922+0000] {dag.py:3089} INFO - Sync 1 DAGs
[2026-07-20T11:13:58.949+0000] {logging_mixin.py:188} INFO - [2026-07-20T11:13:58.949+0000] {dag.py:3947} INFO - Setting next_dagrun for SCD2_snapshots to 2026-07-20 00:00:00+00:00, run_after=2026-07-21 00:00:00+00:00
[2026-07-20T11:13:58.975+0000] {processor.py:183} INFO - Processing /opt/airflow/dags/scd.py took 0.134 seconds
[2026-07-20T11:14:29.077+0000] {processor.py:161} INFO - Started process (PID=167) to work on /opt/airflow/dags/scd.py
[2026-07-20T11:14:29.079+0000] {processor.py:830} INFO - Processing file /opt/airflow/dags/scd.py for tasks to queue
[2026-07-20T11:14:29.081+0000] {logging_mixin.py:188} INFO - [2026-07-20T11:14:29.081+0000] {dagbag.py:545} INFO - Filling up the DagBag from /opt/airflow/dags/scd.py
[2026-07-20T11:14:29.108+0000] {processor.py:840} INFO - DAG(s) 'SCD2_snapshots' retrieved from /opt/airflow/dags/scd.py
[2026-07-20T11:14:29.146+0000] {logging_mixin.py:188} INFO - [2026-07-20T11:14:29.145+0000] {dag.py:3089} INFO - Sync 1 DAGs
[2026-07-20T11:14:29.170+0000] {logging_mixin.py:188} INFO - [2026-07-20T11:14:29.170+0000] {dag.py:3947} INFO - Setting next_dagrun for SCD2_snapshots to 2026-07-20 00:00:00+00:00, run_after=2026-07-21 00:00:00+00:00
[2026-07-20T11:14:29.195+0000] {processor.py:183} INFO - Processing /opt/airflow/dags/scd.py took 0.124 seconds
[2026-07-20T11:14:59.353+0000] {processor.py:161} INFO - Started process (PID=172) to work on /opt/airflow/dags/scd.py
[2026-07-20T11:14:59.354+0000] {processor.py:830} INFO - Processing file /opt/airflow/dags/scd.py for tasks to queue
[2026-07-20T11:14:59.357+0000] {logging_mixin.py:188} INFO - [2026-07-20T11:14:59.357+0000] {dagbag.py:545} INFO - Filling up the DagBag from /opt/airflow/dags/scd.py
[2026-07-20T11:14:59.386+0000] {processor.py:840} INFO - DAG(s) 'SCD2_snapshots' retrieved from /opt/airflow/dags/scd.py
[2026-07-20T11:14:59.426+0000] {logging_mixin.py:188} INFO - [2026-07-20T11:14:59.426+0000] {dag.py:3089} INFO - Sync 1 DAGs
[2026-07-20T11:14:59.452+0000] {logging_mixin.py:188} INFO - [2026-07-20T11:14:59.451+0000] {dag.py:3947} INFO - Setting next_dagrun for SCD2_snapshots to 2026-07-20 00:00:00+00:00, run_after=2026-07-21 00:00:00+00:00
[2026-07-20T11:14:59.474+0000] {processor.py:183} INFO - Processing /opt/airflow/dags/scd.py took 0.131 seconds
[2026-07-20T11:15:29.739+0000] {processor.py:161} INFO - Started process (PID=177) to work on /opt/airflow/dags/scd.py
[2026-07-20T11:15:29.740+0000] {processor.py:830} INFO - Processing file /opt/airflow/dags/scd.py for tasks to queue
[2026-07-20T11:15:29.742+0000] {logging_mixin.py:188} INFO - [2026-07-20T11:15:29.742+0000] {dagbag.py:545} INFO - Filling up the DagBag from /opt/airflow/dags/scd.py
[2026-07-20T11:15:29.769+0000] {processor.py:840} INFO - DAG(s) 'SCD2_snapshots' retrieved from /opt/airflow/dags/scd.py
[2026-07-20T11:15:29.804+0000] {logging_mixin.py:188} INFO - [2026-07-20T11:15:29.804+0000] {dag.py:3089} INFO - Sync 1 DAGs
[2026-07-20T11:15:29.828+0000] {logging_mixin.py:188} INFO - [2026-07-20T11:15:29.828+0000] {dag.py:3947} INFO - Setting next_dagrun for SCD2_snapshots to 2026-07-20 00:00:00+00:00, run_after=2026-07-21 00:00:00+00:00
[2026-07-20T11:15:29.854+0000] {processor.py:183} INFO - Processing /opt/airflow/dags/scd.py took 0.122 seconds
[2026-07-20T11:15:59.989+0000] {processor.py:161} INFO - Started process (PID=182) to work on /opt/airflow/dags/scd.py
[2026-07-20T11:15:59.990+0000] {processor.py:830} INFO - Processing file /opt/airflow/dags/scd.py for tasks to queue
[2026-07-20T11:15:59.993+0000] {logging_mixin.py:188} INFO - [2026-07-20T11:15:59.993+0000] {dagbag.py:545} INFO - Filling up the DagBag from /opt/airflow/dags/scd.py
[2026-07-20T11:16:00.028+0000] {processor.py:840} INFO - DAG(s) 'SCD2_snapshots' retrieved from /opt/airflow/dags/scd.py
[2026-07-20T11:16:00.065+0000] {logging_mixin.py:188} INFO - [2026-07-20T11:16:00.065+0000] {dag.py:3089} INFO - Sync 1 DAGs
[2026-07-20T11:16:00.089+0000] {logging_mixin.py:188} INFO - [2026-07-20T11:16:00.089+0000] {dag.py:3947} INFO - Setting next_dagrun for SCD2_snapshots to 2026-07-20 00:00:00+00:00, run_after=2026-07-21 00:00:00+00:00
[2026-07-20T11:16:00.113+0000] {processor.py:183} INFO - Processing /opt/airflow/dags/scd.py took 0.130 seconds
[2026-07-20T11:16:30.385+0000] {processor.py:161} INFO - Started process (PID=187) to work on /opt/airflow/dags/scd.py
[2026-07-20T11:16:30.387+0000] {processor.py:830} INFO - Processing file /opt/airflow/dags/scd.py for tasks to queue
[2026-07-20T11:16:30.389+0000] {logging_mixin.py:188} INFO - [2026-07-20T11:16:30.389+0000] {dagbag.py:545} INFO - Filling up the DagBag from /opt/airflow/dags/scd.py
[2026-07-20T11:16:30.417+0000] {processor.py:840} INFO - DAG(s) 'SCD2_snapshots' retrieved from /opt/airflow/dags/scd.py
[2026-07-20T11:16:30.453+0000] {logging_mixin.py:188} INFO - [2026-07-20T11:16:30.453+0000] {dag.py:3089} INFO - Sync 1 DAGs
[2026-07-20T11:16:30.480+0000] {logging_mixin.py:188} INFO - [2026-07-20T11:16:30.480+0000] {dag.py:3947} INFO - Setting next_dagrun for SCD2_snapshots to 2026-07-20 00:00:00+00:00, run_after=2026-07-21 00:00:00+00:00
[2026-07-20T11:16:30.511+0000] {processor.py:183} INFO - Processing /opt/airflow/dags/scd.py took 0.133 seconds
[2026-07-20T11:17:00.774+0000] {processor.py:161} INFO - Started process (PID=192) to work on /opt/airflow/dags/scd.py
[2026-07-20T11:17:00.776+0000] {processor.py:830} INFO - Processing file /opt/airflow/dags/scd.py for tasks to queue
[2026-07-20T11:17:00.780+0000] {logging_mixin.py:188} INFO - [2026-07-20T11:17:00.780+0000] {dagbag.py:545} INFO - Filling up the DagBag from /opt/airflow/dags/scd.py
[2026-07-20T11:17:00.827+0000] {processor.py:840} INFO - DAG(s) 'SCD2_snapshots' retrieved from /opt/airflow/dags/scd.py
[2026-07-20T11:17:00.892+0000] {logging_mixin.py:188} INFO - [2026-07-20T11:17:00.892+0000] {dag.py:3089} INFO - Sync 1 DAGs
[2026-07-20T11:17:00.928+0000] {logging_mixin.py:188} INFO - [2026-07-20T11:17:00.928+0000] {dag.py:3947} INFO - Setting next_dagrun for SCD2_snapshots to 2026-07-20 00:00:00+00:00, run_after=2026-07-21 00:00:00+00:00
[2026-07-20T11:17:00.953+0000] {processor.py:183} INFO - Processing /opt/airflow/dags/scd.py took 0.189 seconds
[2026-07-20T11:17:31.075+0000] {processor.py:161} INFO - Started process (PID=197) to work on /opt/airflow/dags/scd.py
[2026-07-20T11:17:31.077+0000] {processor.py:830} INFO - Processing file /opt/airflow/dags/scd.py for tasks to queue
[2026-07-20T11:17:31.079+0000] {logging_mixin.py:188} INFO - [2026-07-20T11:17:31.079+0000] {dagbag.py:545} INFO - Filling up the DagBag from /opt/airflow/dags/scd.py
[2026-07-20T11:17:31.105+0000] {processor.py:840} INFO - DAG(s) 'SCD2_snapshots' retrieved from /opt/airflow/dags/scd.py
[2026-07-20T11:17:31.143+0000] {logging_mixin.py:188} INFO - [2026-07-20T11:17:31.143+0000] {dag.py:3089} INFO - Sync 1 DAGs
[2026-07-20T11:17:31.168+0000] {logging_mixin.py:188} INFO - [2026-07-20T11:17:31.168+0000] {dag.py:3947} INFO - Setting next_dagrun for SCD2_snapshots to 2026-07-20 00:00:00+00:00, run_after=2026-07-21 00:00:00+00:00
[2026-07-20T11:17:31.195+0000] {processor.py:183} INFO - Processing /opt/airflow/dags/scd.py took 0.127 seconds
[2026-07-20T11:18:01.364+0000] {processor.py:161} INFO - Started process (PID=202) to work on /opt/airflow/dags/scd.py
[2026-07-20T11:18:01.365+0000] {processor.py:830} INFO - Processing file /opt/airflow/dags/scd.py for tasks to queue
[2026-07-20T11:18:01.368+0000] {logging_mixin.py:188} INFO - [2026-07-20T11:18:01.367+0000] {dagbag.py:545} INFO - Filling up the DagBag from /opt/airflow/dags/scd.py
[2026-07-20T11:18:01.397+0000] {processor.py:840} INFO - DAG(s) 'SCD2_snapshots' retrieved from /opt/airflow/dags/scd.py
[2026-07-20T11:18:01.434+0000] {logging_mixin.py:188} INFO - [2026-07-20T11:18:01.434+0000] {dag.py:3089} INFO - Sync 1 DAGs
[2026-07-20T11:18:01.461+0000] {logging_mixin.py:188} INFO - [2026-07-20T11:18:01.460+0000] {dag.py:3947} INFO - Setting next_dagrun for SCD2_snapshots to 2026-07-20 00:00:00+00:00, run_after=2026-07-21 00:00:00+00:00
[2026-07-20T11:18:01.484+0000] {processor.py:183} INFO - Processing /opt/airflow/dags/scd.py took 0.128 seconds
[2026-07-20T11:18:31.811+0000] {processor.py:161} INFO - Started process (PID=207) to work on /opt/airflow/dags/scd.py
[2026-07-20T11:18:31.813+0000] {processor.py:830} INFO - Processing file /opt/airflow/dags/scd.py for tasks to queue
[2026-07-20T11:18:31.815+0000] {logging_mixin.py:188} INFO - [2026-07-20T11:18:31.814+0000] {dagbag.py:545} INFO - Filling up the DagBag from /opt/airflow/dags/scd.py
[2026-07-20T11:18:31.845+0000] {processor.py:840} INFO - DAG(s) 'SCD2_snapshots' retrieved from /opt/airflow/dags/scd.py
[2026-07-20T11:18:31.881+0000] {logging_mixin.py:188} INFO - [2026-07-20T11:18:31.881+0000] {dag.py:3089} INFO - Sync 1 DAGs
[2026-07-20T11:18:31.908+0000] {logging_mixin.py:188} INFO - [2026-07-20T11:18:31.908+0000] {dag.py:3947} INFO - Setting next_dagrun for SCD2_snapshots to 2026-07-20 00:00:00+00:00, run_after=2026-07-21 00:00:00+00:00
[2026-07-20T11:18:31.936+0000] {processor.py:183} INFO - Processing /opt/airflow/dags/scd.py took 0.131 seconds
[2026-07-20T11:19:02.291+0000] {processor.py:161} INFO - Started process (PID=212) to work on /opt/airflow/dags/scd.py
[2026-07-20T11:19:02.293+0000] {processor.py:830} INFO - Processing file /opt/airflow/dags/scd.py for tasks to queue
[2026-07-20T11:19:02.295+0000] {logging_mixin.py:188} INFO - [2026-07-20T11:19:02.294+0000] {dagbag.py:545} INFO - Filling up the DagBag from /opt/airflow/dags/scd.py
[2026-07-20T11:19:02.323+0000] {processor.py:840} INFO - DAG(s) 'SCD2_snapshots' retrieved from /opt/airflow/dags/scd.py
[2026-07-20T11:19:02.360+0000] {logging_mixin.py:188} INFO - [2026-07-20T11:19:02.360+0000] {dag.py:3089} INFO - Sync 1 DAGs
[2026-07-20T11:19:02.384+0000] {logging_mixin.py:188} INFO - [2026-07-20T11:19:02.384+0000] {dag.py:3947} INFO - Setting next_dagrun for SCD2_snapshots to 2026-07-20 00:00:00+00:00, run_after=2026-07-21 00:00:00+00:00
[2026-07-20T11:19:02.408+0000] {processor.py:183} INFO - Processing /opt/airflow/dags/scd.py took 0.123 seconds
[2026-07-20T11:19:32.504+0000] {processor.py:161} INFO - Started process (PID=217) to work on /opt/airflow/dags/scd.py
[2026-07-20T11:19:32.505+0000] {processor.py:830} INFO - Processing file /opt/airflow/dags/scd.py for tasks to queue
[2026-07-20T11:19:32.507+0000] {logging_mixin.py:188} INFO - [2026-07-20T11:19:32.507+0000] {dagbag.py:545} INFO - Filling up the DagBag from /opt/airflow/dags/scd.py
[2026-07-20T11:19:32.537+0000] {processor.py:840} INFO - DAG(s) 'SCD2_snapshots' retrieved from /opt/airflow/dags/scd.py
[2026-07-20T11:19:32.575+0000] {logging_mixin.py:188} INFO - [2026-07-20T11:19:32.574+0000] {dag.py:3089} INFO - Sync 1 DAGs
[2026-07-20T11:19:32.605+0000] {logging_mixin.py:188} INFO - [2026-07-20T11:19:32.605+0000] {dag.py:3947} INFO - Setting next_dagrun for SCD2_snapshots to 2026-07-20 00:00:00+00:00, run_after=2026-07-21 00:00:00+00:00
[2026-07-20T11:19:32.636+0000] {processor.py:183} INFO - Processing /opt/airflow/dags/scd.py took 0.140 seconds
[2026-07-20T11:20:02.756+0000] {processor.py:161} INFO - Started process (PID=222) to work on /opt/airflow/dags/scd.py
[2026-07-20T11:20:02.757+0000] {processor.py:830} INFO - Processing file /opt/airflow/dags/scd.py for tasks to queue
[2026-07-20T11:20:02.760+0000] {logging_mixin.py:188} INFO - [2026-07-20T11:20:02.759+0000] {dagbag.py:545} INFO - Filling up the DagBag from /opt/airflow/dags/scd.py
[2026-07-20T11:20:02.785+0000] {processor.py:840} INFO - DAG(s) 'SCD2_snapshots' retrieved from /opt/airflow/dags/scd.py
[2026-07-20T11:20:02.821+0000] {logging_mixin.py:188} INFO - [2026-07-20T11:20:02.821+0000] {dag.py:3089} INFO - Sync 1 DAGs
[2026-07-20T11:20:02.848+0000] {logging_mixin.py:188} INFO - [2026-07-20T11:20:02.848+0000] {dag.py:3947} INFO - Setting next_dagrun for SCD2_snapshots to 2026-07-20 00:00:00+00:00, run_after=2026-07-21 00:00:00+00:00
[2026-07-20T11:20:02.873+0000] {processor.py:183} INFO - Processing /opt/airflow/dags/scd.py took 0.124 seconds
[2026-07-20T11:20:33.131+0000] {processor.py:161} INFO - Started process (PID=227) to work on /opt/airflow/dags/scd.py
[2026-07-20T11:20:33.132+0000] {processor.py:830} INFO - Processing file /opt/airflow/dags/scd.py for tasks to queue
[2026-07-20T11:20:33.135+0000] {logging_mixin.py:188} INFO - [2026-07-20T11:20:33.134+0000] {dagbag.py:545} INFO - Filling up the DagBag from /opt/airflow/dags/scd.py
[2026-07-20T11:20:33.169+0000] {processor.py:840} INFO - DAG(s) 'SCD2_snapshots' retrieved from /opt/airflow/dags/scd.py
[2026-07-20T11:20:33.220+0000] {logging_mixin.py:188} INFO - [2026-07-20T11:20:33.220+0000] {dag.py:3089} INFO - Sync 1 DAGs
[2026-07-20T11:20:33.261+0000] {logging_mixin.py:188} INFO - [2026-07-20T11:20:33.260+0000] {dag.py:3947} INFO - Setting next_dagrun for SCD2_snapshots to 2026-07-20 00:00:00+00:00, run_after=2026-07-21 00:00:00+00:00
[2026-07-20T11:20:33.290+0000] {processor.py:183} INFO - Processing /opt/airflow/dags/scd.py took 0.168 seconds
[2026-07-20T11:21:03.369+0000] {processor.py:161} INFO - Started process (PID=232) to work on /opt/airflow/dags/scd.py
[2026-07-20T11:21:03.370+0000] {processor.py:830} INFO - Processing file /opt/airflow/dags/scd.py for tasks to queue
[2026-07-20T11:21:03.373+0000] {logging_mixin.py:188} INFO - [2026-07-20T11:21:03.373+0000] {dagbag.py:545} INFO - Filling up the DagBag from /opt/airflow/dags/scd.py
[2026-07-20T11:21:03.401+0000] {processor.py:840} INFO - DAG(s) 'SCD2_snapshots' retrieved from /opt/airflow/dags/scd.py
[2026-07-20T11:21:03.439+0000] {logging_mixin.py:188} INFO - [2026-07-20T11:21:03.439+0000] {dag.py:3089} INFO - Sync 1 DAGs
[2026-07-20T11:21:03.464+0000] {logging_mixin.py:188} INFO - [2026-07-20T11:21:03.464+0000] {dag.py:3947} INFO - Setting next_dagrun for SCD2_snapshots to 2026-07-20 00:00:00+00:00, run_after=2026-07-21 00:00:00+00:00
[2026-07-20T11:21:03.487+0000] {processor.py:183} INFO - Processing /opt/airflow/dags/scd.py took 0.125 seconds
[2026-07-20T11:21:33.601+0000] {processor.py:161} INFO - Started process (PID=237) to work on /opt/airflow/dags/scd.py
[2026-07-20T11:21:33.603+0000] {processor.py:830} INFO - Processing file /opt/airflow/dags/scd.py for tasks to queue
[2026-07-20T11:21:33.607+0000] {logging_mixin.py:188} INFO - [2026-07-20T11:21:33.606+0000] {dagbag.py:545} INFO - Filling up the DagBag from /opt/airflow/dags/scd.py
[2026-07-20T11:21:33.648+0000] {processor.py:840} INFO - DAG(s) 'SCD2_snapshots' retrieved from /opt/airflow/dags/scd.py
[2026-07-20T11:21:33.689+0000] {logging_mixin.py:188} INFO - [2026-07-20T11:21:33.689+0000] {dag.py:3089} INFO - Sync 1 DAGs
[2026-07-20T11:21:33.714+0000] {logging_mixin.py:188} INFO - [2026-07-20T11:21:33.714+0000] {dag.py:3947} INFO - Setting next_dagrun for SCD2_snapshots to 2026-07-20 00:00:00+00:00, run_after=2026-07-21 00:00:00+00:00
[2026-07-20T11:21:33.741+0000] {processor.py:183} INFO - Processing /opt/airflow/dags/scd.py took 0.150 seconds
[2026-07-20T11:22:03.900+0000] {processor.py:161} INFO - Started process (PID=242) to work on /opt/airflow/dags/scd.py
[2026-07-20T11:22:03.901+0000] {processor.py:830} INFO - Processing file /opt/airflow/dags/scd.py for tasks to queue
[2026-07-20T11:22:03.906+0000] {logging_mixin.py:188} INFO - [2026-07-20T11:22:03.905+0000] {dagbag.py:545} INFO - Filling up the DagBag from /opt/airflow/dags/scd.py
[2026-07-20T11:22:03.939+0000] {processor.py:840} INFO - DAG(s) 'SCD2_snapshots' retrieved from /opt/airflow/dags/scd.py
[2026-07-20T11:22:03.979+0000] {logging_mixin.py:188} INFO - [2026-07-20T11:22:03.979+0000] {dag.py:3089} INFO - Sync 1 DAGs
[2026-07-20T11:22:04.008+0000] {logging_mixin.py:188} INFO - [2026-07-20T11:22:04.007+0000] {dag.py:3947} INFO - Setting next_dagrun for SCD2_snapshots to 2026-07-20 00:00:00+00:00, run_after=2026-07-21 00:00:00+00:00
[2026-07-20T11:22:04.035+0000] {processor.py:183} INFO - Processing /opt/airflow/dags/scd.py took 0.146 seconds
[2026-07-20T11:22:34.226+0000] {processor.py:161} INFO - Started process (PID=243) to work on /opt/airflow/dags/scd.py
[2026-07-20T11:22:34.228+0000] {processor.py:830} INFO - Processing file /opt/airflow/dags/scd.py for tasks to queue
[2026-07-20T11:22:34.231+0000] {logging_mixin.py:188} INFO - [2026-07-20T11:22:34.230+0000] {dagbag.py:545} INFO - Filling up the DagBag from /opt/airflow/dags/scd.py
[2026-07-20T11:22:34.263+0000] {processor.py:840} INFO - DAG(s) 'SCD2_snapshots' retrieved from /opt/airflow/dags/scd.py
[2026-07-20T11:22:34.307+0000] {logging_mixin.py:188} INFO - [2026-07-20T11:22:34.307+0000] {dag.py:3089} INFO - Sync 1 DAGs
[2026-07-20T11:22:34.338+0000] {logging_mixin.py:188} INFO - [2026-07-20T11:22:34.337+0000] {dag.py:3947} INFO - Setting next_dagrun for SCD2_snapshots to 2026-07-20 00:00:00+00:00, run_after=2026-07-21 00:00:00+00:00
[2026-07-20T11:22:34.365+0000] {processor.py:183} INFO - Processing /opt/airflow/dags/scd.py took 0.147 seconds
[2026-07-20T11:23:04.478+0000] {processor.py:161} INFO - Started process (PID=248) to work on /opt/airflow/dags/scd.py
[2026-07-20T11:23:04.479+0000] {processor.py:830} INFO - Processing file /opt/airflow/dags/scd.py for tasks to queue
[2026-07-20T11:23:04.481+0000] {logging_mixin.py:188} INFO - [2026-07-20T11:23:04.481+0000] {dagbag.py:545} INFO - Filling up the DagBag from /opt/airflow/dags/scd.py
[2026-07-20T11:23:04.507+0000] {processor.py:840} INFO - DAG(s) 'SCD2_snapshots' retrieved from /opt/airflow/dags/scd.py
[2026-07-20T11:23:04.547+0000] {logging_mixin.py:188} INFO - [2026-07-20T11:23:04.546+0000] {dag.py:3089} INFO - Sync 1 DAGs
[2026-07-20T11:23:04.573+0000] {logging_mixin.py:188} INFO - [2026-07-20T11:23:04.573+0000] {dag.py:3947} INFO - Setting next_dagrun for SCD2_snapshots to 2026-07-20 00:00:00+00:00, run_after=2026-07-21 00:00:00+00:00
[2026-07-20T11:23:04.600+0000] {processor.py:183} INFO - Processing /opt/airflow/dags/scd.py took 0.129 seconds
[2026-07-20T11:23:34.924+0000] {processor.py:161} INFO - Started process (PID=253) to work on /opt/airflow/dags/scd.py
[2026-07-20T11:23:34.926+0000] {processor.py:830} INFO - Processing file /opt/airflow/dags/scd.py for tasks to queue
[2026-07-20T11:23:34.928+0000] {logging_mixin.py:188} INFO - [2026-07-20T11:23:34.928+0000] {dagbag.py:545} INFO - Filling up the DagBag from /opt/airflow/dags/scd.py
[2026-07-20T11:23:34.954+0000] {processor.py:840} INFO - DAG(s) 'SCD2_snapshots' retrieved from /opt/airflow/dags/scd.py
[2026-07-20T11:23:34.992+0000] {logging_mixin.py:188} INFO - [2026-07-20T11:23:34.992+0000] {dag.py:3089} INFO - Sync 1 DAGs
[2026-07-20T11:23:35.020+0000] {logging_mixin.py:188} INFO - [2026-07-20T11:23:35.019+0000] {dag.py:3947} INFO - Setting next_dagrun for SCD2_snapshots to 2026-07-20 00:00:00+00:00, run_after=2026-07-21 00:00:00+00:00
[2026-07-20T11:23:35.047+0000] {processor.py:183} INFO - Processing /opt/airflow/dags/scd.py took 0.130 seconds
[2026-07-20T11:24:05.289+0000] {processor.py:161} INFO - Started process (PID=258) to work on /opt/airflow/dags/scd.py
[2026-07-20T11:24:05.290+0000] {processor.py:830} INFO - Processing file /opt/airflow/dags/scd.py for tasks to queue
[2026-07-20T11:24:05.293+0000] {logging_mixin.py:188} INFO - [2026-07-20T11:24:05.293+0000] {dagbag.py:545} INFO - Filling up the DagBag from /opt/airflow/dags/scd.py
[2026-07-20T11:24:05.322+0000] {processor.py:840} INFO - DAG(s) 'SCD2_snapshots' retrieved from /opt/airflow/dags/scd.py
[2026-07-20T11:24:05.358+0000] {logging_mixin.py:188} INFO - [2026-07-20T11:24:05.358+0000] {dag.py:3089} INFO - Sync 1 DAGs
[2026-07-20T11:24:05.389+0000] {logging_mixin.py:188} INFO - [2026-07-20T11:24:05.388+0000] {dag.py:3947} INFO - Setting next_dagrun for SCD2_snapshots to 2026-07-20 00:00:00+00:00, run_after=2026-07-21 00:00:00+00:00
[2026-07-20T11:24:05.415+0000] {processor.py:183} INFO - Processing /opt/airflow/dags/scd.py took 0.133 seconds
[2026-07-20T11:24:35.548+0000] {processor.py:161} INFO - Started process (PID=263) to work on /opt/airflow/dags/scd.py
[2026-07-20T11:24:35.551+0000] {processor.py:830} INFO - Processing file /opt/airflow/dags/scd.py for tasks to queue
[2026-07-20T11:24:35.556+0000] {logging_mixin.py:188} INFO - [2026-07-20T11:24:35.555+0000] {dagbag.py:545} INFO - Filling up the DagBag from /opt/airflow/dags/scd.py
[2026-07-20T11:24:35.586+0000] {processor.py:840} INFO - DAG(s) 'SCD2_snapshots' retrieved from /opt/airflow/dags/scd.py
[2026-07-20T11:24:35.658+0000] {logging_mixin.py:188} INFO - [2026-07-20T11:24:35.657+0000] {dag.py:3089} INFO - Sync 1 DAGs
[2026-07-20T11:24:35.695+0000] {logging_mixin.py:188} INFO - [2026-07-20T11:24:35.695+0000] {dag.py:3947} INFO - Setting next_dagrun for SCD2_snapshots to 2026-07-20 00:00:00+00:00, run_after=2026-07-21 00:00:00+00:00
[2026-07-20T11:24:35.731+0000] {processor.py:183} INFO - Processing /opt/airflow/dags/scd.py took 0.191 seconds
[2026-07-20T11:25:05.966+0000] {processor.py:161} INFO - Started process (PID=268) to work on /opt/airflow/dags/scd.py
[2026-07-20T11:25:05.968+0000] {processor.py:830} INFO - Processing file /opt/airflow/dags/scd.py for tasks to queue
[2026-07-20T11:25:05.971+0000] {logging_mixin.py:188} INFO - [2026-07-20T11:25:05.970+0000] {dagbag.py:545} INFO - Filling up the DagBag from /opt/airflow/dags/scd.py
[2026-07-20T11:25:05.998+0000] {processor.py:840} INFO - DAG(s) 'SCD2_snapshots' retrieved from /opt/airflow/dags/scd.py
[2026-07-20T11:25:06.050+0000] {logging_mixin.py:188} INFO - [2026-07-20T11:25:06.049+0000] {dag.py:3089} INFO - Sync 1 DAGs
[2026-07-20T11:25:06.089+0000] {logging_mixin.py:188} INFO - [2026-07-20T11:25:06.088+0000] {dag.py:3947} INFO - Setting next_dagrun for SCD2_snapshots to 2026-07-20 00:00:00+00:00, run_after=2026-07-21 00:00:00+00:00
[2026-07-20T11:25:06.117+0000] {processor.py:183} INFO - Processing /opt/airflow/dags/scd.py took 0.161 seconds
[2026-07-20T11:25:36.288+0000] {processor.py:161} INFO - Started process (PID=273) to work on /opt/airflow/dags/scd.py
[2026-07-20T11:25:36.289+0000] {processor.py:830} INFO - Processing file /opt/airflow/dags/scd.py for tasks to queue
[2026-07-20T11:25:36.293+0000] {logging_mixin.py:188} INFO - [2026-07-20T11:25:36.292+0000] {dagbag.py:545} INFO - Filling up the DagBag from /opt/airflow/dags/scd.py
[2026-07-20T11:25:36.343+0000] {processor.py:840} INFO - DAG(s) 'SCD2_snapshots' retrieved from /opt/airflow/dags/scd.py
[2026-07-20T11:25:36.418+0000] {logging_mixin.py:188} INFO - [2026-07-20T11:25:36.418+0000] {dag.py:3089} INFO - Sync 1 DAGs
[2026-07-20T11:25:36.449+0000] {logging_mixin.py:188} INFO - [2026-07-20T11:25:36.449+0000] {dag.py:3947} INFO - Setting next_dagrun for SCD2_snapshots to 2026-07-20 00:00:00+00:00, run_after=2026-07-21 00:00:00+00:00
[2026-07-20T11:25:36.477+0000] {processor.py:183} INFO - Processing /opt/airflow/dags/scd.py took 0.202 seconds
[2026-07-20T11:26:06.782+0000] {processor.py:161} INFO - Started process (PID=278) to work on /opt/airflow/dags/scd.py
[2026-07-20T11:26:06.784+0000] {processor.py:830} INFO - Processing file /opt/airflow/dags/scd.py for tasks to queue
[2026-07-20T11:26:06.786+0000] {logging_mixin.py:188} INFO - [2026-07-20T11:26:06.786+0000] {dagbag.py:545} INFO - Filling up the DagBag from /opt/airflow/dags/scd.py
[2026-07-20T11:26:06.818+0000] {processor.py:840} INFO - DAG(s) 'SCD2_snapshots' retrieved from /opt/airflow/dags/scd.py
[2026-07-20T11:26:06.869+0000] {logging_mixin.py:188} INFO - [2026-07-20T11:26:06.868+0000] {dag.py:3089} INFO - Sync 1 DAGs
[2026-07-20T11:26:06.926+0000] {logging_mixin.py:188} INFO - [2026-07-20T11:26:06.925+0000] {dag.py:3947} INFO - Setting next_dagrun for SCD2_snapshots to 2026-07-20 00:00:00+00:00, run_after=2026-07-21 00:00:00+00:00
[2026-07-20T11:26:06.976+0000] {processor.py:183} INFO - Processing /opt/airflow/dags/scd.py took 0.202 seconds
[2026-07-20T11:26:37.094+0000] {processor.py:161} INFO - Started process (PID=283) to work on /opt/airflow/dags/scd.py
[2026-07-20T11:26:37.095+0000] {processor.py:830} INFO - Processing file /opt/airflow/dags/scd.py for tasks to queue
[2026-07-20T11:26:37.098+0000] {logging_mixin.py:188} INFO - [2026-07-20T11:26:37.098+0000] {dagbag.py:545} INFO - Filling up the DagBag from /opt/airflow/dags/scd.py
[2026-07-20T11:26:37.130+0000] {processor.py:840} INFO - DAG(s) 'SCD2_snapshots' retrieved from /opt/airflow/dags/scd.py
[2026-07-20T11:26:37.183+0000] {logging_mixin.py:188} INFO - [2026-07-20T11:26:37.182+0000] {dag.py:3089} INFO - Sync 1 DAGs
[2026-07-20T11:26:37.213+0000] {logging_mixin.py:188} INFO - [2026-07-20T11:26:37.213+0000] {dag.py:3947} INFO - Setting next_dagrun for SCD2_snapshots to 2026-07-20 00:00:00+00:00, run_after=2026-07-21 00:00:00+00:00
[2026-07-20T11:26:37.236+0000] {processor.py:183} INFO - Processing /opt/airflow/dags/scd.py took 0.151 seconds
[2026-07-20T11:27:07.509+0000] {processor.py:161} INFO - Started process (PID=288) to work on /opt/airflow/dags/scd.py
[2026-07-20T11:27:07.511+0000] {processor.py:830} INFO - Processing file /opt/airflow/dags/scd.py for tasks to queue
[2026-07-20T11:27:07.513+0000] {logging_mixin.py:188} INFO - [2026-07-20T11:27:07.513+0000] {dagbag.py:545} INFO - Filling up the DagBag from /opt/airflow/dags/scd.py
[2026-07-20T11:27:07.594+0000] {processor.py:840} INFO - DAG(s) 'SCD2_snapshots' retrieved from /opt/airflow/dags/scd.py
[2026-07-20T11:27:07.651+0000] {logging_mixin.py:188} INFO - [2026-07-20T11:27:07.651+0000] {dag.py:3089} INFO - Sync 1 DAGs
[2026-07-20T11:27:07.683+0000] {logging_mixin.py:188} INFO - [2026-07-20T11:27:07.683+0000] {dag.py:3947} INFO - Setting next_dagrun for SCD2_snapshots to 2026-07-20 00:00:00+00:00, run_after=2026-07-21 00:00:00+00:00
[2026-07-20T11:27:07.712+0000] {processor.py:183} INFO - Processing /opt/airflow/dags/scd.py took 0.215 seconds
[2026-07-20T11:27:37.830+0000] {processor.py:161} INFO - Started process (PID=293) to work on /opt/airflow/dags/scd.py
[2026-07-20T11:27:37.832+0000] {processor.py:830} INFO - Processing file /opt/airflow/dags/scd.py for tasks to queue
[2026-07-20T11:27:37.835+0000] {logging_mixin.py:188} INFO - [2026-07-20T11:27:37.835+0000] {dagbag.py:545} INFO - Filling up the DagBag from /opt/airflow/dags/scd.py
[2026-07-20T11:27:37.863+0000] {processor.py:840} INFO - DAG(s) 'SCD2_snapshots' retrieved from /opt/airflow/dags/scd.py
[2026-07-20T11:27:37.919+0000] {logging_mixin.py:188} INFO - [2026-07-20T11:27:37.914+0000] {dag.py:3089} INFO - Sync 1 DAGs
[2026-07-20T11:27:37.976+0000] {logging_mixin.py:188} INFO - [2026-07-20T11:27:37.976+0000] {dag.py:3947} INFO - Setting next_dagrun for SCD2_snapshots to 2026-07-20 00:00:00+00:00, run_after=2026-07-21 00:00:00+00:00
[2026-07-20T11:27:38.007+0000] {processor.py:183} INFO - Processing /opt/airflow/dags/scd.py took 0.184 seconds
[2026-07-20T11:28:08.121+0000] {processor.py:161} INFO - Started process (PID=298) to work on /opt/airflow/dags/scd.py
[2026-07-20T11:28:08.123+0000] {processor.py:830} INFO - Processing file /opt/airflow/dags/scd.py for tasks to queue
[2026-07-20T11:28:08.126+0000] {logging_mixin.py:188} INFO - [2026-07-20T11:28:08.125+0000] {dagbag.py:545} INFO - Filling up the DagBag from /opt/airflow/dags/scd.py
[2026-07-20T11:28:08.152+0000] {processor.py:840} INFO - DAG(s) 'SCD2_snapshots' retrieved from /opt/airflow/dags/scd.py
[2026-07-20T11:28:08.199+0000] {logging_mixin.py:188} INFO - [2026-07-20T11:28:08.199+0000] {dag.py:3089} INFO - Sync 1 DAGs
[2026-07-20T11:28:08.226+0000] {logging_mixin.py:188} INFO - [2026-07-20T11:28:08.226+0000] {dag.py:3947} INFO - Setting next_dagrun for SCD2_snapshots to 2026-07-20 00:00:00+00:00, run_after=2026-07-21 00:00:00+00:00
[2026-07-20T11:28:08.251+0000] {processor.py:183} INFO - Processing /opt/airflow/dags/scd.py took 0.138 seconds
[2026-07-20T11:28:38.369+0000] {processor.py:161} INFO - Started process (PID=303) to work on /opt/airflow/dags/scd.py
[2026-07-20T11:28:38.370+0000] {processor.py:830} INFO - Processing file /opt/airflow/dags/scd.py for tasks to queue
[2026-07-20T11:28:38.373+0000] {logging_mixin.py:188} INFO - [2026-07-20T11:28:38.373+0000] {dagbag.py:545} INFO - Filling up the DagBag from /opt/airflow/dags/scd.py
[2026-07-20T11:28:38.401+0000] {processor.py:840} INFO - DAG(s) 'SCD2_snapshots' retrieved from /opt/airflow/dags/scd.py
[2026-07-20T11:28:38.442+0000] {logging_mixin.py:188} INFO - [2026-07-20T11:28:38.441+0000] {dag.py:3089} INFO - Sync 1 DAGs
[2026-07-20T11:28:38.473+0000] {logging_mixin.py:188} INFO - [2026-07-20T11:28:38.472+0000] {dag.py:3947} INFO - Setting next_dagrun for SCD2_snapshots to 2026-07-20 00:00:00+00:00, run_after=2026-07-21 00:00:00+00:00
[2026-07-20T11:28:38.497+0000] {processor.py:183} INFO - Processing /opt/airflow/dags/scd.py took 0.136 seconds
[2026-07-20T11:29:08.844+0000] {processor.py:161} INFO - Started process (PID=308) to work on /opt/airflow/dags/scd.py
[2026-07-20T11:29:08.845+0000] {processor.py:830} INFO - Processing file /opt/airflow/dags/scd.py for tasks to queue
[2026-07-20T11:29:08.848+0000] {logging_mixin.py:188} INFO - [2026-07-20T11:29:08.847+0000] {dagbag.py:545} INFO - Filling up the DagBag from /opt/airflow/dags/scd.py
[2026-07-20T11:29:08.874+0000] {processor.py:840} INFO - DAG(s) 'SCD2_snapshots' retrieved from /opt/airflow/dags/scd.py
[2026-07-20T11:29:08.912+0000] {logging_mixin.py:188} INFO - [2026-07-20T11:29:08.911+0000] {dag.py:3089} INFO - Sync 1 DAGs
[2026-07-20T11:29:08.938+0000] {logging_mixin.py:188} INFO - [2026-07-20T11:29:08.938+0000] {dag.py:3947} INFO - Setting next_dagrun for SCD2_snapshots to 2026-07-20 00:00:00+00:00, run_after=2026-07-21 00:00:00+00:00
[2026-07-20T11:29:08.964+0000] {processor.py:183} INFO - Processing /opt/airflow/dags/scd.py took 0.127 seconds
[2026-07-20T11:29:39.058+0000] {processor.py:161} INFO - Started process (PID=313) to work on /opt/airflow/dags/scd.py
[2026-07-20T11:29:39.060+0000] {processor.py:830} INFO - Processing file /opt/airflow/dags/scd.py for tasks to queue
[2026-07-20T11:29:39.062+0000] {logging_mixin.py:188} INFO - [2026-07-20T11:29:39.062+0000] {dagbag.py:545} INFO - Filling up the DagBag from /opt/airflow/dags/scd.py
[2026-07-20T11:29:39.088+0000] {processor.py:840} INFO - DAG(s) 'SCD2_snapshots' retrieved from /opt/airflow/dags/scd.py
[2026-07-20T11:29:39.126+0000] {logging_mixin.py:188} INFO - [2026-07-20T11:29:39.126+0000] {dag.py:3089} INFO - Sync 1 DAGs
[2026-07-20T11:29:39.152+0000] {logging_mixin.py:188} INFO - [2026-07-20T11:29:39.152+0000] {dag.py:3947} INFO - Setting next_dagrun for SCD2_snapshots to 2026-07-20 00:00:00+00:00, run_after=2026-07-21 00:00:00+00:00
[2026-07-20T11:29:39.184+0000] {processor.py:183} INFO - Processing /opt/airflow/dags/scd.py took 0.132 seconds
[2026-07-20T11:30:09.478+0000] {processor.py:161} INFO - Started process (PID=318) to work on /opt/airflow/dags/scd.py
[2026-07-20T11:30:09.480+0000] {processor.py:830} INFO - Processing file /opt/airflow/dags/scd.py for tasks to queue
[2026-07-20T11:30:09.484+0000] {logging_mixin.py:188} INFO - [2026-07-20T11:30:09.483+0000] {dagbag.py:545} INFO - Filling up the DagBag from /opt/airflow/dags/scd.py
[2026-07-20T11:30:09.517+0000] {processor.py:840} INFO - DAG(s) 'SCD2_snapshots' retrieved from /opt/airflow/dags/scd.py
[2026-07-20T11:30:09.560+0000] {logging_mixin.py:188} INFO - [2026-07-20T11:30:09.560+0000] {dag.py:3089} INFO - Sync 1 DAGs
[2026-07-20T11:30:09.588+0000] {logging_mixin.py:188} INFO - [2026-07-20T11:30:09.588+0000] {dag.py:3947} INFO - Setting next_dagrun for SCD2_snapshots to 2026-07-20 00:00:00+00:00, run_after=2026-07-21 00:00:00+00:00
[2026-07-20T11:30:09.618+0000] {processor.py:183} INFO - Processing /opt/airflow/dags/scd.py took 0.149 seconds
[2026-07-20T11:30:39.923+0000] {processor.py:161} INFO - Started process (PID=323) to work on /opt/airflow/dags/scd.py
[2026-07-20T11:30:39.924+0000] {processor.py:830} INFO - Processing file /opt/airflow/dags/scd.py for tasks to queue
[2026-07-20T11:30:39.927+0000] {logging_mixin.py:188} INFO - [2026-07-20T11:30:39.926+0000] {dagbag.py:545} INFO - Filling up the DagBag from /opt/airflow/dags/scd.py
[2026-07-20T11:30:39.969+0000] {processor.py:840} INFO - DAG(s) 'SCD2_snapshots' retrieved from /opt/airflow/dags/scd.py
[2026-07-20T11:30:40.015+0000] {logging_mixin.py:188} INFO - [2026-07-20T11:30:40.015+0000] {dag.py:3089} INFO - Sync 1 DAGs
[2026-07-20T11:30:40.051+0000] {logging_mixin.py:188} INFO - [2026-07-20T11:30:40.051+0000] {dag.py:3947} INFO - Setting next_dagrun for SCD2_snapshots to 2026-07-20 00:00:00+00:00, run_after=2026-07-21 00:00:00+00:00
[2026-07-20T11:30:40.083+0000] {processor.py:183} INFO - Processing /opt/airflow/dags/scd.py took 0.173 seconds
[2026-07-20T11:31:10.393+0000] {processor.py:161} INFO - Started process (PID=328) to work on /opt/airflow/dags/scd.py
[2026-07-20T11:31:10.395+0000] {processor.py:830} INFO - Processing file /opt/airflow/dags/scd.py for tasks to queue
[2026-07-20T11:31:10.397+0000] {logging_mixin.py:188} INFO - [2026-07-20T11:31:10.397+0000] {dagbag.py:545} INFO - Filling up the DagBag from /opt/airflow/dags/scd.py
[2026-07-20T11:31:10.423+0000] {processor.py:840} INFO - DAG(s) 'SCD2_snapshots' retrieved from /opt/airflow/dags/scd.py
[2026-07-20T11:31:10.459+0000] {logging_mixin.py:188} INFO - [2026-07-20T11:31:10.458+0000] {dag.py:3089} INFO - Sync 1 DAGs
[2026-07-20T11:31:10.485+0000] {logging_mixin.py:188} INFO - [2026-07-20T11:31:10.485+0000] {dag.py:3947} INFO - Setting next_dagrun for SCD2_snapshots to 2026-07-20 00:00:00+00:00, run_after=2026-07-21 00:00:00+00:00
[2026-07-20T11:31:10.510+0000] {processor.py:183} INFO - Processing /opt/airflow/dags/scd.py took 0.123 seconds
[2026-07-20T11:31:40.822+0000] {processor.py:161} INFO - Started process (PID=333) to work on /opt/airflow/dags/scd.py
[2026-07-20T11:31:40.823+0000] {processor.py:830} INFO - Processing file /opt/airflow/dags/scd.py for tasks to queue
[2026-07-20T11:31:40.827+0000] {logging_mixin.py:188} INFO - [2026-07-20T11:31:40.827+0000] {dagbag.py:545} INFO - Filling up the DagBag from /opt/airflow/dags/scd.py
[2026-07-20T11:31:40.854+0000] {processor.py:840} INFO - DAG(s) 'SCD2_snapshots' retrieved from /opt/airflow/dags/scd.py
[2026-07-20T11:31:40.896+0000] {logging_mixin.py:188} INFO - [2026-07-20T11:31:40.896+0000] {dag.py:3089} INFO - Sync 1 DAGs
[2026-07-20T11:31:40.926+0000] {logging_mixin.py:188} INFO - [2026-07-20T11:31:40.925+0000] {dag.py:3947} INFO - Setting next_dagrun for SCD2_snapshots to 2026-07-20 00:00:00+00:00, run_after=2026-07-21 00:00:00+00:00
[2026-07-20T11:31:40.952+0000] {processor.py:183} INFO - Processing /opt/airflow/dags/scd.py took 0.137 seconds
[2026-07-20T11:32:11.174+0000] {processor.py:161} INFO - Started process (PID=338) to work on /opt/airflow/dags/scd.py
[2026-07-20T11:32:11.175+0000] {processor.py:830} INFO - Processing file /opt/airflow/dags/scd.py for tasks to queue
[2026-07-20T11:32:11.178+0000] {logging_mixin.py:188} INFO - [2026-07-20T11:32:11.178+0000] {dagbag.py:545} INFO - Filling up the DagBag from /opt/airflow/dags/scd.py
[2026-07-20T11:32:11.205+0000] {processor.py:840} INFO - DAG(s) 'SCD2_snapshots' retrieved from /opt/airflow/dags/scd.py
[2026-07-20T11:32:11.243+0000] {logging_mixin.py:188} INFO - [2026-07-20T11:32:11.243+0000] {dag.py:3089} INFO - Sync 1 DAGs
[2026-07-20T11:32:11.271+0000] {logging_mixin.py:188} INFO - [2026-07-20T11:32:11.271+0000] {dag.py:3947} INFO - Setting next_dagrun for SCD2_snapshots to 2026-07-20 00:00:00+00:00, run_after=2026-07-21 00:00:00+00:00
[2026-07-20T11:32:11.296+0000] {processor.py:183} INFO - Processing /opt/airflow/dags/scd.py took 0.128 seconds
[2026-07-20T11:32:41.365+0000] {processor.py:161} INFO - Started process (PID=343) to work on /opt/airflow/dags/scd.py
[2026-07-20T11:32:41.367+0000] {processor.py:830} INFO - Processing file /opt/airflow/dags/scd.py for tasks to queue
[2026-07-20T11:32:41.369+0000] {logging_mixin.py:188} INFO - [2026-07-20T11:32:41.368+0000] {dagbag.py:545} INFO - Filling up the DagBag from /opt/airflow/dags/scd.py
[2026-07-20T11:32:41.394+0000] {processor.py:840} INFO - DAG(s) 'SCD2_snapshots' retrieved from /opt/airflow/dags/scd.py
[2026-07-20T11:32:41.430+0000] {logging_mixin.py:188} INFO - [2026-07-20T11:32:41.430+0000] {dag.py:3089} INFO - Sync 1 DAGs
[2026-07-20T11:32:41.459+0000] {logging_mixin.py:188} INFO - [2026-07-20T11:32:41.459+0000] {dag.py:3947} INFO - Setting next_dagrun for SCD2_snapshots to 2026-07-20 00:00:00+00:00, run_after=2026-07-21 00:00:00+00:00
[2026-07-20T11:32:41.488+0000] {processor.py:183} INFO - Processing /opt/airflow/dags/scd.py took 0.129 seconds
[2026-07-20T11:33:11.755+0000] {processor.py:161} INFO - Started process (PID=348) to work on /opt/airflow/dags/scd.py
[2026-07-20T11:33:11.756+0000] {processor.py:830} INFO - Processing file /opt/airflow/dags/scd.py for tasks to queue
[2026-07-20T11:33:11.758+0000] {logging_mixin.py:188} INFO - [2026-07-20T11:33:11.757+0000] {dagbag.py:545} INFO - Filling up the DagBag from /opt/airflow/dags/scd.py
[2026-07-20T11:33:11.785+0000] {processor.py:840} INFO - DAG(s) 'SCD2_snapshots' retrieved from /opt/airflow/dags/scd.py
[2026-07-20T11:33:11.824+0000] {logging_mixin.py:188} INFO - [2026-07-20T11:33:11.824+0000] {dag.py:3089} INFO - Sync 1 DAGs
[2026-07-20T11:33:11.854+0000] {logging_mixin.py:188} INFO - [2026-07-20T11:33:11.854+0000] {dag.py:3947} INFO - Setting next_dagrun for SCD2_snapshots to 2026-07-20 00:00:00+00:00, run_after=2026-07-21 00:00:00+00:00
[2026-07-20T11:33:11.880+0000] {processor.py:183} INFO - Processing /opt/airflow/dags/scd.py took 0.134 seconds
[2026-07-20T11:33:42.004+0000] {processor.py:161} INFO - Started process (PID=353) to work on /opt/airflow/dags/scd.py
[2026-07-20T11:33:42.006+0000] {processor.py:830} INFO - Processing file /opt/airflow/dags/scd.py for tasks to queue
[2026-07-20T11:33:42.009+0000] {logging_mixin.py:188} INFO - [2026-07-20T11:33:42.008+0000] {dagbag.py:545} INFO - Filling up the DagBag from /opt/airflow/dags/scd.py
[2026-07-20T11:33:42.035+0000] {processor.py:840} INFO - DAG(s) 'SCD2_snapshots' retrieved from /opt/airflow/dags/scd.py
[2026-07-20T11:33:42.077+0000] {logging_mixin.py:188} INFO - [2026-07-20T11:33:42.076+0000] {dag.py:3089} INFO - Sync 1 DAGs
[2026-07-20T11:33:42.106+0000] {logging_mixin.py:188} INFO - [2026-07-20T11:33:42.105+0000] {dag.py:3947} INFO - Setting next_dagrun for SCD2_snapshots to 2026-07-20 00:00:00+00:00, run_after=2026-07-21 00:00:00+00:00
[2026-07-20T11:33:42.135+0000] {processor.py:183} INFO - Processing /opt/airflow/dags/scd.py took 0.138 seconds
[2026-07-20T11:34:12.463+0000] {processor.py:161} INFO - Started process (PID=358) to work on /opt/airflow/dags/scd.py
[2026-07-20T11:34:12.465+0000] {processor.py:830} INFO - Processing file /opt/airflow/dags/scd.py for tasks to queue
[2026-07-20T11:34:12.467+0000] {logging_mixin.py:188} INFO - [2026-07-20T11:34:12.467+0000] {dagbag.py:545} INFO - Filling up the DagBag from /opt/airflow/dags/scd.py
[2026-07-20T11:34:12.495+0000] {processor.py:840} INFO - DAG(s) 'SCD2_snapshots' retrieved from /opt/airflow/dags/scd.py
[2026-07-20T11:34:12.531+0000] {logging_mixin.py:188} INFO - [2026-07-20T11:34:12.531+0000] {dag.py:3089} INFO - Sync 1 DAGs
[2026-07-20T11:34:12.554+0000] {logging_mixin.py:188} INFO - [2026-07-20T11:34:12.554+0000] {dag.py:3947} INFO - Setting next_dagrun for SCD2_snapshots to 2026-07-20 00:00:00+00:00, run_after=2026-07-21 00:00:00+00:00
[2026-07-20T11:34:12.579+0000] {processor.py:183} INFO - Processing /opt/airflow/dags/scd.py took 0.122 seconds
[2026-07-20T11:34:42.647+0000] {processor.py:161} INFO - Started process (PID=363) to work on /opt/airflow/dags/scd.py
[2026-07-20T11:34:42.648+0000] {processor.py:830} INFO - Processing file /opt/airflow/dags/scd.py for tasks to queue
[2026-07-20T11:34:42.650+0000] {logging_mixin.py:188} INFO - [2026-07-20T11:34:42.650+0000] {dagbag.py:545} INFO - Filling up the DagBag from /opt/airflow/dags/scd.py
[2026-07-20T11:34:42.677+0000] {processor.py:840} INFO - DAG(s) 'SCD2_snapshots' retrieved from /opt/airflow/dags/scd.py
[2026-07-20T11:34:42.714+0000] {logging_mixin.py:188} INFO - [2026-07-20T11:34:42.714+0000] {dag.py:3089} INFO - Sync 1 DAGs
[2026-07-20T11:34:42.740+0000] {logging_mixin.py:188} INFO - [2026-07-20T11:34:42.740+0000] {dag.py:3947} INFO - Setting next_dagrun for SCD2_snapshots to 2026-07-20 00:00:00+00:00, run_after=2026-07-21 00:00:00+00:00
[2026-07-20T11:34:42.766+0000] {processor.py:183} INFO - Processing /opt/airflow/dags/scd.py took 0.127 seconds
[2026-07-20T11:35:12.846+0000] {processor.py:161} INFO - Started process (PID=368) to work on /opt/airflow/dags/scd.py
[2026-07-20T11:35:12.847+0000] {processor.py:830} INFO - Processing file /opt/airflow/dags/scd.py for tasks to queue
[2026-07-20T11:35:12.849+0000] {logging_mixin.py:188} INFO - [2026-07-20T11:35:12.849+0000] {dagbag.py:545} INFO - Filling up the DagBag from /opt/airflow/dags/scd.py
[2026-07-20T11:35:12.876+0000] {processor.py:840} INFO - DAG(s) 'SCD2_snapshots' retrieved from /opt/airflow/dags/scd.py
[2026-07-20T11:35:12.913+0000] {logging_mixin.py:188} INFO - [2026-07-20T11:35:12.913+0000] {dag.py:3089} INFO - Sync 1 DAGs
[2026-07-20T11:35:12.938+0000] {logging_mixin.py:188} INFO - [2026-07-20T11:35:12.938+0000] {dag.py:3947} INFO - Setting next_dagrun for SCD2_snapshots to 2026-07-20 00:00:00+00:00, run_after=2026-07-21 00:00:00+00:00
[2026-07-20T11:35:12.961+0000] {processor.py:183} INFO - Processing /opt/airflow/dags/scd.py took 0.124 seconds
[2026-07-20T11:35:43.013+0000] {processor.py:161} INFO - Started process (PID=373) to work on /opt/airflow/dags/scd.py
[2026-07-20T11:35:43.014+0000] {processor.py:830} INFO - Processing file /opt/airflow/dags/scd.py for tasks to queue
[2026-07-20T11:35:43.017+0000] {logging_mixin.py:188} INFO - [2026-07-20T11:35:43.016+0000] {dagbag.py:545} INFO - Filling up the DagBag from /opt/airflow/dags/scd.py
[2026-07-20T11:35:43.047+0000] {processor.py:840} INFO - DAG(s) 'SCD2_snapshots' retrieved from /opt/airflow/dags/scd.py
[2026-07-20T11:35:43.090+0000] {logging_mixin.py:188} INFO - [2026-07-20T11:35:43.089+0000] {dag.py:3089} INFO - Sync 1 DAGs
[2026-07-20T11:35:43.118+0000] {logging_mixin.py:188} INFO - [2026-07-20T11:35:43.118+0000] {dag.py:3947} INFO - Setting next_dagrun for SCD2_snapshots to 2026-07-20 00:00:00+00:00, run_after=2026-07-21 00:00:00+00:00
[2026-07-20T11:35:43.145+0000] {processor.py:183} INFO - Processing /opt/airflow/dags/scd.py took 0.140 seconds
[2026-07-20T11:36:13.419+0000] {processor.py:161} INFO - Started process (PID=378) to work on /opt/airflow/dags/scd.py
[2026-07-20T11:36:13.421+0000] {processor.py:830} INFO - Processing file /opt/airflow/dags/scd.py for tasks to queue
[2026-07-20T11:36:13.423+0000] {logging_mixin.py:188} INFO - [2026-07-20T11:36:13.423+0000] {dagbag.py:545} INFO - Filling up the DagBag from /opt/airflow/dags/scd.py
[2026-07-20T11:36:13.449+0000] {processor.py:840} INFO - DAG(s) 'SCD2_snapshots' retrieved from /opt/airflow/dags/scd.py
[2026-07-20T11:36:13.486+0000] {logging_mixin.py:188} INFO - [2026-07-20T11:36:13.486+0000] {dag.py:3089} INFO - Sync 1 DAGs
[2026-07-20T11:36:13.511+0000] {logging_mixin.py:188} INFO - [2026-07-20T11:36:13.511+0000] {dag.py:3947} INFO - Setting next_dagrun for SCD2_snapshots to 2026-07-20 00:00:00+00:00, run_after=2026-07-21 00:00:00+00:00
[2026-07-20T11:36:13.538+0000] {processor.py:183} INFO - Processing /opt/airflow/dags/scd.py took 0.125 seconds
[2026-07-20T11:36:43.598+0000] {processor.py:161} INFO - Started process (PID=383) to work on /opt/airflow/dags/scd.py
[2026-07-20T11:36:43.601+0000] {processor.py:830} INFO - Processing file /opt/airflow/dags/scd.py for tasks to queue
[2026-07-20T11:36:43.604+0000] {logging_mixin.py:188} INFO - [2026-07-20T11:36:43.604+0000] {dagbag.py:545} INFO - Filling up the DagBag from /opt/airflow/dags/scd.py
[2026-07-20T11:36:43.640+0000] {processor.py:840} INFO - DAG(s) 'SCD2_snapshots' retrieved from /opt/airflow/dags/scd.py
[2026-07-20T11:36:43.680+0000] {logging_mixin.py:188} INFO - [2026-07-20T11:36:43.680+0000] {dag.py:3089} INFO - Sync 1 DAGs
[2026-07-20T11:36:43.704+0000] {logging_mixin.py:188} INFO - [2026-07-20T11:36:43.704+0000] {dag.py:3947} INFO - Setting next_dagrun for SCD2_snapshots to 2026-07-20 00:00:00+00:00, run_after=2026-07-21 00:00:00+00:00
[2026-07-20T11:36:43.728+0000] {processor.py:183} INFO - Processing /opt/airflow/dags/scd.py took 0.140 seconds
[2026-07-20T11:37:13.826+0000] {processor.py:161} INFO - Started process (PID=388) to work on /opt/airflow/dags/scd.py
[2026-07-20T11:37:13.828+0000] {processor.py:830} INFO - Processing file /opt/airflow/dags/scd.py for tasks to queue
[2026-07-20T11:37:13.831+0000] {logging_mixin.py:188} INFO - [2026-07-20T11:37:13.830+0000] {dagbag.py:545} INFO - Filling up the DagBag from /opt/airflow/dags/scd.py
[2026-07-20T11:37:13.880+0000] {processor.py:840} INFO - DAG(s) 'SCD2_snapshots' retrieved from /opt/airflow/dags/scd.py
[2026-07-20T11:37:13.929+0000] {logging_mixin.py:188} INFO - [2026-07-20T11:37:13.929+0000] {dag.py:3089} INFO - Sync 1 DAGs
[2026-07-20T11:37:13.956+0000] {logging_mixin.py:188} INFO - [2026-07-20T11:37:13.956+0000] {dag.py:3947} INFO - Setting next_dagrun for SCD2_snapshots to 2026-07-20 00:00:00+00:00, run_after=2026-07-21 00:00:00+00:00
[2026-07-20T11:37:13.977+0000] {processor.py:183} INFO - Processing /opt/airflow/dags/scd.py took 0.160 seconds
[2026-07-20T11:37:44.054+0000] {processor.py:161} INFO - Started process (PID=389) to work on /opt/airflow/dags/scd.py
[2026-07-20T11:37:44.055+0000] {processor.py:830} INFO - Processing file /opt/airflow/dags/scd.py for tasks to queue
[2026-07-20T11:37:44.058+0000] {logging_mixin.py:188} INFO - [2026-07-20T11:37:44.058+0000] {dagbag.py:545} INFO - Filling up the DagBag from /opt/airflow/dags/scd.py
[2026-07-20T11:37:44.091+0000] {processor.py:840} INFO - DAG(s) 'SCD2_snapshots' retrieved from /opt/airflow/dags/scd.py
[2026-07-20T11:37:44.134+0000] {logging_mixin.py:188} INFO - [2026-07-20T11:37:44.134+0000] {dag.py:3089} INFO - Sync 1 DAGs
[2026-07-20T11:37:44.169+0000] {logging_mixin.py:188} INFO - [2026-07-20T11:37:44.169+0000] {dag.py:3947} INFO - Setting next_dagrun for SCD2_snapshots to 2026-07-20 00:00:00+00:00, run_after=2026-07-21 00:00:00+00:00
[2026-07-20T11:37:44.195+0000] {processor.py:183} INFO - Processing /opt/airflow/dags/scd.py took 0.150 seconds
[2026-07-20T11:38:14.409+0000] {processor.py:161} INFO - Started process (PID=394) to work on /opt/airflow/dags/scd.py
[2026-07-20T11:38:14.410+0000] {processor.py:830} INFO - Processing file /opt/airflow/dags/scd.py for tasks to queue
[2026-07-20T11:38:14.413+0000] {logging_mixin.py:188} INFO - [2026-07-20T11:38:14.412+0000] {dagbag.py:545} INFO - Filling up the DagBag from /opt/airflow/dags/scd.py
[2026-07-20T11:38:14.446+0000] {processor.py:840} INFO - DAG(s) 'SCD2_snapshots' retrieved from /opt/airflow/dags/scd.py
[2026-07-20T11:38:14.485+0000] {logging_mixin.py:188} INFO - [2026-07-20T11:38:14.485+0000] {dag.py:3089} INFO - Sync 1 DAGs
[2026-07-20T11:38:14.521+0000] {logging_mixin.py:188} INFO - [2026-07-20T11:38:14.521+0000] {dag.py:3947} INFO - Setting next_dagrun for SCD2_snapshots to 2026-07-20 00:00:00+00:00, run_after=2026-07-21 00:00:00+00:00
[2026-07-20T11:38:14.552+0000] {processor.py:183} INFO - Processing /opt/airflow/dags/scd.py took 0.154 seconds
[2026-07-20T11:38:44.706+0000] {processor.py:161} INFO - Started process (PID=399) to work on /opt/airflow/dags/scd.py
[2026-07-20T11:38:44.708+0000] {processor.py:830} INFO - Processing file /opt/airflow/dags/scd.py for tasks to queue
[2026-07-20T11:38:44.710+0000] {logging_mixin.py:188} INFO - [2026-07-20T11:38:44.710+0000] {dagbag.py:545} INFO - Filling up the DagBag from /opt/airflow/dags/scd.py
[2026-07-20T11:38:44.747+0000] {processor.py:840} INFO - DAG(s) 'SCD2_snapshots' retrieved from /opt/airflow/dags/scd.py
[2026-07-20T11:38:44.806+0000] {logging_mixin.py:188} INFO - [2026-07-20T11:38:44.805+0000] {dag.py:3089} INFO - Sync 1 DAGs
[2026-07-20T11:38:44.846+0000] {logging_mixin.py:188} INFO - [2026-07-20T11:38:44.846+0000] {dag.py:3947} INFO - Setting next_dagrun for SCD2_snapshots to 2026-07-20 00:00:00+00:00, run_after=2026-07-21 00:00:00+00:00
[2026-07-20T11:38:44.874+0000] {processor.py:183} INFO - Processing /opt/airflow/dags/scd.py took 0.177 seconds
[2026-07-20T11:39:15.070+0000] {processor.py:161} INFO - Started process (PID=404) to work on /opt/airflow/dags/scd.py
[2026-07-20T11:39:15.071+0000] {processor.py:830} INFO - Processing file /opt/airflow/dags/scd.py for tasks to queue
[2026-07-20T11:39:15.075+0000] {logging_mixin.py:188} INFO - [2026-07-20T11:39:15.074+0000] {dagbag.py:545} INFO - Filling up the DagBag from /opt/airflow/dags/scd.py
[2026-07-20T11:39:15.103+0000] {processor.py:840} INFO - DAG(s) 'SCD2_snapshots' retrieved from /opt/airflow/dags/scd.py
[2026-07-20T11:39:15.148+0000] {logging_mixin.py:188} INFO - [2026-07-20T11:39:15.147+0000] {dag.py:3089} INFO - Sync 1 DAGs
[2026-07-20T11:39:15.178+0000] {logging_mixin.py:188} INFO - [2026-07-20T11:39:15.178+0000] {dag.py:3947} INFO - Setting next_dagrun for SCD2_snapshots to 2026-07-20 00:00:00+00:00, run_after=2026-07-21 00:00:00+00:00
[2026-07-20T11:39:15.202+0000] {processor.py:183} INFO - Processing /opt/airflow/dags/scd.py took 0.139 seconds
[2026-07-20T11:39:45.422+0000] {processor.py:161} INFO - Started process (PID=409) to work on /opt/airflow/dags/scd.py
[2026-07-20T11:39:45.423+0000] {processor.py:830} INFO - Processing file /opt/airflow/dags/scd.py for tasks to queue
[2026-07-20T11:39:45.426+0000] {logging_mixin.py:188} INFO - [2026-07-20T11:39:45.426+0000] {dagbag.py:545} INFO - Filling up the DagBag from /opt/airflow/dags/scd.py
[2026-07-20T11:39:45.454+0000] {processor.py:840} INFO - DAG(s) 'SCD2_snapshots' retrieved from /opt/airflow/dags/scd.py
[2026-07-20T11:39:45.495+0000] {logging_mixin.py:188} INFO - [2026-07-20T11:39:45.495+0000] {dag.py:3089} INFO - Sync 1 DAGs
[2026-07-20T11:39:45.526+0000] {logging_mixin.py:188} INFO - [2026-07-20T11:39:45.526+0000] {dag.py:3947} INFO - Setting next_dagrun for SCD2_snapshots to 2026-07-20 00:00:00+00:00, run_after=2026-07-21 00:00:00+00:00
[2026-07-20T11:39:45.550+0000] {processor.py:183} INFO - Processing /opt/airflow/dags/scd.py took 0.135 seconds
[2026-07-20T11:40:15.701+0000] {processor.py:161} INFO - Started process (PID=414) to work on /opt/airflow/dags/scd.py
[2026-07-20T11:40:15.702+0000] {processor.py:830} INFO - Processing file /opt/airflow/dags/scd.py for tasks to queue
[2026-07-20T11:40:15.706+0000] {logging_mixin.py:188} INFO - [2026-07-20T11:40:15.705+0000] {dagbag.py:545} INFO - Filling up the DagBag from /opt/airflow/dags/scd.py
[2026-07-20T11:40:15.740+0000] {processor.py:840} INFO - DAG(s) 'SCD2_snapshots' retrieved from /opt/airflow/dags/scd.py
[2026-07-20T11:40:15.785+0000] {logging_mixin.py:188} INFO - [2026-07-20T11:40:15.785+0000] {dag.py:3089} INFO - Sync 1 DAGs
[2026-07-20T11:40:15.813+0000] {logging_mixin.py:188} INFO - [2026-07-20T11:40:15.813+0000] {dag.py:3947} INFO - Setting next_dagrun for SCD2_snapshots to 2026-07-20 00:00:00+00:00, run_after=2026-07-21 00:00:00+00:00
[2026-07-20T11:40:15.838+0000] {processor.py:183} INFO - Processing /opt/airflow/dags/scd.py took 0.146 seconds
[2026-07-20T11:40:45.998+0000] {processor.py:161} INFO - Started process (PID=419) to work on /opt/airflow/dags/scd.py
[2026-07-20T11:40:46.000+0000] {processor.py:830} INFO - Processing file /opt/airflow/dags/scd.py for tasks to queue
[2026-07-20T11:40:46.002+0000] {logging_mixin.py:188} INFO - [2026-07-20T11:40:46.002+0000] {dagbag.py:545} INFO - Filling up the DagBag from /opt/airflow/dags/scd.py
[2026-07-20T11:40:46.036+0000] {processor.py:840} INFO - DAG(s) 'SCD2_snapshots' retrieved from /opt/airflow/dags/scd.py
[2026-07-20T11:40:46.078+0000] {logging_mixin.py:188} INFO - [2026-07-20T11:40:46.078+0000] {dag.py:3089} INFO - Sync 1 DAGs
[2026-07-20T11:40:46.105+0000] {logging_mixin.py:188} INFO - [2026-07-20T11:40:46.104+0000] {dag.py:3947} INFO - Setting next_dagrun for SCD2_snapshots to 2026-07-20 00:00:00+00:00, run_after=2026-07-21 00:00:00+00:00
[2026-07-20T11:40:46.131+0000] {processor.py:183} INFO - Processing /opt/airflow/dags/scd.py took 0.141 seconds
[2026-07-20T11:41:16.280+0000] {processor.py:161} INFO - Started process (PID=424) to work on /opt/airflow/dags/scd.py
[2026-07-20T11:41:16.282+0000] {processor.py:830} INFO - Processing file /opt/airflow/dags/scd.py for tasks to queue
[2026-07-20T11:41:16.285+0000] {logging_mixin.py:188} INFO - [2026-07-20T11:41:16.284+0000] {dagbag.py:545} INFO - Filling up the DagBag from /opt/airflow/dags/scd.py
[2026-07-20T11:41:16.312+0000] {processor.py:840} INFO - DAG(s) 'SCD2_snapshots' retrieved from /opt/airflow/dags/scd.py
[2026-07-20T11:41:16.355+0000] {logging_mixin.py:188} INFO - [2026-07-20T11:41:16.355+0000] {dag.py:3089} INFO - Sync 1 DAGs
[2026-07-20T11:41:16.383+0000] {logging_mixin.py:188} INFO - [2026-07-20T11:41:16.383+0000] {dag.py:3947} INFO - Setting next_dagrun for SCD2_snapshots to 2026-07-20 00:00:00+00:00, run_after=2026-07-21 00:00:00+00:00
[2026-07-20T11:41:16.411+0000] {processor.py:183} INFO - Processing /opt/airflow/dags/scd.py took 0.138 seconds
[2026-07-20T11:41:46.634+0000] {processor.py:161} INFO - Started process (PID=429) to work on /opt/airflow/dags/scd.py
[2026-07-20T11:41:46.636+0000] {processor.py:830} INFO - Processing file /opt/airflow/dags/scd.py for tasks to queue
[2026-07-20T11:41:46.644+0000] {logging_mixin.py:188} INFO - [2026-07-20T11:41:46.643+0000] {dagbag.py:545} INFO - Filling up the DagBag from /opt/airflow/dags/scd.py
[2026-07-20T11:41:46.697+0000] {processor.py:840} INFO - DAG(s) 'SCD2_snapshots' retrieved from /opt/airflow/dags/scd.py
[2026-07-20T11:41:46.749+0000] {logging_mixin.py:188} INFO - [2026-07-20T11:41:46.748+0000] {dag.py:3089} INFO - Sync 1 DAGs
[2026-07-20T11:41:46.801+0000] {logging_mixin.py:188} INFO - [2026-07-20T11:41:46.800+0000] {dag.py:3947} INFO - Setting next_dagrun for SCD2_snapshots to 2026-07-20 00:00:00+00:00, run_after=2026-07-21 00:00:00+00:00
[2026-07-20T11:41:46.835+0000] {processor.py:183} INFO - Processing /opt/airflow/dags/scd.py took 0.223 seconds
[2026-07-20T11:42:17.119+0000] {processor.py:161} INFO - Started process (PID=434) to work on /opt/airflow/dags/scd.py
[2026-07-20T11:42:17.121+0000] {processor.py:830} INFO - Processing file /opt/airflow/dags/scd.py for tasks to queue
[2026-07-20T11:42:17.124+0000] {logging_mixin.py:188} INFO - [2026-07-20T11:42:17.123+0000] {dagbag.py:545} INFO - Filling up the DagBag from /opt/airflow/dags/scd.py
[2026-07-20T11:42:17.154+0000] {processor.py:840} INFO - DAG(s) 'SCD2_snapshots' retrieved from /opt/airflow/dags/scd.py
[2026-07-20T11:42:17.194+0000] {logging_mixin.py:188} INFO - [2026-07-20T11:42:17.194+0000] {dag.py:3089} INFO - Sync 1 DAGs
[2026-07-20T11:42:17.222+0000] {logging_mixin.py:188} INFO - [2026-07-20T11:42:17.222+0000] {dag.py:3947} INFO - Setting next_dagrun for SCD2_snapshots to 2026-07-20 00:00:00+00:00, run_after=2026-07-21 00:00:00+00:00
[2026-07-20T11:42:17.246+0000] {processor.py:183} INFO - Processing /opt/airflow/dags/scd.py took 0.137 seconds
[2026-07-20T11:42:47.445+0000] {processor.py:161} INFO - Started process (PID=439) to work on /opt/airflow/dags/scd.py
[2026-07-20T11:42:47.446+0000] {processor.py:830} INFO - Processing file /opt/airflow/dags/scd.py for tasks to queue
[2026-07-20T11:42:47.449+0000] {logging_mixin.py:188} INFO - [2026-07-20T11:42:47.448+0000] {dagbag.py:545} INFO - Filling up the DagBag from /opt/airflow/dags/scd.py
[2026-07-20T11:42:47.477+0000] {processor.py:840} INFO - DAG(s) 'SCD2_snapshots' retrieved from /opt/airflow/dags/scd.py
[2026-07-20T11:42:47.517+0000] {logging_mixin.py:188} INFO - [2026-07-20T11:42:47.517+0000] {dag.py:3089} INFO - Sync 1 DAGs
[2026-07-20T11:42:47.545+0000] {logging_mixin.py:188} INFO - [2026-07-20T11:42:47.545+0000] {dag.py:3947} INFO - Setting next_dagrun for SCD2_snapshots to 2026-07-20 00:00:00+00:00, run_after=2026-07-21 00:00:00+00:00
[2026-07-20T11:42:47.572+0000] {processor.py:183} INFO - Processing /opt/airflow/dags/scd.py took 0.137 seconds
[2026-07-20T11:43:17.683+0000] {processor.py:161} INFO - Started process (PID=444) to work on /opt/airflow/dags/scd.py
[2026-07-20T11:43:17.684+0000] {processor.py:830} INFO - Processing file /opt/airflow/dags/scd.py for tasks to queue
[2026-07-20T11:43:17.687+0000] {logging_mixin.py:188} INFO - [2026-07-20T11:43:17.686+0000] {dagbag.py:545} INFO - Filling up the DagBag from /opt/airflow/dags/scd.py
[2026-07-20T11:43:17.715+0000] {processor.py:840} INFO - DAG(s) 'SCD2_snapshots' retrieved from /opt/airflow/dags/scd.py
[2026-07-20T11:43:17.767+0000] {logging_mixin.py:188} INFO - [2026-07-20T11:43:17.766+0000] {dag.py:3089} INFO - Sync 1 DAGs
[2026-07-20T11:43:17.808+0000] {logging_mixin.py:188} INFO - [2026-07-20T11:43:17.807+0000] {dag.py:3947} INFO - Setting next_dagrun for SCD2_snapshots to 2026-07-20 00:00:00+00:00, run_after=2026-07-21 00:00:00+00:00
[2026-07-20T11:43:17.834+0000] {processor.py:183} INFO - Processing /opt/airflow/dags/scd.py took 0.159 seconds
[2026-07-20T11:43:48.091+0000] {processor.py:161} INFO - Started process (PID=449) to work on /opt/airflow/dags/scd.py
[2026-07-20T11:43:48.092+0000] {processor.py:830} INFO - Processing file /opt/airflow/dags/scd.py for tasks to queue
[2026-07-20T11:43:48.095+0000] {logging_mixin.py:188} INFO - [2026-07-20T11:43:48.094+0000] {dagbag.py:545} INFO - Filling up the DagBag from /opt/airflow/dags/scd.py
[2026-07-20T11:43:48.124+0000] {processor.py:840} INFO - DAG(s) 'SCD2_snapshots' retrieved from /opt/airflow/dags/scd.py
[2026-07-20T11:43:48.175+0000] {logging_mixin.py:188} INFO - [2026-07-20T11:43:48.175+0000] {dag.py:3089} INFO - Sync 1 DAGs
[2026-07-20T11:43:48.210+0000] {logging_mixin.py:188} INFO - [2026-07-20T11:43:48.209+0000] {dag.py:3947} INFO - Setting next_dagrun for SCD2_snapshots to 2026-07-20 00:00:00+00:00, run_after=2026-07-21 00:00:00+00:00
[2026-07-20T11:43:48.240+0000] {processor.py:183} INFO - Processing /opt/airflow/dags/scd.py took 0.155 seconds
[2026-07-20T11:44:18.355+0000] {processor.py:161} INFO - Started process (PID=454) to work on /opt/airflow/dags/scd.py
[2026-07-20T11:44:18.356+0000] {processor.py:830} INFO - Processing file /opt/airflow/dags/scd.py for tasks to queue
[2026-07-20T11:44:18.358+0000] {logging_mixin.py:188} INFO - [2026-07-20T11:44:18.358+0000] {dagbag.py:545} INFO - Filling up the DagBag from /opt/airflow/dags/scd.py
[2026-07-20T11:44:18.384+0000] {processor.py:840} INFO - DAG(s) 'SCD2_snapshots' retrieved from /opt/airflow/dags/scd.py
[2026-07-20T11:44:18.431+0000] {logging_mixin.py:188} INFO - [2026-07-20T11:44:18.431+0000] {dag.py:3089} INFO - Sync 1 DAGs
[2026-07-20T11:44:18.466+0000] {logging_mixin.py:188} INFO - [2026-07-20T11:44:18.465+0000] {dag.py:3947} INFO - Setting next_dagrun for SCD2_snapshots to 2026-07-20 00:00:00+00:00, run_after=2026-07-21 00:00:00+00:00
[2026-07-20T11:44:18.494+0000] {processor.py:183} INFO - Processing /opt/airflow/dags/scd.py took 0.147 seconds
[2026-07-20T11:44:48.725+0000] {processor.py:161} INFO - Started process (PID=459) to work on /opt/airflow/dags/scd.py
[2026-07-20T11:44:48.726+0000] {processor.py:830} INFO - Processing file /opt/airflow/dags/scd.py for tasks to queue
[2026-07-20T11:44:48.731+0000] {logging_mixin.py:188} INFO - [2026-07-20T11:44:48.730+0000] {dagbag.py:545} INFO - Filling up the DagBag from /opt/airflow/dags/scd.py
[2026-07-20T11:44:48.770+0000] {processor.py:840} INFO - DAG(s) 'SCD2_snapshots' retrieved from /opt/airflow/dags/scd.py
[2026-07-20T11:44:48.816+0000] {logging_mixin.py:188} INFO - [2026-07-20T11:44:48.816+0000] {dag.py:3089} INFO - Sync 1 DAGs
[2026-07-20T11:44:48.849+0000] {logging_mixin.py:188} INFO - [2026-07-20T11:44:48.849+0000] {dag.py:3947} INFO - Setting next_dagrun for SCD2_snapshots to 2026-07-20 00:00:00+00:00, run_after=2026-07-21 00:00:00+00:00
[2026-07-20T11:44:48.877+0000] {processor.py:183} INFO - Processing /opt/airflow/dags/scd.py took 0.167 seconds
[2026-07-20T11:45:18.972+0000] {processor.py:161} INFO - Started process (PID=464) to work on /opt/airflow/dags/scd.py
[2026-07-20T11:45:18.973+0000] {processor.py:830} INFO - Processing file /opt/airflow/dags/scd.py for tasks to queue
[2026-07-20T11:45:18.976+0000] {logging_mixin.py:188} INFO - [2026-07-20T11:45:18.976+0000] {dagbag.py:545} INFO - Filling up the DagBag from /opt/airflow/dags/scd.py
[2026-07-20T11:45:19.008+0000] {processor.py:840} INFO - DAG(s) 'SCD2_snapshots' retrieved from /opt/airflow/dags/scd.py
[2026-07-20T11:45:19.061+0000] {logging_mixin.py:188} INFO - [2026-07-20T11:45:19.061+0000] {dag.py:3089} INFO - Sync 1 DAGs
[2026-07-20T11:45:19.097+0000] {logging_mixin.py:188} INFO - [2026-07-20T11:45:19.096+0000] {dag.py:3947} INFO - Setting next_dagrun for SCD2_snapshots to 2026-07-20 00:00:00+00:00, run_after=2026-07-21 00:00:00+00:00
[2026-07-20T11:45:19.127+0000] {processor.py:183} INFO - Processing /opt/airflow/dags/scd.py took 0.164 seconds
[2026-07-20T11:45:49.426+0000] {processor.py:161} INFO - Started process (PID=469) to work on /opt/airflow/dags/scd.py
[2026-07-20T11:45:49.427+0000] {processor.py:830} INFO - Processing file /opt/airflow/dags/scd.py for tasks to queue
[2026-07-20T11:45:49.430+0000] {logging_mixin.py:188} INFO - [2026-07-20T11:45:49.430+0000] {dagbag.py:545} INFO - Filling up the DagBag from /opt/airflow/dags/scd.py
[2026-07-20T11:45:49.458+0000] {processor.py:840} INFO - DAG(s) 'SCD2_snapshots' retrieved from /opt/airflow/dags/scd.py
[2026-07-20T11:45:49.507+0000] {logging_mixin.py:188} INFO - [2026-07-20T11:45:49.507+0000] {dag.py:3089} INFO - Sync 1 DAGs
[2026-07-20T11:45:49.546+0000] {logging_mixin.py:188} INFO - [2026-07-20T11:45:49.545+0000] {dag.py:3947} INFO - Setting next_dagrun for SCD2_snapshots to 2026-07-20 00:00:00+00:00, run_after=2026-07-21 00:00:00+00:00
[2026-07-20T11:45:49.573+0000] {processor.py:183} INFO - Processing /opt/airflow/dags/scd.py took 0.155 seconds
[2026-07-20T11:46:19.701+0000] {processor.py:161} INFO - Started process (PID=474) to work on /opt/airflow/dags/scd.py
[2026-07-20T11:46:19.702+0000] {processor.py:830} INFO - Processing file /opt/airflow/dags/scd.py for tasks to queue
[2026-07-20T11:46:19.704+0000] {logging_mixin.py:188} INFO - [2026-07-20T11:46:19.704+0000] {dagbag.py:545} INFO - Filling up the DagBag from /opt/airflow/dags/scd.py
[2026-07-20T11:46:19.730+0000] {processor.py:840} INFO - DAG(s) 'SCD2_snapshots' retrieved from /opt/airflow/dags/scd.py
[2026-07-20T11:46:19.780+0000] {logging_mixin.py:188} INFO - [2026-07-20T11:46:19.780+0000] {dag.py:3089} INFO - Sync 1 DAGs
[2026-07-20T11:46:19.815+0000] {logging_mixin.py:188} INFO - [2026-07-20T11:46:19.814+0000] {dag.py:3947} INFO - Setting next_dagrun for SCD2_snapshots to 2026-07-20 00:00:00+00:00, run_after=2026-07-21 00:00:00+00:00
[2026-07-20T11:46:19.843+0000] {processor.py:183} INFO - Processing /opt/airflow/dags/scd.py took 0.150 seconds
[2026-07-20T11:46:50.164+0000] {processor.py:161} INFO - Started process (PID=479) to work on /opt/airflow/dags/scd.py
[2026-07-20T11:46:50.166+0000] {processor.py:830} INFO - Processing file /opt/airflow/dags/scd.py for tasks to queue
[2026-07-20T11:46:50.169+0000] {logging_mixin.py:188} INFO - [2026-07-20T11:46:50.169+0000] {dagbag.py:545} INFO - Filling up the DagBag from /opt/airflow/dags/scd.py
[2026-07-20T11:46:50.199+0000] {processor.py:840} INFO - DAG(s) 'SCD2_snapshots' retrieved from /opt/airflow/dags/scd.py
[2026-07-20T11:46:50.256+0000] {logging_mixin.py:188} INFO - [2026-07-20T11:46:50.256+0000] {dag.py:3089} INFO - Sync 1 DAGs
[2026-07-20T11:46:50.293+0000] {logging_mixin.py:188} INFO - [2026-07-20T11:46:50.292+0000] {dag.py:3947} INFO - Setting next_dagrun for SCD2_snapshots to 2026-07-20 00:00:00+00:00, run_after=2026-07-21 00:00:00+00:00
[2026-07-20T11:46:50.321+0000] {processor.py:183} INFO - Processing /opt/airflow/dags/scd.py took 0.164 seconds
[2026-07-20T11:47:20.677+0000] {processor.py:161} INFO - Started process (PID=484) to work on /opt/airflow/dags/scd.py
[2026-07-20T11:47:20.678+0000] {processor.py:830} INFO - Processing file /opt/airflow/dags/scd.py for tasks to queue
[2026-07-20T11:47:20.681+0000] {logging_mixin.py:188} INFO - [2026-07-20T11:47:20.681+0000] {dagbag.py:545} INFO - Filling up the DagBag from /opt/airflow/dags/scd.py
[2026-07-20T11:47:20.708+0000] {processor.py:840} INFO - DAG(s) 'SCD2_snapshots' retrieved from /opt/airflow/dags/scd.py
[2026-07-20T11:47:20.746+0000] {logging_mixin.py:188} INFO - [2026-07-20T11:47:20.746+0000] {dag.py:3089} INFO - Sync 1 DAGs
[2026-07-20T11:47:20.785+0000] {logging_mixin.py:188} INFO - [2026-07-20T11:47:20.784+0000] {dag.py:3947} INFO - Setting next_dagrun for SCD2_snapshots to 2026-07-20 00:00:00+00:00, run_after=2026-07-21 00:00:00+00:00
[2026-07-20T11:47:20.815+0000] {processor.py:183} INFO - Processing /opt/airflow/dags/scd.py took 0.146 seconds
[2026-07-20T11:47:51.005+0000] {processor.py:161} INFO - Started process (PID=489) to work on /opt/airflow/dags/scd.py
[2026-07-20T11:47:51.007+0000] {processor.py:830} INFO - Processing file /opt/airflow/dags/scd.py for tasks to queue
[2026-07-20T11:47:51.010+0000] {logging_mixin.py:188} INFO - [2026-07-20T11:47:51.009+0000] {dagbag.py:545} INFO - Filling up the DagBag from /opt/airflow/dags/scd.py
[2026-07-20T11:47:51.044+0000] {processor.py:840} INFO - DAG(s) 'SCD2_snapshots' retrieved from /opt/airflow/dags/scd.py
[2026-07-20T11:47:51.082+0000] {logging_mixin.py:188} INFO - [2026-07-20T11:47:51.082+0000] {dag.py:3089} INFO - Sync 1 DAGs
[2026-07-20T11:47:51.110+0000] {logging_mixin.py:188} INFO - [2026-07-20T11:47:51.110+0000] {dag.py:3947} INFO - Setting next_dagrun for SCD2_snapshots to 2026-07-20 00:00:00+00:00, run_after=2026-07-21 00:00:00+00:00
[2026-07-20T11:47:51.132+0000] {processor.py:183} INFO - Processing /opt/airflow/dags/scd.py took 0.135 seconds
[2026-07-20T11:48:21.600+0000] {processor.py:161} INFO - Started process (PID=494) to work on /opt/airflow/dags/scd.py
[2026-07-20T11:48:21.605+0000] {processor.py:830} INFO - Processing file /opt/airflow/dags/scd.py for tasks to queue
[2026-07-20T11:48:21.617+0000] {logging_mixin.py:188} INFO - [2026-07-20T11:48:21.616+0000] {dagbag.py:545} INFO - Filling up the DagBag from /opt/airflow/dags/scd.py
[2026-07-20T11:48:21.658+0000] {processor.py:840} INFO - DAG(s) 'SCD2_snapshots' retrieved from /opt/airflow/dags/scd.py
[2026-07-20T11:48:21.731+0000] {logging_mixin.py:188} INFO - [2026-07-20T11:48:21.730+0000] {dag.py:3089} INFO - Sync 1 DAGs
[2026-07-20T11:48:21.802+0000] {logging_mixin.py:188} INFO - [2026-07-20T11:48:21.802+0000] {dag.py:3947} INFO - Setting next_dagrun for SCD2_snapshots to 2026-07-20 00:00:00+00:00, run_after=2026-07-21 00:00:00+00:00
[2026-07-20T11:48:21.855+0000] {processor.py:183} INFO - Processing /opt/airflow/dags/scd.py took 0.278 seconds
[2026-07-20T11:48:52.067+0000] {processor.py:161} INFO - Started process (PID=499) to work on /opt/airflow/dags/scd.py
[2026-07-20T11:48:52.068+0000] {processor.py:830} INFO - Processing file /opt/airflow/dags/scd.py for tasks to queue
[2026-07-20T11:48:52.070+0000] {logging_mixin.py:188} INFO - [2026-07-20T11:48:52.070+0000] {dagbag.py:545} INFO - Filling up the DagBag from /opt/airflow/dags/scd.py
[2026-07-20T11:48:52.100+0000] {processor.py:840} INFO - DAG(s) 'SCD2_snapshots' retrieved from /opt/airflow/dags/scd.py
[2026-07-20T11:48:52.137+0000] {logging_mixin.py:188} INFO - [2026-07-20T11:48:52.137+0000] {dag.py:3089} INFO - Sync 1 DAGs
[2026-07-20T11:48:52.162+0000] {logging_mixin.py:188} INFO - [2026-07-20T11:48:52.162+0000] {dag.py:3947} INFO - Setting next_dagrun for SCD2_snapshots to 2026-07-20 00:00:00+00:00, run_after=2026-07-21 00:00:00+00:00
[2026-07-20T11:48:52.191+0000] {processor.py:183} INFO - Processing /opt/airflow/dags/scd.py took 0.132 seconds
[2026-07-20T11:49:22.413+0000] {processor.py:161} INFO - Started process (PID=504) to work on /opt/airflow/dags/scd.py
[2026-07-20T11:49:22.414+0000] {processor.py:830} INFO - Processing file /opt/airflow/dags/scd.py for tasks to queue
[2026-07-20T11:49:22.417+0000] {logging_mixin.py:188} INFO - [2026-07-20T11:49:22.416+0000] {dagbag.py:545} INFO - Filling up the DagBag from /opt/airflow/dags/scd.py
[2026-07-20T11:49:22.448+0000] {processor.py:840} INFO - DAG(s) 'SCD2_snapshots' retrieved from /opt/airflow/dags/scd.py
[2026-07-20T11:49:22.493+0000] {logging_mixin.py:188} INFO - [2026-07-20T11:49:22.493+0000] {dag.py:3089} INFO - Sync 1 DAGs
[2026-07-20T11:49:22.524+0000] {logging_mixin.py:188} INFO - [2026-07-20T11:49:22.524+0000] {dag.py:3947} INFO - Setting next_dagrun for SCD2_snapshots to 2026-07-20 00:00:00+00:00, run_after=2026-07-21 00:00:00+00:00
[2026-07-20T11:49:22.560+0000] {processor.py:183} INFO - Processing /opt/airflow/dags/scd.py took 0.155 seconds
[2026-07-20T11:49:52.666+0000] {processor.py:161} INFO - Started process (PID=509) to work on /opt/airflow/dags/scd.py
[2026-07-20T11:49:52.667+0000] {processor.py:830} INFO - Processing file /opt/airflow/dags/scd.py for tasks to queue
[2026-07-20T11:49:52.669+0000] {logging_mixin.py:188} INFO - [2026-07-20T11:49:52.669+0000] {dagbag.py:545} INFO - Filling up the DagBag from /opt/airflow/dags/scd.py
[2026-07-20T11:49:52.698+0000] {processor.py:840} INFO - DAG(s) 'SCD2_snapshots' retrieved from /opt/airflow/dags/scd.py
[2026-07-20T11:49:52.736+0000] {logging_mixin.py:188} INFO - [2026-07-20T11:49:52.736+0000] {dag.py:3089} INFO - Sync 1 DAGs
[2026-07-20T11:49:52.762+0000] {logging_mixin.py:188} INFO - [2026-07-20T11:49:52.761+0000] {dag.py:3947} INFO - Setting next_dagrun for SCD2_snapshots to 2026-07-20 00:00:00+00:00, run_after=2026-07-21 00:00:00+00:00
[2026-07-20T11:49:52.789+0000] {processor.py:183} INFO - Processing /opt/airflow/dags/scd.py took 0.130 seconds
[2026-07-20T11:50:23.085+0000] {processor.py:161} INFO - Started process (PID=514) to work on /opt/airflow/dags/scd.py
[2026-07-20T11:50:23.086+0000] {processor.py:830} INFO - Processing file /opt/airflow/dags/scd.py for tasks to queue
[2026-07-20T11:50:23.090+0000] {logging_mixin.py:188} INFO - [2026-07-20T11:50:23.089+0000] {dagbag.py:545} INFO - Filling up the DagBag from /opt/airflow/dags/scd.py
[2026-07-20T11:50:23.115+0000] {processor.py:840} INFO - DAG(s) 'SCD2_snapshots' retrieved from /opt/airflow/dags/scd.py
[2026-07-20T11:50:23.152+0000] {logging_mixin.py:188} INFO - [2026-07-20T11:50:23.152+0000] {dag.py:3089} INFO - Sync 1 DAGs
[2026-07-20T11:50:23.178+0000] {logging_mixin.py:188} INFO - [2026-07-20T11:50:23.177+0000] {dag.py:3947} INFO - Setting next_dagrun for SCD2_snapshots to 2026-07-20 00:00:00+00:00, run_after=2026-07-21 00:00:00+00:00
[2026-07-20T11:50:23.204+0000] {processor.py:183} INFO - Processing /opt/airflow/dags/scd.py took 0.126 seconds
[2026-07-20T11:50:53.454+0000] {processor.py:161} INFO - Started process (PID=519) to work on /opt/airflow/dags/scd.py
[2026-07-20T11:50:53.455+0000] {processor.py:830} INFO - Processing file /opt/airflow/dags/scd.py for tasks to queue
[2026-07-20T11:50:53.457+0000] {logging_mixin.py:188} INFO - [2026-07-20T11:50:53.457+0000] {dagbag.py:545} INFO - Filling up the DagBag from /opt/airflow/dags/scd.py
[2026-07-20T11:50:53.485+0000] {processor.py:840} INFO - DAG(s) 'SCD2_snapshots' retrieved from /opt/airflow/dags/scd.py
[2026-07-20T11:50:53.527+0000] {logging_mixin.py:188} INFO - [2026-07-20T11:50:53.526+0000] {dag.py:3089} INFO - Sync 1 DAGs
[2026-07-20T11:50:53.556+0000] {logging_mixin.py:188} INFO - [2026-07-20T11:50:53.555+0000] {dag.py:3947} INFO - Setting next_dagrun for SCD2_snapshots to 2026-07-20 00:00:00+00:00, run_after=2026-07-21 00:00:00+00:00
[2026-07-20T11:50:53.581+0000] {processor.py:183} INFO - Processing /opt/airflow/dags/scd.py took 0.138 seconds
[2026-07-20T11:51:23.771+0000] {processor.py:161} INFO - Started process (PID=524) to work on /opt/airflow/dags/scd.py
[2026-07-20T11:51:23.773+0000] {processor.py:830} INFO - Processing file /opt/airflow/dags/scd.py for tasks to queue
[2026-07-20T11:51:23.775+0000] {logging_mixin.py:188} INFO - [2026-07-20T11:51:23.775+0000] {dagbag.py:545} INFO - Filling up the DagBag from /opt/airflow/dags/scd.py
[2026-07-20T11:51:23.808+0000] {processor.py:840} INFO - DAG(s) 'SCD2_snapshots' retrieved from /opt/airflow/dags/scd.py
[2026-07-20T11:51:23.847+0000] {logging_mixin.py:188} INFO - [2026-07-20T11:51:23.847+0000] {dag.py:3089} INFO - Sync 1 DAGs
[2026-07-20T11:51:23.887+0000] {logging_mixin.py:188} INFO - [2026-07-20T11:51:23.886+0000] {dag.py:3947} INFO - Setting next_dagrun for SCD2_snapshots to 2026-07-20 00:00:00+00:00, run_after=2026-07-21 00:00:00+00:00
[2026-07-20T11:51:23.924+0000] {processor.py:183} INFO - Processing /opt/airflow/dags/scd.py took 0.162 seconds
[2026-07-20T11:51:54.150+0000] {processor.py:161} INFO - Started process (PID=529) to work on /opt/airflow/dags/scd.py
[2026-07-20T11:51:54.152+0000] {processor.py:830} INFO - Processing file /opt/airflow/dags/scd.py for tasks to queue
[2026-07-20T11:51:54.154+0000] {logging_mixin.py:188} INFO - [2026-07-20T11:51:54.153+0000] {dagbag.py:545} INFO - Filling up the DagBag from /opt/airflow/dags/scd.py
[2026-07-20T11:51:54.180+0000] {processor.py:840} INFO - DAG(s) 'SCD2_snapshots' retrieved from /opt/airflow/dags/scd.py
[2026-07-20T11:51:54.217+0000] {logging_mixin.py:188} INFO - [2026-07-20T11:51:54.217+0000] {dag.py:3089} INFO - Sync 1 DAGs
[2026-07-20T11:51:54.243+0000] {logging_mixin.py:188} INFO - [2026-07-20T11:51:54.243+0000] {dag.py:3947} INFO - Setting next_dagrun for SCD2_snapshots to 2026-07-20 00:00:00+00:00, run_after=2026-07-21 00:00:00+00:00
[2026-07-20T11:51:54.265+0000] {processor.py:183} INFO - Processing /opt/airflow/dags/scd.py took 0.121 seconds
[2026-07-20T11:52:24.493+0000] {processor.py:161} INFO - Started process (PID=534) to work on /opt/airflow/dags/scd.py
[2026-07-20T11:52:24.495+0000] {processor.py:830} INFO - Processing file /opt/airflow/dags/scd.py for tasks to queue
[2026-07-20T11:52:24.499+0000] {logging_mixin.py:188} INFO - [2026-07-20T11:52:24.498+0000] {dagbag.py:545} INFO - Filling up the DagBag from /opt/airflow/dags/scd.py
[2026-07-20T11:52:24.535+0000] {processor.py:840} INFO - DAG(s) 'SCD2_snapshots' retrieved from /opt/airflow/dags/scd.py
[2026-07-20T11:52:24.584+0000] {logging_mixin.py:188} INFO - [2026-07-20T11:52:24.584+0000] {dag.py:3089} INFO - Sync 1 DAGs
[2026-07-20T11:52:24.620+0000] {logging_mixin.py:188} INFO - [2026-07-20T11:52:24.620+0000] {dag.py:3947} INFO - Setting next_dagrun for SCD2_snapshots to 2026-07-20 00:00:00+00:00, run_after=2026-07-21 00:00:00+00:00
[2026-07-20T11:52:24.653+0000] {processor.py:183} INFO - Processing /opt/airflow/dags/scd.py took 0.167 seconds
[2026-07-20T11:52:54.949+0000] {processor.py:161} INFO - Started process (PID=539) to work on /opt/airflow/dags/scd.py
[2026-07-20T11:52:54.951+0000] {processor.py:830} INFO - Processing file /opt/airflow/dags/scd.py for tasks to queue
[2026-07-20T11:52:54.953+0000] {logging_mixin.py:188} INFO - [2026-07-20T11:52:54.952+0000] {dagbag.py:545} INFO - Filling up the DagBag from /opt/airflow/dags/scd.py
[2026-07-20T11:52:54.977+0000] {processor.py:840} INFO - DAG(s) 'SCD2_snapshots' retrieved from /opt/airflow/dags/scd.py
[2026-07-20T11:52:55.019+0000] {logging_mixin.py:188} INFO - [2026-07-20T11:52:55.019+0000] {dag.py:3089} INFO - Sync 1 DAGs
[2026-07-20T11:52:55.048+0000] {logging_mixin.py:188} INFO - [2026-07-20T11:52:55.048+0000] {dag.py:3947} INFO - Setting next_dagrun for SCD2_snapshots to 2026-07-20 00:00:00+00:00, run_after=2026-07-21 00:00:00+00:00
[2026-07-20T11:52:55.072+0000] {processor.py:183} INFO - Processing /opt/airflow/dags/scd.py took 0.131 seconds
[2026-07-20T11:53:25.266+0000] {processor.py:161} INFO - Started process (PID=540) to work on /opt/airflow/dags/scd.py
[2026-07-20T11:53:25.268+0000] {processor.py:830} INFO - Processing file /opt/airflow/dags/scd.py for tasks to queue
[2026-07-20T11:53:25.273+0000] {logging_mixin.py:188} INFO - [2026-07-20T11:53:25.272+0000] {dagbag.py:545} INFO - Filling up the DagBag from /opt/airflow/dags/scd.py
[2026-07-20T11:53:25.314+0000] {processor.py:840} INFO - DAG(s) 'SCD2_snapshots' retrieved from /opt/airflow/dags/scd.py
[2026-07-20T11:53:25.364+0000] {logging_mixin.py:188} INFO - [2026-07-20T11:53:25.364+0000] {dag.py:3089} INFO - Sync 1 DAGs
[2026-07-20T11:53:25.396+0000] {logging_mixin.py:188} INFO - [2026-07-20T11:53:25.395+0000] {dag.py:3947} INFO - Setting next_dagrun for SCD2_snapshots to 2026-07-20 00:00:00+00:00, run_after=2026-07-21 00:00:00+00:00
[2026-07-20T11:53:25.424+0000] {processor.py:183} INFO - Processing /opt/airflow/dags/scd.py took 0.171 seconds
[2026-07-20T11:53:55.557+0000] {processor.py:161} INFO - Started process (PID=545) to work on /opt/airflow/dags/scd.py
[2026-07-20T11:53:55.558+0000] {processor.py:830} INFO - Processing file /opt/airflow/dags/scd.py for tasks to queue
[2026-07-20T11:53:55.561+0000] {logging_mixin.py:188} INFO - [2026-07-20T11:53:55.560+0000] {dagbag.py:545} INFO - Filling up the DagBag from /opt/airflow/dags/scd.py
[2026-07-20T11:53:55.590+0000] {processor.py:840} INFO - DAG(s) 'SCD2_snapshots' retrieved from /opt/airflow/dags/scd.py
[2026-07-20T11:53:55.637+0000] {logging_mixin.py:188} INFO - [2026-07-20T11:53:55.637+0000] {dag.py:3089} INFO - Sync 1 DAGs
[2026-07-20T11:53:55.666+0000] {logging_mixin.py:188} INFO - [2026-07-20T11:53:55.666+0000] {dag.py:3947} INFO - Setting next_dagrun for SCD2_snapshots to 2026-07-20 00:00:00+00:00, run_after=2026-07-21 00:00:00+00:00
[2026-07-20T11:53:55.694+0000] {processor.py:183} INFO - Processing /opt/airflow/dags/scd.py took 0.145 seconds
[2026-07-20T11:54:26.003+0000] {processor.py:161} INFO - Started process (PID=550) to work on /opt/airflow/dags/scd.py
[2026-07-20T11:54:26.004+0000] {processor.py:830} INFO - Processing file /opt/airflow/dags/scd.py for tasks to queue
[2026-07-20T11:54:26.006+0000] {logging_mixin.py:188} INFO - [2026-07-20T11:54:26.006+0000] {dagbag.py:545} INFO - Filling up the DagBag from /opt/airflow/dags/scd.py
[2026-07-20T11:54:26.033+0000] {processor.py:840} INFO - DAG(s) 'SCD2_snapshots' retrieved from /opt/airflow/dags/scd.py
[2026-07-20T11:54:26.078+0000] {logging_mixin.py:188} INFO - [2026-07-20T11:54:26.078+0000] {dag.py:3089} INFO - Sync 1 DAGs
[2026-07-20T11:54:26.107+0000] {logging_mixin.py:188} INFO - [2026-07-20T11:54:26.107+0000] {dag.py:3947} INFO - Setting next_dagrun for SCD2_snapshots to 2026-07-20 00:00:00+00:00, run_after=2026-07-21 00:00:00+00:00
[2026-07-20T11:54:26.135+0000] {processor.py:183} INFO - Processing /opt/airflow/dags/scd.py took 0.141 seconds
[2026-07-20T11:54:56.300+0000] {processor.py:161} INFO - Started process (PID=555) to work on /opt/airflow/dags/scd.py
[2026-07-20T11:54:56.301+0000] {processor.py:830} INFO - Processing file /opt/airflow/dags/scd.py for tasks to queue
[2026-07-20T11:54:56.304+0000] {logging_mixin.py:188} INFO - [2026-07-20T11:54:56.304+0000] {dagbag.py:545} INFO - Filling up the DagBag from /opt/airflow/dags/scd.py
[2026-07-20T11:54:56.333+0000] {processor.py:840} INFO - DAG(s) 'SCD2_snapshots' retrieved from /opt/airflow/dags/scd.py
[2026-07-20T11:54:56.375+0000] {logging_mixin.py:188} INFO - [2026-07-20T11:54:56.374+0000] {dag.py:3089} INFO - Sync 1 DAGs
[2026-07-20T11:54:56.405+0000] {logging_mixin.py:188} INFO - [2026-07-20T11:54:56.404+0000] {dag.py:3947} INFO - Setting next_dagrun for SCD2_snapshots to 2026-07-20 00:00:00+00:00, run_after=2026-07-21 00:00:00+00:00
[2026-07-20T11:54:56.435+0000] {processor.py:183} INFO - Processing /opt/airflow/dags/scd.py took 0.142 seconds
[2026-07-20T11:55:26.619+0000] {processor.py:161} INFO - Started process (PID=560) to work on /opt/airflow/dags/scd.py
[2026-07-20T11:55:26.621+0000] {processor.py:830} INFO - Processing file /opt/airflow/dags/scd.py for tasks to queue
[2026-07-20T11:55:26.627+0000] {logging_mixin.py:188} INFO - [2026-07-20T11:55:26.626+0000] {dagbag.py:545} INFO - Filling up the DagBag from /opt/airflow/dags/scd.py
[2026-07-20T11:55:26.667+0000] {processor.py:840} INFO - DAG(s) 'SCD2_snapshots' retrieved from /opt/airflow/dags/scd.py
[2026-07-20T11:55:26.758+0000] {logging_mixin.py:188} INFO - [2026-07-20T11:55:26.757+0000] {dag.py:3089} INFO - Sync 1 DAGs
[2026-07-20T11:55:26.813+0000] {logging_mixin.py:188} INFO - [2026-07-20T11:55:26.813+0000] {dag.py:3947} INFO - Setting next_dagrun for SCD2_snapshots to 2026-07-20 00:00:00+00:00, run_after=2026-07-21 00:00:00+00:00
[2026-07-20T11:55:26.849+0000] {processor.py:183} INFO - Processing /opt/airflow/dags/scd.py took 0.242 seconds
[2026-07-20T11:55:56.952+0000] {processor.py:161} INFO - Started process (PID=565) to work on /opt/airflow/dags/scd.py
[2026-07-20T11:55:56.953+0000] {processor.py:830} INFO - Processing file /opt/airflow/dags/scd.py for tasks to queue
[2026-07-20T11:55:56.957+0000] {logging_mixin.py:188} INFO - [2026-07-20T11:55:56.955+0000] {dagbag.py:545} INFO - Filling up the DagBag from /opt/airflow/dags/scd.py
[2026-07-20T11:55:56.981+0000] {processor.py:840} INFO - DAG(s) 'SCD2_snapshots' retrieved from /opt/airflow/dags/scd.py
[2026-07-20T11:55:57.043+0000] {logging_mixin.py:188} INFO - [2026-07-20T11:55:57.042+0000] {dag.py:3089} INFO - Sync 1 DAGs
[2026-07-20T11:55:57.075+0000] {logging_mixin.py:188} INFO - [2026-07-20T11:55:57.075+0000] {dag.py:3947} INFO - Setting next_dagrun for SCD2_snapshots to 2026-07-20 00:00:00+00:00, run_after=2026-07-21 00:00:00+00:00
[2026-07-20T11:55:57.100+0000] {processor.py:183} INFO - Processing /opt/airflow/dags/scd.py took 0.154 seconds
[2026-07-20T11:56:27.414+0000] {processor.py:161} INFO - Started process (PID=570) to work on /opt/airflow/dags/scd.py
[2026-07-20T11:56:27.416+0000] {processor.py:830} INFO - Processing file /opt/airflow/dags/scd.py for tasks to queue
[2026-07-20T11:56:27.420+0000] {logging_mixin.py:188} INFO - [2026-07-20T11:56:27.420+0000] {dagbag.py:545} INFO - Filling up the DagBag from /opt/airflow/dags/scd.py
[2026-07-20T11:56:27.464+0000] {processor.py:840} INFO - DAG(s) 'SCD2_snapshots' retrieved from /opt/airflow/dags/scd.py
[2026-07-20T11:56:27.514+0000] {logging_mixin.py:188} INFO - [2026-07-20T11:56:27.513+0000] {dag.py:3089} INFO - Sync 1 DAGs
[2026-07-20T11:56:27.543+0000] {logging_mixin.py:188} INFO - [2026-07-20T11:56:27.543+0000] {dag.py:3947} INFO - Setting next_dagrun for SCD2_snapshots to 2026-07-20 00:00:00+00:00, run_after=2026-07-21 00:00:00+00:00
[2026-07-20T11:56:27.572+0000] {processor.py:183} INFO - Processing /opt/airflow/dags/scd.py took 0.172 seconds
[2026-07-20T11:56:57.878+0000] {processor.py:161} INFO - Started process (PID=575) to work on /opt/airflow/dags/scd.py
[2026-07-20T11:56:57.880+0000] {processor.py:830} INFO - Processing file /opt/airflow/dags/scd.py for tasks to queue
[2026-07-20T11:56:57.885+0000] {logging_mixin.py:188} INFO - [2026-07-20T11:56:57.884+0000] {dagbag.py:545} INFO - Filling up the DagBag from /opt/airflow/dags/scd.py
[2026-07-20T11:56:57.911+0000] {processor.py:840} INFO - DAG(s) 'SCD2_snapshots' retrieved from /opt/airflow/dags/scd.py
[2026-07-20T11:56:57.950+0000] {logging_mixin.py:188} INFO - [2026-07-20T11:56:57.950+0000] {dag.py:3089} INFO - Sync 1 DAGs
[2026-07-20T11:56:57.976+0000] {logging_mixin.py:188} INFO - [2026-07-20T11:56:57.975+0000] {dag.py:3947} INFO - Setting next_dagrun for SCD2_snapshots to 2026-07-20 00:00:00+00:00, run_after=2026-07-21 00:00:00+00:00
[2026-07-20T11:56:57.998+0000] {processor.py:183} INFO - Processing /opt/airflow/dags/scd.py took 0.131 seconds
[2026-07-20T11:57:28.066+0000] {processor.py:161} INFO - Started process (PID=580) to work on /opt/airflow/dags/scd.py
[2026-07-20T11:57:28.068+0000] {processor.py:830} INFO - Processing file /opt/airflow/dags/scd.py for tasks to queue
[2026-07-20T11:57:28.070+0000] {logging_mixin.py:188} INFO - [2026-07-20T11:57:28.070+0000] {dagbag.py:545} INFO - Filling up the DagBag from /opt/airflow/dags/scd.py
[2026-07-20T11:57:28.097+0000] {processor.py:840} INFO - DAG(s) 'SCD2_snapshots' retrieved from /opt/airflow/dags/scd.py
[2026-07-20T11:57:28.135+0000] {logging_mixin.py:188} INFO - [2026-07-20T11:57:28.135+0000] {dag.py:3089} INFO - Sync 1 DAGs
[2026-07-20T11:57:28.162+0000] {logging_mixin.py:188} INFO - [2026-07-20T11:57:28.161+0000] {dag.py:3947} INFO - Setting next_dagrun for SCD2_snapshots to 2026-07-20 00:00:00+00:00, run_after=2026-07-21 00:00:00+00:00
[2026-07-20T11:57:28.188+0000] {processor.py:183} INFO - Processing /opt/airflow/dags/scd.py took 0.131 seconds
[2026-07-20T11:57:58.510+0000] {processor.py:161} INFO - Started process (PID=585) to work on /opt/airflow/dags/scd.py
[2026-07-20T11:57:58.512+0000] {processor.py:830} INFO - Processing file /opt/airflow/dags/scd.py for tasks to queue
[2026-07-20T11:57:58.514+0000] {logging_mixin.py:188} INFO - [2026-07-20T11:57:58.514+0000] {dagbag.py:545} INFO - Filling up the DagBag from /opt/airflow/dags/scd.py
[2026-07-20T11:57:58.542+0000] {processor.py:840} INFO - DAG(s) 'SCD2_snapshots' retrieved from /opt/airflow/dags/scd.py
[2026-07-20T11:57:58.588+0000] {logging_mixin.py:188} INFO - [2026-07-20T11:57:58.588+0000] {dag.py:3089} INFO - Sync 1 DAGs
[2026-07-20T11:57:58.622+0000] {logging_mixin.py:188} INFO - [2026-07-20T11:57:58.622+0000] {dag.py:3947} INFO - Setting next_dagrun for SCD2_snapshots to 2026-07-20 00:00:00+00:00, run_after=2026-07-21 00:00:00+00:00
[2026-07-20T11:57:58.656+0000] {processor.py:183} INFO - Processing /opt/airflow/dags/scd.py took 0.154 seconds
[2026-07-20T11:58:28.963+0000] {processor.py:161} INFO - Started process (PID=590) to work on /opt/airflow/dags/scd.py
[2026-07-20T11:58:28.964+0000] {processor.py:830} INFO - Processing file /opt/airflow/dags/scd.py for tasks to queue
[2026-07-20T11:58:28.967+0000] {logging_mixin.py:188} INFO - [2026-07-20T11:58:28.966+0000] {dagbag.py:545} INFO - Filling up the DagBag from /opt/airflow/dags/scd.py
[2026-07-20T11:58:28.997+0000] {processor.py:840} INFO - DAG(s) 'SCD2_snapshots' retrieved from /opt/airflow/dags/scd.py
[2026-07-20T11:58:29.039+0000] {logging_mixin.py:188} INFO - [2026-07-20T11:58:29.039+0000] {dag.py:3089} INFO - Sync 1 DAGs
[2026-07-20T11:58:29.073+0000] {logging_mixin.py:188} INFO - [2026-07-20T11:58:29.073+0000] {dag.py:3947} INFO - Setting next_dagrun for SCD2_snapshots to 2026-07-20 00:00:00+00:00, run_after=2026-07-21 00:00:00+00:00
[2026-07-20T11:58:29.102+0000] {processor.py:183} INFO - Processing /opt/airflow/dags/scd.py took 0.147 seconds
[2026-07-20T11:58:59.249+0000] {processor.py:161} INFO - Started process (PID=595) to work on /opt/airflow/dags/scd.py
[2026-07-20T11:58:59.250+0000] {processor.py:830} INFO - Processing file /opt/airflow/dags/scd.py for tasks to queue
[2026-07-20T11:58:59.252+0000] {logging_mixin.py:188} INFO - [2026-07-20T11:58:59.252+0000] {dagbag.py:545} INFO - Filling up the DagBag from /opt/airflow/dags/scd.py
[2026-07-20T11:58:59.286+0000] {processor.py:840} INFO - DAG(s) 'SCD2_snapshots' retrieved from /opt/airflow/dags/scd.py
[2026-07-20T11:58:59.335+0000] {logging_mixin.py:188} INFO - [2026-07-20T11:58:59.335+0000] {dag.py:3089} INFO - Sync 1 DAGs
[2026-07-20T11:58:59.371+0000] {logging_mixin.py:188} INFO - [2026-07-20T11:58:59.370+0000] {dag.py:3947} INFO - Setting next_dagrun for SCD2_snapshots to 2026-07-20 00:00:00+00:00, run_after=2026-07-21 00:00:00+00:00
[2026-07-20T11:58:59.400+0000] {processor.py:183} INFO - Processing /opt/airflow/dags/scd.py took 0.158 seconds
[2026-07-20T11:59:29.735+0000] {processor.py:161} INFO - Started process (PID=600) to work on /opt/airflow/dags/scd.py
[2026-07-20T11:59:29.738+0000] {processor.py:830} INFO - Processing file /opt/airflow/dags/scd.py for tasks to queue
[2026-07-20T11:59:29.740+0000] {logging_mixin.py:188} INFO - [2026-07-20T11:59:29.740+0000] {dagbag.py:545} INFO - Filling up the DagBag from /opt/airflow/dags/scd.py
[2026-07-20T11:59:29.773+0000] {processor.py:840} INFO - DAG(s) 'SCD2_snapshots' retrieved from /opt/airflow/dags/scd.py
[2026-07-20T11:59:29.819+0000] {logging_mixin.py:188} INFO - [2026-07-20T11:59:29.818+0000] {dag.py:3089} INFO - Sync 1 DAGs
[2026-07-20T11:59:29.858+0000] {logging_mixin.py:188} INFO - [2026-07-20T11:59:29.858+0000] {dag.py:3947} INFO - Setting next_dagrun for SCD2_snapshots to 2026-07-20 00:00:00+00:00, run_after=2026-07-21 00:00:00+00:00
[2026-07-20T11:59:29.896+0000] {processor.py:183} INFO - Processing /opt/airflow/dags/scd.py took 0.168 seconds
[2026-07-20T12:00:00.200+0000] {processor.py:161} INFO - Started process (PID=605) to work on /opt/airflow/dags/scd.py
[2026-07-20T12:00:00.201+0000] {processor.py:830} INFO - Processing file /opt/airflow/dags/scd.py for tasks to queue
[2026-07-20T12:00:00.203+0000] {logging_mixin.py:188} INFO - [2026-07-20T12:00:00.203+0000] {dagbag.py:545} INFO - Filling up the DagBag from /opt/airflow/dags/scd.py
[2026-07-20T12:00:00.238+0000] {processor.py:840} INFO - DAG(s) 'SCD2_snapshots' retrieved from /opt/airflow/dags/scd.py
[2026-07-20T12:00:00.278+0000] {logging_mixin.py:188} INFO - [2026-07-20T12:00:00.277+0000] {dag.py:3089} INFO - Sync 1 DAGs
[2026-07-20T12:00:00.304+0000] {logging_mixin.py:188} INFO - [2026-07-20T12:00:00.303+0000] {dag.py:3947} INFO - Setting next_dagrun for SCD2_snapshots to 2026-07-20 00:00:00+00:00, run_after=2026-07-21 00:00:00+00:00
[2026-07-20T12:00:00.331+0000] {processor.py:183} INFO - Processing /opt/airflow/dags/scd.py took 0.139 seconds
[2026-07-20T12:00:30.627+0000] {processor.py:161} INFO - Started process (PID=610) to work on /opt/airflow/dags/scd.py
[2026-07-20T12:00:30.629+0000] {processor.py:830} INFO - Processing file /opt/airflow/dags/scd.py for tasks to queue
[2026-07-20T12:00:30.633+0000] {logging_mixin.py:188} INFO - [2026-07-20T12:00:30.633+0000] {dagbag.py:545} INFO - Filling up the DagBag from /opt/airflow/dags/scd.py
[2026-07-20T12:00:30.671+0000] {processor.py:840} INFO - DAG(s) 'SCD2_snapshots' retrieved from /opt/airflow/dags/scd.py
[2026-07-20T12:00:30.723+0000] {logging_mixin.py:188} INFO - [2026-07-20T12:00:30.722+0000] {dag.py:3089} INFO - Sync 1 DAGs
[2026-07-20T12:00:30.753+0000] {logging_mixin.py:188} INFO - [2026-07-20T12:00:30.753+0000] {dag.py:3947} INFO - Setting next_dagrun for SCD2_snapshots to 2026-07-20 00:00:00+00:00, run_after=2026-07-21 00:00:00+00:00
[2026-07-20T12:00:30.779+0000] {processor.py:183} INFO - Processing /opt/airflow/dags/scd.py took 0.163 seconds
[2026-07-20T12:01:00.888+0000] {processor.py:161} INFO - Started process (PID=615) to work on /opt/airflow/dags/scd.py
[2026-07-20T12:01:00.889+0000] {processor.py:830} INFO - Processing file /opt/airflow/dags/scd.py for tasks to queue
[2026-07-20T12:01:00.892+0000] {logging_mixin.py:188} INFO - [2026-07-20T12:01:00.891+0000] {dagbag.py:545} INFO - Filling up the DagBag from /opt/airflow/dags/scd.py
[2026-07-20T12:01:00.920+0000] {processor.py:840} INFO - DAG(s) 'SCD2_snapshots' retrieved from /opt/airflow/dags/scd.py
[2026-07-20T12:01:00.962+0000] {logging_mixin.py:188} INFO - [2026-07-20T12:01:00.962+0000] {dag.py:3089} INFO - Sync 1 DAGs
[2026-07-20T12:01:00.992+0000] {logging_mixin.py:188} INFO - [2026-07-20T12:01:00.991+0000] {dag.py:3947} INFO - Setting next_dagrun for SCD2_snapshots to 2026-07-20 00:00:00+00:00, run_after=2026-07-21 00:00:00+00:00
[2026-07-20T12:01:01.018+0000] {processor.py:183} INFO - Processing /opt/airflow/dags/scd.py took 0.138 seconds
[2026-07-20T12:01:31.247+0000] {processor.py:161} INFO - Started process (PID=620) to work on /opt/airflow/dags/scd.py
[2026-07-20T12:01:31.248+0000] {processor.py:830} INFO - Processing file /opt/airflow/dags/scd.py for tasks to queue
[2026-07-20T12:01:31.250+0000] {logging_mixin.py:188} INFO - [2026-07-20T12:01:31.250+0000] {dagbag.py:545} INFO - Filling up the DagBag from /opt/airflow/dags/scd.py
[2026-07-20T12:01:31.281+0000] {processor.py:840} INFO - DAG(s) 'SCD2_snapshots' retrieved from /opt/airflow/dags/scd.py
[2026-07-20T12:01:31.317+0000] {logging_mixin.py:188} INFO - [2026-07-20T12:01:31.317+0000] {dag.py:3089} INFO - Sync 1 DAGs
[2026-07-20T12:01:31.347+0000] {logging_mixin.py:188} INFO - [2026-07-20T12:01:31.347+0000] {dag.py:3947} INFO - Setting next_dagrun for SCD2_snapshots to 2026-07-20 00:00:00+00:00, run_after=2026-07-21 00:00:00+00:00
[2026-07-20T12:01:31.373+0000] {processor.py:183} INFO - Processing /opt/airflow/dags/scd.py took 0.135 seconds
[2026-07-20T12:02:01.578+0000] {processor.py:161} INFO - Started process (PID=625) to work on /opt/airflow/dags/scd.py
[2026-07-20T12:02:01.582+0000] {processor.py:830} INFO - Processing file /opt/airflow/dags/scd.py for tasks to queue
[2026-07-20T12:02:01.585+0000] {logging_mixin.py:188} INFO - [2026-07-20T12:02:01.585+0000] {dagbag.py:545} INFO - Filling up the DagBag from /opt/airflow/dags/scd.py
[2026-07-20T12:02:01.632+0000] {processor.py:840} INFO - DAG(s) 'SCD2_snapshots' retrieved from /opt/airflow/dags/scd.py
[2026-07-20T12:02:01.752+0000] {logging_mixin.py:188} INFO - [2026-07-20T12:02:01.751+0000] {dag.py:3089} INFO - Sync 1 DAGs
[2026-07-20T12:02:01.824+0000] {logging_mixin.py:188} INFO - [2026-07-20T12:02:01.823+0000] {dag.py:3947} INFO - Setting next_dagrun for SCD2_snapshots to 2026-07-20 00:00:00+00:00, run_after=2026-07-21 00:00:00+00:00
[2026-07-20T12:02:01.867+0000] {processor.py:183} INFO - Processing /opt/airflow/dags/scd.py took 0.302 seconds
[2026-07-20T12:02:32.213+0000] {processor.py:161} INFO - Started process (PID=630) to work on /opt/airflow/dags/scd.py
[2026-07-20T12:02:32.216+0000] {processor.py:830} INFO - Processing file /opt/airflow/dags/scd.py for tasks to queue
[2026-07-20T12:02:32.218+0000] {logging_mixin.py:188} INFO - [2026-07-20T12:02:32.218+0000] {dagbag.py:545} INFO - Filling up the DagBag from /opt/airflow/dags/scd.py
[2026-07-20T12:02:32.244+0000] {processor.py:840} INFO - DAG(s) 'SCD2_snapshots' retrieved from /opt/airflow/dags/scd.py
[2026-07-20T12:02:32.281+0000] {logging_mixin.py:188} INFO - [2026-07-20T12:02:32.281+0000] {dag.py:3089} INFO - Sync 1 DAGs
[2026-07-20T12:02:32.306+0000] {logging_mixin.py:188} INFO - [2026-07-20T12:02:32.306+0000] {dag.py:3947} INFO - Setting next_dagrun for SCD2_snapshots to 2026-07-20 00:00:00+00:00, run_after=2026-07-21 00:00:00+00:00
[2026-07-20T12:02:32.329+0000] {processor.py:183} INFO - Processing /opt/airflow/dags/scd.py took 0.124 seconds
[2026-07-20T12:03:02.415+0000] {processor.py:161} INFO - Started process (PID=635) to work on /opt/airflow/dags/scd.py
[2026-07-20T12:03:02.416+0000] {processor.py:830} INFO - Processing file /opt/airflow/dags/scd.py for tasks to queue
[2026-07-20T12:03:02.419+0000] {logging_mixin.py:188} INFO - [2026-07-20T12:03:02.419+0000] {dagbag.py:545} INFO - Filling up the DagBag from /opt/airflow/dags/scd.py
[2026-07-20T12:03:02.452+0000] {processor.py:840} INFO - DAG(s) 'SCD2_snapshots' retrieved from /opt/airflow/dags/scd.py
[2026-07-20T12:03:02.494+0000] {logging_mixin.py:188} INFO - [2026-07-20T12:03:02.494+0000] {dag.py:3089} INFO - Sync 1 DAGs
[2026-07-20T12:03:02.522+0000] {logging_mixin.py:188} INFO - [2026-07-20T12:03:02.522+0000] {dag.py:3947} INFO - Setting next_dagrun for SCD2_snapshots to 2026-07-20 00:00:00+00:00, run_after=2026-07-21 00:00:00+00:00
[2026-07-20T12:03:02.545+0000] {processor.py:183} INFO - Processing /opt/airflow/dags/scd.py took 0.138 seconds
[2026-07-20T12:03:32.797+0000] {processor.py:161} INFO - Started process (PID=640) to work on /opt/airflow/dags/scd.py
[2026-07-20T12:03:32.799+0000] {processor.py:830} INFO - Processing file /opt/airflow/dags/scd.py for tasks to queue
[2026-07-20T12:03:32.802+0000] {logging_mixin.py:188} INFO - [2026-07-20T12:03:32.802+0000] {dagbag.py:545} INFO - Filling up the DagBag from /opt/airflow/dags/scd.py
[2026-07-20T12:03:32.836+0000] {processor.py:840} INFO - DAG(s) 'SCD2_snapshots' retrieved from /opt/airflow/dags/scd.py
[2026-07-20T12:03:32.887+0000] {logging_mixin.py:188} INFO - [2026-07-20T12:03:32.886+0000] {dag.py:3089} INFO - Sync 1 DAGs
[2026-07-20T12:03:32.919+0000] {logging_mixin.py:188} INFO - [2026-07-20T12:03:32.919+0000] {dag.py:3947} INFO - Setting next_dagrun for SCD2_snapshots to 2026-07-20 00:00:00+00:00, run_after=2026-07-21 00:00:00+00:00
[2026-07-20T12:03:32.947+0000] {processor.py:183} INFO - Processing /opt/airflow/dags/scd.py took 0.160 seconds
[2026-07-20T12:04:03.258+0000] {processor.py:161} INFO - Started process (PID=645) to work on /opt/airflow/dags/scd.py
[2026-07-20T12:04:03.260+0000] {processor.py:830} INFO - Processing file /opt/airflow/dags/scd.py for tasks to queue
[2026-07-20T12:04:03.266+0000] {logging_mixin.py:188} INFO - [2026-07-20T12:04:03.264+0000] {dagbag.py:545} INFO - Filling up the DagBag from /opt/airflow/dags/scd.py
[2026-07-20T12:04:03.304+0000] {processor.py:840} INFO - DAG(s) 'SCD2_snapshots' retrieved from /opt/airflow/dags/scd.py
[2026-07-20T12:04:03.350+0000] {logging_mixin.py:188} INFO - [2026-07-20T12:04:03.350+0000] {dag.py:3089} INFO - Sync 1 DAGs
[2026-07-20T12:04:03.380+0000] {logging_mixin.py:188} INFO - [2026-07-20T12:04:03.380+0000] {dag.py:3947} INFO - Setting next_dagrun for SCD2_snapshots to 2026-07-20 00:00:00+00:00, run_after=2026-07-21 00:00:00+00:00
[2026-07-20T12:04:03.404+0000] {processor.py:183} INFO - Processing /opt/airflow/dags/scd.py took 0.161 seconds
[2026-07-20T12:04:33.679+0000] {processor.py:161} INFO - Started process (PID=650) to work on /opt/airflow/dags/scd.py
[2026-07-20T12:04:33.681+0000] {processor.py:830} INFO - Processing file /opt/airflow/dags/scd.py for tasks to queue
[2026-07-20T12:04:33.684+0000] {logging_mixin.py:188} INFO - [2026-07-20T12:04:33.684+0000] {dagbag.py:545} INFO - Filling up the DagBag from /opt/airflow/dags/scd.py
[2026-07-20T12:04:33.711+0000] {processor.py:840} INFO - DAG(s) 'SCD2_snapshots' retrieved from /opt/airflow/dags/scd.py
[2026-07-20T12:04:33.749+0000] {logging_mixin.py:188} INFO - [2026-07-20T12:04:33.749+0000] {dag.py:3089} INFO - Sync 1 DAGs
[2026-07-20T12:04:33.778+0000] {logging_mixin.py:188} INFO - [2026-07-20T12:04:33.778+0000] {dag.py:3947} INFO - Setting next_dagrun for SCD2_snapshots to 2026-07-20 00:00:00+00:00, run_after=2026-07-21 00:00:00+00:00
[2026-07-20T12:04:33.801+0000] {processor.py:183} INFO - Processing /opt/airflow/dags/scd.py took 0.129 seconds
[2026-07-20T12:05:04.084+0000] {processor.py:161} INFO - Started process (PID=655) to work on /opt/airflow/dags/scd.py
[2026-07-20T12:05:04.085+0000] {processor.py:830} INFO - Processing file /opt/airflow/dags/scd.py for tasks to queue
[2026-07-20T12:05:04.088+0000] {logging_mixin.py:188} INFO - [2026-07-20T12:05:04.088+0000] {dagbag.py:545} INFO - Filling up the DagBag from /opt/airflow/dags/scd.py
[2026-07-20T12:05:04.119+0000] {processor.py:840} INFO - DAG(s) 'SCD2_snapshots' retrieved from /opt/airflow/dags/scd.py
[2026-07-20T12:05:04.158+0000] {logging_mixin.py:188} INFO - [2026-07-20T12:05:04.157+0000] {dag.py:3089} INFO - Sync 1 DAGs
[2026-07-20T12:05:04.185+0000] {logging_mixin.py:188} INFO - [2026-07-20T12:05:04.185+0000] {dag.py:3947} INFO - Setting next_dagrun for SCD2_snapshots to 2026-07-20 00:00:00+00:00, run_after=2026-07-21 00:00:00+00:00
[2026-07-20T12:05:04.212+0000] {processor.py:183} INFO - Processing /opt/airflow/dags/scd.py took 0.137 seconds
[2026-07-20T12:05:34.326+0000] {processor.py:161} INFO - Started process (PID=660) to work on /opt/airflow/dags/scd.py
[2026-07-20T12:05:34.328+0000] {processor.py:830} INFO - Processing file /opt/airflow/dags/scd.py for tasks to queue
[2026-07-20T12:05:34.330+0000] {logging_mixin.py:188} INFO - [2026-07-20T12:05:34.329+0000] {dagbag.py:545} INFO - Filling up the DagBag from /opt/airflow/dags/scd.py
[2026-07-20T12:05:34.356+0000] {processor.py:840} INFO - DAG(s) 'SCD2_snapshots' retrieved from /opt/airflow/dags/scd.py
[2026-07-20T12:05:34.394+0000] {logging_mixin.py:188} INFO - [2026-07-20T12:05:34.394+0000] {dag.py:3089} INFO - Sync 1 DAGs
[2026-07-20T12:05:34.420+0000] {logging_mixin.py:188} INFO - [2026-07-20T12:05:34.420+0000] {dag.py:3947} INFO - Setting next_dagrun for SCD2_snapshots to 2026-07-20 00:00:00+00:00, run_after=2026-07-21 00:00:00+00:00
[2026-07-20T12:05:34.446+0000] {processor.py:183} INFO - Processing /opt/airflow/dags/scd.py took 0.126 seconds
[2026-07-20T12:06:04.620+0000] {processor.py:161} INFO - Started process (PID=665) to work on /opt/airflow/dags/scd.py
[2026-07-20T12:06:04.621+0000] {processor.py:830} INFO - Processing file /opt/airflow/dags/scd.py for tasks to queue
[2026-07-20T12:06:04.624+0000] {logging_mixin.py:188} INFO - [2026-07-20T12:06:04.623+0000] {dagbag.py:545} INFO - Filling up the DagBag from /opt/airflow/dags/scd.py
[2026-07-20T12:06:04.649+0000] {processor.py:840} INFO - DAG(s) 'SCD2_snapshots' retrieved from /opt/airflow/dags/scd.py
[2026-07-20T12:06:04.686+0000] {logging_mixin.py:188} INFO - [2026-07-20T12:06:04.685+0000] {dag.py:3089} INFO - Sync 1 DAGs
[2026-07-20T12:06:04.713+0000] {logging_mixin.py:188} INFO - [2026-07-20T12:06:04.713+0000] {dag.py:3947} INFO - Setting next_dagrun for SCD2_snapshots to 2026-07-20 00:00:00+00:00, run_after=2026-07-21 00:00:00+00:00
[2026-07-20T12:06:04.735+0000] {processor.py:183} INFO - Processing /opt/airflow/dags/scd.py took 0.123 seconds
[2026-07-20T12:06:34.945+0000] {processor.py:161} INFO - Started process (PID=670) to work on /opt/airflow/dags/scd.py
[2026-07-20T12:06:34.946+0000] {processor.py:830} INFO - Processing file /opt/airflow/dags/scd.py for tasks to queue
[2026-07-20T12:06:34.948+0000] {logging_mixin.py:188} INFO - [2026-07-20T12:06:34.948+0000] {dagbag.py:545} INFO - Filling up the DagBag from /opt/airflow/dags/scd.py
[2026-07-20T12:06:34.976+0000] {processor.py:840} INFO - DAG(s) 'SCD2_snapshots' retrieved from /opt/airflow/dags/scd.py
[2026-07-20T12:06:35.012+0000] {logging_mixin.py:188} INFO - [2026-07-20T12:06:35.012+0000] {dag.py:3089} INFO - Sync 1 DAGs
[2026-07-20T12:06:35.038+0000] {logging_mixin.py:188} INFO - [2026-07-20T12:06:35.038+0000] {dag.py:3947} INFO - Setting next_dagrun for SCD2_snapshots to 2026-07-20 00:00:00+00:00, run_after=2026-07-21 00:00:00+00:00
[2026-07-20T12:06:35.064+0000] {processor.py:183} INFO - Processing /opt/airflow/dags/scd.py took 0.127 seconds
[2026-07-20T12:07:05.142+0000] {processor.py:161} INFO - Started process (PID=675) to work on /opt/airflow/dags/scd.py
[2026-07-20T12:07:05.144+0000] {processor.py:830} INFO - Processing file /opt/airflow/dags/scd.py for tasks to queue
[2026-07-20T12:07:05.146+0000] {logging_mixin.py:188} INFO - [2026-07-20T12:07:05.145+0000] {dagbag.py:545} INFO - Filling up the DagBag from /opt/airflow/dags/scd.py
[2026-07-20T12:07:05.171+0000] {processor.py:840} INFO - DAG(s) 'SCD2_snapshots' retrieved from /opt/airflow/dags/scd.py
[2026-07-20T12:07:05.208+0000] {logging_mixin.py:188} INFO - [2026-07-20T12:07:05.208+0000] {dag.py:3089} INFO - Sync 1 DAGs
[2026-07-20T12:07:05.233+0000] {logging_mixin.py:188} INFO - [2026-07-20T12:07:05.233+0000] {dag.py:3947} INFO - Setting next_dagrun for SCD2_snapshots to 2026-07-20 00:00:00+00:00, run_after=2026-07-21 00:00:00+00:00
[2026-07-20T12:07:05.255+0000] {processor.py:183} INFO - Processing /opt/airflow/dags/scd.py took 0.120 seconds
[2026-07-20T12:07:35.335+0000] {processor.py:161} INFO - Started process (PID=680) to work on /opt/airflow/dags/scd.py
[2026-07-20T12:07:35.336+0000] {processor.py:830} INFO - Processing file /opt/airflow/dags/scd.py for tasks to queue
[2026-07-20T12:07:35.339+0000] {logging_mixin.py:188} INFO - [2026-07-20T12:07:35.339+0000] {dagbag.py:545} INFO - Filling up the DagBag from /opt/airflow/dags/scd.py
[2026-07-20T12:07:35.373+0000] {processor.py:840} INFO - DAG(s) 'SCD2_snapshots' retrieved from /opt/airflow/dags/scd.py
[2026-07-20T12:07:35.414+0000] {logging_mixin.py:188} INFO - [2026-07-20T12:07:35.414+0000] {dag.py:3089} INFO - Sync 1 DAGs
[2026-07-20T12:07:35.443+0000] {logging_mixin.py:188} INFO - [2026-07-20T12:07:35.443+0000] {dag.py:3947} INFO - Setting next_dagrun for SCD2_snapshots to 2026-07-20 00:00:00+00:00, run_after=2026-07-21 00:00:00+00:00
[2026-07-20T12:07:35.467+0000] {processor.py:183} INFO - Processing /opt/airflow/dags/scd.py took 0.140 seconds
[2026-07-20T12:08:05.864+0000] {processor.py:161} INFO - Started process (PID=685) to work on /opt/airflow/dags/scd.py
[2026-07-20T12:08:05.866+0000] {processor.py:830} INFO - Processing file /opt/airflow/dags/scd.py for tasks to queue
[2026-07-20T12:08:05.869+0000] {logging_mixin.py:188} INFO - [2026-07-20T12:08:05.868+0000] {dagbag.py:545} INFO - Filling up the DagBag from /opt/airflow/dags/scd.py
[2026-07-20T12:08:05.893+0000] {processor.py:840} INFO - DAG(s) 'SCD2_snapshots' retrieved from /opt/airflow/dags/scd.py
[2026-07-20T12:08:05.929+0000] {logging_mixin.py:188} INFO - [2026-07-20T12:08:05.929+0000] {dag.py:3089} INFO - Sync 1 DAGs
[2026-07-20T12:08:05.955+0000] {logging_mixin.py:188} INFO - [2026-07-20T12:08:05.954+0000] {dag.py:3947} INFO - Setting next_dagrun for SCD2_snapshots to 2026-07-20 00:00:00+00:00, run_after=2026-07-21 00:00:00+00:00
[2026-07-20T12:08:05.976+0000] {processor.py:183} INFO - Processing /opt/airflow/dags/scd.py took 0.119 seconds
[2026-07-20T12:08:36.075+0000] {processor.py:161} INFO - Started process (PID=690) to work on /opt/airflow/dags/scd.py
[2026-07-20T12:08:36.076+0000] {processor.py:830} INFO - Processing file /opt/airflow/dags/scd.py for tasks to queue
[2026-07-20T12:08:36.078+0000] {logging_mixin.py:188} INFO - [2026-07-20T12:08:36.078+0000] {dagbag.py:545} INFO - Filling up the DagBag from /opt/airflow/dags/scd.py
[2026-07-20T12:08:36.107+0000] {processor.py:840} INFO - DAG(s) 'SCD2_snapshots' retrieved from /opt/airflow/dags/scd.py
[2026-07-20T12:08:36.146+0000] {logging_mixin.py:188} INFO - [2026-07-20T12:08:36.145+0000] {dag.py:3089} INFO - Sync 1 DAGs
[2026-07-20T12:08:36.171+0000] {logging_mixin.py:188} INFO - [2026-07-20T12:08:36.171+0000] {dag.py:3947} INFO - Setting next_dagrun for SCD2_snapshots to 2026-07-20 00:00:00+00:00, run_after=2026-07-21 00:00:00+00:00
[2026-07-20T12:08:36.192+0000] {processor.py:183} INFO - Processing /opt/airflow/dags/scd.py took 0.127 seconds
[2026-07-20T12:09:06.366+0000] {processor.py:161} INFO - Started process (PID=691) to work on /opt/airflow/dags/scd.py
[2026-07-20T12:09:06.367+0000] {processor.py:830} INFO - Processing file /opt/airflow/dags/scd.py for tasks to queue
[2026-07-20T12:09:06.371+0000] {logging_mixin.py:188} INFO - [2026-07-20T12:09:06.370+0000] {dagbag.py:545} INFO - Filling up the DagBag from /opt/airflow/dags/scd.py
[2026-07-20T12:09:06.405+0000] {processor.py:840} INFO - DAG(s) 'SCD2_snapshots' retrieved from /opt/airflow/dags/scd.py
[2026-07-20T12:09:06.447+0000] {logging_mixin.py:188} INFO - [2026-07-20T12:09:06.447+0000] {dag.py:3089} INFO - Sync 1 DAGs
[2026-07-20T12:09:06.480+0000] {logging_mixin.py:188} INFO - [2026-07-20T12:09:06.479+0000] {dag.py:3947} INFO - Setting next_dagrun for SCD2_snapshots to 2026-07-20 00:00:00+00:00, run_after=2026-07-21 00:00:00+00:00
[2026-07-20T12:09:06.507+0000] {processor.py:183} INFO - Processing /opt/airflow/dags/scd.py took 0.149 seconds
[2026-07-20T12:09:36.841+0000] {processor.py:161} INFO - Started process (PID=696) to work on /opt/airflow/dags/scd.py
[2026-07-20T12:09:36.842+0000] {processor.py:830} INFO - Processing file /opt/airflow/dags/scd.py for tasks to queue
[2026-07-20T12:09:36.845+0000] {logging_mixin.py:188} INFO - [2026-07-20T12:09:36.845+0000] {dagbag.py:545} INFO - Filling up the DagBag from /opt/airflow/dags/scd.py
[2026-07-20T12:09:36.874+0000] {processor.py:840} INFO - DAG(s) 'SCD2_snapshots' retrieved from /opt/airflow/dags/scd.py
[2026-07-20T12:09:36.913+0000] {logging_mixin.py:188} INFO - [2026-07-20T12:09:36.913+0000] {dag.py:3089} INFO - Sync 1 DAGs
[2026-07-20T12:09:36.941+0000] {logging_mixin.py:188} INFO - [2026-07-20T12:09:36.940+0000] {dag.py:3947} INFO - Setting next_dagrun for SCD2_snapshots to 2026-07-20 00:00:00+00:00, run_after=2026-07-21 00:00:00+00:00
[2026-07-20T12:09:36.965+0000] {processor.py:183} INFO - Processing /opt/airflow/dags/scd.py took 0.132 seconds
[2026-07-20T12:10:07.131+0000] {processor.py:161} INFO - Started process (PID=701) to work on /opt/airflow/dags/scd.py
[2026-07-20T12:10:07.132+0000] {processor.py:830} INFO - Processing file /opt/airflow/dags/scd.py for tasks to queue
[2026-07-20T12:10:07.135+0000] {logging_mixin.py:188} INFO - [2026-07-20T12:10:07.135+0000] {dagbag.py:545} INFO - Filling up the DagBag from /opt/airflow/dags/scd.py
[2026-07-20T12:10:07.160+0000] {processor.py:840} INFO - DAG(s) 'SCD2_snapshots' retrieved from /opt/airflow/dags/scd.py
[2026-07-20T12:10:07.196+0000] {logging_mixin.py:188} INFO - [2026-07-20T12:10:07.196+0000] {dag.py:3089} INFO - Sync 1 DAGs
[2026-07-20T12:10:07.221+0000] {logging_mixin.py:188} INFO - [2026-07-20T12:10:07.221+0000] {dag.py:3947} INFO - Setting next_dagrun for SCD2_snapshots to 2026-07-20 00:00:00+00:00, run_after=2026-07-21 00:00:00+00:00
[2026-07-20T12:10:07.245+0000] {processor.py:183} INFO - Processing /opt/airflow/dags/scd.py took 0.122 seconds
[2026-07-20T12:10:37.420+0000] {processor.py:161} INFO - Started process (PID=706) to work on /opt/airflow/dags/scd.py
[2026-07-20T12:10:37.421+0000] {processor.py:830} INFO - Processing file /opt/airflow/dags/scd.py for tasks to queue
[2026-07-20T12:10:37.424+0000] {logging_mixin.py:188} INFO - [2026-07-20T12:10:37.424+0000] {dagbag.py:545} INFO - Filling up the DagBag from /opt/airflow/dags/scd.py
[2026-07-20T12:10:37.451+0000] {processor.py:840} INFO - DAG(s) 'SCD2_snapshots' retrieved from /opt/airflow/dags/scd.py
[2026-07-20T12:10:37.489+0000] {logging_mixin.py:188} INFO - [2026-07-20T12:10:37.489+0000] {dag.py:3089} INFO - Sync 1 DAGs
[2026-07-20T12:10:37.517+0000] {logging_mixin.py:188} INFO - [2026-07-20T12:10:37.516+0000] {dag.py:3947} INFO - Setting next_dagrun for SCD2_snapshots to 2026-07-20 00:00:00+00:00, run_after=2026-07-21 00:00:00+00:00
[2026-07-20T12:10:37.542+0000] {processor.py:183} INFO - Processing /opt/airflow/dags/scd.py took 0.129 seconds
[2026-07-20T12:11:07.712+0000] {processor.py:161} INFO - Started process (PID=711) to work on /opt/airflow/dags/scd.py
[2026-07-20T12:11:07.713+0000] {processor.py:830} INFO - Processing file /opt/airflow/dags/scd.py for tasks to queue
[2026-07-20T12:11:07.716+0000] {logging_mixin.py:188} INFO - [2026-07-20T12:11:07.716+0000] {dagbag.py:545} INFO - Filling up the DagBag from /opt/airflow/dags/scd.py
[2026-07-20T12:11:07.744+0000] {processor.py:840} INFO - DAG(s) 'SCD2_snapshots' retrieved from /opt/airflow/dags/scd.py
[2026-07-20T12:11:07.781+0000] {logging_mixin.py:188} INFO - [2026-07-20T12:11:07.781+0000] {dag.py:3089} INFO - Sync 1 DAGs
[2026-07-20T12:11:07.808+0000] {logging_mixin.py:188} INFO - [2026-07-20T12:11:07.808+0000] {dag.py:3947} INFO - Setting next_dagrun for SCD2_snapshots to 2026-07-20 00:00:00+00:00, run_after=2026-07-21 00:00:00+00:00
[2026-07-20T12:11:07.831+0000] {processor.py:183} INFO - Processing /opt/airflow/dags/scd.py took 0.126 seconds
[2026-07-20T12:11:37.993+0000] {processor.py:161} INFO - Started process (PID=716) to work on /opt/airflow/dags/scd.py
[2026-07-20T12:11:37.995+0000] {processor.py:830} INFO - Processing file /opt/airflow/dags/scd.py for tasks to queue
[2026-07-20T12:11:37.998+0000] {logging_mixin.py:188} INFO - [2026-07-20T12:11:37.997+0000] {dagbag.py:545} INFO - Filling up the DagBag from /opt/airflow/dags/scd.py
[2026-07-20T12:11:38.024+0000] {processor.py:840} INFO - DAG(s) 'SCD2_snapshots' retrieved from /opt/airflow/dags/scd.py
[2026-07-20T12:11:38.074+0000] {logging_mixin.py:188} INFO - [2026-07-20T12:11:38.074+0000] {dag.py:3089} INFO - Sync 1 DAGs
[2026-07-20T12:11:38.111+0000] {logging_mixin.py:188} INFO - [2026-07-20T12:11:38.111+0000] {dag.py:3947} INFO - Setting next_dagrun for SCD2_snapshots to 2026-07-20 00:00:00+00:00, run_after=2026-07-21 00:00:00+00:00
[2026-07-20T12:11:38.143+0000] {processor.py:183} INFO - Processing /opt/airflow/dags/scd.py took 0.157 seconds
[2026-07-20T12:12:08.330+0000] {processor.py:161} INFO - Started process (PID=721) to work on /opt/airflow/dags/scd.py
[2026-07-20T12:12:08.332+0000] {processor.py:830} INFO - Processing file /opt/airflow/dags/scd.py for tasks to queue
[2026-07-20T12:12:08.335+0000] {logging_mixin.py:188} INFO - [2026-07-20T12:12:08.335+0000] {dagbag.py:545} INFO - Filling up the DagBag from /opt/airflow/dags/scd.py
[2026-07-20T12:12:08.385+0000] {processor.py:840} INFO - DAG(s) 'SCD2_snapshots' retrieved from /opt/airflow/dags/scd.py
[2026-07-20T12:12:08.438+0000] {logging_mixin.py:188} INFO - [2026-07-20T12:12:08.438+0000] {dag.py:3089} INFO - Sync 1 DAGs
[2026-07-20T12:12:08.469+0000] {logging_mixin.py:188} INFO - [2026-07-20T12:12:08.469+0000] {dag.py:3947} INFO - Setting next_dagrun for SCD2_snapshots to 2026-07-20 00:00:00+00:00, run_after=2026-07-21 00:00:00+00:00
[2026-07-20T12:12:08.498+0000] {processor.py:183} INFO - Processing /opt/airflow/dags/scd.py took 0.181 seconds
[2026-07-20T12:12:38.601+0000] {processor.py:161} INFO - Started process (PID=726) to work on /opt/airflow/dags/scd.py
[2026-07-20T12:12:38.602+0000] {processor.py:830} INFO - Processing file /opt/airflow/dags/scd.py for tasks to queue
[2026-07-20T12:12:38.605+0000] {logging_mixin.py:188} INFO - [2026-07-20T12:12:38.604+0000] {dagbag.py:545} INFO - Filling up the DagBag from /opt/airflow/dags/scd.py
[2026-07-20T12:12:38.630+0000] {processor.py:840} INFO - DAG(s) 'SCD2_snapshots' retrieved from /opt/airflow/dags/scd.py
[2026-07-20T12:12:38.668+0000] {logging_mixin.py:188} INFO - [2026-07-20T12:12:38.668+0000] {dag.py:3089} INFO - Sync 1 DAGs
[2026-07-20T12:12:38.696+0000] {logging_mixin.py:188} INFO - [2026-07-20T12:12:38.695+0000] {dag.py:3947} INFO - Setting next_dagrun for SCD2_snapshots to 2026-07-20 00:00:00+00:00, run_after=2026-07-21 00:00:00+00:00
[2026-07-20T12:12:38.720+0000] {processor.py:183} INFO - Processing /opt/airflow/dags/scd.py took 0.127 seconds
[2026-07-20T12:13:08.838+0000] {processor.py:161} INFO - Started process (PID=731) to work on /opt/airflow/dags/scd.py
[2026-07-20T12:13:08.839+0000] {processor.py:830} INFO - Processing file /opt/airflow/dags/scd.py for tasks to queue
[2026-07-20T12:13:08.842+0000] {logging_mixin.py:188} INFO - [2026-07-20T12:13:08.841+0000] {dagbag.py:545} INFO - Filling up the DagBag from /opt/airflow/dags/scd.py
[2026-07-20T12:13:08.868+0000] {processor.py:840} INFO - DAG(s) 'SCD2_snapshots' retrieved from /opt/airflow/dags/scd.py
[2026-07-20T12:13:08.904+0000] {logging_mixin.py:188} INFO - [2026-07-20T12:13:08.904+0000] {dag.py:3089} INFO - Sync 1 DAGs
[2026-07-20T12:13:08.929+0000] {logging_mixin.py:188} INFO - [2026-07-20T12:13:08.929+0000] {dag.py:3947} INFO - Setting next_dagrun for SCD2_snapshots to 2026-07-20 00:00:00+00:00, run_after=2026-07-21 00:00:00+00:00
[2026-07-20T12:13:08.952+0000] {processor.py:183} INFO - Processing /opt/airflow/dags/scd.py took 0.121 seconds
[2026-07-20T12:13:39.012+0000] {processor.py:161} INFO - Started process (PID=736) to work on /opt/airflow/dags/scd.py
[2026-07-20T12:13:39.013+0000] {processor.py:830} INFO - Processing file /opt/airflow/dags/scd.py for tasks to queue
[2026-07-20T12:13:39.016+0000] {logging_mixin.py:188} INFO - [2026-07-20T12:13:39.016+0000] {dagbag.py:545} INFO - Filling up the DagBag from /opt/airflow/dags/scd.py
[2026-07-20T12:13:39.047+0000] {processor.py:840} INFO - DAG(s) 'SCD2_snapshots' retrieved from /opt/airflow/dags/scd.py
[2026-07-20T12:13:39.086+0000] {logging_mixin.py:188} INFO - [2026-07-20T12:13:39.086+0000] {dag.py:3089} INFO - Sync 1 DAGs
[2026-07-20T12:13:39.114+0000] {logging_mixin.py:188} INFO - [2026-07-20T12:13:39.114+0000] {dag.py:3947} INFO - Setting next_dagrun for SCD2_snapshots to 2026-07-20 00:00:00+00:00, run_after=2026-07-21 00:00:00+00:00
[2026-07-20T12:13:39.138+0000] {processor.py:183} INFO - Processing /opt/airflow/dags/scd.py took 0.136 seconds
[2026-07-20T12:14:09.309+0000] {processor.py:161} INFO - Started process (PID=741) to work on /opt/airflow/dags/scd.py
[2026-07-20T12:14:09.310+0000] {processor.py:830} INFO - Processing file /opt/airflow/dags/scd.py for tasks to queue
[2026-07-20T12:14:09.313+0000] {logging_mixin.py:188} INFO - [2026-07-20T12:14:09.312+0000] {dagbag.py:545} INFO - Filling up the DagBag from /opt/airflow/dags/scd.py
[2026-07-20T12:14:09.339+0000] {processor.py:840} INFO - DAG(s) 'SCD2_snapshots' retrieved from /opt/airflow/dags/scd.py
[2026-07-20T12:14:09.383+0000] {logging_mixin.py:188} INFO - [2026-07-20T12:14:09.382+0000] {dag.py:3089} INFO - Sync 1 DAGs
[2026-07-20T12:14:09.407+0000] {logging_mixin.py:188} INFO - [2026-07-20T12:14:09.407+0000] {dag.py:3947} INFO - Setting next_dagrun for SCD2_snapshots to 2026-07-20 00:00:00+00:00, run_after=2026-07-21 00:00:00+00:00
[2026-07-20T12:14:09.429+0000] {processor.py:183} INFO - Processing /opt/airflow/dags/scd.py took 0.128 seconds
[2026-07-20T12:14:39.496+0000] {processor.py:161} INFO - Started process (PID=746) to work on /opt/airflow/dags/scd.py
[2026-07-20T12:14:39.497+0000] {processor.py:830} INFO - Processing file /opt/airflow/dags/scd.py for tasks to queue
[2026-07-20T12:14:39.500+0000] {logging_mixin.py:188} INFO - [2026-07-20T12:14:39.499+0000] {dagbag.py:545} INFO - Filling up the DagBag from /opt/airflow/dags/scd.py
[2026-07-20T12:14:39.528+0000] {processor.py:840} INFO - DAG(s) 'SCD2_snapshots' retrieved from /opt/airflow/dags/scd.py
[2026-07-20T12:14:39.573+0000] {logging_mixin.py:188} INFO - [2026-07-20T12:14:39.573+0000] {dag.py:3089} INFO - Sync 1 DAGs
[2026-07-20T12:14:39.601+0000] {logging_mixin.py:188} INFO - [2026-07-20T12:14:39.601+0000] {dag.py:3947} INFO - Setting next_dagrun for SCD2_snapshots to 2026-07-20 00:00:00+00:00, run_after=2026-07-21 00:00:00+00:00
[2026-07-20T12:14:39.625+0000] {processor.py:183} INFO - Processing /opt/airflow/dags/scd.py took 0.136 seconds
[2026-07-20T12:15:09.925+0000] {processor.py:161} INFO - Started process (PID=751) to work on /opt/airflow/dags/scd.py
[2026-07-20T12:15:09.927+0000] {processor.py:830} INFO - Processing file /opt/airflow/dags/scd.py for tasks to queue
[2026-07-20T12:15:09.929+0000] {logging_mixin.py:188} INFO - [2026-07-20T12:15:09.929+0000] {dagbag.py:545} INFO - Filling up the DagBag from /opt/airflow/dags/scd.py
[2026-07-20T12:15:09.955+0000] {processor.py:840} INFO - DAG(s) 'SCD2_snapshots' retrieved from /opt/airflow/dags/scd.py
[2026-07-20T12:15:09.993+0000] {logging_mixin.py:188} INFO - [2026-07-20T12:15:09.992+0000] {dag.py:3089} INFO - Sync 1 DAGs
[2026-07-20T12:15:10.018+0000] {logging_mixin.py:188} INFO - [2026-07-20T12:15:10.018+0000] {dag.py:3947} INFO - Setting next_dagrun for SCD2_snapshots to 2026-07-20 00:00:00+00:00, run_after=2026-07-21 00:00:00+00:00
[2026-07-20T12:15:10.044+0000] {processor.py:183} INFO - Processing /opt/airflow/dags/scd.py took 0.125 seconds
[2026-07-20T12:15:40.118+0000] {processor.py:161} INFO - Started process (PID=756) to work on /opt/airflow/dags/scd.py
[2026-07-20T12:15:40.119+0000] {processor.py:830} INFO - Processing file /opt/airflow/dags/scd.py for tasks to queue
[2026-07-20T12:15:40.121+0000] {logging_mixin.py:188} INFO - [2026-07-20T12:15:40.121+0000] {dagbag.py:545} INFO - Filling up the DagBag from /opt/airflow/dags/scd.py
[2026-07-20T12:15:40.149+0000] {processor.py:840} INFO - DAG(s) 'SCD2_snapshots' retrieved from /opt/airflow/dags/scd.py
[2026-07-20T12:15:40.187+0000] {logging_mixin.py:188} INFO - [2026-07-20T12:15:40.187+0000] {dag.py:3089} INFO - Sync 1 DAGs
[2026-07-20T12:15:40.213+0000] {logging_mixin.py:188} INFO - [2026-07-20T12:15:40.213+0000] {dag.py:3947} INFO - Setting next_dagrun for SCD2_snapshots to 2026-07-20 00:00:00+00:00, run_after=2026-07-21 00:00:00+00:00
[2026-07-20T12:15:40.236+0000] {processor.py:183} INFO - Processing /opt/airflow/dags/scd.py took 0.128 seconds
[2026-07-20T12:16:10.541+0000] {processor.py:161} INFO - Started process (PID=761) to work on /opt/airflow/dags/scd.py
[2026-07-20T12:16:10.543+0000] {processor.py:830} INFO - Processing file /opt/airflow/dags/scd.py for tasks to queue
[2026-07-20T12:16:10.546+0000] {logging_mixin.py:188} INFO - [2026-07-20T12:16:10.546+0000] {dagbag.py:545} INFO - Filling up the DagBag from /opt/airflow/dags/scd.py
[2026-07-20T12:16:10.580+0000] {processor.py:840} INFO - DAG(s) 'SCD2_snapshots' retrieved from /opt/airflow/dags/scd.py
[2026-07-20T12:16:10.632+0000] {logging_mixin.py:188} INFO - [2026-07-20T12:16:10.632+0000] {dag.py:3089} INFO - Sync 1 DAGs
[2026-07-20T12:16:10.661+0000] {logging_mixin.py:188} INFO - [2026-07-20T12:16:10.660+0000] {dag.py:3947} INFO - Setting next_dagrun for SCD2_snapshots to 2026-07-20 00:00:00+00:00, run_after=2026-07-21 00:00:00+00:00
[2026-07-20T12:16:10.686+0000] {processor.py:183} INFO - Processing /opt/airflow/dags/scd.py took 0.153 seconds
[2026-07-20T12:16:41.024+0000] {processor.py:161} INFO - Started process (PID=766) to work on /opt/airflow/dags/scd.py
[2026-07-20T12:16:41.026+0000] {processor.py:830} INFO - Processing file /opt/airflow/dags/scd.py for tasks to queue
[2026-07-20T12:16:41.028+0000] {logging_mixin.py:188} INFO - [2026-07-20T12:16:41.028+0000] {dagbag.py:545} INFO - Filling up the DagBag from /opt/airflow/dags/scd.py
[2026-07-20T12:16:41.053+0000] {processor.py:840} INFO - DAG(s) 'SCD2_snapshots' retrieved from /opt/airflow/dags/scd.py
[2026-07-20T12:16:41.089+0000] {logging_mixin.py:188} INFO - [2026-07-20T12:16:41.089+0000] {dag.py:3089} INFO - Sync 1 DAGs
[2026-07-20T12:16:41.114+0000] {logging_mixin.py:188} INFO - [2026-07-20T12:16:41.113+0000] {dag.py:3947} INFO - Setting next_dagrun for SCD2_snapshots to 2026-07-20 00:00:00+00:00, run_after=2026-07-21 00:00:00+00:00
[2026-07-20T12:16:41.137+0000] {processor.py:183} INFO - Processing /opt/airflow/dags/scd.py took 0.120 seconds
[2026-07-20T12:17:11.257+0000] {processor.py:161} INFO - Started process (PID=771) to work on /opt/airflow/dags/scd.py
[2026-07-20T12:17:11.258+0000] {processor.py:830} INFO - Processing file /opt/airflow/dags/scd.py for tasks to queue
[2026-07-20T12:17:11.260+0000] {logging_mixin.py:188} INFO - [2026-07-20T12:17:11.260+0000] {dagbag.py:545} INFO - Filling up the DagBag from /opt/airflow/dags/scd.py
[2026-07-20T12:17:11.286+0000] {processor.py:840} INFO - DAG(s) 'SCD2_snapshots' retrieved from /opt/airflow/dags/scd.py
[2026-07-20T12:17:11.326+0000] {logging_mixin.py:188} INFO - [2026-07-20T12:17:11.325+0000] {dag.py:3089} INFO - Sync 1 DAGs
[2026-07-20T12:17:11.351+0000] {logging_mixin.py:188} INFO - [2026-07-20T12:17:11.350+0000] {dag.py:3947} INFO - Setting next_dagrun for SCD2_snapshots to 2026-07-20 00:00:00+00:00, run_after=2026-07-21 00:00:00+00:00
[2026-07-20T12:17:11.377+0000] {processor.py:183} INFO - Processing /opt/airflow/dags/scd.py took 0.128 seconds
[2026-07-20T12:17:41.445+0000] {processor.py:161} INFO - Started process (PID=776) to work on /opt/airflow/dags/scd.py
[2026-07-20T12:17:41.446+0000] {processor.py:830} INFO - Processing file /opt/airflow/dags/scd.py for tasks to queue
[2026-07-20T12:17:41.448+0000] {logging_mixin.py:188} INFO - [2026-07-20T12:17:41.448+0000] {dagbag.py:545} INFO - Filling up the DagBag from /opt/airflow/dags/scd.py
[2026-07-20T12:17:41.474+0000] {processor.py:840} INFO - DAG(s) 'SCD2_snapshots' retrieved from /opt/airflow/dags/scd.py
[2026-07-20T12:17:41.510+0000] {logging_mixin.py:188} INFO - [2026-07-20T12:17:41.510+0000] {dag.py:3089} INFO - Sync 1 DAGs
[2026-07-20T12:17:41.536+0000] {logging_mixin.py:188} INFO - [2026-07-20T12:17:41.536+0000] {dag.py:3947} INFO - Setting next_dagrun for SCD2_snapshots to 2026-07-20 00:00:00+00:00, run_after=2026-07-21 00:00:00+00:00
[2026-07-20T12:17:41.558+0000] {processor.py:183} INFO - Processing /opt/airflow/dags/scd.py took 0.122 seconds
[2026-07-20T12:18:11.729+0000] {processor.py:161} INFO - Started process (PID=781) to work on /opt/airflow/dags/scd.py
[2026-07-20T12:18:11.731+0000] {processor.py:830} INFO - Processing file /opt/airflow/dags/scd.py for tasks to queue
[2026-07-20T12:18:11.733+0000] {logging_mixin.py:188} INFO - [2026-07-20T12:18:11.733+0000] {dagbag.py:545} INFO - Filling up the DagBag from /opt/airflow/dags/scd.py
[2026-07-20T12:18:11.758+0000] {processor.py:840} INFO - DAG(s) 'SCD2_snapshots' retrieved from /opt/airflow/dags/scd.py
[2026-07-20T12:18:11.807+0000] {logging_mixin.py:188} INFO - [2026-07-20T12:18:11.807+0000] {dag.py:3089} INFO - Sync 1 DAGs
[2026-07-20T12:18:11.841+0000] {logging_mixin.py:188} INFO - [2026-07-20T12:18:11.841+0000] {dag.py:3947} INFO - Setting next_dagrun for SCD2_snapshots to 2026-07-20 00:00:00+00:00, run_after=2026-07-21 00:00:00+00:00
[2026-07-20T12:18:11.868+0000] {processor.py:183} INFO - Processing /opt/airflow/dags/scd.py took 0.145 seconds
[2026-07-20T12:18:42.121+0000] {processor.py:161} INFO - Started process (PID=786) to work on /opt/airflow/dags/scd.py
[2026-07-20T12:18:42.123+0000] {processor.py:830} INFO - Processing file /opt/airflow/dags/scd.py for tasks to queue
[2026-07-20T12:18:42.126+0000] {logging_mixin.py:188} INFO - [2026-07-20T12:18:42.126+0000] {dagbag.py:545} INFO - Filling up the DagBag from /opt/airflow/dags/scd.py
[2026-07-20T12:18:42.162+0000] {processor.py:840} INFO - DAG(s) 'SCD2_snapshots' retrieved from /opt/airflow/dags/scd.py
[2026-07-20T12:18:42.210+0000] {logging_mixin.py:188} INFO - [2026-07-20T12:18:42.210+0000] {dag.py:3089} INFO - Sync 1 DAGs
[2026-07-20T12:18:42.250+0000] {logging_mixin.py:188} INFO - [2026-07-20T12:18:42.250+0000] {dag.py:3947} INFO - Setting next_dagrun for SCD2_snapshots to 2026-07-20 00:00:00+00:00, run_after=2026-07-21 00:00:00+00:00
[2026-07-20T12:18:42.280+0000] {processor.py:183} INFO - Processing /opt/airflow/dags/scd.py took 0.168 seconds
[2026-07-20T12:19:12.471+0000] {processor.py:161} INFO - Started process (PID=791) to work on /opt/airflow/dags/scd.py
[2026-07-20T12:19:12.473+0000] {processor.py:830} INFO - Processing file /opt/airflow/dags/scd.py for tasks to queue
[2026-07-20T12:19:12.475+0000] {logging_mixin.py:188} INFO - [2026-07-20T12:19:12.475+0000] {dagbag.py:545} INFO - Filling up the DagBag from /opt/airflow/dags/scd.py
[2026-07-20T12:19:12.502+0000] {processor.py:840} INFO - DAG(s) 'SCD2_snapshots' retrieved from /opt/airflow/dags/scd.py
[2026-07-20T12:19:12.543+0000] {logging_mixin.py:188} INFO - [2026-07-20T12:19:12.543+0000] {dag.py:3089} INFO - Sync 1 DAGs
[2026-07-20T12:19:12.571+0000] {logging_mixin.py:188} INFO - [2026-07-20T12:19:12.571+0000] {dag.py:3947} INFO - Setting next_dagrun for SCD2_snapshots to 2026-07-20 00:00:00+00:00, run_after=2026-07-21 00:00:00+00:00
[2026-07-20T12:19:12.599+0000] {processor.py:183} INFO - Processing /opt/airflow/dags/scd.py took 0.134 seconds
[2026-07-20T12:19:42.819+0000] {processor.py:161} INFO - Started process (PID=796) to work on /opt/airflow/dags/scd.py
[2026-07-20T12:19:42.820+0000] {processor.py:830} INFO - Processing file /opt/airflow/dags/scd.py for tasks to queue
[2026-07-20T12:19:42.824+0000] {logging_mixin.py:188} INFO - [2026-07-20T12:19:42.823+0000] {dagbag.py:545} INFO - Filling up the DagBag from /opt/airflow/dags/scd.py
[2026-07-20T12:19:42.851+0000] {processor.py:840} INFO - DAG(s) 'SCD2_snapshots' retrieved from /opt/airflow/dags/scd.py
[2026-07-20T12:19:42.897+0000] {logging_mixin.py:188} INFO - [2026-07-20T12:19:42.896+0000] {dag.py:3089} INFO - Sync 1 DAGs
[2026-07-20T12:19:42.928+0000] {logging_mixin.py:188} INFO - [2026-07-20T12:19:42.927+0000] {dag.py:3947} INFO - Setting next_dagrun for SCD2_snapshots to 2026-07-20 00:00:00+00:00, run_after=2026-07-21 00:00:00+00:00
[2026-07-20T12:19:42.957+0000] {processor.py:183} INFO - Processing /opt/airflow/dags/scd.py took 0.147 seconds
[2026-07-20T12:20:13.097+0000] {processor.py:161} INFO - Started process (PID=801) to work on /opt/airflow/dags/scd.py
[2026-07-20T12:20:13.098+0000] {processor.py:830} INFO - Processing file /opt/airflow/dags/scd.py for tasks to queue
[2026-07-20T12:20:13.100+0000] {logging_mixin.py:188} INFO - [2026-07-20T12:20:13.100+0000] {dagbag.py:545} INFO - Filling up the DagBag from /opt/airflow/dags/scd.py
[2026-07-20T12:20:13.128+0000] {processor.py:840} INFO - DAG(s) 'SCD2_snapshots' retrieved from /opt/airflow/dags/scd.py
[2026-07-20T12:20:13.164+0000] {logging_mixin.py:188} INFO - [2026-07-20T12:20:13.163+0000] {dag.py:3089} INFO - Sync 1 DAGs
[2026-07-20T12:20:13.188+0000] {logging_mixin.py:188} INFO - [2026-07-20T12:20:13.188+0000] {dag.py:3947} INFO - Setting next_dagrun for SCD2_snapshots to 2026-07-20 00:00:00+00:00, run_after=2026-07-21 00:00:00+00:00
[2026-07-20T12:20:13.211+0000] {processor.py:183} INFO - Processing /opt/airflow/dags/scd.py took 0.122 seconds
[2026-07-20T12:20:43.585+0000] {processor.py:161} INFO - Started process (PID=806) to work on /opt/airflow/dags/scd.py
[2026-07-20T12:20:43.587+0000] {processor.py:830} INFO - Processing file /opt/airflow/dags/scd.py for tasks to queue
[2026-07-20T12:20:43.589+0000] {logging_mixin.py:188} INFO - [2026-07-20T12:20:43.589+0000] {dagbag.py:545} INFO - Filling up the DagBag from /opt/airflow/dags/scd.py
[2026-07-20T12:20:43.619+0000] {processor.py:840} INFO - DAG(s) 'SCD2_snapshots' retrieved from /opt/airflow/dags/scd.py
[2026-07-20T12:20:43.655+0000] {logging_mixin.py:188} INFO - [2026-07-20T12:20:43.655+0000] {dag.py:3089} INFO - Sync 1 DAGs
[2026-07-20T12:20:43.679+0000] {logging_mixin.py:188} INFO - [2026-07-20T12:20:43.679+0000] {dag.py:3947} INFO - Setting next_dagrun for SCD2_snapshots to 2026-07-20 00:00:00+00:00, run_after=2026-07-21 00:00:00+00:00
[2026-07-20T12:20:43.700+0000] {processor.py:183} INFO - Processing /opt/airflow/dags/scd.py took 0.160 seconds
[2026-07-20T12:21:13.810+0000] {processor.py:161} INFO - Started process (PID=811) to work on /opt/airflow/dags/scd.py
[2026-07-20T12:21:13.811+0000] {processor.py:830} INFO - Processing file /opt/airflow/dags/scd.py for tasks to queue
[2026-07-20T12:21:13.814+0000] {logging_mixin.py:188} INFO - [2026-07-20T12:21:13.814+0000] {dagbag.py:545} INFO - Filling up the DagBag from /opt/airflow/dags/scd.py
[2026-07-20T12:21:13.841+0000] {processor.py:840} INFO - DAG(s) 'SCD2_snapshots' retrieved from /opt/airflow/dags/scd.py
[2026-07-20T12:21:13.878+0000] {logging_mixin.py:188} INFO - [2026-07-20T12:21:13.877+0000] {dag.py:3089} INFO - Sync 1 DAGs
[2026-07-20T12:21:13.903+0000] {logging_mixin.py:188} INFO - [2026-07-20T12:21:13.903+0000] {dag.py:3947} INFO - Setting next_dagrun for SCD2_snapshots to 2026-07-20 00:00:00+00:00, run_after=2026-07-21 00:00:00+00:00
[2026-07-20T12:21:13.924+0000] {processor.py:183} INFO - Processing /opt/airflow/dags/scd.py took 0.122 seconds
[2026-07-20T12:21:44.101+0000] {processor.py:161} INFO - Started process (PID=816) to work on /opt/airflow/dags/scd.py
[2026-07-20T12:21:44.102+0000] {processor.py:830} INFO - Processing file /opt/airflow/dags/scd.py for tasks to queue
[2026-07-20T12:21:44.105+0000] {logging_mixin.py:188} INFO - [2026-07-20T12:21:44.104+0000] {dagbag.py:545} INFO - Filling up the DagBag from /opt/airflow/dags/scd.py
[2026-07-20T12:21:44.131+0000] {processor.py:840} INFO - DAG(s) 'SCD2_snapshots' retrieved from /opt/airflow/dags/scd.py
[2026-07-20T12:21:44.169+0000] {logging_mixin.py:188} INFO - [2026-07-20T12:21:44.169+0000] {dag.py:3089} INFO - Sync 1 DAGs
[2026-07-20T12:21:44.194+0000] {logging_mixin.py:188} INFO - [2026-07-20T12:21:44.193+0000] {dag.py:3947} INFO - Setting next_dagrun for SCD2_snapshots to 2026-07-20 00:00:00+00:00, run_after=2026-07-21 00:00:00+00:00
[2026-07-20T12:21:44.213+0000] {processor.py:183} INFO - Processing /opt/airflow/dags/scd.py took 0.119 seconds
[2026-07-20T12:22:14.377+0000] {processor.py:161} INFO - Started process (PID=821) to work on /opt/airflow/dags/scd.py
[2026-07-20T12:22:14.379+0000] {processor.py:830} INFO - Processing file /opt/airflow/dags/scd.py for tasks to queue
[2026-07-20T12:22:14.383+0000] {logging_mixin.py:188} INFO - [2026-07-20T12:22:14.382+0000] {dagbag.py:545} INFO - Filling up the DagBag from /opt/airflow/dags/scd.py
[2026-07-20T12:22:14.413+0000] {processor.py:840} INFO - DAG(s) 'SCD2_snapshots' retrieved from /opt/airflow/dags/scd.py
[2026-07-20T12:22:14.450+0000] {logging_mixin.py:188} INFO - [2026-07-20T12:22:14.450+0000] {dag.py:3089} INFO - Sync 1 DAGs
[2026-07-20T12:22:14.474+0000] {logging_mixin.py:188} INFO - [2026-07-20T12:22:14.474+0000] {dag.py:3947} INFO - Setting next_dagrun for SCD2_snapshots to 2026-07-20 00:00:00+00:00, run_after=2026-07-21 00:00:00+00:00
[2026-07-20T12:22:14.499+0000] {processor.py:183} INFO - Processing /opt/airflow/dags/scd.py took 0.129 seconds
[2026-07-20T12:22:44.787+0000] {processor.py:161} INFO - Started process (PID=826) to work on /opt/airflow/dags/scd.py
[2026-07-20T12:22:44.788+0000] {processor.py:830} INFO - Processing file /opt/airflow/dags/scd.py for tasks to queue
[2026-07-20T12:22:44.790+0000] {logging_mixin.py:188} INFO - [2026-07-20T12:22:44.790+0000] {dagbag.py:545} INFO - Filling up the DagBag from /opt/airflow/dags/scd.py
[2026-07-20T12:22:44.822+0000] {processor.py:840} INFO - DAG(s) 'SCD2_snapshots' retrieved from /opt/airflow/dags/scd.py
[2026-07-20T12:22:44.859+0000] {logging_mixin.py:188} INFO - [2026-07-20T12:22:44.859+0000] {dag.py:3089} INFO - Sync 1 DAGs
[2026-07-20T12:22:44.885+0000] {logging_mixin.py:188} INFO - [2026-07-20T12:22:44.885+0000] {dag.py:3947} INFO - Setting next_dagrun for SCD2_snapshots to 2026-07-20 00:00:00+00:00, run_after=2026-07-21 00:00:00+00:00
[2026-07-20T12:22:44.907+0000] {processor.py:183} INFO - Processing /opt/airflow/dags/scd.py took 0.128 seconds
[2026-07-20T12:23:15.174+0000] {processor.py:161} INFO - Started process (PID=831) to work on /opt/airflow/dags/scd.py
[2026-07-20T12:23:15.176+0000] {processor.py:830} INFO - Processing file /opt/airflow/dags/scd.py for tasks to queue
[2026-07-20T12:23:15.179+0000] {logging_mixin.py:188} INFO - [2026-07-20T12:23:15.179+0000] {dagbag.py:545} INFO - Filling up the DagBag from /opt/airflow/dags/scd.py
[2026-07-20T12:23:15.214+0000] {processor.py:840} INFO - DAG(s) 'SCD2_snapshots' retrieved from /opt/airflow/dags/scd.py
[2026-07-20T12:23:15.253+0000] {logging_mixin.py:188} INFO - [2026-07-20T12:23:15.253+0000] {dag.py:3089} INFO - Sync 1 DAGs
[2026-07-20T12:23:15.283+0000] {logging_mixin.py:188} INFO - [2026-07-20T12:23:15.283+0000] {dag.py:3947} INFO - Setting next_dagrun for SCD2_snapshots to 2026-07-20 00:00:00+00:00, run_after=2026-07-21 00:00:00+00:00
[2026-07-20T12:23:15.311+0000] {processor.py:183} INFO - Processing /opt/airflow/dags/scd.py took 0.145 seconds
[2026-07-20T12:23:45.425+0000] {processor.py:161} INFO - Started process (PID=836) to work on /opt/airflow/dags/scd.py
[2026-07-20T12:23:45.426+0000] {processor.py:830} INFO - Processing file /opt/airflow/dags/scd.py for tasks to queue
[2026-07-20T12:23:45.430+0000] {logging_mixin.py:188} INFO - [2026-07-20T12:23:45.429+0000] {dagbag.py:545} INFO - Filling up the DagBag from /opt/airflow/dags/scd.py
[2026-07-20T12:23:45.464+0000] {processor.py:840} INFO - DAG(s) 'SCD2_snapshots' retrieved from /opt/airflow/dags/scd.py
[2026-07-20T12:23:45.503+0000] {logging_mixin.py:188} INFO - [2026-07-20T12:23:45.503+0000] {dag.py:3089} INFO - Sync 1 DAGs
[2026-07-20T12:23:45.532+0000] {logging_mixin.py:188} INFO - [2026-07-20T12:23:45.532+0000] {dag.py:3947} INFO - Setting next_dagrun for SCD2_snapshots to 2026-07-20 00:00:00+00:00, run_after=2026-07-21 00:00:00+00:00
[2026-07-20T12:23:45.558+0000] {processor.py:183} INFO - Processing /opt/airflow/dags/scd.py took 0.142 seconds
[2026-07-20T12:24:15.692+0000] {processor.py:161} INFO - Started process (PID=841) to work on /opt/airflow/dags/scd.py
[2026-07-20T12:24:15.693+0000] {processor.py:830} INFO - Processing file /opt/airflow/dags/scd.py for tasks to queue
[2026-07-20T12:24:15.696+0000] {logging_mixin.py:188} INFO - [2026-07-20T12:24:15.695+0000] {dagbag.py:545} INFO - Filling up the DagBag from /opt/airflow/dags/scd.py
[2026-07-20T12:24:15.725+0000] {processor.py:840} INFO - DAG(s) 'SCD2_snapshots' retrieved from /opt/airflow/dags/scd.py
[2026-07-20T12:24:15.767+0000] {logging_mixin.py:188} INFO - [2026-07-20T12:24:15.767+0000] {dag.py:3089} INFO - Sync 1 DAGs
[2026-07-20T12:24:15.796+0000] {logging_mixin.py:188} INFO - [2026-07-20T12:24:15.795+0000] {dag.py:3947} INFO - Setting next_dagrun for SCD2_snapshots to 2026-07-20 00:00:00+00:00, run_after=2026-07-21 00:00:00+00:00
[2026-07-20T12:24:15.818+0000] {processor.py:183} INFO - Processing /opt/airflow/dags/scd.py took 0.133 seconds
[2026-07-20T12:24:46.105+0000] {processor.py:161} INFO - Started process (PID=842) to work on /opt/airflow/dags/scd.py
[2026-07-20T12:24:46.107+0000] {processor.py:830} INFO - Processing file /opt/airflow/dags/scd.py for tasks to queue
[2026-07-20T12:24:46.110+0000] {logging_mixin.py:188} INFO - [2026-07-20T12:24:46.110+0000] {dagbag.py:545} INFO - Filling up the DagBag from /opt/airflow/dags/scd.py
[2026-07-20T12:24:46.144+0000] {processor.py:840} INFO - DAG(s) 'SCD2_snapshots' retrieved from /opt/airflow/dags/scd.py
[2026-07-20T12:24:46.191+0000] {logging_mixin.py:188} INFO - [2026-07-20T12:24:46.191+0000] {dag.py:3089} INFO - Sync 1 DAGs
[2026-07-20T12:24:46.223+0000] {logging_mixin.py:188} INFO - [2026-07-20T12:24:46.222+0000] {dag.py:3947} INFO - Setting next_dagrun for SCD2_snapshots to 2026-07-20 00:00:00+00:00, run_after=2026-07-21 00:00:00+00:00
[2026-07-20T12:24:46.249+0000] {processor.py:183} INFO - Processing /opt/airflow/dags/scd.py took 0.154 seconds
[2026-07-20T12:25:16.318+0000] {processor.py:161} INFO - Started process (PID=847) to work on /opt/airflow/dags/scd.py
[2026-07-20T12:25:16.319+0000] {processor.py:830} INFO - Processing file /opt/airflow/dags/scd.py for tasks to queue
[2026-07-20T12:25:16.322+0000] {logging_mixin.py:188} INFO - [2026-07-20T12:25:16.322+0000] {dagbag.py:545} INFO - Filling up the DagBag from /opt/airflow/dags/scd.py
[2026-07-20T12:25:16.348+0000] {processor.py:840} INFO - DAG(s) 'SCD2_snapshots' retrieved from /opt/airflow/dags/scd.py
[2026-07-20T12:25:16.385+0000] {logging_mixin.py:188} INFO - [2026-07-20T12:25:16.385+0000] {dag.py:3089} INFO - Sync 1 DAGs
[2026-07-20T12:25:16.411+0000] {logging_mixin.py:188} INFO - [2026-07-20T12:25:16.410+0000] {dag.py:3947} INFO - Setting next_dagrun for SCD2_snapshots to 2026-07-20 00:00:00+00:00, run_after=2026-07-21 00:00:00+00:00
[2026-07-20T12:25:16.435+0000] {processor.py:183} INFO - Processing /opt/airflow/dags/scd.py took 0.125 seconds
[2026-07-20T12:25:46.725+0000] {processor.py:161} INFO - Started process (PID=852) to work on /opt/airflow/dags/scd.py
[2026-07-20T12:25:46.727+0000] {processor.py:830} INFO - Processing file /opt/airflow/dags/scd.py for tasks to queue
[2026-07-20T12:25:46.729+0000] {logging_mixin.py:188} INFO - [2026-07-20T12:25:46.729+0000] {dagbag.py:545} INFO - Filling up the DagBag from /opt/airflow/dags/scd.py
[2026-07-20T12:25:46.754+0000] {processor.py:840} INFO - DAG(s) 'SCD2_snapshots' retrieved from /opt/airflow/dags/scd.py
[2026-07-20T12:25:46.790+0000] {logging_mixin.py:188} INFO - [2026-07-20T12:25:46.790+0000] {dag.py:3089} INFO - Sync 1 DAGs
[2026-07-20T12:25:46.820+0000] {logging_mixin.py:188} INFO - [2026-07-20T12:25:46.820+0000] {dag.py:3947} INFO - Setting next_dagrun for SCD2_snapshots to 2026-07-20 00:00:00+00:00, run_after=2026-07-21 00:00:00+00:00
[2026-07-20T12:25:46.849+0000] {processor.py:183} INFO - Processing /opt/airflow/dags/scd.py took 0.133 seconds
[2026-07-20T12:26:17.024+0000] {processor.py:161} INFO - Started process (PID=857) to work on /opt/airflow/dags/scd.py
[2026-07-20T12:26:17.026+0000] {processor.py:830} INFO - Processing file /opt/airflow/dags/scd.py for tasks to queue
[2026-07-20T12:26:17.029+0000] {logging_mixin.py:188} INFO - [2026-07-20T12:26:17.028+0000] {dagbag.py:545} INFO - Filling up the DagBag from /opt/airflow/dags/scd.py
[2026-07-20T12:26:17.059+0000] {processor.py:840} INFO - DAG(s) 'SCD2_snapshots' retrieved from /opt/airflow/dags/scd.py
[2026-07-20T12:26:17.096+0000] {logging_mixin.py:188} INFO - [2026-07-20T12:26:17.096+0000] {dag.py:3089} INFO - Sync 1 DAGs
[2026-07-20T12:26:17.122+0000] {logging_mixin.py:188} INFO - [2026-07-20T12:26:17.122+0000] {dag.py:3947} INFO - Setting next_dagrun for SCD2_snapshots to 2026-07-20 00:00:00+00:00, run_after=2026-07-21 00:00:00+00:00
[2026-07-20T12:26:17.148+0000] {processor.py:183} INFO - Processing /opt/airflow/dags/scd.py took 0.132 seconds
[2026-07-20T12:26:47.265+0000] {processor.py:161} INFO - Started process (PID=862) to work on /opt/airflow/dags/scd.py
[2026-07-20T12:26:47.267+0000] {processor.py:830} INFO - Processing file /opt/airflow/dags/scd.py for tasks to queue
[2026-07-20T12:26:47.270+0000] {logging_mixin.py:188} INFO - [2026-07-20T12:26:47.269+0000] {dagbag.py:545} INFO - Filling up the DagBag from /opt/airflow/dags/scd.py
[2026-07-20T12:26:47.297+0000] {processor.py:840} INFO - DAG(s) 'SCD2_snapshots' retrieved from /opt/airflow/dags/scd.py
[2026-07-20T12:26:47.337+0000] {logging_mixin.py:188} INFO - [2026-07-20T12:26:47.337+0000] {dag.py:3089} INFO - Sync 1 DAGs
[2026-07-20T12:26:47.363+0000] {logging_mixin.py:188} INFO - [2026-07-20T12:26:47.363+0000] {dag.py:3947} INFO - Setting next_dagrun for SCD2_snapshots to 2026-07-20 00:00:00+00:00, run_after=2026-07-21 00:00:00+00:00
[2026-07-20T12:26:47.387+0000] {processor.py:183} INFO - Processing /opt/airflow/dags/scd.py took 0.131 seconds
[2026-07-20T12:27:17.687+0000] {processor.py:161} INFO - Started process (PID=867) to work on /opt/airflow/dags/scd.py
[2026-07-20T12:27:17.688+0000] {processor.py:830} INFO - Processing file /opt/airflow/dags/scd.py for tasks to queue
[2026-07-20T12:27:17.692+0000] {logging_mixin.py:188} INFO - [2026-07-20T12:27:17.692+0000] {dagbag.py:545} INFO - Filling up the DagBag from /opt/airflow/dags/scd.py
[2026-07-20T12:27:17.720+0000] {processor.py:840} INFO - DAG(s) 'SCD2_snapshots' retrieved from /opt/airflow/dags/scd.py
[2026-07-20T12:27:17.760+0000] {logging_mixin.py:188} INFO - [2026-07-20T12:27:17.760+0000] {dag.py:3089} INFO - Sync 1 DAGs
[2026-07-20T12:27:17.787+0000] {logging_mixin.py:188} INFO - [2026-07-20T12:27:17.787+0000] {dag.py:3947} INFO - Setting next_dagrun for SCD2_snapshots to 2026-07-20 00:00:00+00:00, run_after=2026-07-21 00:00:00+00:00
[2026-07-20T12:27:17.809+0000] {processor.py:183} INFO - Processing /opt/airflow/dags/scd.py took 0.133 seconds
[2026-07-20T12:27:48.104+0000] {processor.py:161} INFO - Started process (PID=872) to work on /opt/airflow/dags/scd.py
[2026-07-20T12:27:48.106+0000] {processor.py:830} INFO - Processing file /opt/airflow/dags/scd.py for tasks to queue
[2026-07-20T12:27:48.108+0000] {logging_mixin.py:188} INFO - [2026-07-20T12:27:48.107+0000] {dagbag.py:545} INFO - Filling up the DagBag from /opt/airflow/dags/scd.py
[2026-07-20T12:27:48.137+0000] {processor.py:840} INFO - DAG(s) 'SCD2_snapshots' retrieved from /opt/airflow/dags/scd.py
[2026-07-20T12:27:48.175+0000] {logging_mixin.py:188} INFO - [2026-07-20T12:27:48.175+0000] {dag.py:3089} INFO - Sync 1 DAGs
[2026-07-20T12:27:48.201+0000] {logging_mixin.py:188} INFO - [2026-07-20T12:27:48.201+0000] {dag.py:3947} INFO - Setting next_dagrun for SCD2_snapshots to 2026-07-20 00:00:00+00:00, run_after=2026-07-21 00:00:00+00:00
[2026-07-20T12:27:48.222+0000] {processor.py:183} INFO - Processing /opt/airflow/dags/scd.py took 0.127 seconds
[2026-07-20T12:28:18.275+0000] {processor.py:161} INFO - Started process (PID=877) to work on /opt/airflow/dags/scd.py
[2026-07-20T12:28:18.276+0000] {processor.py:830} INFO - Processing file /opt/airflow/dags/scd.py for tasks to queue
[2026-07-20T12:28:18.279+0000] {logging_mixin.py:188} INFO - [2026-07-20T12:28:18.279+0000] {dagbag.py:545} INFO - Filling up the DagBag from /opt/airflow/dags/scd.py
[2026-07-20T12:28:18.305+0000] {processor.py:840} INFO - DAG(s) 'SCD2_snapshots' retrieved from /opt/airflow/dags/scd.py
[2026-07-20T12:28:18.341+0000] {logging_mixin.py:188} INFO - [2026-07-20T12:28:18.341+0000] {dag.py:3089} INFO - Sync 1 DAGs
[2026-07-20T12:28:18.366+0000] {logging_mixin.py:188} INFO - [2026-07-20T12:28:18.365+0000] {dag.py:3947} INFO - Setting next_dagrun for SCD2_snapshots to 2026-07-20 00:00:00+00:00, run_after=2026-07-21 00:00:00+00:00
[2026-07-20T12:28:18.388+0000] {processor.py:183} INFO - Processing /opt/airflow/dags/scd.py took 0.120 seconds
[2026-07-20T12:28:48.717+0000] {processor.py:161} INFO - Started process (PID=882) to work on /opt/airflow/dags/scd.py
[2026-07-20T12:28:48.718+0000] {processor.py:830} INFO - Processing file /opt/airflow/dags/scd.py for tasks to queue
[2026-07-20T12:28:48.721+0000] {logging_mixin.py:188} INFO - [2026-07-20T12:28:48.720+0000] {dagbag.py:545} INFO - Filling up the DagBag from /opt/airflow/dags/scd.py
[2026-07-20T12:28:48.747+0000] {processor.py:840} INFO - DAG(s) 'SCD2_snapshots' retrieved from /opt/airflow/dags/scd.py
[2026-07-20T12:28:48.792+0000] {logging_mixin.py:188} INFO - [2026-07-20T12:28:48.791+0000] {dag.py:3089} INFO - Sync 1 DAGs
[2026-07-20T12:28:48.828+0000] {logging_mixin.py:188} INFO - [2026-07-20T12:28:48.827+0000] {dag.py:3947} INFO - Setting next_dagrun for SCD2_snapshots to 2026-07-20 00:00:00+00:00, run_after=2026-07-21 00:00:00+00:00
[2026-07-20T12:28:48.863+0000] {processor.py:183} INFO - Processing /opt/airflow/dags/scd.py took 0.153 seconds
[2026-07-20T12:29:19.174+0000] {processor.py:161} INFO - Started process (PID=887) to work on /opt/airflow/dags/scd.py
[2026-07-20T12:29:19.176+0000] {processor.py:830} INFO - Processing file /opt/airflow/dags/scd.py for tasks to queue
[2026-07-20T12:29:19.180+0000] {logging_mixin.py:188} INFO - [2026-07-20T12:29:19.179+0000] {dagbag.py:545} INFO - Filling up the DagBag from /opt/airflow/dags/scd.py
[2026-07-20T12:29:19.209+0000] {processor.py:840} INFO - DAG(s) 'SCD2_snapshots' retrieved from /opt/airflow/dags/scd.py
[2026-07-20T12:29:19.252+0000] {logging_mixin.py:188} INFO - [2026-07-20T12:29:19.252+0000] {dag.py:3089} INFO - Sync 1 DAGs
[2026-07-20T12:29:19.282+0000] {logging_mixin.py:188} INFO - [2026-07-20T12:29:19.282+0000] {dag.py:3947} INFO - Setting next_dagrun for SCD2_snapshots to 2026-07-20 00:00:00+00:00, run_after=2026-07-21 00:00:00+00:00
[2026-07-20T12:29:19.309+0000] {processor.py:183} INFO - Processing /opt/airflow/dags/scd.py took 0.148 seconds
[2026-07-20T12:29:49.468+0000] {processor.py:161} INFO - Started process (PID=892) to work on /opt/airflow/dags/scd.py
[2026-07-20T12:29:49.469+0000] {processor.py:830} INFO - Processing file /opt/airflow/dags/scd.py for tasks to queue
[2026-07-20T12:29:49.472+0000] {logging_mixin.py:188} INFO - [2026-07-20T12:29:49.471+0000] {dagbag.py:545} INFO - Filling up the DagBag from /opt/airflow/dags/scd.py
[2026-07-20T12:29:49.500+0000] {processor.py:840} INFO - DAG(s) 'SCD2_snapshots' retrieved from /opt/airflow/dags/scd.py
[2026-07-20T12:29:49.540+0000] {logging_mixin.py:188} INFO - [2026-07-20T12:29:49.540+0000] {dag.py:3089} INFO - Sync 1 DAGs
[2026-07-20T12:29:49.566+0000] {logging_mixin.py:188} INFO - [2026-07-20T12:29:49.565+0000] {dag.py:3947} INFO - Setting next_dagrun for SCD2_snapshots to 2026-07-20 00:00:00+00:00, run_after=2026-07-21 00:00:00+00:00
[2026-07-20T12:29:49.591+0000] {processor.py:183} INFO - Processing /opt/airflow/dags/scd.py took 0.132 seconds
[2026-07-20T12:30:19.864+0000] {processor.py:161} INFO - Started process (PID=897) to work on /opt/airflow/dags/scd.py
[2026-07-20T12:30:19.866+0000] {processor.py:830} INFO - Processing file /opt/airflow/dags/scd.py for tasks to queue
[2026-07-20T12:30:19.869+0000] {logging_mixin.py:188} INFO - [2026-07-20T12:30:19.868+0000] {dagbag.py:545} INFO - Filling up the DagBag from /opt/airflow/dags/scd.py
[2026-07-20T12:30:19.899+0000] {processor.py:840} INFO - DAG(s) 'SCD2_snapshots' retrieved from /opt/airflow/dags/scd.py
[2026-07-20T12:30:19.938+0000] {logging_mixin.py:188} INFO - [2026-07-20T12:30:19.938+0000] {dag.py:3089} INFO - Sync 1 DAGs
[2026-07-20T12:30:19.964+0000] {logging_mixin.py:188} INFO - [2026-07-20T12:30:19.964+0000] {dag.py:3947} INFO - Setting next_dagrun for SCD2_snapshots to 2026-07-20 00:00:00+00:00, run_after=2026-07-21 00:00:00+00:00
[2026-07-20T12:30:19.988+0000] {processor.py:183} INFO - Processing /opt/airflow/dags/scd.py took 0.131 seconds
[2026-07-20T12:30:50.077+0000] {processor.py:161} INFO - Started process (PID=902) to work on /opt/airflow/dags/scd.py
[2026-07-20T12:30:50.078+0000] {processor.py:830} INFO - Processing file /opt/airflow/dags/scd.py for tasks to queue
[2026-07-20T12:30:50.080+0000] {logging_mixin.py:188} INFO - [2026-07-20T12:30:50.080+0000] {dagbag.py:545} INFO - Filling up the DagBag from /opt/airflow/dags/scd.py
[2026-07-20T12:30:50.107+0000] {processor.py:840} INFO - DAG(s) 'SCD2_snapshots' retrieved from /opt/airflow/dags/scd.py
[2026-07-20T12:30:50.144+0000] {logging_mixin.py:188} INFO - [2026-07-20T12:30:50.143+0000] {dag.py:3089} INFO - Sync 1 DAGs
[2026-07-20T12:30:50.179+0000] {logging_mixin.py:188} INFO - [2026-07-20T12:30:50.179+0000] {dag.py:3947} INFO - Setting next_dagrun for SCD2_snapshots to 2026-07-20 00:00:00+00:00, run_after=2026-07-21 00:00:00+00:00
[2026-07-20T12:30:50.203+0000] {processor.py:183} INFO - Processing /opt/airflow/dags/scd.py took 0.134 seconds
[2026-07-20T12:31:20.305+0000] {processor.py:161} INFO - Started process (PID=907) to work on /opt/airflow/dags/scd.py
[2026-07-20T12:31:20.306+0000] {processor.py:830} INFO - Processing file /opt/airflow/dags/scd.py for tasks to queue
[2026-07-20T12:31:20.309+0000] {logging_mixin.py:188} INFO - [2026-07-20T12:31:20.308+0000] {dagbag.py:545} INFO - Filling up the DagBag from /opt/airflow/dags/scd.py
[2026-07-20T12:31:20.331+0000] {processor.py:840} INFO - DAG(s) 'SCD2_snapshots' retrieved from /opt/airflow/dags/scd.py
[2026-07-20T12:31:20.369+0000] {logging_mixin.py:188} INFO - [2026-07-20T12:31:20.369+0000] {dag.py:3089} INFO - Sync 1 DAGs
[2026-07-20T12:31:20.393+0000] {logging_mixin.py:188} INFO - [2026-07-20T12:31:20.393+0000] {dag.py:3947} INFO - Setting next_dagrun for SCD2_snapshots to 2026-07-20 00:00:00+00:00, run_after=2026-07-21 00:00:00+00:00
[2026-07-20T12:31:20.415+0000] {processor.py:183} INFO - Processing /opt/airflow/dags/scd.py took 0.117 seconds
[2026-07-20T12:31:50.484+0000] {processor.py:161} INFO - Started process (PID=912) to work on /opt/airflow/dags/scd.py
[2026-07-20T12:31:50.485+0000] {processor.py:830} INFO - Processing file /opt/airflow/dags/scd.py for tasks to queue
[2026-07-20T12:31:50.487+0000] {logging_mixin.py:188} INFO - [2026-07-20T12:31:50.487+0000] {dagbag.py:545} INFO - Filling up the DagBag from /opt/airflow/dags/scd.py
[2026-07-20T12:31:50.516+0000] {processor.py:840} INFO - DAG(s) 'SCD2_snapshots' retrieved from /opt/airflow/dags/scd.py
[2026-07-20T12:31:50.554+0000] {logging_mixin.py:188} INFO - [2026-07-20T12:31:50.554+0000] {dag.py:3089} INFO - Sync 1 DAGs
[2026-07-20T12:31:50.581+0000] {logging_mixin.py:188} INFO - [2026-07-20T12:31:50.581+0000] {dag.py:3947} INFO - Setting next_dagrun for SCD2_snapshots to 2026-07-20 00:00:00+00:00, run_after=2026-07-21 00:00:00+00:00
[2026-07-20T12:31:50.604+0000] {processor.py:183} INFO - Processing /opt/airflow/dags/scd.py took 0.127 seconds
[2026-07-20T12:32:20.927+0000] {processor.py:161} INFO - Started process (PID=917) to work on /opt/airflow/dags/scd.py
[2026-07-20T12:32:20.929+0000] {processor.py:830} INFO - Processing file /opt/airflow/dags/scd.py for tasks to queue
[2026-07-20T12:32:20.931+0000] {logging_mixin.py:188} INFO - [2026-07-20T12:32:20.931+0000] {dagbag.py:545} INFO - Filling up the DagBag from /opt/airflow/dags/scd.py
[2026-07-20T12:32:20.959+0000] {processor.py:840} INFO - DAG(s) 'SCD2_snapshots' retrieved from /opt/airflow/dags/scd.py
[2026-07-20T12:32:20.998+0000] {logging_mixin.py:188} INFO - [2026-07-20T12:32:20.997+0000] {dag.py:3089} INFO - Sync 1 DAGs
[2026-07-20T12:32:21.023+0000] {logging_mixin.py:188} INFO - [2026-07-20T12:32:21.023+0000] {dag.py:3947} INFO - Setting next_dagrun for SCD2_snapshots to 2026-07-20 00:00:00+00:00, run_after=2026-07-21 00:00:00+00:00
[2026-07-20T12:32:21.045+0000] {processor.py:183} INFO - Processing /opt/airflow/dags/scd.py took 0.125 seconds
[2026-07-20T12:32:51.342+0000] {processor.py:161} INFO - Started process (PID=922) to work on /opt/airflow/dags/scd.py
[2026-07-20T12:32:51.344+0000] {processor.py:830} INFO - Processing file /opt/airflow/dags/scd.py for tasks to queue
[2026-07-20T12:32:51.348+0000] {logging_mixin.py:188} INFO - [2026-07-20T12:32:51.348+0000] {dagbag.py:545} INFO - Filling up the DagBag from /opt/airflow/dags/scd.py
[2026-07-20T12:32:51.380+0000] {processor.py:840} INFO - DAG(s) 'SCD2_snapshots' retrieved from /opt/airflow/dags/scd.py
[2026-07-20T12:32:51.419+0000] {logging_mixin.py:188} INFO - [2026-07-20T12:32:51.419+0000] {dag.py:3089} INFO - Sync 1 DAGs
[2026-07-20T12:32:51.455+0000] {logging_mixin.py:188} INFO - [2026-07-20T12:32:51.454+0000] {dag.py:3947} INFO - Setting next_dagrun for SCD2_snapshots to 2026-07-20 00:00:00+00:00, run_after=2026-07-21 00:00:00+00:00
[2026-07-20T12:32:51.483+0000] {processor.py:183} INFO - Processing /opt/airflow/dags/scd.py took 0.158 seconds
[2026-07-20T12:33:21.650+0000] {processor.py:161} INFO - Started process (PID=927) to work on /opt/airflow/dags/scd.py
[2026-07-20T12:33:21.651+0000] {processor.py:830} INFO - Processing file /opt/airflow/dags/scd.py for tasks to queue
[2026-07-20T12:33:21.653+0000] {logging_mixin.py:188} INFO - [2026-07-20T12:33:21.653+0000] {dagbag.py:545} INFO - Filling up the DagBag from /opt/airflow/dags/scd.py
[2026-07-20T12:33:21.693+0000] {processor.py:840} INFO - DAG(s) 'SCD2_snapshots' retrieved from /opt/airflow/dags/scd.py
[2026-07-20T12:33:21.758+0000] {logging_mixin.py:188} INFO - [2026-07-20T12:33:21.758+0000] {dag.py:3089} INFO - Sync 1 DAGs
[2026-07-20T12:33:21.793+0000] {logging_mixin.py:188} INFO - [2026-07-20T12:33:21.793+0000] {dag.py:3947} INFO - Setting next_dagrun for SCD2_snapshots to 2026-07-20 00:00:00+00:00, run_after=2026-07-21 00:00:00+00:00
[2026-07-20T12:33:21.818+0000] {processor.py:183} INFO - Processing /opt/airflow/dags/scd.py took 0.178 seconds
[2026-07-20T12:33:51.949+0000] {processor.py:161} INFO - Started process (PID=932) to work on /opt/airflow/dags/scd.py
[2026-07-20T12:33:51.950+0000] {processor.py:830} INFO - Processing file /opt/airflow/dags/scd.py for tasks to queue
[2026-07-20T12:33:51.954+0000] {logging_mixin.py:188} INFO - [2026-07-20T12:33:51.953+0000] {dagbag.py:545} INFO - Filling up the DagBag from /opt/airflow/dags/scd.py
[2026-07-20T12:33:51.984+0000] {processor.py:840} INFO - DAG(s) 'SCD2_snapshots' retrieved from /opt/airflow/dags/scd.py
[2026-07-20T12:33:52.026+0000] {logging_mixin.py:188} INFO - [2026-07-20T12:33:52.026+0000] {dag.py:3089} INFO - Sync 1 DAGs
[2026-07-20T12:33:52.055+0000] {logging_mixin.py:188} INFO - [2026-07-20T12:33:52.055+0000] {dag.py:3947} INFO - Setting next_dagrun for SCD2_snapshots to 2026-07-20 00:00:00+00:00, run_after=2026-07-21 00:00:00+00:00
[2026-07-20T12:33:52.081+0000] {processor.py:183} INFO - Processing /opt/airflow/dags/scd.py took 0.145 seconds
[2026-07-20T12:34:22.170+0000] {processor.py:161} INFO - Started process (PID=937) to work on /opt/airflow/dags/scd.py
[2026-07-20T12:34:22.172+0000] {processor.py:830} INFO - Processing file /opt/airflow/dags/scd.py for tasks to queue
[2026-07-20T12:34:22.177+0000] {logging_mixin.py:188} INFO - [2026-07-20T12:34:22.176+0000] {dagbag.py:545} INFO - Filling up the DagBag from /opt/airflow/dags/scd.py
[2026-07-20T12:34:22.207+0000] {processor.py:840} INFO - DAG(s) 'SCD2_snapshots' retrieved from /opt/airflow/dags/scd.py
[2026-07-20T12:34:22.256+0000] {logging_mixin.py:188} INFO - [2026-07-20T12:34:22.255+0000] {dag.py:3089} INFO - Sync 1 DAGs
[2026-07-20T12:34:22.287+0000] {logging_mixin.py:188} INFO - [2026-07-20T12:34:22.287+0000] {dag.py:3947} INFO - Setting next_dagrun for SCD2_snapshots to 2026-07-20 00:00:00+00:00, run_after=2026-07-21 00:00:00+00:00
[2026-07-20T12:34:22.311+0000] {processor.py:183} INFO - Processing /opt/airflow/dags/scd.py took 0.152 seconds
[2026-07-20T12:34:52.404+0000] {processor.py:161} INFO - Started process (PID=942) to work on /opt/airflow/dags/scd.py
[2026-07-20T12:34:52.406+0000] {processor.py:830} INFO - Processing file /opt/airflow/dags/scd.py for tasks to queue
[2026-07-20T12:34:52.409+0000] {logging_mixin.py:188} INFO - [2026-07-20T12:34:52.409+0000] {dagbag.py:545} INFO - Filling up the DagBag from /opt/airflow/dags/scd.py
[2026-07-20T12:34:52.434+0000] {processor.py:840} INFO - DAG(s) 'SCD2_snapshots' retrieved from /opt/airflow/dags/scd.py
[2026-07-20T12:34:52.475+0000] {logging_mixin.py:188} INFO - [2026-07-20T12:34:52.474+0000] {dag.py:3089} INFO - Sync 1 DAGs
[2026-07-20T12:34:52.504+0000] {logging_mixin.py:188} INFO - [2026-07-20T12:34:52.504+0000] {dag.py:3947} INFO - Setting next_dagrun for SCD2_snapshots to 2026-07-20 00:00:00+00:00, run_after=2026-07-21 00:00:00+00:00
[2026-07-20T12:34:52.530+0000] {processor.py:183} INFO - Processing /opt/airflow/dags/scd.py took 0.133 seconds
[2026-07-20T12:35:22.824+0000] {processor.py:161} INFO - Started process (PID=947) to work on /opt/airflow/dags/scd.py
[2026-07-20T12:35:22.826+0000] {processor.py:830} INFO - Processing file /opt/airflow/dags/scd.py for tasks to queue
[2026-07-20T12:35:22.829+0000] {logging_mixin.py:188} INFO - [2026-07-20T12:35:22.828+0000] {dagbag.py:545} INFO - Filling up the DagBag from /opt/airflow/dags/scd.py
[2026-07-20T12:35:22.857+0000] {processor.py:840} INFO - DAG(s) 'SCD2_snapshots' retrieved from /opt/airflow/dags/scd.py
[2026-07-20T12:35:22.901+0000] {logging_mixin.py:188} INFO - [2026-07-20T12:35:22.900+0000] {dag.py:3089} INFO - Sync 1 DAGs
[2026-07-20T12:35:22.929+0000] {logging_mixin.py:188} INFO - [2026-07-20T12:35:22.929+0000] {dag.py:3947} INFO - Setting next_dagrun for SCD2_snapshots to 2026-07-20 00:00:00+00:00, run_after=2026-07-21 00:00:00+00:00
[2026-07-20T12:35:22.956+0000] {processor.py:183} INFO - Processing /opt/airflow/dags/scd.py took 0.142 seconds
[2026-07-20T12:35:53.054+0000] {processor.py:161} INFO - Started process (PID=952) to work on /opt/airflow/dags/scd.py
[2026-07-20T12:35:53.056+0000] {processor.py:830} INFO - Processing file /opt/airflow/dags/scd.py for tasks to queue
[2026-07-20T12:35:53.058+0000] {logging_mixin.py:188} INFO - [2026-07-20T12:35:53.058+0000] {dagbag.py:545} INFO - Filling up the DagBag from /opt/airflow/dags/scd.py
[2026-07-20T12:35:53.085+0000] {processor.py:840} INFO - DAG(s) 'SCD2_snapshots' retrieved from /opt/airflow/dags/scd.py
[2026-07-20T12:35:53.129+0000] {logging_mixin.py:188} INFO - [2026-07-20T12:35:53.129+0000] {dag.py:3089} INFO - Sync 1 DAGs
[2026-07-20T12:35:53.158+0000] {logging_mixin.py:188} INFO - [2026-07-20T12:35:53.158+0000] {dag.py:3947} INFO - Setting next_dagrun for SCD2_snapshots to 2026-07-20 00:00:00+00:00, run_after=2026-07-21 00:00:00+00:00
[2026-07-20T12:35:53.180+0000] {processor.py:183} INFO - Processing /opt/airflow/dags/scd.py took 0.134 seconds
[2026-07-20T12:36:23.228+0000] {processor.py:161} INFO - Started process (PID=957) to work on /opt/airflow/dags/scd.py
[2026-07-20T12:36:23.229+0000] {processor.py:830} INFO - Processing file /opt/airflow/dags/scd.py for tasks to queue
[2026-07-20T12:36:23.232+0000] {logging_mixin.py:188} INFO - [2026-07-20T12:36:23.232+0000] {dagbag.py:545} INFO - Filling up the DagBag from /opt/airflow/dags/scd.py
[2026-07-20T12:36:23.271+0000] {processor.py:840} INFO - DAG(s) 'SCD2_snapshots' retrieved from /opt/airflow/dags/scd.py
[2026-07-20T12:36:23.317+0000] {logging_mixin.py:188} INFO - [2026-07-20T12:36:23.316+0000] {dag.py:3089} INFO - Sync 1 DAGs
[2026-07-20T12:36:23.344+0000] {logging_mixin.py:188} INFO - [2026-07-20T12:36:23.344+0000] {dag.py:3947} INFO - Setting next_dagrun for SCD2_snapshots to 2026-07-20 00:00:00+00:00, run_after=2026-07-21 00:00:00+00:00
[2026-07-20T12:36:23.369+0000] {processor.py:183} INFO - Processing /opt/airflow/dags/scd.py took 0.150 seconds
[2026-07-20T12:36:53.665+0000] {processor.py:161} INFO - Started process (PID=962) to work on /opt/airflow/dags/scd.py
[2026-07-20T12:36:53.667+0000] {processor.py:830} INFO - Processing file /opt/airflow/dags/scd.py for tasks to queue
[2026-07-20T12:36:53.669+0000] {logging_mixin.py:188} INFO - [2026-07-20T12:36:53.669+0000] {dagbag.py:545} INFO - Filling up the DagBag from /opt/airflow/dags/scd.py
[2026-07-20T12:36:53.698+0000] {processor.py:840} INFO - DAG(s) 'SCD2_snapshots' retrieved from /opt/airflow/dags/scd.py
[2026-07-20T12:36:53.741+0000] {logging_mixin.py:188} INFO - [2026-07-20T12:36:53.741+0000] {dag.py:3089} INFO - Sync 1 DAGs
[2026-07-20T12:36:53.769+0000] {logging_mixin.py:188} INFO - [2026-07-20T12:36:53.769+0000] {dag.py:3947} INFO - Setting next_dagrun for SCD2_snapshots to 2026-07-20 00:00:00+00:00, run_after=2026-07-21 00:00:00+00:00
[2026-07-20T12:36:53.795+0000] {processor.py:183} INFO - Processing /opt/airflow/dags/scd.py took 0.138 seconds
[2026-07-20T12:37:24.090+0000] {processor.py:161} INFO - Started process (PID=967) to work on /opt/airflow/dags/scd.py
[2026-07-20T12:37:24.091+0000] {processor.py:830} INFO - Processing file /opt/airflow/dags/scd.py for tasks to queue
[2026-07-20T12:37:24.094+0000] {logging_mixin.py:188} INFO - [2026-07-20T12:37:24.094+0000] {dagbag.py:545} INFO - Filling up the DagBag from /opt/airflow/dags/scd.py
[2026-07-20T12:37:24.125+0000] {processor.py:840} INFO - DAG(s) 'SCD2_snapshots' retrieved from /opt/airflow/dags/scd.py
[2026-07-20T12:37:24.167+0000] {logging_mixin.py:188} INFO - [2026-07-20T12:37:24.167+0000] {dag.py:3089} INFO - Sync 1 DAGs
[2026-07-20T12:37:24.195+0000] {logging_mixin.py:188} INFO - [2026-07-20T12:37:24.195+0000] {dag.py:3947} INFO - Setting next_dagrun for SCD2_snapshots to 2026-07-20 00:00:00+00:00, run_after=2026-07-21 00:00:00+00:00
[2026-07-20T12:37:24.221+0000] {processor.py:183} INFO - Processing /opt/airflow/dags/scd.py took 0.142 seconds
[2026-07-20T12:37:54.393+0000] {processor.py:161} INFO - Started process (PID=972) to work on /opt/airflow/dags/scd.py
[2026-07-20T12:37:54.395+0000] {processor.py:830} INFO - Processing file /opt/airflow/dags/scd.py for tasks to queue
[2026-07-20T12:37:54.397+0000] {logging_mixin.py:188} INFO - [2026-07-20T12:37:54.397+0000] {dagbag.py:545} INFO - Filling up the DagBag from /opt/airflow/dags/scd.py
[2026-07-20T12:37:54.426+0000] {processor.py:840} INFO - DAG(s) 'SCD2_snapshots' retrieved from /opt/airflow/dags/scd.py
[2026-07-20T12:37:54.469+0000] {logging_mixin.py:188} INFO - [2026-07-20T12:37:54.469+0000] {dag.py:3089} INFO - Sync 1 DAGs
[2026-07-20T12:37:54.498+0000] {logging_mixin.py:188} INFO - [2026-07-20T12:37:54.497+0000] {dag.py:3947} INFO - Setting next_dagrun for SCD2_snapshots to 2026-07-20 00:00:00+00:00, run_after=2026-07-21 00:00:00+00:00
[2026-07-20T12:37:54.524+0000] {processor.py:183} INFO - Processing /opt/airflow/dags/scd.py took 0.138 seconds
[2026-07-20T12:38:24.701+0000] {processor.py:161} INFO - Started process (PID=977) to work on /opt/airflow/dags/scd.py
[2026-07-20T12:38:24.702+0000] {processor.py:830} INFO - Processing file /opt/airflow/dags/scd.py for tasks to queue
[2026-07-20T12:38:24.704+0000] {logging_mixin.py:188} INFO - [2026-07-20T12:38:24.704+0000] {dagbag.py:545} INFO - Filling up the DagBag from /opt/airflow/dags/scd.py
[2026-07-20T12:38:24.730+0000] {processor.py:840} INFO - DAG(s) 'SCD2_snapshots' retrieved from /opt/airflow/dags/scd.py
[2026-07-20T12:38:24.769+0000] {logging_mixin.py:188} INFO - [2026-07-20T12:38:24.768+0000] {dag.py:3089} INFO - Sync 1 DAGs
[2026-07-20T12:38:24.796+0000] {logging_mixin.py:188} INFO - [2026-07-20T12:38:24.796+0000] {dag.py:3947} INFO - Setting next_dagrun for SCD2_snapshots to 2026-07-20 00:00:00+00:00, run_after=2026-07-21 00:00:00+00:00
[2026-07-20T12:38:24.819+0000] {processor.py:183} INFO - Processing /opt/airflow/dags/scd.py took 0.125 seconds
[2026-07-20T12:38:55.014+0000] {processor.py:161} INFO - Started process (PID=982) to work on /opt/airflow/dags/scd.py
[2026-07-20T12:38:55.015+0000] {processor.py:830} INFO - Processing file /opt/airflow/dags/scd.py for tasks to queue
[2026-07-20T12:38:55.017+0000] {logging_mixin.py:188} INFO - [2026-07-20T12:38:55.017+0000] {dagbag.py:545} INFO - Filling up the DagBag from /opt/airflow/dags/scd.py
[2026-07-20T12:38:55.046+0000] {processor.py:840} INFO - DAG(s) 'SCD2_snapshots' retrieved from /opt/airflow/dags/scd.py
[2026-07-20T12:38:55.087+0000] {logging_mixin.py:188} INFO - [2026-07-20T12:38:55.087+0000] {dag.py:3089} INFO - Sync 1 DAGs
[2026-07-20T12:38:55.119+0000] {logging_mixin.py:188} INFO - [2026-07-20T12:38:55.119+0000] {dag.py:3947} INFO - Setting next_dagrun for SCD2_snapshots to 2026-07-20 00:00:00+00:00, run_after=2026-07-21 00:00:00+00:00
[2026-07-20T12:38:55.145+0000] {processor.py:183} INFO - Processing /opt/airflow/dags/scd.py took 0.138 seconds
[2026-07-20T12:39:25.305+0000] {processor.py:161} INFO - Started process (PID=987) to work on /opt/airflow/dags/scd.py
[2026-07-20T12:39:25.306+0000] {processor.py:830} INFO - Processing file /opt/airflow/dags/scd.py for tasks to queue
[2026-07-20T12:39:25.308+0000] {logging_mixin.py:188} INFO - [2026-07-20T12:39:25.308+0000] {dagbag.py:545} INFO - Filling up the DagBag from /opt/airflow/dags/scd.py
[2026-07-20T12:39:25.333+0000] {processor.py:840} INFO - DAG(s) 'SCD2_snapshots' retrieved from /opt/airflow/dags/scd.py
[2026-07-20T12:39:25.374+0000] {logging_mixin.py:188} INFO - [2026-07-20T12:39:25.373+0000] {dag.py:3089} INFO - Sync 1 DAGs
[2026-07-20T12:39:25.403+0000] {logging_mixin.py:188} INFO - [2026-07-20T12:39:25.403+0000] {dag.py:3947} INFO - Setting next_dagrun for SCD2_snapshots to 2026-07-20 00:00:00+00:00, run_after=2026-07-21 00:00:00+00:00
[2026-07-20T12:39:25.428+0000] {processor.py:183} INFO - Processing /opt/airflow/dags/scd.py took 0.130 seconds
[2026-07-20T12:39:55.570+0000] {processor.py:161} INFO - Started process (PID=992) to work on /opt/airflow/dags/scd.py
[2026-07-20T12:39:55.572+0000] {processor.py:830} INFO - Processing file /opt/airflow/dags/scd.py for tasks to queue
[2026-07-20T12:39:55.574+0000] {logging_mixin.py:188} INFO - [2026-07-20T12:39:55.574+0000] {dagbag.py:545} INFO - Filling up the DagBag from /opt/airflow/dags/scd.py
[2026-07-20T12:39:55.602+0000] {processor.py:840} INFO - DAG(s) 'SCD2_snapshots' retrieved from /opt/airflow/dags/scd.py
[2026-07-20T12:39:55.643+0000] {logging_mixin.py:188} INFO - [2026-07-20T12:39:55.643+0000] {dag.py:3089} INFO - Sync 1 DAGs
[2026-07-20T12:39:55.667+0000] {logging_mixin.py:188} INFO - [2026-07-20T12:39:55.667+0000] {dag.py:3947} INFO - Setting next_dagrun for SCD2_snapshots to 2026-07-20 00:00:00+00:00, run_after=2026-07-21 00:00:00+00:00
[2026-07-20T12:39:55.691+0000] {processor.py:183} INFO - Processing /opt/airflow/dags/scd.py took 0.129 seconds
[2026-07-20T12:40:25.841+0000] {processor.py:161} INFO - Started process (PID=993) to work on /opt/airflow/dags/scd.py
[2026-07-20T12:40:25.843+0000] {processor.py:830} INFO - Processing file /opt/airflow/dags/scd.py for tasks to queue
[2026-07-20T12:40:25.846+0000] {logging_mixin.py:188} INFO - [2026-07-20T12:40:25.846+0000] {dagbag.py:545} INFO - Filling up the DagBag from /opt/airflow/dags/scd.py
[2026-07-20T12:40:25.877+0000] {processor.py:840} INFO - DAG(s) 'SCD2_snapshots' retrieved from /opt/airflow/dags/scd.py
[2026-07-20T12:40:25.920+0000] {logging_mixin.py:188} INFO - [2026-07-20T12:40:25.920+0000] {dag.py:3089} INFO - Sync 1 DAGs
[2026-07-20T12:40:25.950+0000] {logging_mixin.py:188} INFO - [2026-07-20T12:40:25.950+0000] {dag.py:3947} INFO - Setting next_dagrun for SCD2_snapshots to 2026-07-20 00:00:00+00:00, run_after=2026-07-21 00:00:00+00:00
[2026-07-20T12:40:25.977+0000] {processor.py:183} INFO - Processing /opt/airflow/dags/scd.py took 0.144 seconds
[2026-07-20T12:40:56.275+0000] {processor.py:161} INFO - Started process (PID=998) to work on /opt/airflow/dags/scd.py
[2026-07-20T12:40:56.277+0000] {processor.py:830} INFO - Processing file /opt/airflow/dags/scd.py for tasks to queue
[2026-07-20T12:40:56.280+0000] {logging_mixin.py:188} INFO - [2026-07-20T12:40:56.279+0000] {dagbag.py:545} INFO - Filling up the DagBag from /opt/airflow/dags/scd.py
[2026-07-20T12:40:56.310+0000] {processor.py:840} INFO - DAG(s) 'SCD2_snapshots' retrieved from /opt/airflow/dags/scd.py
[2026-07-20T12:40:56.351+0000] {logging_mixin.py:188} INFO - [2026-07-20T12:40:56.350+0000] {dag.py:3089} INFO - Sync 1 DAGs
[2026-07-20T12:40:56.381+0000] {logging_mixin.py:188} INFO - [2026-07-20T12:40:56.381+0000] {dag.py:3947} INFO - Setting next_dagrun for SCD2_snapshots to 2026-07-20 00:00:00+00:00, run_after=2026-07-21 00:00:00+00:00
[2026-07-20T12:40:56.411+0000] {processor.py:183} INFO - Processing /opt/airflow/dags/scd.py took 0.143 seconds
[2026-07-20T12:41:26.713+0000] {processor.py:161} INFO - Started process (PID=1003) to work on /opt/airflow/dags/scd.py
[2026-07-20T12:41:26.715+0000] {processor.py:830} INFO - Processing file /opt/airflow/dags/scd.py for tasks to queue
[2026-07-20T12:41:26.718+0000] {logging_mixin.py:188} INFO - [2026-07-20T12:41:26.717+0000] {dagbag.py:545} INFO - Filling up the DagBag from /opt/airflow/dags/scd.py
[2026-07-20T12:41:26.748+0000] {processor.py:840} INFO - DAG(s) 'SCD2_snapshots' retrieved from /opt/airflow/dags/scd.py
[2026-07-20T12:41:26.788+0000] {logging_mixin.py:188} INFO - [2026-07-20T12:41:26.788+0000] {dag.py:3089} INFO - Sync 1 DAGs
[2026-07-20T12:41:26.817+0000] {logging_mixin.py:188} INFO - [2026-07-20T12:41:26.817+0000] {dag.py:3947} INFO - Setting next_dagrun for SCD2_snapshots to 2026-07-20 00:00:00+00:00, run_after=2026-07-21 00:00:00+00:00
[2026-07-20T12:41:26.842+0000] {processor.py:183} INFO - Processing /opt/airflow/dags/scd.py took 0.138 seconds
[2026-07-20T12:41:57.168+0000] {processor.py:161} INFO - Started process (PID=1008) to work on /opt/airflow/dags/scd.py
[2026-07-20T12:41:57.170+0000] {processor.py:830} INFO - Processing file /opt/airflow/dags/scd.py for tasks to queue
[2026-07-20T12:41:57.173+0000] {logging_mixin.py:188} INFO - [2026-07-20T12:41:57.173+0000] {dagbag.py:545} INFO - Filling up the DagBag from /opt/airflow/dags/scd.py
[2026-07-20T12:41:57.198+0000] {processor.py:840} INFO - DAG(s) 'SCD2_snapshots' retrieved from /opt/airflow/dags/scd.py
[2026-07-20T12:41:57.240+0000] {logging_mixin.py:188} INFO - [2026-07-20T12:41:57.239+0000] {dag.py:3089} INFO - Sync 1 DAGs
[2026-07-20T12:41:57.265+0000] {logging_mixin.py:188} INFO - [2026-07-20T12:41:57.265+0000] {dag.py:3947} INFO - Setting next_dagrun for SCD2_snapshots to 2026-07-20 00:00:00+00:00, run_after=2026-07-21 00:00:00+00:00
[2026-07-20T12:41:57.290+0000] {processor.py:183} INFO - Processing /opt/airflow/dags/scd.py took 0.129 seconds
[2026-07-20T12:42:27.528+0000] {processor.py:161} INFO - Started process (PID=1013) to work on /opt/airflow/dags/scd.py
[2026-07-20T12:42:27.530+0000] {processor.py:830} INFO - Processing file /opt/airflow/dags/scd.py for tasks to queue
[2026-07-20T12:42:27.534+0000] {logging_mixin.py:188} INFO - [2026-07-20T12:42:27.533+0000] {dagbag.py:545} INFO - Filling up the DagBag from /opt/airflow/dags/scd.py
[2026-07-20T12:42:27.568+0000] {processor.py:840} INFO - DAG(s) 'SCD2_snapshots' retrieved from /opt/airflow/dags/scd.py
[2026-07-20T12:42:27.614+0000] {logging_mixin.py:188} INFO - [2026-07-20T12:42:27.614+0000] {dag.py:3089} INFO - Sync 1 DAGs
[2026-07-20T12:42:27.641+0000] {logging_mixin.py:188} INFO - [2026-07-20T12:42:27.641+0000] {dag.py:3947} INFO - Setting next_dagrun for SCD2_snapshots to 2026-07-20 00:00:00+00:00, run_after=2026-07-21 00:00:00+00:00
[2026-07-20T12:42:27.665+0000] {processor.py:183} INFO - Processing /opt/airflow/dags/scd.py took 0.146 seconds
[2026-07-20T12:42:57.993+0000] {processor.py:161} INFO - Started process (PID=1018) to work on /opt/airflow/dags/scd.py
[2026-07-20T12:42:57.995+0000] {processor.py:830} INFO - Processing file /opt/airflow/dags/scd.py for tasks to queue
[2026-07-20T12:42:57.998+0000] {logging_mixin.py:188} INFO - [2026-07-20T12:42:57.997+0000] {dagbag.py:545} INFO - Filling up the DagBag from /opt/airflow/dags/scd.py
[2026-07-20T12:42:58.024+0000] {processor.py:840} INFO - DAG(s) 'SCD2_snapshots' retrieved from /opt/airflow/dags/scd.py
[2026-07-20T12:42:58.065+0000] {logging_mixin.py:188} INFO - [2026-07-20T12:42:58.065+0000] {dag.py:3089} INFO - Sync 1 DAGs
[2026-07-20T12:42:58.093+0000] {logging_mixin.py:188} INFO - [2026-07-20T12:42:58.093+0000] {dag.py:3947} INFO - Setting next_dagrun for SCD2_snapshots to 2026-07-20 00:00:00+00:00, run_after=2026-07-21 00:00:00+00:00
[2026-07-20T12:42:58.118+0000] {processor.py:183} INFO - Processing /opt/airflow/dags/scd.py took 0.134 seconds
[2026-07-20T12:43:28.415+0000] {processor.py:161} INFO - Started process (PID=1023) to work on /opt/airflow/dags/scd.py
[2026-07-20T12:43:28.416+0000] {processor.py:830} INFO - Processing file /opt/airflow/dags/scd.py for tasks to queue
[2026-07-20T12:43:28.419+0000] {logging_mixin.py:188} INFO - [2026-07-20T12:43:28.418+0000] {dagbag.py:545} INFO - Filling up the DagBag from /opt/airflow/dags/scd.py
[2026-07-20T12:43:28.455+0000] {processor.py:840} INFO - DAG(s) 'SCD2_snapshots' retrieved from /opt/airflow/dags/scd.py
[2026-07-20T12:43:28.511+0000] {logging_mixin.py:188} INFO - [2026-07-20T12:43:28.511+0000] {dag.py:3089} INFO - Sync 1 DAGs
[2026-07-20T12:43:28.546+0000] {logging_mixin.py:188} INFO - [2026-07-20T12:43:28.546+0000] {dag.py:3947} INFO - Setting next_dagrun for SCD2_snapshots to 2026-07-20 00:00:00+00:00, run_after=2026-07-21 00:00:00+00:00
[2026-07-20T12:43:28.573+0000] {processor.py:183} INFO - Processing /opt/airflow/dags/scd.py took 0.166 seconds
[2026-07-20T12:43:58.628+0000] {processor.py:161} INFO - Started process (PID=1028) to work on /opt/airflow/dags/scd.py
[2026-07-20T12:43:58.629+0000] {processor.py:830} INFO - Processing file /opt/airflow/dags/scd.py for tasks to queue
[2026-07-20T12:43:58.632+0000] {logging_mixin.py:188} INFO - [2026-07-20T12:43:58.632+0000] {dagbag.py:545} INFO - Filling up the DagBag from /opt/airflow/dags/scd.py
[2026-07-20T12:43:58.670+0000] {processor.py:840} INFO - DAG(s) 'SCD2_snapshots' retrieved from /opt/airflow/dags/scd.py
[2026-07-20T12:43:58.721+0000] {logging_mixin.py:188} INFO - [2026-07-20T12:43:58.721+0000] {dag.py:3089} INFO - Sync 1 DAGs
[2026-07-20T12:43:58.756+0000] {logging_mixin.py:188} INFO - [2026-07-20T12:43:58.756+0000] {dag.py:3947} INFO - Setting next_dagrun for SCD2_snapshots to 2026-07-20 00:00:00+00:00, run_after=2026-07-21 00:00:00+00:00
[2026-07-20T12:43:58.788+0000] {processor.py:183} INFO - Processing /opt/airflow/dags/scd.py took 0.167 seconds
[2026-07-20T12:44:28.873+0000] {processor.py:161} INFO - Started process (PID=1033) to work on /opt/airflow/dags/scd.py
[2026-07-20T12:44:28.875+0000] {processor.py:830} INFO - Processing file /opt/airflow/dags/scd.py for tasks to queue
[2026-07-20T12:44:28.879+0000] {logging_mixin.py:188} INFO - [2026-07-20T12:44:28.879+0000] {dagbag.py:545} INFO - Filling up the DagBag from /opt/airflow/dags/scd.py
[2026-07-20T12:44:28.921+0000] {processor.py:840} INFO - DAG(s) 'SCD2_snapshots' retrieved from /opt/airflow/dags/scd.py
[2026-07-20T12:44:28.973+0000] {logging_mixin.py:188} INFO - [2026-07-20T12:44:28.973+0000] {dag.py:3089} INFO - Sync 1 DAGs
[2026-07-20T12:44:29.009+0000] {logging_mixin.py:188} INFO - [2026-07-20T12:44:29.009+0000] {dag.py:3947} INFO - Setting next_dagrun for SCD2_snapshots to 2026-07-20 00:00:00+00:00, run_after=2026-07-21 00:00:00+00:00
[2026-07-20T12:44:29.038+0000] {processor.py:183} INFO - Processing /opt/airflow/dags/scd.py took 0.176 seconds
[2026-07-20T12:44:59.237+0000] {processor.py:161} INFO - Started process (PID=1038) to work on /opt/airflow/dags/scd.py
[2026-07-20T12:44:59.239+0000] {processor.py:830} INFO - Processing file /opt/airflow/dags/scd.py for tasks to queue
[2026-07-20T12:44:59.242+0000] {logging_mixin.py:188} INFO - [2026-07-20T12:44:59.241+0000] {dagbag.py:545} INFO - Filling up the DagBag from /opt/airflow/dags/scd.py
[2026-07-20T12:44:59.275+0000] {processor.py:840} INFO - DAG(s) 'SCD2_snapshots' retrieved from /opt/airflow/dags/scd.py
[2026-07-20T12:44:59.318+0000] {logging_mixin.py:188} INFO - [2026-07-20T12:44:59.318+0000] {dag.py:3089} INFO - Sync 1 DAGs
[2026-07-20T12:44:59.353+0000] {logging_mixin.py:188} INFO - [2026-07-20T12:44:59.352+0000] {dag.py:3947} INFO - Setting next_dagrun for SCD2_snapshots to 2026-07-20 00:00:00+00:00, run_after=2026-07-21 00:00:00+00:00
[2026-07-20T12:44:59.380+0000] {processor.py:183} INFO - Processing /opt/airflow/dags/scd.py took 0.152 seconds
[2026-07-20T12:45:29.482+0000] {processor.py:161} INFO - Started process (PID=1043) to work on /opt/airflow/dags/scd.py
[2026-07-20T12:45:29.484+0000] {processor.py:830} INFO - Processing file /opt/airflow/dags/scd.py for tasks to queue
[2026-07-20T12:45:29.486+0000] {logging_mixin.py:188} INFO - [2026-07-20T12:45:29.486+0000] {dagbag.py:545} INFO - Filling up the DagBag from /opt/airflow/dags/scd.py
[2026-07-20T12:45:29.514+0000] {processor.py:840} INFO - DAG(s) 'SCD2_snapshots' retrieved from /opt/airflow/dags/scd.py
[2026-07-20T12:45:29.564+0000] {logging_mixin.py:188} INFO - [2026-07-20T12:45:29.564+0000] {dag.py:3089} INFO - Sync 1 DAGs
[2026-07-20T12:45:29.595+0000] {logging_mixin.py:188} INFO - [2026-07-20T12:45:29.595+0000] {dag.py:3947} INFO - Setting next_dagrun for SCD2_snapshots to 2026-07-20 00:00:00+00:00, run_after=2026-07-21 00:00:00+00:00
[2026-07-20T12:45:29.624+0000] {processor.py:183} INFO - Processing /opt/airflow/dags/scd.py took 0.150 seconds
[2026-07-20T12:45:59.955+0000] {processor.py:161} INFO - Started process (PID=1048) to work on /opt/airflow/dags/scd.py
[2026-07-20T12:45:59.957+0000] {processor.py:830} INFO - Processing file /opt/airflow/dags/scd.py for tasks to queue
[2026-07-20T12:45:59.960+0000] {logging_mixin.py:188} INFO - [2026-07-20T12:45:59.960+0000] {dagbag.py:545} INFO - Filling up the DagBag from /opt/airflow/dags/scd.py
[2026-07-20T12:46:00.007+0000] {processor.py:840} INFO - DAG(s) 'SCD2_snapshots' retrieved from /opt/airflow/dags/scd.py
[2026-07-20T12:46:00.072+0000] {logging_mixin.py:188} INFO - [2026-07-20T12:46:00.072+0000] {dag.py:3089} INFO - Sync 1 DAGs
[2026-07-20T12:46:00.137+0000] {logging_mixin.py:188} INFO - [2026-07-20T12:46:00.136+0000] {dag.py:3947} INFO - Setting next_dagrun for SCD2_snapshots to 2026-07-20 00:00:00+00:00, run_after=2026-07-21 00:00:00+00:00
[2026-07-20T12:46:00.175+0000] {processor.py:183} INFO - Processing /opt/airflow/dags/scd.py took 0.234 seconds
[2026-07-20T12:46:30.573+0000] {processor.py:161} INFO - Started process (PID=1053) to work on /opt/airflow/dags/scd.py
[2026-07-20T12:46:30.574+0000] {processor.py:830} INFO - Processing file /opt/airflow/dags/scd.py for tasks to queue
[2026-07-20T12:46:30.577+0000] {logging_mixin.py:188} INFO - [2026-07-20T12:46:30.576+0000] {dagbag.py:545} INFO - Filling up the DagBag from /opt/airflow/dags/scd.py
[2026-07-20T12:46:30.610+0000] {processor.py:840} INFO - DAG(s) 'SCD2_snapshots' retrieved from /opt/airflow/dags/scd.py
[2026-07-20T12:46:30.654+0000] {logging_mixin.py:188} INFO - [2026-07-20T12:46:30.654+0000] {dag.py:3089} INFO - Sync 1 DAGs
[2026-07-20T12:46:30.682+0000] {logging_mixin.py:188} INFO - [2026-07-20T12:46:30.682+0000] {dag.py:3947} INFO - Setting next_dagrun for SCD2_snapshots to 2026-07-20 00:00:00+00:00, run_after=2026-07-21 00:00:00+00:00
[2026-07-20T12:46:30.707+0000] {processor.py:183} INFO - Processing /opt/airflow/dags/scd.py took 0.145 seconds
[2026-07-20T12:47:00.958+0000] {processor.py:161} INFO - Started process (PID=1058) to work on /opt/airflow/dags/scd.py
[2026-07-20T12:47:00.960+0000] {processor.py:830} INFO - Processing file /opt/airflow/dags/scd.py for tasks to queue
[2026-07-20T12:47:00.964+0000] {logging_mixin.py:188} INFO - [2026-07-20T12:47:00.963+0000] {dagbag.py:545} INFO - Filling up the DagBag from /opt/airflow/dags/scd.py
[2026-07-20T12:47:00.998+0000] {processor.py:840} INFO - DAG(s) 'SCD2_snapshots' retrieved from /opt/airflow/dags/scd.py
[2026-07-20T12:47:01.052+0000] {logging_mixin.py:188} INFO - [2026-07-20T12:47:01.052+0000] {dag.py:3089} INFO - Sync 1 DAGs
[2026-07-20T12:47:01.081+0000] {logging_mixin.py:188} INFO - [2026-07-20T12:47:01.080+0000] {dag.py:3947} INFO - Setting next_dagrun for SCD2_snapshots to 2026-07-20 00:00:00+00:00, run_after=2026-07-21 00:00:00+00:00
[2026-07-20T12:47:01.106+0000] {processor.py:183} INFO - Processing /opt/airflow/dags/scd.py took 0.157 seconds
[2026-07-20T12:47:31.399+0000] {processor.py:161} INFO - Started process (PID=1063) to work on /opt/airflow/dags/scd.py
[2026-07-20T12:47:31.401+0000] {processor.py:830} INFO - Processing file /opt/airflow/dags/scd.py for tasks to queue
[2026-07-20T12:47:31.403+0000] {logging_mixin.py:188} INFO - [2026-07-20T12:47:31.403+0000] {dagbag.py:545} INFO - Filling up the DagBag from /opt/airflow/dags/scd.py
[2026-07-20T12:47:31.430+0000] {processor.py:840} INFO - DAG(s) 'SCD2_snapshots' retrieved from /opt/airflow/dags/scd.py
[2026-07-20T12:47:31.472+0000] {logging_mixin.py:188} INFO - [2026-07-20T12:47:31.472+0000] {dag.py:3089} INFO - Sync 1 DAGs
[2026-07-20T12:47:31.502+0000] {logging_mixin.py:188} INFO - [2026-07-20T12:47:31.502+0000] {dag.py:3947} INFO - Setting next_dagrun for SCD2_snapshots to 2026-07-20 00:00:00+00:00, run_after=2026-07-21 00:00:00+00:00
[2026-07-20T12:47:31.525+0000] {processor.py:183} INFO - Processing /opt/airflow/dags/scd.py took 0.134 seconds
[2026-07-20T12:48:01.824+0000] {processor.py:161} INFO - Started process (PID=1068) to work on /opt/airflow/dags/scd.py
[2026-07-20T12:48:01.826+0000] {processor.py:830} INFO - Processing file /opt/airflow/dags/scd.py for tasks to queue
[2026-07-20T12:48:01.829+0000] {logging_mixin.py:188} INFO - [2026-07-20T12:48:01.829+0000] {dagbag.py:545} INFO - Filling up the DagBag from /opt/airflow/dags/scd.py
[2026-07-20T12:48:01.865+0000] {processor.py:840} INFO - DAG(s) 'SCD2_snapshots' retrieved from /opt/airflow/dags/scd.py
[2026-07-20T12:48:01.909+0000] {logging_mixin.py:188} INFO - [2026-07-20T12:48:01.909+0000] {dag.py:3089} INFO - Sync 1 DAGs
[2026-07-20T12:48:01.938+0000] {logging_mixin.py:188} INFO - [2026-07-20T12:48:01.937+0000] {dag.py:3947} INFO - Setting next_dagrun for SCD2_snapshots to 2026-07-20 00:00:00+00:00, run_after=2026-07-21 00:00:00+00:00
[2026-07-20T12:48:01.971+0000] {processor.py:183} INFO - Processing /opt/airflow/dags/scd.py took 0.162 seconds
[2026-07-20T12:48:32.234+0000] {processor.py:161} INFO - Started process (PID=1073) to work on /opt/airflow/dags/scd.py
[2026-07-20T12:48:32.236+0000] {processor.py:830} INFO - Processing file /opt/airflow/dags/scd.py for tasks to queue
[2026-07-20T12:48:32.238+0000] {logging_mixin.py:188} INFO - [2026-07-20T12:48:32.237+0000] {dagbag.py:545} INFO - Filling up the DagBag from /opt/airflow/dags/scd.py
[2026-07-20T12:48:32.279+0000] {processor.py:840} INFO - DAG(s) 'SCD2_snapshots' retrieved from /opt/airflow/dags/scd.py
[2026-07-20T12:48:32.330+0000] {logging_mixin.py:188} INFO - [2026-07-20T12:48:32.329+0000] {dag.py:3089} INFO - Sync 1 DAGs
[2026-07-20T12:48:32.360+0000] {logging_mixin.py:188} INFO - [2026-07-20T12:48:32.359+0000] {dag.py:3947} INFO - Setting next_dagrun for SCD2_snapshots to 2026-07-20 00:00:00+00:00, run_after=2026-07-21 00:00:00+00:00
[2026-07-20T12:48:32.385+0000] {processor.py:183} INFO - Processing /opt/airflow/dags/scd.py took 0.159 seconds
[2026-07-20T12:49:02.472+0000] {processor.py:161} INFO - Started process (PID=1078) to work on /opt/airflow/dags/scd.py
[2026-07-20T12:49:02.475+0000] {processor.py:830} INFO - Processing file /opt/airflow/dags/scd.py for tasks to queue
[2026-07-20T12:49:02.479+0000] {logging_mixin.py:188} INFO - [2026-07-20T12:49:02.478+0000] {dagbag.py:545} INFO - Filling up the DagBag from /opt/airflow/dags/scd.py
[2026-07-20T12:49:02.510+0000] {processor.py:840} INFO - DAG(s) 'SCD2_snapshots' retrieved from /opt/airflow/dags/scd.py
[2026-07-20T12:49:02.560+0000] {logging_mixin.py:188} INFO - [2026-07-20T12:49:02.559+0000] {dag.py:3089} INFO - Sync 1 DAGs
[2026-07-20T12:49:02.588+0000] {logging_mixin.py:188} INFO - [2026-07-20T12:49:02.588+0000] {dag.py:3947} INFO - Setting next_dagrun for SCD2_snapshots to 2026-07-20 00:00:00+00:00, run_after=2026-07-21 00:00:00+00:00
[2026-07-20T12:49:02.613+0000] {processor.py:183} INFO - Processing /opt/airflow/dags/scd.py took 0.157 seconds
[2026-07-20T12:49:32.816+0000] {processor.py:161} INFO - Started process (PID=1083) to work on /opt/airflow/dags/scd.py
[2026-07-20T12:49:32.817+0000] {processor.py:830} INFO - Processing file /opt/airflow/dags/scd.py for tasks to queue
[2026-07-20T12:49:32.820+0000] {logging_mixin.py:188} INFO - [2026-07-20T12:49:32.819+0000] {dagbag.py:545} INFO - Filling up the DagBag from /opt/airflow/dags/scd.py
[2026-07-20T12:49:32.844+0000] {processor.py:840} INFO - DAG(s) 'SCD2_snapshots' retrieved from /opt/airflow/dags/scd.py
[2026-07-20T12:49:32.882+0000] {logging_mixin.py:188} INFO - [2026-07-20T12:49:32.882+0000] {dag.py:3089} INFO - Sync 1 DAGs
[2026-07-20T12:49:32.911+0000] {logging_mixin.py:188} INFO - [2026-07-20T12:49:32.911+0000] {dag.py:3947} INFO - Setting next_dagrun for SCD2_snapshots to 2026-07-20 00:00:00+00:00, run_after=2026-07-21 00:00:00+00:00
[2026-07-20T12:49:32.935+0000] {processor.py:183} INFO - Processing /opt/airflow/dags/scd.py took 0.125 seconds
[2026-07-20T12:50:03.212+0000] {processor.py:161} INFO - Started process (PID=1088) to work on /opt/airflow/dags/scd.py
[2026-07-20T12:50:03.214+0000] {processor.py:830} INFO - Processing file /opt/airflow/dags/scd.py for tasks to queue
[2026-07-20T12:50:03.217+0000] {logging_mixin.py:188} INFO - [2026-07-20T12:50:03.216+0000] {dagbag.py:545} INFO - Filling up the DagBag from /opt/airflow/dags/scd.py
[2026-07-20T12:50:03.244+0000] {processor.py:840} INFO - DAG(s) 'SCD2_snapshots' retrieved from /opt/airflow/dags/scd.py
[2026-07-20T12:50:03.288+0000] {logging_mixin.py:188} INFO - [2026-07-20T12:50:03.288+0000] {dag.py:3089} INFO - Sync 1 DAGs
[2026-07-20T12:50:03.315+0000] {logging_mixin.py:188} INFO - [2026-07-20T12:50:03.315+0000] {dag.py:3947} INFO - Setting next_dagrun for SCD2_snapshots to 2026-07-20 00:00:00+00:00, run_after=2026-07-21 00:00:00+00:00
[2026-07-20T12:50:03.342+0000] {processor.py:183} INFO - Processing /opt/airflow/dags/scd.py took 0.137 seconds
[2026-07-20T12:50:33.642+0000] {processor.py:161} INFO - Started process (PID=1093) to work on /opt/airflow/dags/scd.py
[2026-07-20T12:50:33.643+0000] {processor.py:830} INFO - Processing file /opt/airflow/dags/scd.py for tasks to queue
[2026-07-20T12:50:33.646+0000] {logging_mixin.py:188} INFO - [2026-07-20T12:50:33.646+0000] {dagbag.py:545} INFO - Filling up the DagBag from /opt/airflow/dags/scd.py
[2026-07-20T12:50:33.675+0000] {processor.py:840} INFO - DAG(s) 'SCD2_snapshots' retrieved from /opt/airflow/dags/scd.py
[2026-07-20T12:50:33.722+0000] {logging_mixin.py:188} INFO - [2026-07-20T12:50:33.721+0000] {dag.py:3089} INFO - Sync 1 DAGs
[2026-07-20T12:50:33.760+0000] {logging_mixin.py:188} INFO - [2026-07-20T12:50:33.760+0000] {dag.py:3947} INFO - Setting next_dagrun for SCD2_snapshots to 2026-07-20 00:00:00+00:00, run_after=2026-07-21 00:00:00+00:00
[2026-07-20T12:50:33.788+0000] {processor.py:183} INFO - Processing /opt/airflow/dags/scd.py took 0.153 seconds
[2026-07-20T12:51:04.057+0000] {processor.py:161} INFO - Started process (PID=1098) to work on /opt/airflow/dags/scd.py
[2026-07-20T12:51:04.059+0000] {processor.py:830} INFO - Processing file /opt/airflow/dags/scd.py for tasks to queue
[2026-07-20T12:51:04.062+0000] {logging_mixin.py:188} INFO - [2026-07-20T12:51:04.061+0000] {dagbag.py:545} INFO - Filling up the DagBag from /opt/airflow/dags/scd.py
[2026-07-20T12:51:04.090+0000] {processor.py:840} INFO - DAG(s) 'SCD2_snapshots' retrieved from /opt/airflow/dags/scd.py
[2026-07-20T12:51:04.132+0000] {logging_mixin.py:188} INFO - [2026-07-20T12:51:04.132+0000] {dag.py:3089} INFO - Sync 1 DAGs
[2026-07-20T12:51:04.161+0000] {logging_mixin.py:188} INFO - [2026-07-20T12:51:04.161+0000] {dag.py:3947} INFO - Setting next_dagrun for SCD2_snapshots to 2026-07-20 00:00:00+00:00, run_after=2026-07-21 00:00:00+00:00
[2026-07-20T12:51:04.185+0000] {processor.py:183} INFO - Processing /opt/airflow/dags/scd.py took 0.135 seconds
[2026-07-20T12:51:34.450+0000] {processor.py:161} INFO - Started process (PID=1103) to work on /opt/airflow/dags/scd.py
[2026-07-20T12:51:34.452+0000] {processor.py:830} INFO - Processing file /opt/airflow/dags/scd.py for tasks to queue
[2026-07-20T12:51:34.454+0000] {logging_mixin.py:188} INFO - [2026-07-20T12:51:34.454+0000] {dagbag.py:545} INFO - Filling up the DagBag from /opt/airflow/dags/scd.py
[2026-07-20T12:51:34.482+0000] {processor.py:840} INFO - DAG(s) 'SCD2_snapshots' retrieved from /opt/airflow/dags/scd.py
[2026-07-20T12:51:34.526+0000] {logging_mixin.py:188} INFO - [2026-07-20T12:51:34.526+0000] {dag.py:3089} INFO - Sync 1 DAGs
[2026-07-20T12:51:34.553+0000] {logging_mixin.py:188} INFO - [2026-07-20T12:51:34.553+0000] {dag.py:3947} INFO - Setting next_dagrun for SCD2_snapshots to 2026-07-20 00:00:00+00:00, run_after=2026-07-21 00:00:00+00:00
[2026-07-20T12:51:34.581+0000] {processor.py:183} INFO - Processing /opt/airflow/dags/scd.py took 0.139 seconds
[2026-07-20T12:52:04.884+0000] {processor.py:161} INFO - Started process (PID=1108) to work on /opt/airflow/dags/scd.py
[2026-07-20T12:52:04.886+0000] {processor.py:830} INFO - Processing file /opt/airflow/dags/scd.py for tasks to queue
[2026-07-20T12:52:04.888+0000] {logging_mixin.py:188} INFO - [2026-07-20T12:52:04.888+0000] {dagbag.py:545} INFO - Filling up the DagBag from /opt/airflow/dags/scd.py
[2026-07-20T12:52:04.915+0000] {processor.py:840} INFO - DAG(s) 'SCD2_snapshots' retrieved from /opt/airflow/dags/scd.py
[2026-07-20T12:52:04.951+0000] {logging_mixin.py:188} INFO - [2026-07-20T12:52:04.951+0000] {dag.py:3089} INFO - Sync 1 DAGs
[2026-07-20T12:52:04.978+0000] {logging_mixin.py:188} INFO - [2026-07-20T12:52:04.978+0000] {dag.py:3947} INFO - Setting next_dagrun for SCD2_snapshots to 2026-07-20 00:00:00+00:00, run_after=2026-07-21 00:00:00+00:00
[2026-07-20T12:52:05.001+0000] {processor.py:183} INFO - Processing /opt/airflow/dags/scd.py took 0.124 seconds
[2026-07-20T12:52:35.270+0000] {processor.py:161} INFO - Started process (PID=1113) to work on /opt/airflow/dags/scd.py
[2026-07-20T12:52:35.272+0000] {processor.py:830} INFO - Processing file /opt/airflow/dags/scd.py for tasks to queue
[2026-07-20T12:52:35.274+0000] {logging_mixin.py:188} INFO - [2026-07-20T12:52:35.273+0000] {dagbag.py:545} INFO - Filling up the DagBag from /opt/airflow/dags/scd.py
[2026-07-20T12:52:35.302+0000] {processor.py:840} INFO - DAG(s) 'SCD2_snapshots' retrieved from /opt/airflow/dags/scd.py
[2026-07-20T12:52:35.345+0000] {logging_mixin.py:188} INFO - [2026-07-20T12:52:35.345+0000] {dag.py:3089} INFO - Sync 1 DAGs
[2026-07-20T12:52:35.375+0000] {logging_mixin.py:188} INFO - [2026-07-20T12:52:35.375+0000] {dag.py:3947} INFO - Setting next_dagrun for SCD2_snapshots to 2026-07-20 00:00:00+00:00, run_after=2026-07-21 00:00:00+00:00
[2026-07-20T12:52:35.399+0000] {processor.py:183} INFO - Processing /opt/airflow/dags/scd.py took 0.137 seconds
[2026-07-20T12:53:05.615+0000] {processor.py:161} INFO - Started process (PID=1118) to work on /opt/airflow/dags/scd.py
[2026-07-20T12:53:05.616+0000] {processor.py:830} INFO - Processing file /opt/airflow/dags/scd.py for tasks to queue
[2026-07-20T12:53:05.619+0000] {logging_mixin.py:188} INFO - [2026-07-20T12:53:05.619+0000] {dagbag.py:545} INFO - Filling up the DagBag from /opt/airflow/dags/scd.py
[2026-07-20T12:53:05.648+0000] {processor.py:840} INFO - DAG(s) 'SCD2_snapshots' retrieved from /opt/airflow/dags/scd.py
[2026-07-20T12:53:05.690+0000] {logging_mixin.py:188} INFO - [2026-07-20T12:53:05.690+0000] {dag.py:3089} INFO - Sync 1 DAGs
[2026-07-20T12:53:05.721+0000] {logging_mixin.py:188} INFO - [2026-07-20T12:53:05.721+0000] {dag.py:3947} INFO - Setting next_dagrun for SCD2_snapshots to 2026-07-20 00:00:00+00:00, run_after=2026-07-21 00:00:00+00:00
[2026-07-20T12:53:05.746+0000] {processor.py:183} INFO - Processing /opt/airflow/dags/scd.py took 0.138 seconds
[2026-07-20T12:53:35.885+0000] {processor.py:161} INFO - Started process (PID=1123) to work on /opt/airflow/dags/scd.py
[2026-07-20T12:53:35.887+0000] {processor.py:830} INFO - Processing file /opt/airflow/dags/scd.py for tasks to queue
[2026-07-20T12:53:35.890+0000] {logging_mixin.py:188} INFO - [2026-07-20T12:53:35.889+0000] {dagbag.py:545} INFO - Filling up the DagBag from /opt/airflow/dags/scd.py
[2026-07-20T12:53:35.917+0000] {processor.py:840} INFO - DAG(s) 'SCD2_snapshots' retrieved from /opt/airflow/dags/scd.py
[2026-07-20T12:53:35.960+0000] {logging_mixin.py:188} INFO - [2026-07-20T12:53:35.959+0000] {dag.py:3089} INFO - Sync 1 DAGs
[2026-07-20T12:53:35.989+0000] {logging_mixin.py:188} INFO - [2026-07-20T12:53:35.989+0000] {dag.py:3947} INFO - Setting next_dagrun for SCD2_snapshots to 2026-07-20 00:00:00+00:00, run_after=2026-07-21 00:00:00+00:00
[2026-07-20T12:53:36.015+0000] {processor.py:183} INFO - Processing /opt/airflow/dags/scd.py took 0.137 seconds
[2026-07-20T12:54:06.198+0000] {processor.py:161} INFO - Started process (PID=1128) to work on /opt/airflow/dags/scd.py
[2026-07-20T12:54:06.200+0000] {processor.py:830} INFO - Processing file /opt/airflow/dags/scd.py for tasks to queue
[2026-07-20T12:54:06.203+0000] {logging_mixin.py:188} INFO - [2026-07-20T12:54:06.203+0000] {dagbag.py:545} INFO - Filling up the DagBag from /opt/airflow/dags/scd.py
[2026-07-20T12:54:06.232+0000] {processor.py:840} INFO - DAG(s) 'SCD2_snapshots' retrieved from /opt/airflow/dags/scd.py
[2026-07-20T12:54:06.278+0000] {logging_mixin.py:188} INFO - [2026-07-20T12:54:06.277+0000] {dag.py:3089} INFO - Sync 1 DAGs
[2026-07-20T12:54:06.310+0000] {logging_mixin.py:188} INFO - [2026-07-20T12:54:06.310+0000] {dag.py:3947} INFO - Setting next_dagrun for SCD2_snapshots to 2026-07-20 00:00:00+00:00, run_after=2026-07-21 00:00:00+00:00
[2026-07-20T12:54:06.336+0000] {processor.py:183} INFO - Processing /opt/airflow/dags/scd.py took 0.145 seconds
[2026-07-20T12:54:36.425+0000] {processor.py:161} INFO - Started process (PID=1133) to work on /opt/airflow/dags/scd.py
[2026-07-20T12:54:36.426+0000] {processor.py:830} INFO - Processing file /opt/airflow/dags/scd.py for tasks to queue
[2026-07-20T12:54:36.429+0000] {logging_mixin.py:188} INFO - [2026-07-20T12:54:36.428+0000] {dagbag.py:545} INFO - Filling up the DagBag from /opt/airflow/dags/scd.py
[2026-07-20T12:54:36.460+0000] {processor.py:840} INFO - DAG(s) 'SCD2_snapshots' retrieved from /opt/airflow/dags/scd.py
[2026-07-20T12:54:36.502+0000] {logging_mixin.py:188} INFO - [2026-07-20T12:54:36.502+0000] {dag.py:3089} INFO - Sync 1 DAGs
[2026-07-20T12:54:36.530+0000] {logging_mixin.py:188} INFO - [2026-07-20T12:54:36.530+0000] {dag.py:3947} INFO - Setting next_dagrun for SCD2_snapshots to 2026-07-20 00:00:00+00:00, run_after=2026-07-21 00:00:00+00:00
[2026-07-20T12:54:36.556+0000] {processor.py:183} INFO - Processing /opt/airflow/dags/scd.py took 0.138 seconds
[2026-07-20T12:55:06.651+0000] {processor.py:161} INFO - Started process (PID=1138) to work on /opt/airflow/dags/scd.py
[2026-07-20T12:55:06.652+0000] {processor.py:830} INFO - Processing file /opt/airflow/dags/scd.py for tasks to queue
[2026-07-20T12:55:06.654+0000] {logging_mixin.py:188} INFO - [2026-07-20T12:55:06.654+0000] {dagbag.py:545} INFO - Filling up the DagBag from /opt/airflow/dags/scd.py
[2026-07-20T12:55:06.679+0000] {processor.py:840} INFO - DAG(s) 'SCD2_snapshots' retrieved from /opt/airflow/dags/scd.py
[2026-07-20T12:55:06.714+0000] {logging_mixin.py:188} INFO - [2026-07-20T12:55:06.714+0000] {dag.py:3089} INFO - Sync 1 DAGs
[2026-07-20T12:55:06.741+0000] {logging_mixin.py:188} INFO - [2026-07-20T12:55:06.740+0000] {dag.py:3947} INFO - Setting next_dagrun for SCD2_snapshots to 2026-07-20 00:00:00+00:00, run_after=2026-07-21 00:00:00+00:00
[2026-07-20T12:55:06.763+0000] {processor.py:183} INFO - Processing /opt/airflow/dags/scd.py took 0.118 seconds
[2026-07-20T12:55:36.898+0000] {processor.py:161} INFO - Started process (PID=1143) to work on /opt/airflow/dags/scd.py
[2026-07-20T12:55:36.899+0000] {processor.py:830} INFO - Processing file /opt/airflow/dags/scd.py for tasks to queue
[2026-07-20T12:55:36.901+0000] {logging_mixin.py:188} INFO - [2026-07-20T12:55:36.901+0000] {dagbag.py:545} INFO - Filling up the DagBag from /opt/airflow/dags/scd.py
[2026-07-20T12:55:36.927+0000] {processor.py:840} INFO - DAG(s) 'SCD2_snapshots' retrieved from /opt/airflow/dags/scd.py
[2026-07-20T12:55:36.963+0000] {logging_mixin.py:188} INFO - [2026-07-20T12:55:36.963+0000] {dag.py:3089} INFO - Sync 1 DAGs
[2026-07-20T12:55:36.988+0000] {logging_mixin.py:188} INFO - [2026-07-20T12:55:36.988+0000] {dag.py:3947} INFO - Setting next_dagrun for SCD2_snapshots to 2026-07-20 00:00:00+00:00, run_after=2026-07-21 00:00:00+00:00
[2026-07-20T12:55:37.010+0000] {processor.py:183} INFO - Processing /opt/airflow/dags/scd.py took 0.119 seconds
[2026-07-20T12:56:07.393+0000] {processor.py:161} INFO - Started process (PID=1144) to work on /opt/airflow/dags/scd.py
[2026-07-20T12:56:07.396+0000] {processor.py:830} INFO - Processing file /opt/airflow/dags/scd.py for tasks to queue
[2026-07-20T12:56:07.399+0000] {logging_mixin.py:188} INFO - [2026-07-20T12:56:07.398+0000] {dagbag.py:545} INFO - Filling up the DagBag from /opt/airflow/dags/scd.py
[2026-07-20T12:56:07.434+0000] {processor.py:840} INFO - DAG(s) 'SCD2_snapshots' retrieved from /opt/airflow/dags/scd.py
[2026-07-20T12:56:07.487+0000] {logging_mixin.py:188} INFO - [2026-07-20T12:56:07.487+0000] {dag.py:3089} INFO - Sync 1 DAGs
[2026-07-20T12:56:07.520+0000] {logging_mixin.py:188} INFO - [2026-07-20T12:56:07.519+0000] {dag.py:3947} INFO - Setting next_dagrun for SCD2_snapshots to 2026-07-20 00:00:00+00:00, run_after=2026-07-21 00:00:00+00:00
[2026-07-20T12:56:07.550+0000] {processor.py:183} INFO - Processing /opt/airflow/dags/scd.py took 0.167 seconds
[2026-07-20T12:56:37.605+0000] {processor.py:161} INFO - Started process (PID=1149) to work on /opt/airflow/dags/scd.py
[2026-07-20T12:56:37.606+0000] {processor.py:830} INFO - Processing file /opt/airflow/dags/scd.py for tasks to queue
[2026-07-20T12:56:37.613+0000] {logging_mixin.py:188} INFO - [2026-07-20T12:56:37.608+0000] {dagbag.py:545} INFO - Filling up the DagBag from /opt/airflow/dags/scd.py
[2026-07-20T12:56:37.651+0000] {processor.py:840} INFO - DAG(s) 'SCD2_snapshots' retrieved from /opt/airflow/dags/scd.py
[2026-07-20T12:56:37.692+0000] {logging_mixin.py:188} INFO - [2026-07-20T12:56:37.692+0000] {dag.py:3089} INFO - Sync 1 DAGs
[2026-07-20T12:56:37.719+0000] {logging_mixin.py:188} INFO - [2026-07-20T12:56:37.719+0000] {dag.py:3947} INFO - Setting next_dagrun for SCD2_snapshots to 2026-07-20 00:00:00+00:00, run_after=2026-07-21 00:00:00+00:00
[2026-07-20T12:56:37.749+0000] {processor.py:183} INFO - Processing /opt/airflow/dags/scd.py took 0.153 seconds
[2026-07-20T12:57:08.058+0000] {processor.py:161} INFO - Started process (PID=1154) to work on /opt/airflow/dags/scd.py
[2026-07-20T12:57:08.060+0000] {processor.py:830} INFO - Processing file /opt/airflow/dags/scd.py for tasks to queue
[2026-07-20T12:57:08.063+0000] {logging_mixin.py:188} INFO - [2026-07-20T12:57:08.062+0000] {dagbag.py:545} INFO - Filling up the DagBag from /opt/airflow/dags/scd.py
[2026-07-20T12:57:08.093+0000] {processor.py:840} INFO - DAG(s) 'SCD2_snapshots' retrieved from /opt/airflow/dags/scd.py
[2026-07-20T12:57:08.136+0000] {logging_mixin.py:188} INFO - [2026-07-20T12:57:08.136+0000] {dag.py:3089} INFO - Sync 1 DAGs
[2026-07-20T12:57:08.165+0000] {logging_mixin.py:188} INFO - [2026-07-20T12:57:08.165+0000] {dag.py:3947} INFO - Setting next_dagrun for SCD2_snapshots to 2026-07-20 00:00:00+00:00, run_after=2026-07-21 00:00:00+00:00
[2026-07-20T12:57:08.187+0000] {processor.py:183} INFO - Processing /opt/airflow/dags/scd.py took 0.141 seconds
[2026-07-20T12:57:38.359+0000] {processor.py:161} INFO - Started process (PID=1159) to work on /opt/airflow/dags/scd.py
[2026-07-20T12:57:38.360+0000] {processor.py:830} INFO - Processing file /opt/airflow/dags/scd.py for tasks to queue
[2026-07-20T12:57:38.364+0000] {logging_mixin.py:188} INFO - [2026-07-20T12:57:38.363+0000] {dagbag.py:545} INFO - Filling up the DagBag from /opt/airflow/dags/scd.py
[2026-07-20T12:57:38.396+0000] {processor.py:840} INFO - DAG(s) 'SCD2_snapshots' retrieved from /opt/airflow/dags/scd.py
[2026-07-20T12:57:38.435+0000] {logging_mixin.py:188} INFO - [2026-07-20T12:57:38.435+0000] {dag.py:3089} INFO - Sync 1 DAGs
[2026-07-20T12:57:38.462+0000] {logging_mixin.py:188} INFO - [2026-07-20T12:57:38.462+0000] {dag.py:3947} INFO - Setting next_dagrun for SCD2_snapshots to 2026-07-20 00:00:00+00:00, run_after=2026-07-21 00:00:00+00:00
[2026-07-20T12:57:38.487+0000] {processor.py:183} INFO - Processing /opt/airflow/dags/scd.py took 0.137 seconds
[2026-07-20T12:58:08.781+0000] {processor.py:161} INFO - Started process (PID=1164) to work on /opt/airflow/dags/scd.py
[2026-07-20T12:58:08.782+0000] {processor.py:830} INFO - Processing file /opt/airflow/dags/scd.py for tasks to queue
[2026-07-20T12:58:08.785+0000] {logging_mixin.py:188} INFO - [2026-07-20T12:58:08.784+0000] {dagbag.py:545} INFO - Filling up the DagBag from /opt/airflow/dags/scd.py
[2026-07-20T12:58:08.812+0000] {processor.py:840} INFO - DAG(s) 'SCD2_snapshots' retrieved from /opt/airflow/dags/scd.py
[2026-07-20T12:58:08.854+0000] {logging_mixin.py:188} INFO - [2026-07-20T12:58:08.854+0000] {dag.py:3089} INFO - Sync 1 DAGs
[2026-07-20T12:58:08.881+0000] {logging_mixin.py:188} INFO - [2026-07-20T12:58:08.880+0000] {dag.py:3947} INFO - Setting next_dagrun for SCD2_snapshots to 2026-07-20 00:00:00+00:00, run_after=2026-07-21 00:00:00+00:00
[2026-07-20T12:58:08.906+0000] {processor.py:183} INFO - Processing /opt/airflow/dags/scd.py took 0.134 seconds
[2026-07-20T12:58:38.996+0000] {processor.py:161} INFO - Started process (PID=1169) to work on /opt/airflow/dags/scd.py
[2026-07-20T12:58:38.997+0000] {processor.py:830} INFO - Processing file /opt/airflow/dags/scd.py for tasks to queue
[2026-07-20T12:58:39.001+0000] {logging_mixin.py:188} INFO - [2026-07-20T12:58:39.001+0000] {dagbag.py:545} INFO - Filling up the DagBag from /opt/airflow/dags/scd.py
[2026-07-20T12:58:39.034+0000] {processor.py:840} INFO - DAG(s) 'SCD2_snapshots' retrieved from /opt/airflow/dags/scd.py
[2026-07-20T12:58:39.076+0000] {logging_mixin.py:188} INFO - [2026-07-20T12:58:39.076+0000] {dag.py:3089} INFO - Sync 1 DAGs
[2026-07-20T12:58:39.103+0000] {logging_mixin.py:188} INFO - [2026-07-20T12:58:39.103+0000] {dag.py:3947} INFO - Setting next_dagrun for SCD2_snapshots to 2026-07-20 00:00:00+00:00, run_after=2026-07-21 00:00:00+00:00
[2026-07-20T12:58:39.128+0000] {processor.py:183} INFO - Processing /opt/airflow/dags/scd.py took 0.141 seconds
[2026-07-20T12:59:09.253+0000] {processor.py:161} INFO - Started process (PID=1174) to work on /opt/airflow/dags/scd.py
[2026-07-20T12:59:09.254+0000] {processor.py:830} INFO - Processing file /opt/airflow/dags/scd.py for tasks to queue
[2026-07-20T12:59:09.258+0000] {logging_mixin.py:188} INFO - [2026-07-20T12:59:09.258+0000] {dagbag.py:545} INFO - Filling up the DagBag from /opt/airflow/dags/scd.py
[2026-07-20T12:59:09.290+0000] {processor.py:840} INFO - DAG(s) 'SCD2_snapshots' retrieved from /opt/airflow/dags/scd.py
[2026-07-20T12:59:09.333+0000] {logging_mixin.py:188} INFO - [2026-07-20T12:59:09.333+0000] {dag.py:3089} INFO - Sync 1 DAGs
[2026-07-20T12:59:09.361+0000] {logging_mixin.py:188} INFO - [2026-07-20T12:59:09.361+0000] {dag.py:3947} INFO - Setting next_dagrun for SCD2_snapshots to 2026-07-20 00:00:00+00:00, run_after=2026-07-21 00:00:00+00:00
[2026-07-20T12:59:09.385+0000] {processor.py:183} INFO - Processing /opt/airflow/dags/scd.py took 0.142 seconds
[2026-07-20T12:59:39.531+0000] {processor.py:161} INFO - Started process (PID=1179) to work on /opt/airflow/dags/scd.py
[2026-07-20T12:59:39.532+0000] {processor.py:830} INFO - Processing file /opt/airflow/dags/scd.py for tasks to queue
[2026-07-20T12:59:39.536+0000] {logging_mixin.py:188} INFO - [2026-07-20T12:59:39.536+0000] {dagbag.py:545} INFO - Filling up the DagBag from /opt/airflow/dags/scd.py
[2026-07-20T12:59:39.568+0000] {processor.py:840} INFO - DAG(s) 'SCD2_snapshots' retrieved from /opt/airflow/dags/scd.py
[2026-07-20T12:59:39.612+0000] {logging_mixin.py:188} INFO - [2026-07-20T12:59:39.612+0000] {dag.py:3089} INFO - Sync 1 DAGs
[2026-07-20T12:59:39.645+0000] {logging_mixin.py:188} INFO - [2026-07-20T12:59:39.645+0000] {dag.py:3947} INFO - Setting next_dagrun for SCD2_snapshots to 2026-07-20 00:00:00+00:00, run_after=2026-07-21 00:00:00+00:00
[2026-07-20T12:59:39.668+0000] {processor.py:183} INFO - Processing /opt/airflow/dags/scd.py took 0.149 seconds
[2026-07-20T13:00:09.841+0000] {processor.py:161} INFO - Started process (PID=1184) to work on /opt/airflow/dags/scd.py
[2026-07-20T13:00:09.842+0000] {processor.py:830} INFO - Processing file /opt/airflow/dags/scd.py for tasks to queue
[2026-07-20T13:00:09.845+0000] {logging_mixin.py:188} INFO - [2026-07-20T13:00:09.844+0000] {dagbag.py:545} INFO - Filling up the DagBag from /opt/airflow/dags/scd.py
[2026-07-20T13:00:09.871+0000] {processor.py:840} INFO - DAG(s) 'SCD2_snapshots' retrieved from /opt/airflow/dags/scd.py
[2026-07-20T13:00:09.911+0000] {logging_mixin.py:188} INFO - [2026-07-20T13:00:09.911+0000] {dag.py:3089} INFO - Sync 1 DAGs
[2026-07-20T13:00:09.938+0000] {logging_mixin.py:188} INFO - [2026-07-20T13:00:09.938+0000] {dag.py:3947} INFO - Setting next_dagrun for SCD2_snapshots to 2026-07-20 00:00:00+00:00, run_after=2026-07-21 00:00:00+00:00
[2026-07-20T13:00:09.963+0000] {processor.py:183} INFO - Processing /opt/airflow/dags/scd.py took 0.130 seconds
[2026-07-20T13:00:40.109+0000] {processor.py:161} INFO - Started process (PID=1189) to work on /opt/airflow/dags/scd.py
[2026-07-20T13:00:40.111+0000] {processor.py:830} INFO - Processing file /opt/airflow/dags/scd.py for tasks to queue
[2026-07-20T13:00:40.114+0000] {logging_mixin.py:188} INFO - [2026-07-20T13:00:40.114+0000] {dagbag.py:545} INFO - Filling up the DagBag from /opt/airflow/dags/scd.py
[2026-07-20T13:00:40.139+0000] {processor.py:840} INFO - DAG(s) 'SCD2_snapshots' retrieved from /opt/airflow/dags/scd.py
[2026-07-20T13:00:40.179+0000] {logging_mixin.py:188} INFO - [2026-07-20T13:00:40.179+0000] {dag.py:3089} INFO - Sync 1 DAGs
[2026-07-20T13:00:40.205+0000] {logging_mixin.py:188} INFO - [2026-07-20T13:00:40.205+0000] {dag.py:3947} INFO - Setting next_dagrun for SCD2_snapshots to 2026-07-20 00:00:00+00:00, run_after=2026-07-21 00:00:00+00:00
[2026-07-20T13:00:40.232+0000] {processor.py:183} INFO - Processing /opt/airflow/dags/scd.py took 0.132 seconds
[2026-07-20T13:01:10.365+0000] {processor.py:161} INFO - Started process (PID=1194) to work on /opt/airflow/dags/scd.py
[2026-07-20T13:01:10.366+0000] {processor.py:830} INFO - Processing file /opt/airflow/dags/scd.py for tasks to queue
[2026-07-20T13:01:10.368+0000] {logging_mixin.py:188} INFO - [2026-07-20T13:01:10.368+0000] {dagbag.py:545} INFO - Filling up the DagBag from /opt/airflow/dags/scd.py
[2026-07-20T13:01:10.396+0000] {processor.py:840} INFO - DAG(s) 'SCD2_snapshots' retrieved from /opt/airflow/dags/scd.py
[2026-07-20T13:01:10.436+0000] {logging_mixin.py:188} INFO - [2026-07-20T13:01:10.436+0000] {dag.py:3089} INFO - Sync 1 DAGs
[2026-07-20T13:01:10.464+0000] {logging_mixin.py:188} INFO - [2026-07-20T13:01:10.463+0000] {dag.py:3947} INFO - Setting next_dagrun for SCD2_snapshots to 2026-07-20 00:00:00+00:00, run_after=2026-07-21 00:00:00+00:00
[2026-07-20T13:01:10.495+0000] {processor.py:183} INFO - Processing /opt/airflow/dags/scd.py took 0.138 seconds
[2026-07-20T13:01:40.795+0000] {processor.py:161} INFO - Started process (PID=1199) to work on /opt/airflow/dags/scd.py
[2026-07-20T13:01:40.797+0000] {processor.py:830} INFO - Processing file /opt/airflow/dags/scd.py for tasks to queue
[2026-07-20T13:01:40.801+0000] {logging_mixin.py:188} INFO - [2026-07-20T13:01:40.800+0000] {dagbag.py:545} INFO - Filling up the DagBag from /opt/airflow/dags/scd.py
[2026-07-20T13:01:40.873+0000] {processor.py:840} INFO - DAG(s) 'SCD2_snapshots' retrieved from /opt/airflow/dags/scd.py
[2026-07-20T13:01:40.941+0000] {logging_mixin.py:188} INFO - [2026-07-20T13:01:40.941+0000] {dag.py:3089} INFO - Sync 1 DAGs
[2026-07-20T13:01:40.977+0000] {logging_mixin.py:188} INFO - [2026-07-20T13:01:40.977+0000] {dag.py:3947} INFO - Setting next_dagrun for SCD2_snapshots to 2026-07-20 00:00:00+00:00, run_after=2026-07-21 00:00:00+00:00
[2026-07-20T13:01:41.010+0000] {processor.py:183} INFO - Processing /opt/airflow/dags/scd.py took 0.226 seconds
[2026-07-20T13:02:11.354+0000] {processor.py:161} INFO - Started process (PID=1204) to work on /opt/airflow/dags/scd.py
[2026-07-20T13:02:11.355+0000] {processor.py:830} INFO - Processing file /opt/airflow/dags/scd.py for tasks to queue
[2026-07-20T13:02:11.358+0000] {logging_mixin.py:188} INFO - [2026-07-20T13:02:11.357+0000] {dagbag.py:545} INFO - Filling up the DagBag from /opt/airflow/dags/scd.py
[2026-07-20T13:02:11.383+0000] {processor.py:840} INFO - DAG(s) 'SCD2_snapshots' retrieved from /opt/airflow/dags/scd.py
[2026-07-20T13:02:11.423+0000] {logging_mixin.py:188} INFO - [2026-07-20T13:02:11.423+0000] {dag.py:3089} INFO - Sync 1 DAGs
[2026-07-20T13:02:11.450+0000] {logging_mixin.py:188} INFO - [2026-07-20T13:02:11.450+0000] {dag.py:3947} INFO - Setting next_dagrun for SCD2_snapshots to 2026-07-20 00:00:00+00:00, run_after=2026-07-21 00:00:00+00:00
[2026-07-20T13:02:11.475+0000] {processor.py:183} INFO - Processing /opt/airflow/dags/scd.py took 0.128 seconds
[2026-07-20T13:02:41.763+0000] {processor.py:161} INFO - Started process (PID=1209) to work on /opt/airflow/dags/scd.py
[2026-07-20T13:02:41.765+0000] {processor.py:830} INFO - Processing file /opt/airflow/dags/scd.py for tasks to queue
[2026-07-20T13:02:41.767+0000] {logging_mixin.py:188} INFO - [2026-07-20T13:02:41.767+0000] {dagbag.py:545} INFO - Filling up the DagBag from /opt/airflow/dags/scd.py
[2026-07-20T13:02:41.795+0000] {processor.py:840} INFO - DAG(s) 'SCD2_snapshots' retrieved from /opt/airflow/dags/scd.py
[2026-07-20T13:02:41.832+0000] {logging_mixin.py:188} INFO - [2026-07-20T13:02:41.832+0000] {dag.py:3089} INFO - Sync 1 DAGs
[2026-07-20T13:02:41.860+0000] {logging_mixin.py:188} INFO - [2026-07-20T13:02:41.859+0000] {dag.py:3947} INFO - Setting next_dagrun for SCD2_snapshots to 2026-07-20 00:00:00+00:00, run_after=2026-07-21 00:00:00+00:00
[2026-07-20T13:02:41.881+0000] {processor.py:183} INFO - Processing /opt/airflow/dags/scd.py took 0.126 seconds
[2026-07-20T13:03:11.941+0000] {processor.py:161} INFO - Started process (PID=1214) to work on /opt/airflow/dags/scd.py
[2026-07-20T13:03:11.943+0000] {processor.py:830} INFO - Processing file /opt/airflow/dags/scd.py for tasks to queue
[2026-07-20T13:03:11.945+0000] {logging_mixin.py:188} INFO - [2026-07-20T13:03:11.945+0000] {dagbag.py:545} INFO - Filling up the DagBag from /opt/airflow/dags/scd.py
[2026-07-20T13:03:11.971+0000] {processor.py:840} INFO - DAG(s) 'SCD2_snapshots' retrieved from /opt/airflow/dags/scd.py
[2026-07-20T13:03:12.009+0000] {logging_mixin.py:188} INFO - [2026-07-20T13:03:12.009+0000] {dag.py:3089} INFO - Sync 1 DAGs
[2026-07-20T13:03:12.038+0000] {logging_mixin.py:188} INFO - [2026-07-20T13:03:12.038+0000] {dag.py:3947} INFO - Setting next_dagrun for SCD2_snapshots to 2026-07-20 00:00:00+00:00, run_after=2026-07-21 00:00:00+00:00
[2026-07-20T13:03:12.062+0000] {processor.py:183} INFO - Processing /opt/airflow/dags/scd.py took 0.128 seconds
[2026-07-20T13:03:42.382+0000] {processor.py:161} INFO - Started process (PID=1219) to work on /opt/airflow/dags/scd.py
[2026-07-20T13:03:42.383+0000] {processor.py:830} INFO - Processing file /opt/airflow/dags/scd.py for tasks to queue
[2026-07-20T13:03:42.385+0000] {logging_mixin.py:188} INFO - [2026-07-20T13:03:42.385+0000] {dagbag.py:545} INFO - Filling up the DagBag from /opt/airflow/dags/scd.py
[2026-07-20T13:03:42.411+0000] {processor.py:840} INFO - DAG(s) 'SCD2_snapshots' retrieved from /opt/airflow/dags/scd.py
[2026-07-20T13:03:42.449+0000] {logging_mixin.py:188} INFO - [2026-07-20T13:03:42.449+0000] {dag.py:3089} INFO - Sync 1 DAGs
[2026-07-20T13:03:42.478+0000] {logging_mixin.py:188} INFO - [2026-07-20T13:03:42.478+0000] {dag.py:3947} INFO - Setting next_dagrun for SCD2_snapshots to 2026-07-20 00:00:00+00:00, run_after=2026-07-21 00:00:00+00:00
[2026-07-20T13:03:42.504+0000] {processor.py:183} INFO - Processing /opt/airflow/dags/scd.py took 0.129 seconds
[2026-07-20T13:04:12.584+0000] {processor.py:161} INFO - Started process (PID=1224) to work on /opt/airflow/dags/scd.py
[2026-07-20T13:04:12.586+0000] {processor.py:830} INFO - Processing file /opt/airflow/dags/scd.py for tasks to queue
[2026-07-20T13:04:12.589+0000] {logging_mixin.py:188} INFO - [2026-07-20T13:04:12.589+0000] {dagbag.py:545} INFO - Filling up the DagBag from /opt/airflow/dags/scd.py
[2026-07-20T13:04:12.619+0000] {processor.py:840} INFO - DAG(s) 'SCD2_snapshots' retrieved from /opt/airflow/dags/scd.py
[2026-07-20T13:04:12.666+0000] {logging_mixin.py:188} INFO - [2026-07-20T13:04:12.666+0000] {dag.py:3089} INFO - Sync 1 DAGs
[2026-07-20T13:04:12.693+0000] {logging_mixin.py:188} INFO - [2026-07-20T13:04:12.693+0000] {dag.py:3947} INFO - Setting next_dagrun for SCD2_snapshots to 2026-07-20 00:00:00+00:00, run_after=2026-07-21 00:00:00+00:00
[2026-07-20T13:04:12.716+0000] {processor.py:183} INFO - Processing /opt/airflow/dags/scd.py took 0.146 seconds
[2026-07-20T13:04:42.806+0000] {processor.py:161} INFO - Started process (PID=1229) to work on /opt/airflow/dags/scd.py
[2026-07-20T13:04:42.807+0000] {processor.py:830} INFO - Processing file /opt/airflow/dags/scd.py for tasks to queue
[2026-07-20T13:04:42.810+0000] {logging_mixin.py:188} INFO - [2026-07-20T13:04:42.809+0000] {dagbag.py:545} INFO - Filling up the DagBag from /opt/airflow/dags/scd.py
[2026-07-20T13:04:42.841+0000] {processor.py:840} INFO - DAG(s) 'SCD2_snapshots' retrieved from /opt/airflow/dags/scd.py
[2026-07-20T13:04:42.890+0000] {logging_mixin.py:188} INFO - [2026-07-20T13:04:42.889+0000] {dag.py:3089} INFO - Sync 1 DAGs
[2026-07-20T13:04:42.947+0000] {logging_mixin.py:188} INFO - [2026-07-20T13:04:42.947+0000] {dag.py:3947} INFO - Setting next_dagrun for SCD2_snapshots to 2026-07-20 00:00:00+00:00, run_after=2026-07-21 00:00:00+00:00
[2026-07-20T13:04:42.975+0000] {processor.py:183} INFO - Processing /opt/airflow/dags/scd.py took 0.178 seconds
[2026-07-20T13:05:13.285+0000] {processor.py:161} INFO - Started process (PID=1234) to work on /opt/airflow/dags/scd.py
[2026-07-20T13:05:13.287+0000] {processor.py:830} INFO - Processing file /opt/airflow/dags/scd.py for tasks to queue
[2026-07-20T13:05:13.289+0000] {logging_mixin.py:188} INFO - [2026-07-20T13:05:13.288+0000] {dagbag.py:545} INFO - Filling up the DagBag from /opt/airflow/dags/scd.py
[2026-07-20T13:05:13.316+0000] {processor.py:840} INFO - DAG(s) 'SCD2_snapshots' retrieved from /opt/airflow/dags/scd.py
[2026-07-20T13:05:13.351+0000] {logging_mixin.py:188} INFO - [2026-07-20T13:05:13.350+0000] {dag.py:3089} INFO - Sync 1 DAGs
[2026-07-20T13:05:13.375+0000] {logging_mixin.py:188} INFO - [2026-07-20T13:05:13.375+0000] {dag.py:3947} INFO - Setting next_dagrun for SCD2_snapshots to 2026-07-20 00:00:00+00:00, run_after=2026-07-21 00:00:00+00:00
[2026-07-20T13:05:13.398+0000] {processor.py:183} INFO - Processing /opt/airflow/dags/scd.py took 0.120 seconds
[2026-07-20T13:05:43.503+0000] {processor.py:161} INFO - Started process (PID=1239) to work on /opt/airflow/dags/scd.py
[2026-07-20T13:05:43.505+0000] {processor.py:830} INFO - Processing file /opt/airflow/dags/scd.py for tasks to queue
[2026-07-20T13:05:43.509+0000] {logging_mixin.py:188} INFO - [2026-07-20T13:05:43.508+0000] {dagbag.py:545} INFO - Filling up the DagBag from /opt/airflow/dags/scd.py
[2026-07-20T13:05:43.539+0000] {processor.py:840} INFO - DAG(s) 'SCD2_snapshots' retrieved from /opt/airflow/dags/scd.py
[2026-07-20T13:05:43.579+0000] {logging_mixin.py:188} INFO - [2026-07-20T13:05:43.578+0000] {dag.py:3089} INFO - Sync 1 DAGs
[2026-07-20T13:05:43.606+0000] {logging_mixin.py:188} INFO - [2026-07-20T13:05:43.606+0000] {dag.py:3947} INFO - Setting next_dagrun for SCD2_snapshots to 2026-07-20 00:00:00+00:00, run_after=2026-07-21 00:00:00+00:00
[2026-07-20T13:05:43.631+0000] {processor.py:183} INFO - Processing /opt/airflow/dags/scd.py took 0.140 seconds
[2026-07-20T13:06:13.692+0000] {processor.py:161} INFO - Started process (PID=1244) to work on /opt/airflow/dags/scd.py
[2026-07-20T13:06:13.694+0000] {processor.py:830} INFO - Processing file /opt/airflow/dags/scd.py for tasks to queue
[2026-07-20T13:06:13.697+0000] {logging_mixin.py:188} INFO - [2026-07-20T13:06:13.696+0000] {dagbag.py:545} INFO - Filling up the DagBag from /opt/airflow/dags/scd.py
[2026-07-20T13:06:13.725+0000] {processor.py:840} INFO - DAG(s) 'SCD2_snapshots' retrieved from /opt/airflow/dags/scd.py
[2026-07-20T13:06:13.764+0000] {logging_mixin.py:188} INFO - [2026-07-20T13:06:13.764+0000] {dag.py:3089} INFO - Sync 1 DAGs
[2026-07-20T13:06:13.791+0000] {logging_mixin.py:188} INFO - [2026-07-20T13:06:13.791+0000] {dag.py:3947} INFO - Setting next_dagrun for SCD2_snapshots to 2026-07-20 00:00:00+00:00, run_after=2026-07-21 00:00:00+00:00
[2026-07-20T13:06:13.814+0000] {processor.py:183} INFO - Processing /opt/airflow/dags/scd.py took 0.129 seconds
[2026-07-20T13:06:43.876+0000] {processor.py:161} INFO - Started process (PID=1249) to work on /opt/airflow/dags/scd.py
[2026-07-20T13:06:43.878+0000] {processor.py:830} INFO - Processing file /opt/airflow/dags/scd.py for tasks to queue
[2026-07-20T13:06:43.880+0000] {logging_mixin.py:188} INFO - [2026-07-20T13:06:43.880+0000] {dagbag.py:545} INFO - Filling up the DagBag from /opt/airflow/dags/scd.py
[2026-07-20T13:06:43.905+0000] {processor.py:840} INFO - DAG(s) 'SCD2_snapshots' retrieved from /opt/airflow/dags/scd.py
[2026-07-20T13:06:43.946+0000] {logging_mixin.py:188} INFO - [2026-07-20T13:06:43.946+0000] {dag.py:3089} INFO - Sync 1 DAGs
[2026-07-20T13:06:43.972+0000] {logging_mixin.py:188} INFO - [2026-07-20T13:06:43.972+0000] {dag.py:3947} INFO - Setting next_dagrun for SCD2_snapshots to 2026-07-20 00:00:00+00:00, run_after=2026-07-21 00:00:00+00:00
[2026-07-20T13:06:43.996+0000] {processor.py:183} INFO - Processing /opt/airflow/dags/scd.py took 0.127 seconds
[2026-07-20T13:07:14.071+0000] {processor.py:161} INFO - Started process (PID=1254) to work on /opt/airflow/dags/scd.py
[2026-07-20T13:07:14.073+0000] {processor.py:830} INFO - Processing file /opt/airflow/dags/scd.py for tasks to queue
[2026-07-20T13:07:14.075+0000] {logging_mixin.py:188} INFO - [2026-07-20T13:07:14.074+0000] {dagbag.py:545} INFO - Filling up the DagBag from /opt/airflow/dags/scd.py
[2026-07-20T13:07:14.101+0000] {processor.py:840} INFO - DAG(s) 'SCD2_snapshots' retrieved from /opt/airflow/dags/scd.py
[2026-07-20T13:07:14.144+0000] {logging_mixin.py:188} INFO - [2026-07-20T13:07:14.144+0000] {dag.py:3089} INFO - Sync 1 DAGs
[2026-07-20T13:07:14.172+0000] {logging_mixin.py:188} INFO - [2026-07-20T13:07:14.172+0000] {dag.py:3947} INFO - Setting next_dagrun for SCD2_snapshots to 2026-07-20 00:00:00+00:00, run_after=2026-07-21 00:00:00+00:00
[2026-07-20T13:07:14.196+0000] {processor.py:183} INFO - Processing /opt/airflow/dags/scd.py took 0.132 seconds
[2026-07-20T13:07:44.499+0000] {processor.py:161} INFO - Started process (PID=1259) to work on /opt/airflow/dags/scd.py
[2026-07-20T13:07:44.501+0000] {processor.py:830} INFO - Processing file /opt/airflow/dags/scd.py for tasks to queue
[2026-07-20T13:07:44.505+0000] {logging_mixin.py:188} INFO - [2026-07-20T13:07:44.504+0000] {dagbag.py:545} INFO - Filling up the DagBag from /opt/airflow/dags/scd.py
[2026-07-20T13:07:44.540+0000] {processor.py:840} INFO - DAG(s) 'SCD2_snapshots' retrieved from /opt/airflow/dags/scd.py
[2026-07-20T13:07:44.583+0000] {logging_mixin.py:188} INFO - [2026-07-20T13:07:44.583+0000] {dag.py:3089} INFO - Sync 1 DAGs
[2026-07-20T13:07:44.622+0000] {logging_mixin.py:188} INFO - [2026-07-20T13:07:44.621+0000] {dag.py:3947} INFO - Setting next_dagrun for SCD2_snapshots to 2026-07-20 00:00:00+00:00, run_after=2026-07-21 00:00:00+00:00
[2026-07-20T13:07:44.646+0000] {processor.py:183} INFO - Processing /opt/airflow/dags/scd.py took 0.155 seconds
[2026-07-20T13:08:14.755+0000] {processor.py:161} INFO - Started process (PID=1264) to work on /opt/airflow/dags/scd.py
[2026-07-20T13:08:14.756+0000] {processor.py:830} INFO - Processing file /opt/airflow/dags/scd.py for tasks to queue
[2026-07-20T13:08:14.758+0000] {logging_mixin.py:188} INFO - [2026-07-20T13:08:14.758+0000] {dagbag.py:545} INFO - Filling up the DagBag from /opt/airflow/dags/scd.py
[2026-07-20T13:08:14.783+0000] {processor.py:840} INFO - DAG(s) 'SCD2_snapshots' retrieved from /opt/airflow/dags/scd.py
[2026-07-20T13:08:14.825+0000] {logging_mixin.py:188} INFO - [2026-07-20T13:08:14.824+0000] {dag.py:3089} INFO - Sync 1 DAGs
[2026-07-20T13:08:14.863+0000] {logging_mixin.py:188} INFO - [2026-07-20T13:08:14.862+0000] {dag.py:3947} INFO - Setting next_dagrun for SCD2_snapshots to 2026-07-20 00:00:00+00:00, run_after=2026-07-21 00:00:00+00:00
[2026-07-20T13:08:14.893+0000] {processor.py:183} INFO - Processing /opt/airflow/dags/scd.py took 0.148 seconds
[2026-07-20T13:08:44.968+0000] {processor.py:161} INFO - Started process (PID=1269) to work on /opt/airflow/dags/scd.py
[2026-07-20T13:08:44.969+0000] {processor.py:830} INFO - Processing file /opt/airflow/dags/scd.py for tasks to queue
[2026-07-20T13:08:44.971+0000] {logging_mixin.py:188} INFO - [2026-07-20T13:08:44.971+0000] {dagbag.py:545} INFO - Filling up the DagBag from /opt/airflow/dags/scd.py
[2026-07-20T13:08:45.000+0000] {processor.py:840} INFO - DAG(s) 'SCD2_snapshots' retrieved from /opt/airflow/dags/scd.py
[2026-07-20T13:08:45.038+0000] {logging_mixin.py:188} INFO - [2026-07-20T13:08:45.038+0000] {dag.py:3089} INFO - Sync 1 DAGs
[2026-07-20T13:08:45.063+0000] {logging_mixin.py:188} INFO - [2026-07-20T13:08:45.063+0000] {dag.py:3947} INFO - Setting next_dagrun for SCD2_snapshots to 2026-07-20 00:00:00+00:00, run_after=2026-07-21 00:00:00+00:00
[2026-07-20T13:08:45.088+0000] {processor.py:183} INFO - Processing /opt/airflow/dags/scd.py took 0.128 seconds
[2026-07-20T13:09:15.259+0000] {processor.py:161} INFO - Started process (PID=1274) to work on /opt/airflow/dags/scd.py
[2026-07-20T13:09:15.261+0000] {processor.py:830} INFO - Processing file /opt/airflow/dags/scd.py for tasks to queue
[2026-07-20T13:09:15.263+0000] {logging_mixin.py:188} INFO - [2026-07-20T13:09:15.263+0000] {dagbag.py:545} INFO - Filling up the DagBag from /opt/airflow/dags/scd.py
[2026-07-20T13:09:15.291+0000] {processor.py:840} INFO - DAG(s) 'SCD2_snapshots' retrieved from /opt/airflow/dags/scd.py
[2026-07-20T13:09:15.327+0000] {logging_mixin.py:188} INFO - [2026-07-20T13:09:15.327+0000] {dag.py:3089} INFO - Sync 1 DAGs
[2026-07-20T13:09:15.355+0000] {logging_mixin.py:188} INFO - [2026-07-20T13:09:15.354+0000] {dag.py:3947} INFO - Setting next_dagrun for SCD2_snapshots to 2026-07-20 00:00:00+00:00, run_after=2026-07-21 00:00:00+00:00
[2026-07-20T13:09:15.377+0000] {processor.py:183} INFO - Processing /opt/airflow/dags/scd.py took 0.125 seconds
[2026-07-20T13:09:45.571+0000] {processor.py:161} INFO - Started process (PID=1279) to work on /opt/airflow/dags/scd.py
[2026-07-20T13:09:45.572+0000] {processor.py:830} INFO - Processing file /opt/airflow/dags/scd.py for tasks to queue
[2026-07-20T13:09:45.575+0000] {logging_mixin.py:188} INFO - [2026-07-20T13:09:45.574+0000] {dagbag.py:545} INFO - Filling up the DagBag from /opt/airflow/dags/scd.py
[2026-07-20T13:09:45.613+0000] {processor.py:840} INFO - DAG(s) 'SCD2_snapshots' retrieved from /opt/airflow/dags/scd.py
[2026-07-20T13:09:45.656+0000] {logging_mixin.py:188} INFO - [2026-07-20T13:09:45.656+0000] {dag.py:3089} INFO - Sync 1 DAGs
[2026-07-20T13:09:45.686+0000] {logging_mixin.py:188} INFO - [2026-07-20T13:09:45.686+0000] {dag.py:3947} INFO - Setting next_dagrun for SCD2_snapshots to 2026-07-20 00:00:00+00:00, run_after=2026-07-21 00:00:00+00:00
[2026-07-20T13:09:45.713+0000] {processor.py:183} INFO - Processing /opt/airflow/dags/scd.py took 0.152 seconds
[2026-07-20T13:10:15.891+0000] {processor.py:161} INFO - Started process (PID=1284) to work on /opt/airflow/dags/scd.py
[2026-07-20T13:10:15.893+0000] {processor.py:830} INFO - Processing file /opt/airflow/dags/scd.py for tasks to queue
[2026-07-20T13:10:15.895+0000] {logging_mixin.py:188} INFO - [2026-07-20T13:10:15.895+0000] {dagbag.py:545} INFO - Filling up the DagBag from /opt/airflow/dags/scd.py
[2026-07-20T13:10:15.922+0000] {processor.py:840} INFO - DAG(s) 'SCD2_snapshots' retrieved from /opt/airflow/dags/scd.py
[2026-07-20T13:10:15.965+0000] {logging_mixin.py:188} INFO - [2026-07-20T13:10:15.965+0000] {dag.py:3089} INFO - Sync 1 DAGs
[2026-07-20T13:10:15.996+0000] {logging_mixin.py:188} INFO - [2026-07-20T13:10:15.996+0000] {dag.py:3947} INFO - Setting next_dagrun for SCD2_snapshots to 2026-07-20 00:00:00+00:00, run_after=2026-07-21 00:00:00+00:00
[2026-07-20T13:10:16.020+0000] {processor.py:183} INFO - Processing /opt/airflow/dags/scd.py took 0.136 seconds
[2026-07-20T13:10:46.202+0000] {processor.py:161} INFO - Started process (PID=1289) to work on /opt/airflow/dags/scd.py
[2026-07-20T13:10:46.203+0000] {processor.py:830} INFO - Processing file /opt/airflow/dags/scd.py for tasks to queue
[2026-07-20T13:10:46.206+0000] {logging_mixin.py:188} INFO - [2026-07-20T13:10:46.206+0000] {dagbag.py:545} INFO - Filling up the DagBag from /opt/airflow/dags/scd.py
[2026-07-20T13:10:46.231+0000] {processor.py:840} INFO - DAG(s) 'SCD2_snapshots' retrieved from /opt/airflow/dags/scd.py
[2026-07-20T13:10:46.267+0000] {logging_mixin.py:188} INFO - [2026-07-20T13:10:46.267+0000] {dag.py:3089} INFO - Sync 1 DAGs
[2026-07-20T13:10:46.293+0000] {logging_mixin.py:188} INFO - [2026-07-20T13:10:46.293+0000] {dag.py:3947} INFO - Setting next_dagrun for SCD2_snapshots to 2026-07-20 00:00:00+00:00, run_after=2026-07-21 00:00:00+00:00
[2026-07-20T13:10:46.317+0000] {processor.py:183} INFO - Processing /opt/airflow/dags/scd.py took 0.122 seconds
[2026-07-20T13:11:16.466+0000] {processor.py:161} INFO - Started process (PID=1294) to work on /opt/airflow/dags/scd.py
[2026-07-20T13:11:16.468+0000] {processor.py:830} INFO - Processing file /opt/airflow/dags/scd.py for tasks to queue
[2026-07-20T13:11:16.470+0000] {logging_mixin.py:188} INFO - [2026-07-20T13:11:16.470+0000] {dagbag.py:545} INFO - Filling up the DagBag from /opt/airflow/dags/scd.py
[2026-07-20T13:11:16.495+0000] {processor.py:840} INFO - DAG(s) 'SCD2_snapshots' retrieved from /opt/airflow/dags/scd.py
[2026-07-20T13:11:16.532+0000] {logging_mixin.py:188} INFO - [2026-07-20T13:11:16.532+0000] {dag.py:3089} INFO - Sync 1 DAGs
[2026-07-20T13:11:16.557+0000] {logging_mixin.py:188} INFO - [2026-07-20T13:11:16.556+0000] {dag.py:3947} INFO - Setting next_dagrun for SCD2_snapshots to 2026-07-20 00:00:00+00:00, run_after=2026-07-21 00:00:00+00:00
[2026-07-20T13:11:16.580+0000] {processor.py:183} INFO - Processing /opt/airflow/dags/scd.py took 0.121 seconds
[2026-07-20T13:11:46.864+0000] {processor.py:161} INFO - Started process (PID=1295) to work on /opt/airflow/dags/scd.py
[2026-07-20T13:11:46.866+0000] {processor.py:830} INFO - Processing file /opt/airflow/dags/scd.py for tasks to queue
[2026-07-20T13:11:46.869+0000] {logging_mixin.py:188} INFO - [2026-07-20T13:11:46.869+0000] {dagbag.py:545} INFO - Filling up the DagBag from /opt/airflow/dags/scd.py
[2026-07-20T13:11:46.898+0000] {processor.py:840} INFO - DAG(s) 'SCD2_snapshots' retrieved from /opt/airflow/dags/scd.py
[2026-07-20T13:11:46.942+0000] {logging_mixin.py:188} INFO - [2026-07-20T13:11:46.942+0000] {dag.py:3089} INFO - Sync 1 DAGs
[2026-07-20T13:11:46.971+0000] {logging_mixin.py:188} INFO - [2026-07-20T13:11:46.971+0000] {dag.py:3947} INFO - Setting next_dagrun for SCD2_snapshots to 2026-07-20 00:00:00+00:00, run_after=2026-07-21 00:00:00+00:00
[2026-07-20T13:11:46.998+0000] {processor.py:183} INFO - Processing /opt/airflow/dags/scd.py took 0.143 seconds
[2026-07-20T13:12:17.243+0000] {processor.py:161} INFO - Started process (PID=1300) to work on /opt/airflow/dags/scd.py
[2026-07-20T13:12:17.245+0000] {processor.py:830} INFO - Processing file /opt/airflow/dags/scd.py for tasks to queue
[2026-07-20T13:12:17.248+0000] {logging_mixin.py:188} INFO - [2026-07-20T13:12:17.248+0000] {dagbag.py:545} INFO - Filling up the DagBag from /opt/airflow/dags/scd.py
[2026-07-20T13:12:17.276+0000] {processor.py:840} INFO - DAG(s) 'SCD2_snapshots' retrieved from /opt/airflow/dags/scd.py
[2026-07-20T13:12:17.316+0000] {logging_mixin.py:188} INFO - [2026-07-20T13:12:17.316+0000] {dag.py:3089} INFO - Sync 1 DAGs
[2026-07-20T13:12:17.345+0000] {logging_mixin.py:188} INFO - [2026-07-20T13:12:17.345+0000] {dag.py:3947} INFO - Setting next_dagrun for SCD2_snapshots to 2026-07-20 00:00:00+00:00, run_after=2026-07-21 00:00:00+00:00
[2026-07-20T13:12:17.368+0000] {processor.py:183} INFO - Processing /opt/airflow/dags/scd.py took 0.133 seconds
[2026-07-20T13:12:47.656+0000] {processor.py:161} INFO - Started process (PID=1305) to work on /opt/airflow/dags/scd.py
[2026-07-20T13:12:47.657+0000] {processor.py:830} INFO - Processing file /opt/airflow/dags/scd.py for tasks to queue
[2026-07-20T13:12:47.660+0000] {logging_mixin.py:188} INFO - [2026-07-20T13:12:47.659+0000] {dagbag.py:545} INFO - Filling up the DagBag from /opt/airflow/dags/scd.py
[2026-07-20T13:12:47.685+0000] {processor.py:840} INFO - DAG(s) 'SCD2_snapshots' retrieved from /opt/airflow/dags/scd.py
[2026-07-20T13:12:47.722+0000] {logging_mixin.py:188} INFO - [2026-07-20T13:12:47.722+0000] {dag.py:3089} INFO - Sync 1 DAGs
[2026-07-20T13:12:47.749+0000] {logging_mixin.py:188} INFO - [2026-07-20T13:12:47.748+0000] {dag.py:3947} INFO - Setting next_dagrun for SCD2_snapshots to 2026-07-20 00:00:00+00:00, run_after=2026-07-21 00:00:00+00:00
[2026-07-20T13:12:47.773+0000] {processor.py:183} INFO - Processing /opt/airflow/dags/scd.py took 0.126 seconds
[2026-07-20T13:13:18.127+0000] {processor.py:161} INFO - Started process (PID=1310) to work on /opt/airflow/dags/scd.py
[2026-07-20T13:13:18.129+0000] {processor.py:830} INFO - Processing file /opt/airflow/dags/scd.py for tasks to queue
[2026-07-20T13:13:18.131+0000] {logging_mixin.py:188} INFO - [2026-07-20T13:13:18.131+0000] {dagbag.py:545} INFO - Filling up the DagBag from /opt/airflow/dags/scd.py
[2026-07-20T13:13:18.157+0000] {processor.py:840} INFO - DAG(s) 'SCD2_snapshots' retrieved from /opt/airflow/dags/scd.py
[2026-07-20T13:13:18.195+0000] {logging_mixin.py:188} INFO - [2026-07-20T13:13:18.195+0000] {dag.py:3089} INFO - Sync 1 DAGs
[2026-07-20T13:13:18.222+0000] {logging_mixin.py:188} INFO - [2026-07-20T13:13:18.222+0000] {dag.py:3947} INFO - Setting next_dagrun for SCD2_snapshots to 2026-07-20 00:00:00+00:00, run_after=2026-07-21 00:00:00+00:00
[2026-07-20T13:13:18.249+0000] {processor.py:183} INFO - Processing /opt/airflow/dags/scd.py took 0.129 seconds
[2026-07-20T13:13:48.548+0000] {processor.py:161} INFO - Started process (PID=1315) to work on /opt/airflow/dags/scd.py
[2026-07-20T13:13:48.549+0000] {processor.py:830} INFO - Processing file /opt/airflow/dags/scd.py for tasks to queue
[2026-07-20T13:13:48.553+0000] {logging_mixin.py:188} INFO - [2026-07-20T13:13:48.552+0000] {dagbag.py:545} INFO - Filling up the DagBag from /opt/airflow/dags/scd.py
[2026-07-20T13:13:48.580+0000] {processor.py:840} INFO - DAG(s) 'SCD2_snapshots' retrieved from /opt/airflow/dags/scd.py
[2026-07-20T13:13:48.618+0000] {logging_mixin.py:188} INFO - [2026-07-20T13:13:48.618+0000] {dag.py:3089} INFO - Sync 1 DAGs
[2026-07-20T13:13:48.646+0000] {logging_mixin.py:188} INFO - [2026-07-20T13:13:48.646+0000] {dag.py:3947} INFO - Setting next_dagrun for SCD2_snapshots to 2026-07-20 00:00:00+00:00, run_after=2026-07-21 00:00:00+00:00
[2026-07-20T13:13:48.670+0000] {processor.py:183} INFO - Processing /opt/airflow/dags/scd.py took 0.131 seconds
[2026-07-20T13:14:18.733+0000] {processor.py:161} INFO - Started process (PID=1320) to work on /opt/airflow/dags/scd.py
[2026-07-20T13:14:18.734+0000] {processor.py:830} INFO - Processing file /opt/airflow/dags/scd.py for tasks to queue
[2026-07-20T13:14:18.737+0000] {logging_mixin.py:188} INFO - [2026-07-20T13:14:18.737+0000] {dagbag.py:545} INFO - Filling up the DagBag from /opt/airflow/dags/scd.py
[2026-07-20T13:14:18.766+0000] {processor.py:840} INFO - DAG(s) 'SCD2_snapshots' retrieved from /opt/airflow/dags/scd.py
[2026-07-20T13:14:18.803+0000] {logging_mixin.py:188} INFO - [2026-07-20T13:14:18.803+0000] {dag.py:3089} INFO - Sync 1 DAGs
[2026-07-20T13:14:18.831+0000] {logging_mixin.py:188} INFO - [2026-07-20T13:14:18.830+0000] {dag.py:3947} INFO - Setting next_dagrun for SCD2_snapshots to 2026-07-20 00:00:00+00:00, run_after=2026-07-21 00:00:00+00:00
[2026-07-20T13:14:18.854+0000] {processor.py:183} INFO - Processing /opt/airflow/dags/scd.py took 0.129 seconds
[2026-07-20T13:14:48.904+0000] {processor.py:161} INFO - Started process (PID=1325) to work on /opt/airflow/dags/scd.py
[2026-07-20T13:14:48.906+0000] {processor.py:830} INFO - Processing file /opt/airflow/dags/scd.py for tasks to queue
[2026-07-20T13:14:48.908+0000] {logging_mixin.py:188} INFO - [2026-07-20T13:14:48.908+0000] {dagbag.py:545} INFO - Filling up the DagBag from /opt/airflow/dags/scd.py
[2026-07-20T13:14:48.932+0000] {processor.py:840} INFO - DAG(s) 'SCD2_snapshots' retrieved from /opt/airflow/dags/scd.py
[2026-07-20T13:14:48.972+0000] {logging_mixin.py:188} INFO - [2026-07-20T13:14:48.971+0000] {dag.py:3089} INFO - Sync 1 DAGs
[2026-07-20T13:14:48.998+0000] {logging_mixin.py:188} INFO - [2026-07-20T13:14:48.998+0000] {dag.py:3947} INFO - Setting next_dagrun for SCD2_snapshots to 2026-07-20 00:00:00+00:00, run_after=2026-07-21 00:00:00+00:00
[2026-07-20T13:14:49.022+0000] {processor.py:183} INFO - Processing /opt/airflow/dags/scd.py took 0.125 seconds
[2026-07-20T13:15:19.092+0000] {processor.py:161} INFO - Started process (PID=1330) to work on /opt/airflow/dags/scd.py
[2026-07-20T13:15:19.093+0000] {processor.py:830} INFO - Processing file /opt/airflow/dags/scd.py for tasks to queue
[2026-07-20T13:15:19.095+0000] {logging_mixin.py:188} INFO - [2026-07-20T13:15:19.095+0000] {dagbag.py:545} INFO - Filling up the DagBag from /opt/airflow/dags/scd.py
[2026-07-20T13:15:19.122+0000] {processor.py:840} INFO - DAG(s) 'SCD2_snapshots' retrieved from /opt/airflow/dags/scd.py
[2026-07-20T13:15:19.163+0000] {logging_mixin.py:188} INFO - [2026-07-20T13:15:19.163+0000] {dag.py:3089} INFO - Sync 1 DAGs
[2026-07-20T13:15:19.190+0000] {logging_mixin.py:188} INFO - [2026-07-20T13:15:19.190+0000] {dag.py:3947} INFO - Setting next_dagrun for SCD2_snapshots to 2026-07-20 00:00:00+00:00, run_after=2026-07-21 00:00:00+00:00
[2026-07-20T13:15:19.214+0000] {processor.py:183} INFO - Processing /opt/airflow/dags/scd.py took 0.130 seconds
[2026-07-20T13:15:49.521+0000] {processor.py:161} INFO - Started process (PID=1335) to work on /opt/airflow/dags/scd.py
[2026-07-20T13:15:49.523+0000] {processor.py:830} INFO - Processing file /opt/airflow/dags/scd.py for tasks to queue
[2026-07-20T13:15:49.525+0000] {logging_mixin.py:188} INFO - [2026-07-20T13:15:49.525+0000] {dagbag.py:545} INFO - Filling up the DagBag from /opt/airflow/dags/scd.py
[2026-07-20T13:15:49.551+0000] {processor.py:840} INFO - DAG(s) 'SCD2_snapshots' retrieved from /opt/airflow/dags/scd.py
[2026-07-20T13:15:49.590+0000] {logging_mixin.py:188} INFO - [2026-07-20T13:15:49.590+0000] {dag.py:3089} INFO - Sync 1 DAGs
[2026-07-20T13:15:49.619+0000] {logging_mixin.py:188} INFO - [2026-07-20T13:15:49.618+0000] {dag.py:3947} INFO - Setting next_dagrun for SCD2_snapshots to 2026-07-20 00:00:00+00:00, run_after=2026-07-21 00:00:00+00:00
[2026-07-20T13:15:49.644+0000] {processor.py:183} INFO - Processing /opt/airflow/dags/scd.py took 0.130 seconds
[2026-07-20T13:16:19.947+0000] {processor.py:161} INFO - Started process (PID=1340) to work on /opt/airflow/dags/scd.py
[2026-07-20T13:16:19.949+0000] {processor.py:830} INFO - Processing file /opt/airflow/dags/scd.py for tasks to queue
[2026-07-20T13:16:19.951+0000] {logging_mixin.py:188} INFO - [2026-07-20T13:16:19.951+0000] {dagbag.py:545} INFO - Filling up the DagBag from /opt/airflow/dags/scd.py
[2026-07-20T13:16:19.982+0000] {processor.py:840} INFO - DAG(s) 'SCD2_snapshots' retrieved from /opt/airflow/dags/scd.py
[2026-07-20T13:16:20.030+0000] {logging_mixin.py:188} INFO - [2026-07-20T13:16:20.030+0000] {dag.py:3089} INFO - Sync 1 DAGs
[2026-07-20T13:16:20.061+0000] {logging_mixin.py:188} INFO - [2026-07-20T13:16:20.061+0000] {dag.py:3947} INFO - Setting next_dagrun for SCD2_snapshots to 2026-07-20 00:00:00+00:00, run_after=2026-07-21 00:00:00+00:00
[2026-07-20T13:16:20.083+0000] {processor.py:183} INFO - Processing /opt/airflow/dags/scd.py took 0.144 seconds
[2026-07-20T13:16:50.138+0000] {processor.py:161} INFO - Started process (PID=1345) to work on /opt/airflow/dags/scd.py
[2026-07-20T13:16:50.139+0000] {processor.py:830} INFO - Processing file /opt/airflow/dags/scd.py for tasks to queue
[2026-07-20T13:16:50.142+0000] {logging_mixin.py:188} INFO - [2026-07-20T13:16:50.142+0000] {dagbag.py:545} INFO - Filling up the DagBag from /opt/airflow/dags/scd.py
[2026-07-20T13:16:50.167+0000] {processor.py:840} INFO - DAG(s) 'SCD2_snapshots' retrieved from /opt/airflow/dags/scd.py
[2026-07-20T13:16:50.206+0000] {logging_mixin.py:188} INFO - [2026-07-20T13:16:50.206+0000] {dag.py:3089} INFO - Sync 1 DAGs
[2026-07-20T13:16:50.233+0000] {logging_mixin.py:188} INFO - [2026-07-20T13:16:50.232+0000] {dag.py:3947} INFO - Setting next_dagrun for SCD2_snapshots to 2026-07-20 00:00:00+00:00, run_after=2026-07-21 00:00:00+00:00
[2026-07-20T13:16:50.258+0000] {processor.py:183} INFO - Processing /opt/airflow/dags/scd.py took 0.127 seconds
[2026-07-20T13:17:20.566+0000] {processor.py:161} INFO - Started process (PID=1350) to work on /opt/airflow/dags/scd.py
[2026-07-20T13:17:20.568+0000] {processor.py:830} INFO - Processing file /opt/airflow/dags/scd.py for tasks to queue
[2026-07-20T13:17:20.571+0000] {logging_mixin.py:188} INFO - [2026-07-20T13:17:20.570+0000] {dagbag.py:545} INFO - Filling up the DagBag from /opt/airflow/dags/scd.py
[2026-07-20T13:17:20.596+0000] {processor.py:840} INFO - DAG(s) 'SCD2_snapshots' retrieved from /opt/airflow/dags/scd.py
[2026-07-20T13:17:20.635+0000] {logging_mixin.py:188} INFO - [2026-07-20T13:17:20.635+0000] {dag.py:3089} INFO - Sync 1 DAGs
[2026-07-20T13:17:20.663+0000] {logging_mixin.py:188} INFO - [2026-07-20T13:17:20.662+0000] {dag.py:3947} INFO - Setting next_dagrun for SCD2_snapshots to 2026-07-20 00:00:00+00:00, run_after=2026-07-21 00:00:00+00:00
[2026-07-20T13:17:20.689+0000] {processor.py:183} INFO - Processing /opt/airflow/dags/scd.py took 0.129 seconds
[2026-07-20T13:17:50.829+0000] {processor.py:161} INFO - Started process (PID=1355) to work on /opt/airflow/dags/scd.py
[2026-07-20T13:17:50.830+0000] {processor.py:830} INFO - Processing file /opt/airflow/dags/scd.py for tasks to queue
[2026-07-20T13:17:50.832+0000] {logging_mixin.py:188} INFO - [2026-07-20T13:17:50.832+0000] {dagbag.py:545} INFO - Filling up the DagBag from /opt/airflow/dags/scd.py
[2026-07-20T13:17:50.860+0000] {processor.py:840} INFO - DAG(s) 'SCD2_snapshots' retrieved from /opt/airflow/dags/scd.py
[2026-07-20T13:17:50.897+0000] {logging_mixin.py:188} INFO - [2026-07-20T13:17:50.897+0000] {dag.py:3089} INFO - Sync 1 DAGs
[2026-07-20T13:17:50.925+0000] {logging_mixin.py:188} INFO - [2026-07-20T13:17:50.925+0000] {dag.py:3947} INFO - Setting next_dagrun for SCD2_snapshots to 2026-07-20 00:00:00+00:00, run_after=2026-07-21 00:00:00+00:00
[2026-07-20T13:17:50.950+0000] {processor.py:183} INFO - Processing /opt/airflow/dags/scd.py took 0.129 seconds
[2026-07-20T13:18:21.004+0000] {processor.py:161} INFO - Started process (PID=1360) to work on /opt/airflow/dags/scd.py
[2026-07-20T13:18:21.005+0000] {processor.py:830} INFO - Processing file /opt/airflow/dags/scd.py for tasks to queue
[2026-07-20T13:18:21.008+0000] {logging_mixin.py:188} INFO - [2026-07-20T13:18:21.007+0000] {dagbag.py:545} INFO - Filling up the DagBag from /opt/airflow/dags/scd.py
[2026-07-20T13:18:21.034+0000] {processor.py:840} INFO - DAG(s) 'SCD2_snapshots' retrieved from /opt/airflow/dags/scd.py
[2026-07-20T13:18:21.076+0000] {logging_mixin.py:188} INFO - [2026-07-20T13:18:21.076+0000] {dag.py:3089} INFO - Sync 1 DAGs
[2026-07-20T13:18:21.104+0000] {logging_mixin.py:188} INFO - [2026-07-20T13:18:21.103+0000] {dag.py:3947} INFO - Setting next_dagrun for SCD2_snapshots to 2026-07-20 00:00:00+00:00, run_after=2026-07-21 00:00:00+00:00
[2026-07-20T13:18:21.129+0000] {processor.py:183} INFO - Processing /opt/airflow/dags/scd.py took 0.132 seconds
[2026-07-20T13:18:51.235+0000] {processor.py:161} INFO - Started process (PID=1365) to work on /opt/airflow/dags/scd.py
[2026-07-20T13:18:51.236+0000] {processor.py:830} INFO - Processing file /opt/airflow/dags/scd.py for tasks to queue
[2026-07-20T13:18:51.238+0000] {logging_mixin.py:188} INFO - [2026-07-20T13:18:51.238+0000] {dagbag.py:545} INFO - Filling up the DagBag from /opt/airflow/dags/scd.py
[2026-07-20T13:18:51.266+0000] {processor.py:840} INFO - DAG(s) 'SCD2_snapshots' retrieved from /opt/airflow/dags/scd.py
[2026-07-20T13:18:51.316+0000] {logging_mixin.py:188} INFO - [2026-07-20T13:18:51.316+0000] {dag.py:3089} INFO - Sync 1 DAGs
[2026-07-20T13:18:51.369+0000] {logging_mixin.py:188} INFO - [2026-07-20T13:18:51.368+0000] {dag.py:3947} INFO - Setting next_dagrun for SCD2_snapshots to 2026-07-20 00:00:00+00:00, run_after=2026-07-21 00:00:00+00:00
[2026-07-20T13:18:51.396+0000] {processor.py:183} INFO - Processing /opt/airflow/dags/scd.py took 0.169 seconds
[2026-07-20T13:19:21.597+0000] {processor.py:161} INFO - Started process (PID=1370) to work on /opt/airflow/dags/scd.py
[2026-07-20T13:19:21.598+0000] {processor.py:830} INFO - Processing file /opt/airflow/dags/scd.py for tasks to queue
[2026-07-20T13:19:21.603+0000] {logging_mixin.py:188} INFO - [2026-07-20T13:19:21.602+0000] {dagbag.py:545} INFO - Filling up the DagBag from /opt/airflow/dags/scd.py
[2026-07-20T13:19:21.649+0000] {processor.py:840} INFO - DAG(s) 'SCD2_snapshots' retrieved from /opt/airflow/dags/scd.py
[2026-07-20T13:19:21.731+0000] {logging_mixin.py:188} INFO - [2026-07-20T13:19:21.730+0000] {dag.py:3089} INFO - Sync 1 DAGs
[2026-07-20T13:19:21.791+0000] {logging_mixin.py:188} INFO - [2026-07-20T13:19:21.791+0000] {dag.py:3947} INFO - Setting next_dagrun for SCD2_snapshots to 2026-07-20 00:00:00+00:00, run_after=2026-07-21 00:00:00+00:00
[2026-07-20T13:19:21.838+0000] {processor.py:183} INFO - Processing /opt/airflow/dags/scd.py took 0.254 seconds
[2026-07-20T13:19:52.118+0000] {processor.py:161} INFO - Started process (PID=1375) to work on /opt/airflow/dags/scd.py
[2026-07-20T13:19:52.119+0000] {processor.py:830} INFO - Processing file /opt/airflow/dags/scd.py for tasks to queue
[2026-07-20T13:19:52.121+0000] {logging_mixin.py:188} INFO - [2026-07-20T13:19:52.121+0000] {dagbag.py:545} INFO - Filling up the DagBag from /opt/airflow/dags/scd.py
[2026-07-20T13:19:52.146+0000] {processor.py:840} INFO - DAG(s) 'SCD2_snapshots' retrieved from /opt/airflow/dags/scd.py
[2026-07-20T13:19:52.187+0000] {logging_mixin.py:188} INFO - [2026-07-20T13:19:52.187+0000] {dag.py:3089} INFO - Sync 1 DAGs
[2026-07-20T13:19:52.216+0000] {logging_mixin.py:188} INFO - [2026-07-20T13:19:52.215+0000] {dag.py:3947} INFO - Setting next_dagrun for SCD2_snapshots to 2026-07-20 00:00:00+00:00, run_after=2026-07-21 00:00:00+00:00
[2026-07-20T13:19:52.240+0000] {processor.py:183} INFO - Processing /opt/airflow/dags/scd.py took 0.130 seconds
[2026-07-20T13:20:22.531+0000] {processor.py:161} INFO - Started process (PID=1380) to work on /opt/airflow/dags/scd.py
[2026-07-20T13:20:22.532+0000] {processor.py:830} INFO - Processing file /opt/airflow/dags/scd.py for tasks to queue
[2026-07-20T13:20:22.535+0000] {logging_mixin.py:188} INFO - [2026-07-20T13:20:22.534+0000] {dagbag.py:545} INFO - Filling up the DagBag from /opt/airflow/dags/scd.py
[2026-07-20T13:20:22.559+0000] {processor.py:840} INFO - DAG(s) 'SCD2_snapshots' retrieved from /opt/airflow/dags/scd.py
[2026-07-20T13:20:22.603+0000] {logging_mixin.py:188} INFO - [2026-07-20T13:20:22.603+0000] {dag.py:3089} INFO - Sync 1 DAGs
[2026-07-20T13:20:22.631+0000] {logging_mixin.py:188} INFO - [2026-07-20T13:20:22.630+0000] {dag.py:3947} INFO - Setting next_dagrun for SCD2_snapshots to 2026-07-20 00:00:00+00:00, run_after=2026-07-21 00:00:00+00:00
[2026-07-20T13:20:22.654+0000] {processor.py:183} INFO - Processing /opt/airflow/dags/scd.py took 0.131 seconds
[2026-07-20T13:20:52.942+0000] {processor.py:161} INFO - Started process (PID=1385) to work on /opt/airflow/dags/scd.py
[2026-07-20T13:20:52.944+0000] {processor.py:830} INFO - Processing file /opt/airflow/dags/scd.py for tasks to queue
[2026-07-20T13:20:52.946+0000] {logging_mixin.py:188} INFO - [2026-07-20T13:20:52.946+0000] {dagbag.py:545} INFO - Filling up the DagBag from /opt/airflow/dags/scd.py
[2026-07-20T13:20:52.973+0000] {processor.py:840} INFO - DAG(s) 'SCD2_snapshots' retrieved from /opt/airflow/dags/scd.py
[2026-07-20T13:20:53.010+0000] {logging_mixin.py:188} INFO - [2026-07-20T13:20:53.009+0000] {dag.py:3089} INFO - Sync 1 DAGs
[2026-07-20T13:20:53.036+0000] {logging_mixin.py:188} INFO - [2026-07-20T13:20:53.036+0000] {dag.py:3947} INFO - Setting next_dagrun for SCD2_snapshots to 2026-07-20 00:00:00+00:00, run_after=2026-07-21 00:00:00+00:00
[2026-07-20T13:20:53.063+0000] {processor.py:183} INFO - Processing /opt/airflow/dags/scd.py took 0.128 seconds
[2026-07-20T13:21:23.359+0000] {processor.py:161} INFO - Started process (PID=1390) to work on /opt/airflow/dags/scd.py
[2026-07-20T13:21:23.360+0000] {processor.py:830} INFO - Processing file /opt/airflow/dags/scd.py for tasks to queue
[2026-07-20T13:21:23.362+0000] {logging_mixin.py:188} INFO - [2026-07-20T13:21:23.362+0000] {dagbag.py:545} INFO - Filling up the DagBag from /opt/airflow/dags/scd.py
[2026-07-20T13:21:23.389+0000] {processor.py:840} INFO - DAG(s) 'SCD2_snapshots' retrieved from /opt/airflow/dags/scd.py
[2026-07-20T13:21:23.427+0000] {logging_mixin.py:188} INFO - [2026-07-20T13:21:23.427+0000] {dag.py:3089} INFO - Sync 1 DAGs
[2026-07-20T13:21:23.456+0000] {logging_mixin.py:188} INFO - [2026-07-20T13:21:23.455+0000] {dag.py:3947} INFO - Setting next_dagrun for SCD2_snapshots to 2026-07-20 00:00:00+00:00, run_after=2026-07-21 00:00:00+00:00
[2026-07-20T13:21:23.479+0000] {processor.py:183} INFO - Processing /opt/airflow/dags/scd.py took 0.127 seconds
[2026-07-20T13:21:53.764+0000] {processor.py:161} INFO - Started process (PID=1395) to work on /opt/airflow/dags/scd.py
[2026-07-20T13:21:53.765+0000] {processor.py:830} INFO - Processing file /opt/airflow/dags/scd.py for tasks to queue
[2026-07-20T13:21:53.768+0000] {logging_mixin.py:188} INFO - [2026-07-20T13:21:53.767+0000] {dagbag.py:545} INFO - Filling up the DagBag from /opt/airflow/dags/scd.py
[2026-07-20T13:21:53.792+0000] {processor.py:840} INFO - DAG(s) 'SCD2_snapshots' retrieved from /opt/airflow/dags/scd.py
[2026-07-20T13:21:53.830+0000] {logging_mixin.py:188} INFO - [2026-07-20T13:21:53.830+0000] {dag.py:3089} INFO - Sync 1 DAGs
[2026-07-20T13:21:53.856+0000] {logging_mixin.py:188} INFO - [2026-07-20T13:21:53.856+0000] {dag.py:3947} INFO - Setting next_dagrun for SCD2_snapshots to 2026-07-20 00:00:00+00:00, run_after=2026-07-21 00:00:00+00:00
[2026-07-20T13:21:53.878+0000] {processor.py:183} INFO - Processing /opt/airflow/dags/scd.py took 0.122 seconds
[2026-07-20T13:22:23.967+0000] {processor.py:161} INFO - Started process (PID=1400) to work on /opt/airflow/dags/scd.py
[2026-07-20T13:22:23.968+0000] {processor.py:830} INFO - Processing file /opt/airflow/dags/scd.py for tasks to queue
[2026-07-20T13:22:23.971+0000] {logging_mixin.py:188} INFO - [2026-07-20T13:22:23.970+0000] {dagbag.py:545} INFO - Filling up the DagBag from /opt/airflow/dags/scd.py
[2026-07-20T13:22:24.003+0000] {processor.py:840} INFO - DAG(s) 'SCD2_snapshots' retrieved from /opt/airflow/dags/scd.py
[2026-07-20T13:22:24.043+0000] {logging_mixin.py:188} INFO - [2026-07-20T13:22:24.043+0000] {dag.py:3089} INFO - Sync 1 DAGs
[2026-07-20T13:22:24.070+0000] {logging_mixin.py:188} INFO - [2026-07-20T13:22:24.070+0000] {dag.py:3947} INFO - Setting next_dagrun for SCD2_snapshots to 2026-07-20 00:00:00+00:00, run_after=2026-07-21 00:00:00+00:00
[2026-07-20T13:22:24.098+0000] {processor.py:183} INFO - Processing /opt/airflow/dags/scd.py took 0.140 seconds
[2026-07-20T13:22:54.406+0000] {processor.py:161} INFO - Started process (PID=1405) to work on /opt/airflow/dags/scd.py
[2026-07-20T13:22:54.408+0000] {processor.py:830} INFO - Processing file /opt/airflow/dags/scd.py for tasks to queue
[2026-07-20T13:22:54.410+0000] {logging_mixin.py:188} INFO - [2026-07-20T13:22:54.410+0000] {dagbag.py:545} INFO - Filling up the DagBag from /opt/airflow/dags/scd.py
[2026-07-20T13:22:54.441+0000] {processor.py:840} INFO - DAG(s) 'SCD2_snapshots' retrieved from /opt/airflow/dags/scd.py
[2026-07-20T13:22:54.483+0000] {logging_mixin.py:188} INFO - [2026-07-20T13:22:54.483+0000] {dag.py:3089} INFO - Sync 1 DAGs
[2026-07-20T13:22:54.522+0000] {logging_mixin.py:188} INFO - [2026-07-20T13:22:54.522+0000] {dag.py:3947} INFO - Setting next_dagrun for SCD2_snapshots to 2026-07-20 00:00:00+00:00, run_after=2026-07-21 00:00:00+00:00
[2026-07-20T13:22:54.548+0000] {processor.py:183} INFO - Processing /opt/airflow/dags/scd.py took 0.150 seconds
[2026-07-20T13:23:24.608+0000] {processor.py:161} INFO - Started process (PID=1410) to work on /opt/airflow/dags/scd.py
[2026-07-20T13:23:24.610+0000] {processor.py:830} INFO - Processing file /opt/airflow/dags/scd.py for tasks to queue
[2026-07-20T13:23:24.613+0000] {logging_mixin.py:188} INFO - [2026-07-20T13:23:24.613+0000] {dagbag.py:545} INFO - Filling up the DagBag from /opt/airflow/dags/scd.py
[2026-07-20T13:23:24.652+0000] {processor.py:840} INFO - DAG(s) 'SCD2_snapshots' retrieved from /opt/airflow/dags/scd.py
[2026-07-20T13:23:24.691+0000] {logging_mixin.py:188} INFO - [2026-07-20T13:23:24.690+0000] {dag.py:3089} INFO - Sync 1 DAGs
[2026-07-20T13:23:24.725+0000] {logging_mixin.py:188} INFO - [2026-07-20T13:23:24.725+0000] {dag.py:3947} INFO - Setting next_dagrun for SCD2_snapshots to 2026-07-20 00:00:00+00:00, run_after=2026-07-21 00:00:00+00:00
[2026-07-20T13:23:24.753+0000] {processor.py:183} INFO - Processing /opt/airflow/dags/scd.py took 0.156 seconds
[2026-07-20T13:23:54.854+0000] {processor.py:161} INFO - Started process (PID=1415) to work on /opt/airflow/dags/scd.py
[2026-07-20T13:23:54.855+0000] {processor.py:830} INFO - Processing file /opt/airflow/dags/scd.py for tasks to queue
[2026-07-20T13:23:54.857+0000] {logging_mixin.py:188} INFO - [2026-07-20T13:23:54.857+0000] {dagbag.py:545} INFO - Filling up the DagBag from /opt/airflow/dags/scd.py
[2026-07-20T13:23:54.885+0000] {processor.py:840} INFO - DAG(s) 'SCD2_snapshots' retrieved from /opt/airflow/dags/scd.py
[2026-07-20T13:23:54.921+0000] {logging_mixin.py:188} INFO - [2026-07-20T13:23:54.921+0000] {dag.py:3089} INFO - Sync 1 DAGs
[2026-07-20T13:23:54.956+0000] {logging_mixin.py:188} INFO - [2026-07-20T13:23:54.956+0000] {dag.py:3947} INFO - Setting next_dagrun for SCD2_snapshots to 2026-07-20 00:00:00+00:00, run_after=2026-07-21 00:00:00+00:00
[2026-07-20T13:23:54.985+0000] {processor.py:183} INFO - Processing /opt/airflow/dags/scd.py took 0.139 seconds
[2026-07-20T13:24:25.260+0000] {processor.py:161} INFO - Started process (PID=1420) to work on /opt/airflow/dags/scd.py
[2026-07-20T13:24:25.262+0000] {processor.py:830} INFO - Processing file /opt/airflow/dags/scd.py for tasks to queue
[2026-07-20T13:24:25.264+0000] {logging_mixin.py:188} INFO - [2026-07-20T13:24:25.264+0000] {dagbag.py:545} INFO - Filling up the DagBag from /opt/airflow/dags/scd.py
[2026-07-20T13:24:25.293+0000] {processor.py:840} INFO - DAG(s) 'SCD2_snapshots' retrieved from /opt/airflow/dags/scd.py
[2026-07-20T13:24:25.332+0000] {logging_mixin.py:188} INFO - [2026-07-20T13:24:25.331+0000] {dag.py:3089} INFO - Sync 1 DAGs
[2026-07-20T13:24:25.360+0000] {logging_mixin.py:188} INFO - [2026-07-20T13:24:25.360+0000] {dag.py:3947} INFO - Setting next_dagrun for SCD2_snapshots to 2026-07-20 00:00:00+00:00, run_after=2026-07-21 00:00:00+00:00
[2026-07-20T13:24:25.394+0000] {processor.py:183} INFO - Processing /opt/airflow/dags/scd.py took 0.142 seconds
[2026-07-20T13:24:55.481+0000] {processor.py:161} INFO - Started process (PID=1425) to work on /opt/airflow/dags/scd.py
[2026-07-20T13:24:55.482+0000] {processor.py:830} INFO - Processing file /opt/airflow/dags/scd.py for tasks to queue
[2026-07-20T13:24:55.486+0000] {logging_mixin.py:188} INFO - [2026-07-20T13:24:55.485+0000] {dagbag.py:545} INFO - Filling up the DagBag from /opt/airflow/dags/scd.py
[2026-07-20T13:24:55.511+0000] {processor.py:840} INFO - DAG(s) 'SCD2_snapshots' retrieved from /opt/airflow/dags/scd.py
[2026-07-20T13:24:55.555+0000] {logging_mixin.py:188} INFO - [2026-07-20T13:24:55.555+0000] {dag.py:3089} INFO - Sync 1 DAGs
[2026-07-20T13:24:55.582+0000] {logging_mixin.py:188} INFO - [2026-07-20T13:24:55.581+0000] {dag.py:3947} INFO - Setting next_dagrun for SCD2_snapshots to 2026-07-20 00:00:00+00:00, run_after=2026-07-21 00:00:00+00:00
[2026-07-20T13:24:55.606+0000] {processor.py:183} INFO - Processing /opt/airflow/dags/scd.py took 0.135 seconds
[2026-07-20T13:25:25.767+0000] {processor.py:161} INFO - Started process (PID=1430) to work on /opt/airflow/dags/scd.py
[2026-07-20T13:25:25.768+0000] {processor.py:830} INFO - Processing file /opt/airflow/dags/scd.py for tasks to queue
[2026-07-20T13:25:25.770+0000] {logging_mixin.py:188} INFO - [2026-07-20T13:25:25.770+0000] {dagbag.py:545} INFO - Filling up the DagBag from /opt/airflow/dags/scd.py
[2026-07-20T13:25:25.798+0000] {processor.py:840} INFO - DAG(s) 'SCD2_snapshots' retrieved from /opt/airflow/dags/scd.py
[2026-07-20T13:25:25.837+0000] {logging_mixin.py:188} INFO - [2026-07-20T13:25:25.837+0000] {dag.py:3089} INFO - Sync 1 DAGs
[2026-07-20T13:25:25.862+0000] {logging_mixin.py:188} INFO - [2026-07-20T13:25:25.861+0000] {dag.py:3947} INFO - Setting next_dagrun for SCD2_snapshots to 2026-07-20 00:00:00+00:00, run_after=2026-07-21 00:00:00+00:00
[2026-07-20T13:25:25.884+0000] {processor.py:183} INFO - Processing /opt/airflow/dags/scd.py took 0.125 seconds
[2026-07-20T13:25:56.030+0000] {processor.py:161} INFO - Started process (PID=1435) to work on /opt/airflow/dags/scd.py
[2026-07-20T13:25:56.032+0000] {processor.py:830} INFO - Processing file /opt/airflow/dags/scd.py for tasks to queue
[2026-07-20T13:25:56.034+0000] {logging_mixin.py:188} INFO - [2026-07-20T13:25:56.034+0000] {dagbag.py:545} INFO - Filling up the DagBag from /opt/airflow/dags/scd.py
[2026-07-20T13:25:56.059+0000] {processor.py:840} INFO - DAG(s) 'SCD2_snapshots' retrieved from /opt/airflow/dags/scd.py
[2026-07-20T13:25:56.098+0000] {logging_mixin.py:188} INFO - [2026-07-20T13:25:56.098+0000] {dag.py:3089} INFO - Sync 1 DAGs
[2026-07-20T13:25:56.125+0000] {logging_mixin.py:188} INFO - [2026-07-20T13:25:56.124+0000] {dag.py:3947} INFO - Setting next_dagrun for SCD2_snapshots to 2026-07-20 00:00:00+00:00, run_after=2026-07-21 00:00:00+00:00
[2026-07-20T13:25:56.148+0000] {processor.py:183} INFO - Processing /opt/airflow/dags/scd.py took 0.126 seconds
[2026-07-20T13:26:26.243+0000] {processor.py:161} INFO - Started process (PID=1440) to work on /opt/airflow/dags/scd.py
[2026-07-20T13:26:26.245+0000] {processor.py:830} INFO - Processing file /opt/airflow/dags/scd.py for tasks to queue
[2026-07-20T13:26:26.247+0000] {logging_mixin.py:188} INFO - [2026-07-20T13:26:26.247+0000] {dagbag.py:545} INFO - Filling up the DagBag from /opt/airflow/dags/scd.py
[2026-07-20T13:26:26.275+0000] {processor.py:840} INFO - DAG(s) 'SCD2_snapshots' retrieved from /opt/airflow/dags/scd.py
[2026-07-20T13:26:26.312+0000] {logging_mixin.py:188} INFO - [2026-07-20T13:26:26.312+0000] {dag.py:3089} INFO - Sync 1 DAGs
[2026-07-20T13:26:26.336+0000] {logging_mixin.py:188} INFO - [2026-07-20T13:26:26.336+0000] {dag.py:3947} INFO - Setting next_dagrun for SCD2_snapshots to 2026-07-20 00:00:00+00:00, run_after=2026-07-21 00:00:00+00:00
[2026-07-20T13:26:26.363+0000] {processor.py:183} INFO - Processing /opt/airflow/dags/scd.py took 0.126 seconds
[2026-07-20T13:26:56.624+0000] {processor.py:161} INFO - Started process (PID=1445) to work on /opt/airflow/dags/scd.py
[2026-07-20T13:26:56.625+0000] {processor.py:830} INFO - Processing file /opt/airflow/dags/scd.py for tasks to queue
[2026-07-20T13:26:56.628+0000] {logging_mixin.py:188} INFO - [2026-07-20T13:26:56.627+0000] {dagbag.py:545} INFO - Filling up the DagBag from /opt/airflow/dags/scd.py
[2026-07-20T13:26:56.653+0000] {processor.py:840} INFO - DAG(s) 'SCD2_snapshots' retrieved from /opt/airflow/dags/scd.py
[2026-07-20T13:26:56.694+0000] {logging_mixin.py:188} INFO - [2026-07-20T13:26:56.693+0000] {dag.py:3089} INFO - Sync 1 DAGs
[2026-07-20T13:26:56.719+0000] {logging_mixin.py:188} INFO - [2026-07-20T13:26:56.719+0000] {dag.py:3947} INFO - Setting next_dagrun for SCD2_snapshots to 2026-07-20 00:00:00+00:00, run_after=2026-07-21 00:00:00+00:00
[2026-07-20T13:26:56.741+0000] {processor.py:183} INFO - Processing /opt/airflow/dags/scd.py took 0.124 seconds
[2026-07-20T13:27:26.872+0000] {processor.py:161} INFO - Started process (PID=1446) to work on /opt/airflow/dags/scd.py
[2026-07-20T13:27:26.873+0000] {processor.py:830} INFO - Processing file /opt/airflow/dags/scd.py for tasks to queue
[2026-07-20T13:27:26.876+0000] {logging_mixin.py:188} INFO - [2026-07-20T13:27:26.876+0000] {dagbag.py:545} INFO - Filling up the DagBag from /opt/airflow/dags/scd.py
[2026-07-20T13:27:26.907+0000] {processor.py:840} INFO - DAG(s) 'SCD2_snapshots' retrieved from /opt/airflow/dags/scd.py
[2026-07-20T13:27:26.951+0000] {logging_mixin.py:188} INFO - [2026-07-20T13:27:26.951+0000] {dag.py:3089} INFO - Sync 1 DAGs
[2026-07-20T13:27:26.982+0000] {logging_mixin.py:188} INFO - [2026-07-20T13:27:26.982+0000] {dag.py:3947} INFO - Setting next_dagrun for SCD2_snapshots to 2026-07-20 00:00:00+00:00, run_after=2026-07-21 00:00:00+00:00
[2026-07-20T13:27:27.011+0000] {processor.py:183} INFO - Processing /opt/airflow/dags/scd.py took 0.149 seconds
[2026-07-20T13:27:57.324+0000] {processor.py:161} INFO - Started process (PID=1451) to work on /opt/airflow/dags/scd.py
[2026-07-20T13:27:57.325+0000] {processor.py:830} INFO - Processing file /opt/airflow/dags/scd.py for tasks to queue
[2026-07-20T13:27:57.328+0000] {logging_mixin.py:188} INFO - [2026-07-20T13:27:57.327+0000] {dagbag.py:545} INFO - Filling up the DagBag from /opt/airflow/dags/scd.py
[2026-07-20T13:27:57.352+0000] {processor.py:840} INFO - DAG(s) 'SCD2_snapshots' retrieved from /opt/airflow/dags/scd.py
[2026-07-20T13:27:57.390+0000] {logging_mixin.py:188} INFO - [2026-07-20T13:27:57.389+0000] {dag.py:3089} INFO - Sync 1 DAGs
[2026-07-20T13:27:57.418+0000] {logging_mixin.py:188} INFO - [2026-07-20T13:27:57.418+0000] {dag.py:3947} INFO - Setting next_dagrun for SCD2_snapshots to 2026-07-20 00:00:00+00:00, run_after=2026-07-21 00:00:00+00:00
[2026-07-20T13:27:57.443+0000] {processor.py:183} INFO - Processing /opt/airflow/dags/scd.py took 0.126 seconds
[2026-07-20T13:28:27.508+0000] {processor.py:161} INFO - Started process (PID=1456) to work on /opt/airflow/dags/scd.py
[2026-07-20T13:28:27.510+0000] {processor.py:830} INFO - Processing file /opt/airflow/dags/scd.py for tasks to queue
[2026-07-20T13:28:27.512+0000] {logging_mixin.py:188} INFO - [2026-07-20T13:28:27.512+0000] {dagbag.py:545} INFO - Filling up the DagBag from /opt/airflow/dags/scd.py
[2026-07-20T13:28:27.538+0000] {processor.py:840} INFO - DAG(s) 'SCD2_snapshots' retrieved from /opt/airflow/dags/scd.py
[2026-07-20T13:28:27.583+0000] {logging_mixin.py:188} INFO - [2026-07-20T13:28:27.583+0000] {dag.py:3089} INFO - Sync 1 DAGs
[2026-07-20T13:28:27.615+0000] {logging_mixin.py:188} INFO - [2026-07-20T13:28:27.614+0000] {dag.py:3947} INFO - Setting next_dagrun for SCD2_snapshots to 2026-07-20 00:00:00+00:00, run_after=2026-07-21 00:00:00+00:00
[2026-07-20T13:28:27.642+0000] {processor.py:183} INFO - Processing /opt/airflow/dags/scd.py took 0.142 seconds
[2026-07-20T13:28:57.908+0000] {processor.py:161} INFO - Started process (PID=1461) to work on /opt/airflow/dags/scd.py
[2026-07-20T13:28:57.910+0000] {processor.py:830} INFO - Processing file /opt/airflow/dags/scd.py for tasks to queue
[2026-07-20T13:28:57.912+0000] {logging_mixin.py:188} INFO - [2026-07-20T13:28:57.912+0000] {dagbag.py:545} INFO - Filling up the DagBag from /opt/airflow/dags/scd.py
[2026-07-20T13:28:57.949+0000] {processor.py:840} INFO - DAG(s) 'SCD2_snapshots' retrieved from /opt/airflow/dags/scd.py
[2026-07-20T13:28:57.998+0000] {logging_mixin.py:188} INFO - [2026-07-20T13:28:57.997+0000] {dag.py:3089} INFO - Sync 1 DAGs
[2026-07-20T13:28:58.034+0000] {logging_mixin.py:188} INFO - [2026-07-20T13:28:58.034+0000] {dag.py:3947} INFO - Setting next_dagrun for SCD2_snapshots to 2026-07-20 00:00:00+00:00, run_after=2026-07-21 00:00:00+00:00
[2026-07-20T13:28:58.057+0000] {processor.py:183} INFO - Processing /opt/airflow/dags/scd.py took 0.159 seconds
[2026-07-20T13:29:28.345+0000] {processor.py:161} INFO - Started process (PID=1466) to work on /opt/airflow/dags/scd.py
[2026-07-20T13:29:28.346+0000] {processor.py:830} INFO - Processing file /opt/airflow/dags/scd.py for tasks to queue
[2026-07-20T13:29:28.350+0000] {logging_mixin.py:188} INFO - [2026-07-20T13:29:28.350+0000] {dagbag.py:545} INFO - Filling up the DagBag from /opt/airflow/dags/scd.py
[2026-07-20T13:29:28.377+0000] {processor.py:840} INFO - DAG(s) 'SCD2_snapshots' retrieved from /opt/airflow/dags/scd.py
[2026-07-20T13:29:28.418+0000] {logging_mixin.py:188} INFO - [2026-07-20T13:29:28.418+0000] {dag.py:3089} INFO - Sync 1 DAGs
[2026-07-20T13:29:28.445+0000] {logging_mixin.py:188} INFO - [2026-07-20T13:29:28.445+0000] {dag.py:3947} INFO - Setting next_dagrun for SCD2_snapshots to 2026-07-20 00:00:00+00:00, run_after=2026-07-21 00:00:00+00:00
[2026-07-20T13:29:28.468+0000] {processor.py:183} INFO - Processing /opt/airflow/dags/scd.py took 0.130 seconds
[2026-07-20T13:29:58.574+0000] {processor.py:161} INFO - Started process (PID=1471) to work on /opt/airflow/dags/scd.py
[2026-07-20T13:29:58.575+0000] {processor.py:830} INFO - Processing file /opt/airflow/dags/scd.py for tasks to queue
[2026-07-20T13:29:58.578+0000] {logging_mixin.py:188} INFO - [2026-07-20T13:29:58.577+0000] {dagbag.py:545} INFO - Filling up the DagBag from /opt/airflow/dags/scd.py
[2026-07-20T13:29:58.604+0000] {processor.py:840} INFO - DAG(s) 'SCD2_snapshots' retrieved from /opt/airflow/dags/scd.py
[2026-07-20T13:29:58.644+0000] {logging_mixin.py:188} INFO - [2026-07-20T13:29:58.644+0000] {dag.py:3089} INFO - Sync 1 DAGs
[2026-07-20T13:29:58.673+0000] {logging_mixin.py:188} INFO - [2026-07-20T13:29:58.673+0000] {dag.py:3947} INFO - Setting next_dagrun for SCD2_snapshots to 2026-07-20 00:00:00+00:00, run_after=2026-07-21 00:00:00+00:00
[2026-07-20T13:29:58.699+0000] {processor.py:183} INFO - Processing /opt/airflow/dags/scd.py took 0.132 seconds
[2026-07-20T13:30:28.847+0000] {processor.py:161} INFO - Started process (PID=1476) to work on /opt/airflow/dags/scd.py
[2026-07-20T13:30:28.848+0000] {processor.py:830} INFO - Processing file /opt/airflow/dags/scd.py for tasks to queue
[2026-07-20T13:30:28.851+0000] {logging_mixin.py:188} INFO - [2026-07-20T13:30:28.851+0000] {dagbag.py:545} INFO - Filling up the DagBag from /opt/airflow/dags/scd.py
[2026-07-20T13:30:28.877+0000] {processor.py:840} INFO - DAG(s) 'SCD2_snapshots' retrieved from /opt/airflow/dags/scd.py
[2026-07-20T13:30:28.919+0000] {logging_mixin.py:188} INFO - [2026-07-20T13:30:28.919+0000] {dag.py:3089} INFO - Sync 1 DAGs
[2026-07-20T13:30:28.948+0000] {logging_mixin.py:188} INFO - [2026-07-20T13:30:28.948+0000] {dag.py:3947} INFO - Setting next_dagrun for SCD2_snapshots to 2026-07-20 00:00:00+00:00, run_after=2026-07-21 00:00:00+00:00
[2026-07-20T13:30:28.978+0000] {processor.py:183} INFO - Processing /opt/airflow/dags/scd.py took 0.140 seconds
[2026-07-20T13:30:59.242+0000] {processor.py:161} INFO - Started process (PID=1481) to work on /opt/airflow/dags/scd.py
[2026-07-20T13:30:59.243+0000] {processor.py:830} INFO - Processing file /opt/airflow/dags/scd.py for tasks to queue
[2026-07-20T13:30:59.246+0000] {logging_mixin.py:188} INFO - [2026-07-20T13:30:59.245+0000] {dagbag.py:545} INFO - Filling up the DagBag from /opt/airflow/dags/scd.py
[2026-07-20T13:30:59.273+0000] {processor.py:840} INFO - DAG(s) 'SCD2_snapshots' retrieved from /opt/airflow/dags/scd.py
[2026-07-20T13:30:59.315+0000] {logging_mixin.py:188} INFO - [2026-07-20T13:30:59.315+0000] {dag.py:3089} INFO - Sync 1 DAGs
[2026-07-20T13:30:59.347+0000] {logging_mixin.py:188} INFO - [2026-07-20T13:30:59.347+0000] {dag.py:3947} INFO - Setting next_dagrun for SCD2_snapshots to 2026-07-20 00:00:00+00:00, run_after=2026-07-21 00:00:00+00:00
[2026-07-20T13:30:59.376+0000] {processor.py:183} INFO - Processing /opt/airflow/dags/scd.py took 0.141 seconds
[2026-07-20T13:31:29.700+0000] {processor.py:161} INFO - Started process (PID=1486) to work on /opt/airflow/dags/scd.py
[2026-07-20T13:31:29.702+0000] {processor.py:830} INFO - Processing file /opt/airflow/dags/scd.py for tasks to queue
[2026-07-20T13:31:29.706+0000] {logging_mixin.py:188} INFO - [2026-07-20T13:31:29.705+0000] {dagbag.py:545} INFO - Filling up the DagBag from /opt/airflow/dags/scd.py
[2026-07-20T13:31:29.734+0000] {processor.py:840} INFO - DAG(s) 'SCD2_snapshots' retrieved from /opt/airflow/dags/scd.py
[2026-07-20T13:31:29.775+0000] {logging_mixin.py:188} INFO - [2026-07-20T13:31:29.774+0000] {dag.py:3089} INFO - Sync 1 DAGs
[2026-07-20T13:31:29.802+0000] {logging_mixin.py:188} INFO - [2026-07-20T13:31:29.801+0000] {dag.py:3947} INFO - Setting next_dagrun for SCD2_snapshots to 2026-07-20 00:00:00+00:00, run_after=2026-07-21 00:00:00+00:00
[2026-07-20T13:31:29.826+0000] {processor.py:183} INFO - Processing /opt/airflow/dags/scd.py took 0.134 seconds
[2026-07-20T13:32:00.119+0000] {processor.py:161} INFO - Started process (PID=1491) to work on /opt/airflow/dags/scd.py
[2026-07-20T13:32:00.121+0000] {processor.py:830} INFO - Processing file /opt/airflow/dags/scd.py for tasks to queue
[2026-07-20T13:32:00.124+0000] {logging_mixin.py:188} INFO - [2026-07-20T13:32:00.124+0000] {dagbag.py:545} INFO - Filling up the DagBag from /opt/airflow/dags/scd.py
[2026-07-20T13:32:00.159+0000] {processor.py:840} INFO - DAG(s) 'SCD2_snapshots' retrieved from /opt/airflow/dags/scd.py
[2026-07-20T13:32:00.204+0000] {logging_mixin.py:188} INFO - [2026-07-20T13:32:00.203+0000] {dag.py:3089} INFO - Sync 1 DAGs
[2026-07-20T13:32:00.231+0000] {logging_mixin.py:188} INFO - [2026-07-20T13:32:00.231+0000] {dag.py:3947} INFO - Setting next_dagrun for SCD2_snapshots to 2026-07-20 00:00:00+00:00, run_after=2026-07-21 00:00:00+00:00
[2026-07-20T13:32:00.256+0000] {processor.py:183} INFO - Processing /opt/airflow/dags/scd.py took 0.146 seconds
[2026-07-20T13:32:30.365+0000] {processor.py:161} INFO - Started process (PID=1496) to work on /opt/airflow/dags/scd.py
[2026-07-20T13:32:30.366+0000] {processor.py:830} INFO - Processing file /opt/airflow/dags/scd.py for tasks to queue
[2026-07-20T13:32:30.368+0000] {logging_mixin.py:188} INFO - [2026-07-20T13:32:30.368+0000] {dagbag.py:545} INFO - Filling up the DagBag from /opt/airflow/dags/scd.py
[2026-07-20T13:32:30.393+0000] {processor.py:840} INFO - DAG(s) 'SCD2_snapshots' retrieved from /opt/airflow/dags/scd.py
[2026-07-20T13:32:30.434+0000] {logging_mixin.py:188} INFO - [2026-07-20T13:32:30.433+0000] {dag.py:3089} INFO - Sync 1 DAGs
[2026-07-20T13:32:30.464+0000] {logging_mixin.py:188} INFO - [2026-07-20T13:32:30.464+0000] {dag.py:3947} INFO - Setting next_dagrun for SCD2_snapshots to 2026-07-20 00:00:00+00:00, run_after=2026-07-21 00:00:00+00:00
[2026-07-20T13:32:30.488+0000] {processor.py:183} INFO - Processing /opt/airflow/dags/scd.py took 0.130 seconds
[2026-07-20T13:33:00.821+0000] {processor.py:161} INFO - Started process (PID=1501) to work on /opt/airflow/dags/scd.py
[2026-07-20T13:33:00.823+0000] {processor.py:830} INFO - Processing file /opt/airflow/dags/scd.py for tasks to queue
[2026-07-20T13:33:00.825+0000] {logging_mixin.py:188} INFO - [2026-07-20T13:33:00.825+0000] {dagbag.py:545} INFO - Filling up the DagBag from /opt/airflow/dags/scd.py
[2026-07-20T13:33:00.850+0000] {processor.py:840} INFO - DAG(s) 'SCD2_snapshots' retrieved from /opt/airflow/dags/scd.py
[2026-07-20T13:33:00.886+0000] {logging_mixin.py:188} INFO - [2026-07-20T13:33:00.886+0000] {dag.py:3089} INFO - Sync 1 DAGs
[2026-07-20T13:33:00.913+0000] {logging_mixin.py:188} INFO - [2026-07-20T13:33:00.912+0000] {dag.py:3947} INFO - Setting next_dagrun for SCD2_snapshots to 2026-07-20 00:00:00+00:00, run_after=2026-07-21 00:00:00+00:00
[2026-07-20T13:33:00.936+0000] {processor.py:183} INFO - Processing /opt/airflow/dags/scd.py took 0.123 seconds
[2026-07-20T13:33:31.257+0000] {processor.py:161} INFO - Started process (PID=1506) to work on /opt/airflow/dags/scd.py
[2026-07-20T13:33:31.258+0000] {processor.py:830} INFO - Processing file /opt/airflow/dags/scd.py for tasks to queue
[2026-07-20T13:33:31.260+0000] {logging_mixin.py:188} INFO - [2026-07-20T13:33:31.260+0000] {dagbag.py:545} INFO - Filling up the DagBag from /opt/airflow/dags/scd.py
[2026-07-20T13:33:31.289+0000] {processor.py:840} INFO - DAG(s) 'SCD2_snapshots' retrieved from /opt/airflow/dags/scd.py
[2026-07-20T13:33:31.324+0000] {logging_mixin.py:188} INFO - [2026-07-20T13:33:31.323+0000] {dag.py:3089} INFO - Sync 1 DAGs
[2026-07-20T13:33:31.348+0000] {logging_mixin.py:188} INFO - [2026-07-20T13:33:31.348+0000] {dag.py:3947} INFO - Setting next_dagrun for SCD2_snapshots to 2026-07-20 00:00:00+00:00, run_after=2026-07-21 00:00:00+00:00
[2026-07-20T13:33:31.371+0000] {processor.py:183} INFO - Processing /opt/airflow/dags/scd.py took 0.121 seconds
[2026-07-20T13:34:01.501+0000] {processor.py:161} INFO - Started process (PID=1511) to work on /opt/airflow/dags/scd.py
[2026-07-20T13:34:01.502+0000] {processor.py:830} INFO - Processing file /opt/airflow/dags/scd.py for tasks to queue
[2026-07-20T13:34:01.506+0000] {logging_mixin.py:188} INFO - [2026-07-20T13:34:01.505+0000] {dagbag.py:545} INFO - Filling up the DagBag from /opt/airflow/dags/scd.py
[2026-07-20T13:34:01.535+0000] {processor.py:840} INFO - DAG(s) 'SCD2_snapshots' retrieved from /opt/airflow/dags/scd.py
[2026-07-20T13:34:01.581+0000] {logging_mixin.py:188} INFO - [2026-07-20T13:34:01.581+0000] {dag.py:3089} INFO - Sync 1 DAGs
[2026-07-20T13:34:01.613+0000] {logging_mixin.py:188} INFO - [2026-07-20T13:34:01.613+0000] {dag.py:3947} INFO - Setting next_dagrun for SCD2_snapshots to 2026-07-20 00:00:00+00:00, run_after=2026-07-21 00:00:00+00:00
[2026-07-20T13:34:01.642+0000] {processor.py:183} INFO - Processing /opt/airflow/dags/scd.py took 0.150 seconds
[2026-07-20T13:34:31.845+0000] {processor.py:161} INFO - Started process (PID=1516) to work on /opt/airflow/dags/scd.py
[2026-07-20T13:34:31.847+0000] {processor.py:830} INFO - Processing file /opt/airflow/dags/scd.py for tasks to queue
[2026-07-20T13:34:31.850+0000] {logging_mixin.py:188} INFO - [2026-07-20T13:34:31.850+0000] {dagbag.py:545} INFO - Filling up the DagBag from /opt/airflow/dags/scd.py
[2026-07-20T13:34:31.881+0000] {processor.py:840} INFO - DAG(s) 'SCD2_snapshots' retrieved from /opt/airflow/dags/scd.py
[2026-07-20T13:34:31.925+0000] {logging_mixin.py:188} INFO - [2026-07-20T13:34:31.924+0000] {dag.py:3089} INFO - Sync 1 DAGs
[2026-07-20T13:34:31.955+0000] {logging_mixin.py:188} INFO - [2026-07-20T13:34:31.954+0000] {dag.py:3947} INFO - Setting next_dagrun for SCD2_snapshots to 2026-07-20 00:00:00+00:00, run_after=2026-07-21 00:00:00+00:00
[2026-07-20T13:34:31.980+0000] {processor.py:183} INFO - Processing /opt/airflow/dags/scd.py took 0.146 seconds
[2026-07-20T13:35:02.196+0000] {processor.py:161} INFO - Started process (PID=1521) to work on /opt/airflow/dags/scd.py
[2026-07-20T13:35:02.198+0000] {processor.py:830} INFO - Processing file /opt/airflow/dags/scd.py for tasks to queue
[2026-07-20T13:35:02.201+0000] {logging_mixin.py:188} INFO - [2026-07-20T13:35:02.200+0000] {dagbag.py:545} INFO - Filling up the DagBag from /opt/airflow/dags/scd.py
[2026-07-20T13:35:02.235+0000] {processor.py:840} INFO - DAG(s) 'SCD2_snapshots' retrieved from /opt/airflow/dags/scd.py
[2026-07-20T13:35:02.299+0000] {logging_mixin.py:188} INFO - [2026-07-20T13:35:02.298+0000] {dag.py:3089} INFO - Sync 1 DAGs
[2026-07-20T13:35:02.344+0000] {logging_mixin.py:188} INFO - [2026-07-20T13:35:02.344+0000] {dag.py:3947} INFO - Setting next_dagrun for SCD2_snapshots to 2026-07-20 00:00:00+00:00, run_after=2026-07-21 00:00:00+00:00
[2026-07-20T13:35:02.382+0000] {processor.py:183} INFO - Processing /opt/airflow/dags/scd.py took 0.196 seconds
[2026-07-20T13:35:32.535+0000] {processor.py:161} INFO - Started process (PID=1526) to work on /opt/airflow/dags/scd.py
[2026-07-20T13:35:32.537+0000] {processor.py:830} INFO - Processing file /opt/airflow/dags/scd.py for tasks to queue
[2026-07-20T13:35:32.540+0000] {logging_mixin.py:188} INFO - [2026-07-20T13:35:32.539+0000] {dagbag.py:545} INFO - Filling up the DagBag from /opt/airflow/dags/scd.py
[2026-07-20T13:35:32.570+0000] {processor.py:840} INFO - DAG(s) 'SCD2_snapshots' retrieved from /opt/airflow/dags/scd.py
[2026-07-20T13:35:32.654+0000] {logging_mixin.py:188} INFO - [2026-07-20T13:35:32.653+0000] {dag.py:3089} INFO - Sync 1 DAGs
[2026-07-20T13:35:32.688+0000] {logging_mixin.py:188} INFO - [2026-07-20T13:35:32.687+0000] {dag.py:3947} INFO - Setting next_dagrun for SCD2_snapshots to 2026-07-20 00:00:00+00:00, run_after=2026-07-21 00:00:00+00:00
[2026-07-20T13:35:32.717+0000] {processor.py:183} INFO - Processing /opt/airflow/dags/scd.py took 0.194 seconds
[2026-07-20T13:36:02.874+0000] {processor.py:161} INFO - Started process (PID=1531) to work on /opt/airflow/dags/scd.py
[2026-07-20T13:36:02.875+0000] {processor.py:830} INFO - Processing file /opt/airflow/dags/scd.py for tasks to queue
[2026-07-20T13:36:02.878+0000] {logging_mixin.py:188} INFO - [2026-07-20T13:36:02.877+0000] {dagbag.py:545} INFO - Filling up the DagBag from /opt/airflow/dags/scd.py
[2026-07-20T13:36:02.905+0000] {processor.py:840} INFO - DAG(s) 'SCD2_snapshots' retrieved from /opt/airflow/dags/scd.py
[2026-07-20T13:36:02.952+0000] {logging_mixin.py:188} INFO - [2026-07-20T13:36:02.952+0000] {dag.py:3089} INFO - Sync 1 DAGs
[2026-07-20T13:36:02.986+0000] {logging_mixin.py:188} INFO - [2026-07-20T13:36:02.985+0000] {dag.py:3947} INFO - Setting next_dagrun for SCD2_snapshots to 2026-07-20 00:00:00+00:00, run_after=2026-07-21 00:00:00+00:00
[2026-07-20T13:36:03.011+0000] {processor.py:183} INFO - Processing /opt/airflow/dags/scd.py took 0.150 seconds
[2026-07-20T13:36:33.221+0000] {processor.py:161} INFO - Started process (PID=1536) to work on /opt/airflow/dags/scd.py
[2026-07-20T13:36:33.222+0000] {processor.py:830} INFO - Processing file /opt/airflow/dags/scd.py for tasks to queue
[2026-07-20T13:36:33.226+0000] {logging_mixin.py:188} INFO - [2026-07-20T13:36:33.225+0000] {dagbag.py:545} INFO - Filling up the DagBag from /opt/airflow/dags/scd.py
[2026-07-20T13:36:33.251+0000] {processor.py:840} INFO - DAG(s) 'SCD2_snapshots' retrieved from /opt/airflow/dags/scd.py
[2026-07-20T13:36:33.290+0000] {logging_mixin.py:188} INFO - [2026-07-20T13:36:33.290+0000] {dag.py:3089} INFO - Sync 1 DAGs
[2026-07-20T13:36:33.318+0000] {logging_mixin.py:188} INFO - [2026-07-20T13:36:33.318+0000] {dag.py:3947} INFO - Setting next_dagrun for SCD2_snapshots to 2026-07-20 00:00:00+00:00, run_after=2026-07-21 00:00:00+00:00
[2026-07-20T13:36:33.342+0000] {processor.py:183} INFO - Processing /opt/airflow/dags/scd.py took 0.128 seconds
[2026-07-20T13:37:03.747+0000] {processor.py:161} INFO - Started process (PID=1541) to work on /opt/airflow/dags/scd.py
[2026-07-20T13:37:03.748+0000] {processor.py:830} INFO - Processing file /opt/airflow/dags/scd.py for tasks to queue
[2026-07-20T13:37:03.751+0000] {logging_mixin.py:188} INFO - [2026-07-20T13:37:03.751+0000] {dagbag.py:545} INFO - Filling up the DagBag from /opt/airflow/dags/scd.py
[2026-07-20T13:37:03.778+0000] {processor.py:840} INFO - DAG(s) 'SCD2_snapshots' retrieved from /opt/airflow/dags/scd.py
[2026-07-20T13:37:03.816+0000] {logging_mixin.py:188} INFO - [2026-07-20T13:37:03.816+0000] {dag.py:3089} INFO - Sync 1 DAGs
[2026-07-20T13:37:03.845+0000] {logging_mixin.py:188} INFO - [2026-07-20T13:37:03.844+0000] {dag.py:3947} INFO - Setting next_dagrun for SCD2_snapshots to 2026-07-20 00:00:00+00:00, run_after=2026-07-21 00:00:00+00:00
[2026-07-20T13:37:03.868+0000] {processor.py:183} INFO - Processing /opt/airflow/dags/scd.py took 0.128 seconds
[2026-07-20T13:37:33.957+0000] {processor.py:161} INFO - Started process (PID=1546) to work on /opt/airflow/dags/scd.py
[2026-07-20T13:37:33.958+0000] {processor.py:830} INFO - Processing file /opt/airflow/dags/scd.py for tasks to queue
[2026-07-20T13:37:33.961+0000] {logging_mixin.py:188} INFO - [2026-07-20T13:37:33.961+0000] {dagbag.py:545} INFO - Filling up the DagBag from /opt/airflow/dags/scd.py
[2026-07-20T13:37:33.986+0000] {processor.py:840} INFO - DAG(s) 'SCD2_snapshots' retrieved from /opt/airflow/dags/scd.py
[2026-07-20T13:37:34.026+0000] {logging_mixin.py:188} INFO - [2026-07-20T13:37:34.026+0000] {dag.py:3089} INFO - Sync 1 DAGs
[2026-07-20T13:37:34.054+0000] {logging_mixin.py:188} INFO - [2026-07-20T13:37:34.054+0000] {dag.py:3947} INFO - Setting next_dagrun for SCD2_snapshots to 2026-07-20 00:00:00+00:00, run_after=2026-07-21 00:00:00+00:00
[2026-07-20T13:37:34.081+0000] {processor.py:183} INFO - Processing /opt/airflow/dags/scd.py took 0.131 seconds
[2026-07-20T13:38:04.289+0000] {processor.py:161} INFO - Started process (PID=1551) to work on /opt/airflow/dags/scd.py
[2026-07-20T13:38:04.290+0000] {processor.py:830} INFO - Processing file /opt/airflow/dags/scd.py for tasks to queue
[2026-07-20T13:38:04.293+0000] {logging_mixin.py:188} INFO - [2026-07-20T13:38:04.292+0000] {dagbag.py:545} INFO - Filling up the DagBag from /opt/airflow/dags/scd.py
[2026-07-20T13:38:04.321+0000] {processor.py:840} INFO - DAG(s) 'SCD2_snapshots' retrieved from /opt/airflow/dags/scd.py
[2026-07-20T13:38:04.365+0000] {logging_mixin.py:188} INFO - [2026-07-20T13:38:04.365+0000] {dag.py:3089} INFO - Sync 1 DAGs
[2026-07-20T13:38:04.394+0000] {logging_mixin.py:188} INFO - [2026-07-20T13:38:04.393+0000] {dag.py:3947} INFO - Setting next_dagrun for SCD2_snapshots to 2026-07-20 00:00:00+00:00, run_after=2026-07-21 00:00:00+00:00
[2026-07-20T13:38:04.415+0000] {processor.py:183} INFO - Processing /opt/airflow/dags/scd.py took 0.134 seconds
[2026-07-20T13:38:34.693+0000] {processor.py:161} INFO - Started process (PID=1556) to work on /opt/airflow/dags/scd.py
[2026-07-20T13:38:34.694+0000] {processor.py:830} INFO - Processing file /opt/airflow/dags/scd.py for tasks to queue
[2026-07-20T13:38:34.698+0000] {logging_mixin.py:188} INFO - [2026-07-20T13:38:34.697+0000] {dagbag.py:545} INFO - Filling up the DagBag from /opt/airflow/dags/scd.py
[2026-07-20T13:38:34.738+0000] {processor.py:840} INFO - DAG(s) 'SCD2_snapshots' retrieved from /opt/airflow/dags/scd.py
[2026-07-20T13:38:34.777+0000] {logging_mixin.py:188} INFO - [2026-07-20T13:38:34.777+0000] {dag.py:3089} INFO - Sync 1 DAGs
[2026-07-20T13:38:34.809+0000] {logging_mixin.py:188} INFO - [2026-07-20T13:38:34.809+0000] {dag.py:3947} INFO - Setting next_dagrun for SCD2_snapshots to 2026-07-20 00:00:00+00:00, run_after=2026-07-21 00:00:00+00:00
[2026-07-20T13:38:34.835+0000] {processor.py:183} INFO - Processing /opt/airflow/dags/scd.py took 0.157 seconds
[2026-07-20T13:39:05.025+0000] {processor.py:161} INFO - Started process (PID=1561) to work on /opt/airflow/dags/scd.py
[2026-07-20T13:39:05.026+0000] {processor.py:830} INFO - Processing file /opt/airflow/dags/scd.py for tasks to queue
[2026-07-20T13:39:05.029+0000] {logging_mixin.py:188} INFO - [2026-07-20T13:39:05.028+0000] {dagbag.py:545} INFO - Filling up the DagBag from /opt/airflow/dags/scd.py
[2026-07-20T13:39:05.055+0000] {processor.py:840} INFO - DAG(s) 'SCD2_snapshots' retrieved from /opt/airflow/dags/scd.py
[2026-07-20T13:39:05.092+0000] {logging_mixin.py:188} INFO - [2026-07-20T13:39:05.091+0000] {dag.py:3089} INFO - Sync 1 DAGs
[2026-07-20T13:39:05.120+0000] {logging_mixin.py:188} INFO - [2026-07-20T13:39:05.120+0000] {dag.py:3947} INFO - Setting next_dagrun for SCD2_snapshots to 2026-07-20 00:00:00+00:00, run_after=2026-07-21 00:00:00+00:00
[2026-07-20T13:39:05.149+0000] {processor.py:183} INFO - Processing /opt/airflow/dags/scd.py took 0.131 seconds
[2026-07-20T13:39:35.315+0000] {processor.py:161} INFO - Started process (PID=1566) to work on /opt/airflow/dags/scd.py
[2026-07-20T13:39:35.317+0000] {processor.py:830} INFO - Processing file /opt/airflow/dags/scd.py for tasks to queue
[2026-07-20T13:39:35.321+0000] {logging_mixin.py:188} INFO - [2026-07-20T13:39:35.320+0000] {dagbag.py:545} INFO - Filling up the DagBag from /opt/airflow/dags/scd.py
[2026-07-20T13:39:35.345+0000] {processor.py:840} INFO - DAG(s) 'SCD2_snapshots' retrieved from /opt/airflow/dags/scd.py
[2026-07-20T13:39:35.382+0000] {logging_mixin.py:188} INFO - [2026-07-20T13:39:35.382+0000] {dag.py:3089} INFO - Sync 1 DAGs
[2026-07-20T13:39:35.411+0000] {logging_mixin.py:188} INFO - [2026-07-20T13:39:35.410+0000] {dag.py:3947} INFO - Setting next_dagrun for SCD2_snapshots to 2026-07-20 00:00:00+00:00, run_after=2026-07-21 00:00:00+00:00
[2026-07-20T13:39:35.444+0000] {processor.py:183} INFO - Processing /opt/airflow/dags/scd.py took 0.135 seconds
[2026-07-20T13:40:05.682+0000] {processor.py:161} INFO - Started process (PID=1571) to work on /opt/airflow/dags/scd.py
[2026-07-20T13:40:05.683+0000] {processor.py:830} INFO - Processing file /opt/airflow/dags/scd.py for tasks to queue
[2026-07-20T13:40:05.686+0000] {logging_mixin.py:188} INFO - [2026-07-20T13:40:05.686+0000] {dagbag.py:545} INFO - Filling up the DagBag from /opt/airflow/dags/scd.py
[2026-07-20T13:40:05.718+0000] {processor.py:840} INFO - DAG(s) 'SCD2_snapshots' retrieved from /opt/airflow/dags/scd.py
[2026-07-20T13:40:05.760+0000] {logging_mixin.py:188} INFO - [2026-07-20T13:40:05.760+0000] {dag.py:3089} INFO - Sync 1 DAGs
[2026-07-20T13:40:05.788+0000] {logging_mixin.py:188} INFO - [2026-07-20T13:40:05.787+0000] {dag.py:3947} INFO - Setting next_dagrun for SCD2_snapshots to 2026-07-20 00:00:00+00:00, run_after=2026-07-21 00:00:00+00:00
[2026-07-20T13:40:05.813+0000] {processor.py:183} INFO - Processing /opt/airflow/dags/scd.py took 0.141 seconds
[2026-07-20T13:40:35.956+0000] {processor.py:161} INFO - Started process (PID=1576) to work on /opt/airflow/dags/scd.py
[2026-07-20T13:40:35.958+0000] {processor.py:830} INFO - Processing file /opt/airflow/dags/scd.py for tasks to queue
[2026-07-20T13:40:35.960+0000] {logging_mixin.py:188} INFO - [2026-07-20T13:40:35.960+0000] {dagbag.py:545} INFO - Filling up the DagBag from /opt/airflow/dags/scd.py
[2026-07-20T13:40:35.989+0000] {processor.py:840} INFO - DAG(s) 'SCD2_snapshots' retrieved from /opt/airflow/dags/scd.py
[2026-07-20T13:40:36.030+0000] {logging_mixin.py:188} INFO - [2026-07-20T13:40:36.030+0000] {dag.py:3089} INFO - Sync 1 DAGs
[2026-07-20T13:40:36.055+0000] {logging_mixin.py:188} INFO - [2026-07-20T13:40:36.055+0000] {dag.py:3947} INFO - Setting next_dagrun for SCD2_snapshots to 2026-07-20 00:00:00+00:00, run_after=2026-07-21 00:00:00+00:00
[2026-07-20T13:40:36.078+0000] {processor.py:183} INFO - Processing /opt/airflow/dags/scd.py took 0.129 seconds
[2026-07-20T13:41:06.313+0000] {processor.py:161} INFO - Started process (PID=1581) to work on /opt/airflow/dags/scd.py
[2026-07-20T13:41:06.315+0000] {processor.py:830} INFO - Processing file /opt/airflow/dags/scd.py for tasks to queue
[2026-07-20T13:41:06.318+0000] {logging_mixin.py:188} INFO - [2026-07-20T13:41:06.317+0000] {dagbag.py:545} INFO - Filling up the DagBag from /opt/airflow/dags/scd.py
[2026-07-20T13:41:06.350+0000] {processor.py:840} INFO - DAG(s) 'SCD2_snapshots' retrieved from /opt/airflow/dags/scd.py
[2026-07-20T13:41:06.386+0000] {logging_mixin.py:188} INFO - [2026-07-20T13:41:06.386+0000] {dag.py:3089} INFO - Sync 1 DAGs
[2026-07-20T13:41:06.411+0000] {logging_mixin.py:188} INFO - [2026-07-20T13:41:06.411+0000] {dag.py:3947} INFO - Setting next_dagrun for SCD2_snapshots to 2026-07-20 00:00:00+00:00, run_after=2026-07-21 00:00:00+00:00
[2026-07-20T13:41:06.432+0000] {processor.py:183} INFO - Processing /opt/airflow/dags/scd.py took 0.128 seconds
[2026-07-20T13:41:36.545+0000] {processor.py:161} INFO - Started process (PID=1586) to work on /opt/airflow/dags/scd.py
[2026-07-20T13:41:36.547+0000] {processor.py:830} INFO - Processing file /opt/airflow/dags/scd.py for tasks to queue
[2026-07-20T13:41:36.549+0000] {logging_mixin.py:188} INFO - [2026-07-20T13:41:36.549+0000] {dagbag.py:545} INFO - Filling up the DagBag from /opt/airflow/dags/scd.py
[2026-07-20T13:41:36.577+0000] {processor.py:840} INFO - DAG(s) 'SCD2_snapshots' retrieved from /opt/airflow/dags/scd.py
[2026-07-20T13:41:36.615+0000] {logging_mixin.py:188} INFO - [2026-07-20T13:41:36.615+0000] {dag.py:3089} INFO - Sync 1 DAGs
[2026-07-20T13:41:36.643+0000] {logging_mixin.py:188} INFO - [2026-07-20T13:41:36.643+0000] {dag.py:3947} INFO - Setting next_dagrun for SCD2_snapshots to 2026-07-20 00:00:00+00:00, run_after=2026-07-21 00:00:00+00:00
[2026-07-20T13:41:36.670+0000] {processor.py:183} INFO - Processing /opt/airflow/dags/scd.py took 0.132 seconds
[2026-07-20T13:42:06.817+0000] {processor.py:161} INFO - Started process (PID=1591) to work on /opt/airflow/dags/scd.py
[2026-07-20T13:42:06.819+0000] {processor.py:830} INFO - Processing file /opt/airflow/dags/scd.py for tasks to queue
[2026-07-20T13:42:06.821+0000] {logging_mixin.py:188} INFO - [2026-07-20T13:42:06.820+0000] {dagbag.py:545} INFO - Filling up the DagBag from /opt/airflow/dags/scd.py
[2026-07-20T13:42:06.849+0000] {processor.py:840} INFO - DAG(s) 'SCD2_snapshots' retrieved from /opt/airflow/dags/scd.py
[2026-07-20T13:42:06.886+0000] {logging_mixin.py:188} INFO - [2026-07-20T13:42:06.886+0000] {dag.py:3089} INFO - Sync 1 DAGs
[2026-07-20T13:42:06.911+0000] {logging_mixin.py:188} INFO - [2026-07-20T13:42:06.911+0000] {dag.py:3947} INFO - Setting next_dagrun for SCD2_snapshots to 2026-07-20 00:00:00+00:00, run_after=2026-07-21 00:00:00+00:00
[2026-07-20T13:42:06.933+0000] {processor.py:183} INFO - Processing /opt/airflow/dags/scd.py took 0.123 seconds
[2026-07-20T13:42:37.256+0000] {processor.py:161} INFO - Started process (PID=1596) to work on /opt/airflow/dags/scd.py
[2026-07-20T13:42:37.258+0000] {processor.py:830} INFO - Processing file /opt/airflow/dags/scd.py for tasks to queue
[2026-07-20T13:42:37.260+0000] {logging_mixin.py:188} INFO - [2026-07-20T13:42:37.260+0000] {dagbag.py:545} INFO - Filling up the DagBag from /opt/airflow/dags/scd.py
[2026-07-20T13:42:37.288+0000] {processor.py:840} INFO - DAG(s) 'SCD2_snapshots' retrieved from /opt/airflow/dags/scd.py
[2026-07-20T13:42:37.323+0000] {logging_mixin.py:188} INFO - [2026-07-20T13:42:37.323+0000] {dag.py:3089} INFO - Sync 1 DAGs
[2026-07-20T13:42:37.347+0000] {logging_mixin.py:188} INFO - [2026-07-20T13:42:37.347+0000] {dag.py:3947} INFO - Setting next_dagrun for SCD2_snapshots to 2026-07-20 00:00:00+00:00, run_after=2026-07-21 00:00:00+00:00
[2026-07-20T13:42:37.371+0000] {processor.py:183} INFO - Processing /opt/airflow/dags/scd.py took 0.123 seconds
[2026-07-20T13:43:07.646+0000] {processor.py:161} INFO - Started process (PID=1597) to work on /opt/airflow/dags/scd.py
[2026-07-20T13:43:07.648+0000] {processor.py:830} INFO - Processing file /opt/airflow/dags/scd.py for tasks to queue
[2026-07-20T13:43:07.652+0000] {logging_mixin.py:188} INFO - [2026-07-20T13:43:07.651+0000] {dagbag.py:545} INFO - Filling up the DagBag from /opt/airflow/dags/scd.py
[2026-07-20T13:43:07.682+0000] {processor.py:840} INFO - DAG(s) 'SCD2_snapshots' retrieved from /opt/airflow/dags/scd.py
[2026-07-20T13:43:07.727+0000] {logging_mixin.py:188} INFO - [2026-07-20T13:43:07.726+0000] {dag.py:3089} INFO - Sync 1 DAGs
[2026-07-20T13:43:07.759+0000] {logging_mixin.py:188} INFO - [2026-07-20T13:43:07.759+0000] {dag.py:3947} INFO - Setting next_dagrun for SCD2_snapshots to 2026-07-20 00:00:00+00:00, run_after=2026-07-21 00:00:00+00:00
[2026-07-20T13:43:07.791+0000] {processor.py:183} INFO - Processing /opt/airflow/dags/scd.py took 0.156 seconds
[2026-07-20T13:43:37.944+0000] {processor.py:161} INFO - Started process (PID=1602) to work on /opt/airflow/dags/scd.py
[2026-07-20T13:43:37.945+0000] {processor.py:830} INFO - Processing file /opt/airflow/dags/scd.py for tasks to queue
[2026-07-20T13:43:37.948+0000] {logging_mixin.py:188} INFO - [2026-07-20T13:43:37.947+0000] {dagbag.py:545} INFO - Filling up the DagBag from /opt/airflow/dags/scd.py
[2026-07-20T13:43:37.979+0000] {processor.py:840} INFO - DAG(s) 'SCD2_snapshots' retrieved from /opt/airflow/dags/scd.py
[2026-07-20T13:43:38.020+0000] {logging_mixin.py:188} INFO - [2026-07-20T13:43:38.019+0000] {dag.py:3089} INFO - Sync 1 DAGs
[2026-07-20T13:43:38.047+0000] {logging_mixin.py:188} INFO - [2026-07-20T13:43:38.047+0000] {dag.py:3947} INFO - Setting next_dagrun for SCD2_snapshots to 2026-07-20 00:00:00+00:00, run_after=2026-07-21 00:00:00+00:00
[2026-07-20T13:43:38.072+0000] {processor.py:183} INFO - Processing /opt/airflow/dags/scd.py took 0.137 seconds
[2026-07-20T13:44:08.315+0000] {processor.py:161} INFO - Started process (PID=1607) to work on /opt/airflow/dags/scd.py
[2026-07-20T13:44:08.316+0000] {processor.py:830} INFO - Processing file /opt/airflow/dags/scd.py for tasks to queue
[2026-07-20T13:44:08.319+0000] {logging_mixin.py:188} INFO - [2026-07-20T13:44:08.319+0000] {dagbag.py:545} INFO - Filling up the DagBag from /opt/airflow/dags/scd.py
[2026-07-20T13:44:08.348+0000] {processor.py:840} INFO - DAG(s) 'SCD2_snapshots' retrieved from /opt/airflow/dags/scd.py
[2026-07-20T13:44:08.390+0000] {logging_mixin.py:188} INFO - [2026-07-20T13:44:08.390+0000] {dag.py:3089} INFO - Sync 1 DAGs
[2026-07-20T13:44:08.418+0000] {logging_mixin.py:188} INFO - [2026-07-20T13:44:08.418+0000] {dag.py:3947} INFO - Setting next_dagrun for SCD2_snapshots to 2026-07-20 00:00:00+00:00, run_after=2026-07-21 00:00:00+00:00
[2026-07-20T13:44:08.440+0000] {processor.py:183} INFO - Processing /opt/airflow/dags/scd.py took 0.139 seconds
[2026-07-20T13:44:38.550+0000] {processor.py:161} INFO - Started process (PID=1612) to work on /opt/airflow/dags/scd.py
[2026-07-20T13:44:38.552+0000] {processor.py:830} INFO - Processing file /opt/airflow/dags/scd.py for tasks to queue
[2026-07-20T13:44:38.556+0000] {logging_mixin.py:188} INFO - [2026-07-20T13:44:38.556+0000] {dagbag.py:545} INFO - Filling up the DagBag from /opt/airflow/dags/scd.py
[2026-07-20T13:44:38.588+0000] {processor.py:840} INFO - DAG(s) 'SCD2_snapshots' retrieved from /opt/airflow/dags/scd.py
[2026-07-20T13:44:38.633+0000] {logging_mixin.py:188} INFO - [2026-07-20T13:44:38.633+0000] {dag.py:3089} INFO - Sync 1 DAGs
[2026-07-20T13:44:38.661+0000] {logging_mixin.py:188} INFO - [2026-07-20T13:44:38.661+0000] {dag.py:3947} INFO - Setting next_dagrun for SCD2_snapshots to 2026-07-20 00:00:00+00:00, run_after=2026-07-21 00:00:00+00:00
[2026-07-20T13:44:38.692+0000] {processor.py:183} INFO - Processing /opt/airflow/dags/scd.py took 0.153 seconds
[2026-07-20T13:45:08.839+0000] {processor.py:161} INFO - Started process (PID=1617) to work on /opt/airflow/dags/scd.py
[2026-07-20T13:45:08.840+0000] {processor.py:830} INFO - Processing file /opt/airflow/dags/scd.py for tasks to queue
[2026-07-20T13:45:08.843+0000] {logging_mixin.py:188} INFO - [2026-07-20T13:45:08.843+0000] {dagbag.py:545} INFO - Filling up the DagBag from /opt/airflow/dags/scd.py
[2026-07-20T13:45:08.870+0000] {processor.py:840} INFO - DAG(s) 'SCD2_snapshots' retrieved from /opt/airflow/dags/scd.py
[2026-07-20T13:45:08.923+0000] {logging_mixin.py:188} INFO - [2026-07-20T13:45:08.923+0000] {dag.py:3089} INFO - Sync 1 DAGs
[2026-07-20T13:45:08.957+0000] {logging_mixin.py:188} INFO - [2026-07-20T13:45:08.957+0000] {dag.py:3947} INFO - Setting next_dagrun for SCD2_snapshots to 2026-07-20 00:00:00+00:00, run_after=2026-07-21 00:00:00+00:00
[2026-07-20T13:45:08.984+0000] {processor.py:183} INFO - Processing /opt/airflow/dags/scd.py took 0.152 seconds
[2026-07-20T13:45:39.319+0000] {processor.py:161} INFO - Started process (PID=1622) to work on /opt/airflow/dags/scd.py
[2026-07-20T13:45:39.320+0000] {processor.py:830} INFO - Processing file /opt/airflow/dags/scd.py for tasks to queue
[2026-07-20T13:45:39.323+0000] {logging_mixin.py:188} INFO - [2026-07-20T13:45:39.322+0000] {dagbag.py:545} INFO - Filling up the DagBag from /opt/airflow/dags/scd.py
[2026-07-20T13:45:39.348+0000] {processor.py:840} INFO - DAG(s) 'SCD2_snapshots' retrieved from /opt/airflow/dags/scd.py
[2026-07-20T13:45:39.384+0000] {logging_mixin.py:188} INFO - [2026-07-20T13:45:39.384+0000] {dag.py:3089} INFO - Sync 1 DAGs
[2026-07-20T13:45:39.418+0000] {logging_mixin.py:188} INFO - [2026-07-20T13:45:39.417+0000] {dag.py:3947} INFO - Setting next_dagrun for SCD2_snapshots to 2026-07-20 00:00:00+00:00, run_after=2026-07-21 00:00:00+00:00
[2026-07-20T13:45:39.444+0000] {processor.py:183} INFO - Processing /opt/airflow/dags/scd.py took 0.132 seconds
[2026-07-20T13:46:09.598+0000] {processor.py:161} INFO - Started process (PID=1627) to work on /opt/airflow/dags/scd.py
[2026-07-20T13:46:09.599+0000] {processor.py:830} INFO - Processing file /opt/airflow/dags/scd.py for tasks to queue
[2026-07-20T13:46:09.601+0000] {logging_mixin.py:188} INFO - [2026-07-20T13:46:09.601+0000] {dagbag.py:545} INFO - Filling up the DagBag from /opt/airflow/dags/scd.py
[2026-07-20T13:46:09.629+0000] {processor.py:840} INFO - DAG(s) 'SCD2_snapshots' retrieved from /opt/airflow/dags/scd.py
[2026-07-20T13:46:09.672+0000] {logging_mixin.py:188} INFO - [2026-07-20T13:46:09.671+0000] {dag.py:3089} INFO - Sync 1 DAGs
[2026-07-20T13:46:09.703+0000] {logging_mixin.py:188} INFO - [2026-07-20T13:46:09.703+0000] {dag.py:3947} INFO - Setting next_dagrun for SCD2_snapshots to 2026-07-20 00:00:00+00:00, run_after=2026-07-21 00:00:00+00:00
[2026-07-20T13:46:09.740+0000] {processor.py:183} INFO - Processing /opt/airflow/dags/scd.py took 0.150 seconds
[2026-07-20T13:46:39.791+0000] {processor.py:161} INFO - Started process (PID=1632) to work on /opt/airflow/dags/scd.py
[2026-07-20T13:46:39.792+0000] {processor.py:830} INFO - Processing file /opt/airflow/dags/scd.py for tasks to queue
[2026-07-20T13:46:39.794+0000] {logging_mixin.py:188} INFO - [2026-07-20T13:46:39.794+0000] {dagbag.py:545} INFO - Filling up the DagBag from /opt/airflow/dags/scd.py
[2026-07-20T13:46:39.822+0000] {processor.py:840} INFO - DAG(s) 'SCD2_snapshots' retrieved from /opt/airflow/dags/scd.py
[2026-07-20T13:46:39.859+0000] {logging_mixin.py:188} INFO - [2026-07-20T13:46:39.858+0000] {dag.py:3089} INFO - Sync 1 DAGs
[2026-07-20T13:46:39.887+0000] {logging_mixin.py:188} INFO - [2026-07-20T13:46:39.887+0000] {dag.py:3947} INFO - Setting next_dagrun for SCD2_snapshots to 2026-07-20 00:00:00+00:00, run_after=2026-07-21 00:00:00+00:00
[2026-07-20T13:46:39.915+0000] {processor.py:183} INFO - Processing /opt/airflow/dags/scd.py took 0.131 seconds
[2026-07-20T13:47:10.025+0000] {processor.py:161} INFO - Started process (PID=1637) to work on /opt/airflow/dags/scd.py
[2026-07-20T13:47:10.026+0000] {processor.py:830} INFO - Processing file /opt/airflow/dags/scd.py for tasks to queue
[2026-07-20T13:47:10.029+0000] {logging_mixin.py:188} INFO - [2026-07-20T13:47:10.028+0000] {dagbag.py:545} INFO - Filling up the DagBag from /opt/airflow/dags/scd.py
[2026-07-20T13:47:10.053+0000] {processor.py:840} INFO - DAG(s) 'SCD2_snapshots' retrieved from /opt/airflow/dags/scd.py
[2026-07-20T13:47:10.099+0000] {logging_mixin.py:188} INFO - [2026-07-20T13:47:10.099+0000] {dag.py:3089} INFO - Sync 1 DAGs
[2026-07-20T13:47:10.126+0000] {logging_mixin.py:188} INFO - [2026-07-20T13:47:10.126+0000] {dag.py:3947} INFO - Setting next_dagrun for SCD2_snapshots to 2026-07-20 00:00:00+00:00, run_after=2026-07-21 00:00:00+00:00
[2026-07-20T13:47:10.149+0000] {processor.py:183} INFO - Processing /opt/airflow/dags/scd.py took 0.131 seconds
[2026-07-20T13:47:40.247+0000] {processor.py:161} INFO - Started process (PID=1642) to work on /opt/airflow/dags/scd.py
[2026-07-20T13:47:40.248+0000] {processor.py:830} INFO - Processing file /opt/airflow/dags/scd.py for tasks to queue
[2026-07-20T13:47:40.250+0000] {logging_mixin.py:188} INFO - [2026-07-20T13:47:40.250+0000] {dagbag.py:545} INFO - Filling up the DagBag from /opt/airflow/dags/scd.py
[2026-07-20T13:47:40.277+0000] {processor.py:840} INFO - DAG(s) 'SCD2_snapshots' retrieved from /opt/airflow/dags/scd.py
[2026-07-20T13:47:40.317+0000] {logging_mixin.py:188} INFO - [2026-07-20T13:47:40.317+0000] {dag.py:3089} INFO - Sync 1 DAGs
[2026-07-20T13:47:40.343+0000] {logging_mixin.py:188} INFO - [2026-07-20T13:47:40.343+0000] {dag.py:3947} INFO - Setting next_dagrun for SCD2_snapshots to 2026-07-20 00:00:00+00:00, run_after=2026-07-21 00:00:00+00:00
[2026-07-20T13:47:40.365+0000] {processor.py:183} INFO - Processing /opt/airflow/dags/scd.py took 0.126 seconds
[2026-07-20T13:48:10.733+0000] {processor.py:161} INFO - Started process (PID=1647) to work on /opt/airflow/dags/scd.py
[2026-07-20T13:48:10.735+0000] {processor.py:830} INFO - Processing file /opt/airflow/dags/scd.py for tasks to queue
[2026-07-20T13:48:10.737+0000] {logging_mixin.py:188} INFO - [2026-07-20T13:48:10.736+0000] {dagbag.py:545} INFO - Filling up the DagBag from /opt/airflow/dags/scd.py
[2026-07-20T13:48:10.764+0000] {processor.py:840} INFO - DAG(s) 'SCD2_snapshots' retrieved from /opt/airflow/dags/scd.py
[2026-07-20T13:48:10.802+0000] {logging_mixin.py:188} INFO - [2026-07-20T13:48:10.802+0000] {dag.py:3089} INFO - Sync 1 DAGs
[2026-07-20T13:48:10.829+0000] {logging_mixin.py:188} INFO - [2026-07-20T13:48:10.829+0000] {dag.py:3947} INFO - Setting next_dagrun for SCD2_snapshots to 2026-07-20 00:00:00+00:00, run_after=2026-07-21 00:00:00+00:00
[2026-07-20T13:48:10.854+0000] {processor.py:183} INFO - Processing /opt/airflow/dags/scd.py took 0.128 seconds
[2026-07-20T13:48:40.922+0000] {processor.py:161} INFO - Started process (PID=1652) to work on /opt/airflow/dags/scd.py
[2026-07-20T13:48:40.924+0000] {processor.py:830} INFO - Processing file /opt/airflow/dags/scd.py for tasks to queue
[2026-07-20T13:48:40.927+0000] {logging_mixin.py:188} INFO - [2026-07-20T13:48:40.926+0000] {dagbag.py:545} INFO - Filling up the DagBag from /opt/airflow/dags/scd.py
[2026-07-20T13:48:40.952+0000] {processor.py:840} INFO - DAG(s) 'SCD2_snapshots' retrieved from /opt/airflow/dags/scd.py
[2026-07-20T13:48:40.989+0000] {logging_mixin.py:188} INFO - [2026-07-20T13:48:40.989+0000] {dag.py:3089} INFO - Sync 1 DAGs
[2026-07-20T13:48:41.019+0000] {logging_mixin.py:188} INFO - [2026-07-20T13:48:41.018+0000] {dag.py:3947} INFO - Setting next_dagrun for SCD2_snapshots to 2026-07-20 00:00:00+00:00, run_after=2026-07-21 00:00:00+00:00
[2026-07-20T13:48:41.047+0000] {processor.py:183} INFO - Processing /opt/airflow/dags/scd.py took 0.131 seconds
[2026-07-20T13:49:11.166+0000] {processor.py:161} INFO - Started process (PID=1657) to work on /opt/airflow/dags/scd.py
[2026-07-20T13:49:11.168+0000] {processor.py:830} INFO - Processing file /opt/airflow/dags/scd.py for tasks to queue
[2026-07-20T13:49:11.171+0000] {logging_mixin.py:188} INFO - [2026-07-20T13:49:11.170+0000] {dagbag.py:545} INFO - Filling up the DagBag from /opt/airflow/dags/scd.py
[2026-07-20T13:49:11.203+0000] {processor.py:840} INFO - DAG(s) 'SCD2_snapshots' retrieved from /opt/airflow/dags/scd.py
[2026-07-20T13:49:11.248+0000] {logging_mixin.py:188} INFO - [2026-07-20T13:49:11.247+0000] {dag.py:3089} INFO - Sync 1 DAGs
[2026-07-20T13:49:11.276+0000] {logging_mixin.py:188} INFO - [2026-07-20T13:49:11.276+0000] {dag.py:3947} INFO - Setting next_dagrun for SCD2_snapshots to 2026-07-20 00:00:00+00:00, run_after=2026-07-21 00:00:00+00:00
[2026-07-20T13:49:11.300+0000] {processor.py:183} INFO - Processing /opt/airflow/dags/scd.py took 0.146 seconds
[2026-07-20T13:49:41.567+0000] {processor.py:161} INFO - Started process (PID=1662) to work on /opt/airflow/dags/scd.py
[2026-07-20T13:49:41.569+0000] {processor.py:830} INFO - Processing file /opt/airflow/dags/scd.py for tasks to queue
[2026-07-20T13:49:41.573+0000] {logging_mixin.py:188} INFO - [2026-07-20T13:49:41.572+0000] {dagbag.py:545} INFO - Filling up the DagBag from /opt/airflow/dags/scd.py
[2026-07-20T13:49:41.606+0000] {processor.py:840} INFO - DAG(s) 'SCD2_snapshots' retrieved from /opt/airflow/dags/scd.py
[2026-07-20T13:49:41.655+0000] {logging_mixin.py:188} INFO - [2026-07-20T13:49:41.655+0000] {dag.py:3089} INFO - Sync 1 DAGs
[2026-07-20T13:49:41.685+0000] {logging_mixin.py:188} INFO - [2026-07-20T13:49:41.685+0000] {dag.py:3947} INFO - Setting next_dagrun for SCD2_snapshots to 2026-07-20 00:00:00+00:00, run_after=2026-07-21 00:00:00+00:00
[2026-07-20T13:49:41.711+0000] {processor.py:183} INFO - Processing /opt/airflow/dags/scd.py took 0.159 seconds
[2026-07-20T13:50:11.876+0000] {processor.py:161} INFO - Started process (PID=1667) to work on /opt/airflow/dags/scd.py
[2026-07-20T13:50:11.877+0000] {processor.py:830} INFO - Processing file /opt/airflow/dags/scd.py for tasks to queue
[2026-07-20T13:50:11.880+0000] {logging_mixin.py:188} INFO - [2026-07-20T13:50:11.880+0000] {dagbag.py:545} INFO - Filling up the DagBag from /opt/airflow/dags/scd.py
[2026-07-20T13:50:11.914+0000] {processor.py:840} INFO - DAG(s) 'SCD2_snapshots' retrieved from /opt/airflow/dags/scd.py
[2026-07-20T13:50:11.969+0000] {logging_mixin.py:188} INFO - [2026-07-20T13:50:11.968+0000] {dag.py:3089} INFO - Sync 1 DAGs
[2026-07-20T13:50:12.005+0000] {logging_mixin.py:188} INFO - [2026-07-20T13:50:12.005+0000] {dag.py:3947} INFO - Setting next_dagrun for SCD2_snapshots to 2026-07-20 00:00:00+00:00, run_after=2026-07-21 00:00:00+00:00
[2026-07-20T13:50:12.035+0000] {processor.py:183} INFO - Processing /opt/airflow/dags/scd.py took 0.170 seconds
[2026-07-20T13:50:42.162+0000] {processor.py:161} INFO - Started process (PID=1672) to work on /opt/airflow/dags/scd.py
[2026-07-20T13:50:42.164+0000] {processor.py:830} INFO - Processing file /opt/airflow/dags/scd.py for tasks to queue
[2026-07-20T13:50:42.167+0000] {logging_mixin.py:188} INFO - [2026-07-20T13:50:42.167+0000] {dagbag.py:545} INFO - Filling up the DagBag from /opt/airflow/dags/scd.py
[2026-07-20T13:50:42.195+0000] {processor.py:840} INFO - DAG(s) 'SCD2_snapshots' retrieved from /opt/airflow/dags/scd.py
[2026-07-20T13:50:42.239+0000] {logging_mixin.py:188} INFO - [2026-07-20T13:50:42.239+0000] {dag.py:3089} INFO - Sync 1 DAGs
[2026-07-20T13:50:42.266+0000] {logging_mixin.py:188} INFO - [2026-07-20T13:50:42.266+0000] {dag.py:3947} INFO - Setting next_dagrun for SCD2_snapshots to 2026-07-20 00:00:00+00:00, run_after=2026-07-21 00:00:00+00:00
[2026-07-20T13:50:42.288+0000] {processor.py:183} INFO - Processing /opt/airflow/dags/scd.py took 0.135 seconds
[2026-07-20T13:51:12.411+0000] {processor.py:161} INFO - Started process (PID=1677) to work on /opt/airflow/dags/scd.py
[2026-07-20T13:51:12.412+0000] {processor.py:830} INFO - Processing file /opt/airflow/dags/scd.py for tasks to queue
[2026-07-20T13:51:12.416+0000] {logging_mixin.py:188} INFO - [2026-07-20T13:51:12.416+0000] {dagbag.py:545} INFO - Filling up the DagBag from /opt/airflow/dags/scd.py
[2026-07-20T13:51:12.446+0000] {processor.py:840} INFO - DAG(s) 'SCD2_snapshots' retrieved from /opt/airflow/dags/scd.py
[2026-07-20T13:51:12.485+0000] {logging_mixin.py:188} INFO - [2026-07-20T13:51:12.485+0000] {dag.py:3089} INFO - Sync 1 DAGs
[2026-07-20T13:51:12.512+0000] {logging_mixin.py:188} INFO - [2026-07-20T13:51:12.512+0000] {dag.py:3947} INFO - Setting next_dagrun for SCD2_snapshots to 2026-07-20 00:00:00+00:00, run_after=2026-07-21 00:00:00+00:00
[2026-07-20T13:51:12.536+0000] {processor.py:183} INFO - Processing /opt/airflow/dags/scd.py took 0.134 seconds
[2026-07-20T13:51:42.670+0000] {processor.py:161} INFO - Started process (PID=1682) to work on /opt/airflow/dags/scd.py
[2026-07-20T13:51:42.672+0000] {processor.py:830} INFO - Processing file /opt/airflow/dags/scd.py for tasks to queue
[2026-07-20T13:51:42.675+0000] {logging_mixin.py:188} INFO - [2026-07-20T13:51:42.675+0000] {dagbag.py:545} INFO - Filling up the DagBag from /opt/airflow/dags/scd.py
[2026-07-20T13:51:42.708+0000] {processor.py:840} INFO - DAG(s) 'SCD2_snapshots' retrieved from /opt/airflow/dags/scd.py
[2026-07-20T13:51:42.752+0000] {logging_mixin.py:188} INFO - [2026-07-20T13:51:42.752+0000] {dag.py:3089} INFO - Sync 1 DAGs
[2026-07-20T13:51:42.777+0000] {logging_mixin.py:188} INFO - [2026-07-20T13:51:42.776+0000] {dag.py:3947} INFO - Setting next_dagrun for SCD2_snapshots to 2026-07-20 00:00:00+00:00, run_after=2026-07-21 00:00:00+00:00
[2026-07-20T13:51:42.802+0000] {processor.py:183} INFO - Processing /opt/airflow/dags/scd.py took 0.146 seconds
[2026-07-20T13:52:12.904+0000] {processor.py:161} INFO - Started process (PID=1687) to work on /opt/airflow/dags/scd.py
[2026-07-20T13:52:12.905+0000] {processor.py:830} INFO - Processing file /opt/airflow/dags/scd.py for tasks to queue
[2026-07-20T13:52:12.909+0000] {logging_mixin.py:188} INFO - [2026-07-20T13:52:12.908+0000] {dagbag.py:545} INFO - Filling up the DagBag from /opt/airflow/dags/scd.py
[2026-07-20T13:52:12.935+0000] {processor.py:840} INFO - DAG(s) 'SCD2_snapshots' retrieved from /opt/airflow/dags/scd.py
[2026-07-20T13:52:12.976+0000] {logging_mixin.py:188} INFO - [2026-07-20T13:52:12.975+0000] {dag.py:3089} INFO - Sync 1 DAGs
[2026-07-20T13:52:13.004+0000] {logging_mixin.py:188} INFO - [2026-07-20T13:52:13.004+0000] {dag.py:3947} INFO - Setting next_dagrun for SCD2_snapshots to 2026-07-20 00:00:00+00:00, run_after=2026-07-21 00:00:00+00:00
[2026-07-20T13:52:13.031+0000] {processor.py:183} INFO - Processing /opt/airflow/dags/scd.py took 0.134 seconds
[2026-07-20T13:52:43.112+0000] {processor.py:161} INFO - Started process (PID=1692) to work on /opt/airflow/dags/scd.py
[2026-07-20T13:52:43.113+0000] {processor.py:830} INFO - Processing file /opt/airflow/dags/scd.py for tasks to queue
[2026-07-20T13:52:43.117+0000] {logging_mixin.py:188} INFO - [2026-07-20T13:52:43.116+0000] {dagbag.py:545} INFO - Filling up the DagBag from /opt/airflow/dags/scd.py
[2026-07-20T13:52:43.141+0000] {processor.py:840} INFO - DAG(s) 'SCD2_snapshots' retrieved from /opt/airflow/dags/scd.py
[2026-07-20T13:52:43.198+0000] {logging_mixin.py:188} INFO - [2026-07-20T13:52:43.198+0000] {dag.py:3089} INFO - Sync 1 DAGs
[2026-07-20T13:52:43.233+0000] {logging_mixin.py:188} INFO - [2026-07-20T13:52:43.233+0000] {dag.py:3947} INFO - Setting next_dagrun for SCD2_snapshots to 2026-07-20 00:00:00+00:00, run_after=2026-07-21 00:00:00+00:00
[2026-07-20T13:52:43.269+0000] {processor.py:183} INFO - Processing /opt/airflow/dags/scd.py took 0.164 seconds
[2026-07-20T13:53:13.373+0000] {processor.py:161} INFO - Started process (PID=1697) to work on /opt/airflow/dags/scd.py
[2026-07-20T13:53:13.375+0000] {processor.py:830} INFO - Processing file /opt/airflow/dags/scd.py for tasks to queue
[2026-07-20T13:53:13.379+0000] {logging_mixin.py:188} INFO - [2026-07-20T13:53:13.378+0000] {dagbag.py:545} INFO - Filling up the DagBag from /opt/airflow/dags/scd.py
[2026-07-20T13:53:13.413+0000] {processor.py:840} INFO - DAG(s) 'SCD2_snapshots' retrieved from /opt/airflow/dags/scd.py
[2026-07-20T13:53:13.479+0000] {logging_mixin.py:188} INFO - [2026-07-20T13:53:13.479+0000] {dag.py:3089} INFO - Sync 1 DAGs
[2026-07-20T13:53:13.523+0000] {logging_mixin.py:188} INFO - [2026-07-20T13:53:13.523+0000] {dag.py:3947} INFO - Setting next_dagrun for SCD2_snapshots to 2026-07-20 00:00:00+00:00, run_after=2026-07-21 00:00:00+00:00
[2026-07-20T13:53:13.553+0000] {processor.py:183} INFO - Processing /opt/airflow/dags/scd.py took 0.194 seconds
[2026-07-20T13:53:43.830+0000] {processor.py:161} INFO - Started process (PID=1702) to work on /opt/airflow/dags/scd.py
[2026-07-20T13:53:43.831+0000] {processor.py:830} INFO - Processing file /opt/airflow/dags/scd.py for tasks to queue
[2026-07-20T13:53:43.835+0000] {logging_mixin.py:188} INFO - [2026-07-20T13:53:43.835+0000] {dagbag.py:545} INFO - Filling up the DagBag from /opt/airflow/dags/scd.py
[2026-07-20T13:53:43.873+0000] {processor.py:840} INFO - DAG(s) 'SCD2_snapshots' retrieved from /opt/airflow/dags/scd.py
[2026-07-20T13:53:43.915+0000] {logging_mixin.py:188} INFO - [2026-07-20T13:53:43.915+0000] {dag.py:3089} INFO - Sync 1 DAGs
[2026-07-20T13:53:43.942+0000] {logging_mixin.py:188} INFO - [2026-07-20T13:53:43.942+0000] {dag.py:3947} INFO - Setting next_dagrun for SCD2_snapshots to 2026-07-20 00:00:00+00:00, run_after=2026-07-21 00:00:00+00:00
[2026-07-20T13:53:43.973+0000] {processor.py:183} INFO - Processing /opt/airflow/dags/scd.py took 0.153 seconds
[2026-07-20T13:54:14.163+0000] {processor.py:161} INFO - Started process (PID=1707) to work on /opt/airflow/dags/scd.py
[2026-07-20T13:54:14.164+0000] {processor.py:830} INFO - Processing file /opt/airflow/dags/scd.py for tasks to queue
[2026-07-20T13:54:14.167+0000] {logging_mixin.py:188} INFO - [2026-07-20T13:54:14.166+0000] {dagbag.py:545} INFO - Filling up the DagBag from /opt/airflow/dags/scd.py
[2026-07-20T13:54:14.193+0000] {processor.py:840} INFO - DAG(s) 'SCD2_snapshots' retrieved from /opt/airflow/dags/scd.py
[2026-07-20T13:54:14.231+0000] {logging_mixin.py:188} INFO - [2026-07-20T13:54:14.231+0000] {dag.py:3089} INFO - Sync 1 DAGs
[2026-07-20T13:54:14.255+0000] {logging_mixin.py:188} INFO - [2026-07-20T13:54:14.255+0000] {dag.py:3947} INFO - Setting next_dagrun for SCD2_snapshots to 2026-07-20 00:00:00+00:00, run_after=2026-07-21 00:00:00+00:00
[2026-07-20T13:54:14.282+0000] {processor.py:183} INFO - Processing /opt/airflow/dags/scd.py took 0.127 seconds
[2026-07-20T13:54:44.392+0000] {processor.py:161} INFO - Started process (PID=1712) to work on /opt/airflow/dags/scd.py
[2026-07-20T13:54:44.394+0000] {processor.py:830} INFO - Processing file /opt/airflow/dags/scd.py for tasks to queue
[2026-07-20T13:54:44.398+0000] {logging_mixin.py:188} INFO - [2026-07-20T13:54:44.398+0000] {dagbag.py:545} INFO - Filling up the DagBag from /opt/airflow/dags/scd.py
[2026-07-20T13:54:44.441+0000] {processor.py:840} INFO - DAG(s) 'SCD2_snapshots' retrieved from /opt/airflow/dags/scd.py
[2026-07-20T13:54:44.508+0000] {logging_mixin.py:188} INFO - [2026-07-20T13:54:44.508+0000] {dag.py:3089} INFO - Sync 1 DAGs
[2026-07-20T13:54:44.556+0000] {logging_mixin.py:188} INFO - [2026-07-20T13:54:44.556+0000] {dag.py:3947} INFO - Setting next_dagrun for SCD2_snapshots to 2026-07-20 00:00:00+00:00, run_after=2026-07-21 00:00:00+00:00
[2026-07-20T13:54:44.598+0000] {processor.py:183} INFO - Processing /opt/airflow/dags/scd.py took 0.230 seconds
[2026-07-20T13:55:14.854+0000] {processor.py:161} INFO - Started process (PID=1717) to work on /opt/airflow/dags/scd.py
[2026-07-20T13:55:14.856+0000] {processor.py:830} INFO - Processing file /opt/airflow/dags/scd.py for tasks to queue
[2026-07-20T13:55:14.858+0000] {logging_mixin.py:188} INFO - [2026-07-20T13:55:14.858+0000] {dagbag.py:545} INFO - Filling up the DagBag from /opt/airflow/dags/scd.py
[2026-07-20T13:55:14.884+0000] {processor.py:840} INFO - DAG(s) 'SCD2_snapshots' retrieved from /opt/airflow/dags/scd.py
[2026-07-20T13:55:14.923+0000] {logging_mixin.py:188} INFO - [2026-07-20T13:55:14.923+0000] {dag.py:3089} INFO - Sync 1 DAGs
[2026-07-20T13:55:14.951+0000] {logging_mixin.py:188} INFO - [2026-07-20T13:55:14.951+0000] {dag.py:3947} INFO - Setting next_dagrun for SCD2_snapshots to 2026-07-20 00:00:00+00:00, run_after=2026-07-21 00:00:00+00:00
[2026-07-20T13:55:14.975+0000] {processor.py:183} INFO - Processing /opt/airflow/dags/scd.py took 0.128 seconds
[2026-07-20T13:55:45.163+0000] {processor.py:161} INFO - Started process (PID=1722) to work on /opt/airflow/dags/scd.py
[2026-07-20T13:55:45.165+0000] {processor.py:830} INFO - Processing file /opt/airflow/dags/scd.py for tasks to queue
[2026-07-20T13:55:45.167+0000] {logging_mixin.py:188} INFO - [2026-07-20T13:55:45.167+0000] {dagbag.py:545} INFO - Filling up the DagBag from /opt/airflow/dags/scd.py
[2026-07-20T13:55:45.198+0000] {processor.py:840} INFO - DAG(s) 'SCD2_snapshots' retrieved from /opt/airflow/dags/scd.py
[2026-07-20T13:55:45.241+0000] {logging_mixin.py:188} INFO - [2026-07-20T13:55:45.240+0000] {dag.py:3089} INFO - Sync 1 DAGs
[2026-07-20T13:55:45.282+0000] {logging_mixin.py:188} INFO - [2026-07-20T13:55:45.281+0000] {dag.py:3947} INFO - Setting next_dagrun for SCD2_snapshots to 2026-07-20 00:00:00+00:00, run_after=2026-07-21 00:00:00+00:00
[2026-07-20T13:55:45.313+0000] {processor.py:183} INFO - Processing /opt/airflow/dags/scd.py took 0.157 seconds
[2026-07-20T13:56:15.521+0000] {processor.py:161} INFO - Started process (PID=1727) to work on /opt/airflow/dags/scd.py
[2026-07-20T13:56:15.522+0000] {processor.py:830} INFO - Processing file /opt/airflow/dags/scd.py for tasks to queue
[2026-07-20T13:56:15.524+0000] {logging_mixin.py:188} INFO - [2026-07-20T13:56:15.524+0000] {dagbag.py:545} INFO - Filling up the DagBag from /opt/airflow/dags/scd.py
[2026-07-20T13:56:15.553+0000] {processor.py:840} INFO - DAG(s) 'SCD2_snapshots' retrieved from /opt/airflow/dags/scd.py
[2026-07-20T13:56:15.622+0000] {logging_mixin.py:188} INFO - [2026-07-20T13:56:15.622+0000] {dag.py:3089} INFO - Sync 1 DAGs
[2026-07-20T13:56:15.652+0000] {logging_mixin.py:188} INFO - [2026-07-20T13:56:15.652+0000] {dag.py:3947} INFO - Setting next_dagrun for SCD2_snapshots to 2026-07-20 00:00:00+00:00, run_after=2026-07-21 00:00:00+00:00
[2026-07-20T13:56:15.678+0000] {processor.py:183} INFO - Processing /opt/airflow/dags/scd.py took 0.165 seconds
[2026-07-20T13:56:45.941+0000] {processor.py:161} INFO - Started process (PID=1732) to work on /opt/airflow/dags/scd.py
[2026-07-20T13:56:45.943+0000] {processor.py:830} INFO - Processing file /opt/airflow/dags/scd.py for tasks to queue
[2026-07-20T13:56:45.945+0000] {logging_mixin.py:188} INFO - [2026-07-20T13:56:45.944+0000] {dagbag.py:545} INFO - Filling up the DagBag from /opt/airflow/dags/scd.py
[2026-07-20T13:56:45.970+0000] {processor.py:840} INFO - DAG(s) 'SCD2_snapshots' retrieved from /opt/airflow/dags/scd.py
[2026-07-20T13:56:46.008+0000] {logging_mixin.py:188} INFO - [2026-07-20T13:56:46.007+0000] {dag.py:3089} INFO - Sync 1 DAGs
[2026-07-20T13:56:46.035+0000] {logging_mixin.py:188} INFO - [2026-07-20T13:56:46.035+0000] {dag.py:3947} INFO - Setting next_dagrun for SCD2_snapshots to 2026-07-20 00:00:00+00:00, run_after=2026-07-21 00:00:00+00:00
[2026-07-20T13:56:46.062+0000] {processor.py:183} INFO - Processing /opt/airflow/dags/scd.py took 0.128 seconds
[2026-07-20T13:57:16.321+0000] {processor.py:161} INFO - Started process (PID=1737) to work on /opt/airflow/dags/scd.py
[2026-07-20T13:57:16.322+0000] {processor.py:830} INFO - Processing file /opt/airflow/dags/scd.py for tasks to queue
[2026-07-20T13:57:16.325+0000] {logging_mixin.py:188} INFO - [2026-07-20T13:57:16.325+0000] {dagbag.py:545} INFO - Filling up the DagBag from /opt/airflow/dags/scd.py
[2026-07-20T13:57:16.357+0000] {processor.py:840} INFO - DAG(s) 'SCD2_snapshots' retrieved from /opt/airflow/dags/scd.py
[2026-07-20T13:57:16.402+0000] {logging_mixin.py:188} INFO - [2026-07-20T13:57:16.401+0000] {dag.py:3089} INFO - Sync 1 DAGs
[2026-07-20T13:57:16.431+0000] {logging_mixin.py:188} INFO - [2026-07-20T13:57:16.430+0000] {dag.py:3947} INFO - Setting next_dagrun for SCD2_snapshots to 2026-07-20 00:00:00+00:00, run_after=2026-07-21 00:00:00+00:00
[2026-07-20T13:57:16.454+0000] {processor.py:183} INFO - Processing /opt/airflow/dags/scd.py took 0.144 seconds
[2026-07-20T13:57:46.671+0000] {processor.py:161} INFO - Started process (PID=1742) to work on /opt/airflow/dags/scd.py
[2026-07-20T13:57:46.672+0000] {processor.py:830} INFO - Processing file /opt/airflow/dags/scd.py for tasks to queue
[2026-07-20T13:57:46.675+0000] {logging_mixin.py:188} INFO - [2026-07-20T13:57:46.674+0000] {dagbag.py:545} INFO - Filling up the DagBag from /opt/airflow/dags/scd.py
[2026-07-20T13:57:46.707+0000] {processor.py:840} INFO - DAG(s) 'SCD2_snapshots' retrieved from /opt/airflow/dags/scd.py
[2026-07-20T13:57:46.745+0000] {logging_mixin.py:188} INFO - [2026-07-20T13:57:46.745+0000] {dag.py:3089} INFO - Sync 1 DAGs
[2026-07-20T13:57:46.770+0000] {logging_mixin.py:188} INFO - [2026-07-20T13:57:46.770+0000] {dag.py:3947} INFO - Setting next_dagrun for SCD2_snapshots to 2026-07-20 00:00:00+00:00, run_after=2026-07-21 00:00:00+00:00
[2026-07-20T13:57:46.793+0000] {processor.py:183} INFO - Processing /opt/airflow/dags/scd.py took 0.129 seconds
[2026-07-20T13:58:17.027+0000] {processor.py:161} INFO - Started process (PID=1747) to work on /opt/airflow/dags/scd.py
[2026-07-20T13:58:17.028+0000] {processor.py:830} INFO - Processing file /opt/airflow/dags/scd.py for tasks to queue
[2026-07-20T13:58:17.030+0000] {logging_mixin.py:188} INFO - [2026-07-20T13:58:17.030+0000] {dagbag.py:545} INFO - Filling up the DagBag from /opt/airflow/dags/scd.py
[2026-07-20T13:58:17.056+0000] {processor.py:840} INFO - DAG(s) 'SCD2_snapshots' retrieved from /opt/airflow/dags/scd.py
[2026-07-20T13:58:17.094+0000] {logging_mixin.py:188} INFO - [2026-07-20T13:58:17.094+0000] {dag.py:3089} INFO - Sync 1 DAGs
[2026-07-20T13:58:17.119+0000] {logging_mixin.py:188} INFO - [2026-07-20T13:58:17.119+0000] {dag.py:3947} INFO - Setting next_dagrun for SCD2_snapshots to 2026-07-20 00:00:00+00:00, run_after=2026-07-21 00:00:00+00:00
[2026-07-20T13:58:17.142+0000] {processor.py:183} INFO - Processing /opt/airflow/dags/scd.py took 0.122 seconds
[2026-07-20T13:58:47.489+0000] {processor.py:161} INFO - Started process (PID=1748) to work on /opt/airflow/dags/scd.py
[2026-07-20T13:58:47.491+0000] {processor.py:830} INFO - Processing file /opt/airflow/dags/scd.py for tasks to queue
[2026-07-20T13:58:47.494+0000] {logging_mixin.py:188} INFO - [2026-07-20T13:58:47.494+0000] {dagbag.py:545} INFO - Filling up the DagBag from /opt/airflow/dags/scd.py
[2026-07-20T13:58:47.524+0000] {processor.py:840} INFO - DAG(s) 'SCD2_snapshots' retrieved from /opt/airflow/dags/scd.py
[2026-07-20T13:58:47.566+0000] {logging_mixin.py:188} INFO - [2026-07-20T13:58:47.566+0000] {dag.py:3089} INFO - Sync 1 DAGs
[2026-07-20T13:58:47.598+0000] {logging_mixin.py:188} INFO - [2026-07-20T13:58:47.598+0000] {dag.py:3947} INFO - Setting next_dagrun for SCD2_snapshots to 2026-07-20 00:00:00+00:00, run_after=2026-07-21 00:00:00+00:00
[2026-07-20T13:58:47.629+0000] {processor.py:183} INFO - Processing /opt/airflow/dags/scd.py took 0.148 seconds
[2026-07-20T13:59:17.764+0000] {processor.py:161} INFO - Started process (PID=1753) to work on /opt/airflow/dags/scd.py
[2026-07-20T13:59:17.766+0000] {processor.py:830} INFO - Processing file /opt/airflow/dags/scd.py for tasks to queue
[2026-07-20T13:59:17.769+0000] {logging_mixin.py:188} INFO - [2026-07-20T13:59:17.768+0000] {dagbag.py:545} INFO - Filling up the DagBag from /opt/airflow/dags/scd.py
[2026-07-20T13:59:17.799+0000] {processor.py:840} INFO - DAG(s) 'SCD2_snapshots' retrieved from /opt/airflow/dags/scd.py
[2026-07-20T13:59:17.842+0000] {logging_mixin.py:188} INFO - [2026-07-20T13:59:17.842+0000] {dag.py:3089} INFO - Sync 1 DAGs
[2026-07-20T13:59:17.869+0000] {logging_mixin.py:188} INFO - [2026-07-20T13:59:17.869+0000] {dag.py:3947} INFO - Setting next_dagrun for SCD2_snapshots to 2026-07-20 00:00:00+00:00, run_after=2026-07-21 00:00:00+00:00
[2026-07-20T13:59:17.893+0000] {processor.py:183} INFO - Processing /opt/airflow/dags/scd.py took 0.139 seconds
[2026-07-20T13:59:48.254+0000] {processor.py:161} INFO - Started process (PID=1758) to work on /opt/airflow/dags/scd.py
[2026-07-20T13:59:48.256+0000] {processor.py:830} INFO - Processing file /opt/airflow/dags/scd.py for tasks to queue
[2026-07-20T13:59:48.258+0000] {logging_mixin.py:188} INFO - [2026-07-20T13:59:48.258+0000] {dagbag.py:545} INFO - Filling up the DagBag from /opt/airflow/dags/scd.py
[2026-07-20T13:59:48.288+0000] {processor.py:840} INFO - DAG(s) 'SCD2_snapshots' retrieved from /opt/airflow/dags/scd.py
[2026-07-20T13:59:48.330+0000] {logging_mixin.py:188} INFO - [2026-07-20T13:59:48.330+0000] {dag.py:3089} INFO - Sync 1 DAGs
[2026-07-20T13:59:48.365+0000] {logging_mixin.py:188} INFO - [2026-07-20T13:59:48.365+0000] {dag.py:3947} INFO - Setting next_dagrun for SCD2_snapshots to 2026-07-20 00:00:00+00:00, run_after=2026-07-21 00:00:00+00:00
[2026-07-20T13:59:48.394+0000] {processor.py:183} INFO - Processing /opt/airflow/dags/scd.py took 0.151 seconds
[2026-07-20T14:00:18.748+0000] {processor.py:161} INFO - Started process (PID=1763) to work on /opt/airflow/dags/scd.py
[2026-07-20T14:00:18.749+0000] {processor.py:830} INFO - Processing file /opt/airflow/dags/scd.py for tasks to queue
[2026-07-20T14:00:18.753+0000] {logging_mixin.py:188} INFO - [2026-07-20T14:00:18.753+0000] {dagbag.py:545} INFO - Filling up the DagBag from /opt/airflow/dags/scd.py
[2026-07-20T14:00:18.779+0000] {processor.py:840} INFO - DAG(s) 'SCD2_snapshots' retrieved from /opt/airflow/dags/scd.py
[2026-07-20T14:00:18.818+0000] {logging_mixin.py:188} INFO - [2026-07-20T14:00:18.818+0000] {dag.py:3089} INFO - Sync 1 DAGs
[2026-07-20T14:00:18.842+0000] {logging_mixin.py:188} INFO - [2026-07-20T14:00:18.842+0000] {dag.py:3947} INFO - Setting next_dagrun for SCD2_snapshots to 2026-07-20 00:00:00+00:00, run_after=2026-07-21 00:00:00+00:00
[2026-07-20T14:00:18.864+0000] {processor.py:183} INFO - Processing /opt/airflow/dags/scd.py took 0.123 seconds
[2026-07-20T14:00:48.918+0000] {processor.py:161} INFO - Started process (PID=1768) to work on /opt/airflow/dags/scd.py
[2026-07-20T14:00:48.919+0000] {processor.py:830} INFO - Processing file /opt/airflow/dags/scd.py for tasks to queue
[2026-07-20T14:00:48.922+0000] {logging_mixin.py:188} INFO - [2026-07-20T14:00:48.922+0000] {dagbag.py:545} INFO - Filling up the DagBag from /opt/airflow/dags/scd.py
[2026-07-20T14:00:48.951+0000] {processor.py:840} INFO - DAG(s) 'SCD2_snapshots' retrieved from /opt/airflow/dags/scd.py
[2026-07-20T14:00:48.988+0000] {logging_mixin.py:188} INFO - [2026-07-20T14:00:48.988+0000] {dag.py:3089} INFO - Sync 1 DAGs
[2026-07-20T14:00:49.015+0000] {logging_mixin.py:188} INFO - [2026-07-20T14:00:49.014+0000] {dag.py:3947} INFO - Setting next_dagrun for SCD2_snapshots to 2026-07-20 00:00:00+00:00, run_after=2026-07-21 00:00:00+00:00
[2026-07-20T14:00:49.036+0000] {processor.py:183} INFO - Processing /opt/airflow/dags/scd.py took 0.126 seconds
[2026-07-20T14:01:19.303+0000] {processor.py:161} INFO - Started process (PID=1773) to work on /opt/airflow/dags/scd.py
[2026-07-20T14:01:19.304+0000] {processor.py:830} INFO - Processing file /opt/airflow/dags/scd.py for tasks to queue
[2026-07-20T14:01:19.307+0000] {logging_mixin.py:188} INFO - [2026-07-20T14:01:19.306+0000] {dagbag.py:545} INFO - Filling up the DagBag from /opt/airflow/dags/scd.py
[2026-07-20T14:01:19.334+0000] {processor.py:840} INFO - DAG(s) 'SCD2_snapshots' retrieved from /opt/airflow/dags/scd.py
[2026-07-20T14:01:19.372+0000] {logging_mixin.py:188} INFO - [2026-07-20T14:01:19.372+0000] {dag.py:3089} INFO - Sync 1 DAGs
[2026-07-20T14:01:19.398+0000] {logging_mixin.py:188} INFO - [2026-07-20T14:01:19.398+0000] {dag.py:3947} INFO - Setting next_dagrun for SCD2_snapshots to 2026-07-20 00:00:00+00:00, run_after=2026-07-21 00:00:00+00:00
[2026-07-20T14:01:19.421+0000] {processor.py:183} INFO - Processing /opt/airflow/dags/scd.py took 0.125 seconds
[2026-07-20T14:01:49.726+0000] {processor.py:161} INFO - Started process (PID=1778) to work on /opt/airflow/dags/scd.py
[2026-07-20T14:01:49.728+0000] {processor.py:830} INFO - Processing file /opt/airflow/dags/scd.py for tasks to queue
[2026-07-20T14:01:49.730+0000] {logging_mixin.py:188} INFO - [2026-07-20T14:01:49.729+0000] {dagbag.py:545} INFO - Filling up the DagBag from /opt/airflow/dags/scd.py
[2026-07-20T14:01:49.757+0000] {processor.py:840} INFO - DAG(s) 'SCD2_snapshots' retrieved from /opt/airflow/dags/scd.py
[2026-07-20T14:01:49.792+0000] {logging_mixin.py:188} INFO - [2026-07-20T14:01:49.792+0000] {dag.py:3089} INFO - Sync 1 DAGs
[2026-07-20T14:01:49.818+0000] {logging_mixin.py:188} INFO - [2026-07-20T14:01:49.818+0000] {dag.py:3947} INFO - Setting next_dagrun for SCD2_snapshots to 2026-07-20 00:00:00+00:00, run_after=2026-07-21 00:00:00+00:00
[2026-07-20T14:01:49.844+0000] {processor.py:183} INFO - Processing /opt/airflow/dags/scd.py took 0.125 seconds
[2026-07-20T14:02:20.018+0000] {processor.py:161} INFO - Started process (PID=1783) to work on /opt/airflow/dags/scd.py
[2026-07-20T14:02:20.020+0000] {processor.py:830} INFO - Processing file /opt/airflow/dags/scd.py for tasks to queue
[2026-07-20T14:02:20.022+0000] {logging_mixin.py:188} INFO - [2026-07-20T14:02:20.021+0000] {dagbag.py:545} INFO - Filling up the DagBag from /opt/airflow/dags/scd.py
[2026-07-20T14:02:20.047+0000] {processor.py:840} INFO - DAG(s) 'SCD2_snapshots' retrieved from /opt/airflow/dags/scd.py
[2026-07-20T14:02:20.085+0000] {logging_mixin.py:188} INFO - [2026-07-20T14:02:20.084+0000] {dag.py:3089} INFO - Sync 1 DAGs
[2026-07-20T14:02:20.111+0000] {logging_mixin.py:188} INFO - [2026-07-20T14:02:20.111+0000] {dag.py:3947} INFO - Setting next_dagrun for SCD2_snapshots to 2026-07-20 00:00:00+00:00, run_after=2026-07-21 00:00:00+00:00
[2026-07-20T14:02:20.135+0000] {processor.py:183} INFO - Processing /opt/airflow/dags/scd.py took 0.124 seconds
[2026-07-20T14:02:50.329+0000] {processor.py:161} INFO - Started process (PID=1788) to work on /opt/airflow/dags/scd.py
[2026-07-20T14:02:50.331+0000] {processor.py:830} INFO - Processing file /opt/airflow/dags/scd.py for tasks to queue
[2026-07-20T14:02:50.334+0000] {logging_mixin.py:188} INFO - [2026-07-20T14:02:50.333+0000] {dagbag.py:545} INFO - Filling up the DagBag from /opt/airflow/dags/scd.py
[2026-07-20T14:02:50.369+0000] {processor.py:840} INFO - DAG(s) 'SCD2_snapshots' retrieved from /opt/airflow/dags/scd.py
[2026-07-20T14:02:50.423+0000] {logging_mixin.py:188} INFO - [2026-07-20T14:02:50.422+0000] {dag.py:3089} INFO - Sync 1 DAGs
[2026-07-20T14:02:50.460+0000] {logging_mixin.py:188} INFO - [2026-07-20T14:02:50.460+0000] {dag.py:3947} INFO - Setting next_dagrun for SCD2_snapshots to 2026-07-20 00:00:00+00:00, run_after=2026-07-21 00:00:00+00:00
[2026-07-20T14:02:50.483+0000] {processor.py:183} INFO - Processing /opt/airflow/dags/scd.py took 0.163 seconds
[2026-07-20T14:03:20.683+0000] {processor.py:161} INFO - Started process (PID=1793) to work on /opt/airflow/dags/scd.py
[2026-07-20T14:03:20.684+0000] {processor.py:830} INFO - Processing file /opt/airflow/dags/scd.py for tasks to queue
[2026-07-20T14:03:20.687+0000] {logging_mixin.py:188} INFO - [2026-07-20T14:03:20.686+0000] {dagbag.py:545} INFO - Filling up the DagBag from /opt/airflow/dags/scd.py
[2026-07-20T14:03:20.713+0000] {processor.py:840} INFO - DAG(s) 'SCD2_snapshots' retrieved from /opt/airflow/dags/scd.py
[2026-07-20T14:03:20.749+0000] {logging_mixin.py:188} INFO - [2026-07-20T14:03:20.749+0000] {dag.py:3089} INFO - Sync 1 DAGs
[2026-07-20T14:03:20.774+0000] {logging_mixin.py:188} INFO - [2026-07-20T14:03:20.774+0000] {dag.py:3947} INFO - Setting next_dagrun for SCD2_snapshots to 2026-07-20 00:00:00+00:00, run_after=2026-07-21 00:00:00+00:00
[2026-07-20T14:03:20.798+0000] {processor.py:183} INFO - Processing /opt/airflow/dags/scd.py took 0.123 seconds
[2026-07-20T14:03:51.056+0000] {processor.py:161} INFO - Started process (PID=1798) to work on /opt/airflow/dags/scd.py
[2026-07-20T14:03:51.057+0000] {processor.py:830} INFO - Processing file /opt/airflow/dags/scd.py for tasks to queue
[2026-07-20T14:03:51.060+0000] {logging_mixin.py:188} INFO - [2026-07-20T14:03:51.059+0000] {dagbag.py:545} INFO - Filling up the DagBag from /opt/airflow/dags/scd.py
[2026-07-20T14:03:51.091+0000] {processor.py:840} INFO - DAG(s) 'SCD2_snapshots' retrieved from /opt/airflow/dags/scd.py
[2026-07-20T14:03:51.131+0000] {logging_mixin.py:188} INFO - [2026-07-20T14:03:51.131+0000] {dag.py:3089} INFO - Sync 1 DAGs
[2026-07-20T14:03:51.160+0000] {logging_mixin.py:188} INFO - [2026-07-20T14:03:51.160+0000] {dag.py:3947} INFO - Setting next_dagrun for SCD2_snapshots to 2026-07-20 00:00:00+00:00, run_after=2026-07-21 00:00:00+00:00
[2026-07-20T14:03:51.190+0000] {processor.py:183} INFO - Processing /opt/airflow/dags/scd.py took 0.144 seconds
[2026-07-20T14:04:21.381+0000] {processor.py:161} INFO - Started process (PID=1803) to work on /opt/airflow/dags/scd.py
[2026-07-20T14:04:21.382+0000] {processor.py:830} INFO - Processing file /opt/airflow/dags/scd.py for tasks to queue
[2026-07-20T14:04:21.385+0000] {logging_mixin.py:188} INFO - [2026-07-20T14:04:21.385+0000] {dagbag.py:545} INFO - Filling up the DagBag from /opt/airflow/dags/scd.py
[2026-07-20T14:04:21.413+0000] {processor.py:840} INFO - DAG(s) 'SCD2_snapshots' retrieved from /opt/airflow/dags/scd.py
[2026-07-20T14:04:21.457+0000] {logging_mixin.py:188} INFO - [2026-07-20T14:04:21.457+0000] {dag.py:3089} INFO - Sync 1 DAGs
[2026-07-20T14:04:21.487+0000] {logging_mixin.py:188} INFO - [2026-07-20T14:04:21.487+0000] {dag.py:3947} INFO - Setting next_dagrun for SCD2_snapshots to 2026-07-20 00:00:00+00:00, run_after=2026-07-21 00:00:00+00:00
[2026-07-20T14:04:21.511+0000] {processor.py:183} INFO - Processing /opt/airflow/dags/scd.py took 0.140 seconds
[2026-07-20T14:04:51.673+0000] {processor.py:161} INFO - Started process (PID=1808) to work on /opt/airflow/dags/scd.py
[2026-07-20T14:04:51.675+0000] {processor.py:830} INFO - Processing file /opt/airflow/dags/scd.py for tasks to queue
[2026-07-20T14:04:51.678+0000] {logging_mixin.py:188} INFO - [2026-07-20T14:04:51.677+0000] {dagbag.py:545} INFO - Filling up the DagBag from /opt/airflow/dags/scd.py
[2026-07-20T14:04:51.703+0000] {processor.py:840} INFO - DAG(s) 'SCD2_snapshots' retrieved from /opt/airflow/dags/scd.py
[2026-07-20T14:04:51.743+0000] {logging_mixin.py:188} INFO - [2026-07-20T14:04:51.743+0000] {dag.py:3089} INFO - Sync 1 DAGs
[2026-07-20T14:04:51.768+0000] {logging_mixin.py:188} INFO - [2026-07-20T14:04:51.768+0000] {dag.py:3947} INFO - Setting next_dagrun for SCD2_snapshots to 2026-07-20 00:00:00+00:00, run_after=2026-07-21 00:00:00+00:00
[2026-07-20T14:04:51.790+0000] {processor.py:183} INFO - Processing /opt/airflow/dags/scd.py took 0.124 seconds
[2026-07-20T14:05:22.027+0000] {processor.py:161} INFO - Started process (PID=1813) to work on /opt/airflow/dags/scd.py
[2026-07-20T14:05:22.029+0000] {processor.py:830} INFO - Processing file /opt/airflow/dags/scd.py for tasks to queue
[2026-07-20T14:05:22.031+0000] {logging_mixin.py:188} INFO - [2026-07-20T14:05:22.030+0000] {dagbag.py:545} INFO - Filling up the DagBag from /opt/airflow/dags/scd.py
[2026-07-20T14:05:22.060+0000] {processor.py:840} INFO - DAG(s) 'SCD2_snapshots' retrieved from /opt/airflow/dags/scd.py
[2026-07-20T14:05:22.097+0000] {logging_mixin.py:188} INFO - [2026-07-20T14:05:22.097+0000] {dag.py:3089} INFO - Sync 1 DAGs
[2026-07-20T14:05:22.121+0000] {logging_mixin.py:188} INFO - [2026-07-20T14:05:22.121+0000] {dag.py:3947} INFO - Setting next_dagrun for SCD2_snapshots to 2026-07-20 00:00:00+00:00, run_after=2026-07-21 00:00:00+00:00
[2026-07-20T14:05:22.144+0000] {processor.py:183} INFO - Processing /opt/airflow/dags/scd.py took 0.125 seconds
[2026-07-20T14:05:52.316+0000] {processor.py:161} INFO - Started process (PID=1818) to work on /opt/airflow/dags/scd.py
[2026-07-20T14:05:52.318+0000] {processor.py:830} INFO - Processing file /opt/airflow/dags/scd.py for tasks to queue
[2026-07-20T14:05:52.320+0000] {logging_mixin.py:188} INFO - [2026-07-20T14:05:52.320+0000] {dagbag.py:545} INFO - Filling up the DagBag from /opt/airflow/dags/scd.py
[2026-07-20T14:05:52.348+0000] {processor.py:840} INFO - DAG(s) 'SCD2_snapshots' retrieved from /opt/airflow/dags/scd.py
[2026-07-20T14:05:52.391+0000] {logging_mixin.py:188} INFO - [2026-07-20T14:05:52.390+0000] {dag.py:3089} INFO - Sync 1 DAGs
[2026-07-20T14:05:52.418+0000] {logging_mixin.py:188} INFO - [2026-07-20T14:05:52.417+0000] {dag.py:3947} INFO - Setting next_dagrun for SCD2_snapshots to 2026-07-20 00:00:00+00:00, run_after=2026-07-21 00:00:00+00:00
[2026-07-20T14:05:52.440+0000] {processor.py:183} INFO - Processing /opt/airflow/dags/scd.py took 0.133 seconds
[2026-07-20T14:06:22.581+0000] {processor.py:161} INFO - Started process (PID=1823) to work on /opt/airflow/dags/scd.py
[2026-07-20T14:06:22.582+0000] {processor.py:830} INFO - Processing file /opt/airflow/dags/scd.py for tasks to queue
[2026-07-20T14:06:22.585+0000] {logging_mixin.py:188} INFO - [2026-07-20T14:06:22.584+0000] {dagbag.py:545} INFO - Filling up the DagBag from /opt/airflow/dags/scd.py
[2026-07-20T14:06:22.612+0000] {processor.py:840} INFO - DAG(s) 'SCD2_snapshots' retrieved from /opt/airflow/dags/scd.py
[2026-07-20T14:06:22.655+0000] {logging_mixin.py:188} INFO - [2026-07-20T14:06:22.654+0000] {dag.py:3089} INFO - Sync 1 DAGs
[2026-07-20T14:06:22.691+0000] {logging_mixin.py:188} INFO - [2026-07-20T14:06:22.690+0000] {dag.py:3947} INFO - Setting next_dagrun for SCD2_snapshots to 2026-07-20 00:00:00+00:00, run_after=2026-07-21 00:00:00+00:00
[2026-07-20T14:06:22.717+0000] {processor.py:183} INFO - Processing /opt/airflow/dags/scd.py took 0.144 seconds
[2026-07-20T14:06:52.845+0000] {processor.py:161} INFO - Started process (PID=1828) to work on /opt/airflow/dags/scd.py
[2026-07-20T14:06:52.846+0000] {processor.py:830} INFO - Processing file /opt/airflow/dags/scd.py for tasks to queue
[2026-07-20T14:06:52.849+0000] {logging_mixin.py:188} INFO - [2026-07-20T14:06:52.848+0000] {dagbag.py:545} INFO - Filling up the DagBag from /opt/airflow/dags/scd.py
[2026-07-20T14:06:52.875+0000] {processor.py:840} INFO - DAG(s) 'SCD2_snapshots' retrieved from /opt/airflow/dags/scd.py
[2026-07-20T14:06:52.912+0000] {logging_mixin.py:188} INFO - [2026-07-20T14:06:52.911+0000] {dag.py:3089} INFO - Sync 1 DAGs
[2026-07-20T14:06:52.937+0000] {logging_mixin.py:188} INFO - [2026-07-20T14:06:52.936+0000] {dag.py:3947} INFO - Setting next_dagrun for SCD2_snapshots to 2026-07-20 00:00:00+00:00, run_after=2026-07-21 00:00:00+00:00
[2026-07-20T14:06:52.959+0000] {processor.py:183} INFO - Processing /opt/airflow/dags/scd.py took 0.121 seconds
[2026-07-20T14:07:23.017+0000] {processor.py:161} INFO - Started process (PID=1833) to work on /opt/airflow/dags/scd.py
[2026-07-20T14:07:23.020+0000] {processor.py:830} INFO - Processing file /opt/airflow/dags/scd.py for tasks to queue
[2026-07-20T14:07:23.023+0000] {logging_mixin.py:188} INFO - [2026-07-20T14:07:23.023+0000] {dagbag.py:545} INFO - Filling up the DagBag from /opt/airflow/dags/scd.py
[2026-07-20T14:07:23.047+0000] {processor.py:840} INFO - DAG(s) 'SCD2_snapshots' retrieved from /opt/airflow/dags/scd.py
[2026-07-20T14:07:23.090+0000] {logging_mixin.py:188} INFO - [2026-07-20T14:07:23.089+0000] {dag.py:3089} INFO - Sync 1 DAGs
[2026-07-20T14:07:23.117+0000] {logging_mixin.py:188} INFO - [2026-07-20T14:07:23.117+0000] {dag.py:3947} INFO - Setting next_dagrun for SCD2_snapshots to 2026-07-20 00:00:00+00:00, run_after=2026-07-21 00:00:00+00:00
[2026-07-20T14:07:23.145+0000] {processor.py:183} INFO - Processing /opt/airflow/dags/scd.py took 0.135 seconds
[2026-07-20T14:07:53.464+0000] {processor.py:161} INFO - Started process (PID=1838) to work on /opt/airflow/dags/scd.py
[2026-07-20T14:07:53.466+0000] {processor.py:830} INFO - Processing file /opt/airflow/dags/scd.py for tasks to queue
[2026-07-20T14:07:53.469+0000] {logging_mixin.py:188} INFO - [2026-07-20T14:07:53.469+0000] {dagbag.py:545} INFO - Filling up the DagBag from /opt/airflow/dags/scd.py
[2026-07-20T14:07:53.497+0000] {processor.py:840} INFO - DAG(s) 'SCD2_snapshots' retrieved from /opt/airflow/dags/scd.py
[2026-07-20T14:07:53.541+0000] {logging_mixin.py:188} INFO - [2026-07-20T14:07:53.541+0000] {dag.py:3089} INFO - Sync 1 DAGs
[2026-07-20T14:07:53.570+0000] {logging_mixin.py:188} INFO - [2026-07-20T14:07:53.570+0000] {dag.py:3947} INFO - Setting next_dagrun for SCD2_snapshots to 2026-07-20 00:00:00+00:00, run_after=2026-07-21 00:00:00+00:00
[2026-07-20T14:07:53.597+0000] {processor.py:183} INFO - Processing /opt/airflow/dags/scd.py took 0.143 seconds
[2026-07-20T14:08:23.808+0000] {processor.py:161} INFO - Started process (PID=1843) to work on /opt/airflow/dags/scd.py
[2026-07-20T14:08:23.809+0000] {processor.py:830} INFO - Processing file /opt/airflow/dags/scd.py for tasks to queue
[2026-07-20T14:08:23.812+0000] {logging_mixin.py:188} INFO - [2026-07-20T14:08:23.812+0000] {dagbag.py:545} INFO - Filling up the DagBag from /opt/airflow/dags/scd.py
[2026-07-20T14:08:23.843+0000] {processor.py:840} INFO - DAG(s) 'SCD2_snapshots' retrieved from /opt/airflow/dags/scd.py
[2026-07-20T14:08:23.896+0000] {logging_mixin.py:188} INFO - [2026-07-20T14:08:23.896+0000] {dag.py:3089} INFO - Sync 1 DAGs
[2026-07-20T14:08:23.933+0000] {logging_mixin.py:188} INFO - [2026-07-20T14:08:23.933+0000] {dag.py:3947} INFO - Setting next_dagrun for SCD2_snapshots to 2026-07-20 00:00:00+00:00, run_after=2026-07-21 00:00:00+00:00
[2026-07-20T14:08:23.971+0000] {processor.py:183} INFO - Processing /opt/airflow/dags/scd.py took 0.171 seconds
[2026-07-20T14:08:54.094+0000] {processor.py:161} INFO - Started process (PID=1848) to work on /opt/airflow/dags/scd.py
[2026-07-20T14:08:54.096+0000] {processor.py:830} INFO - Processing file /opt/airflow/dags/scd.py for tasks to queue
[2026-07-20T14:08:54.101+0000] {logging_mixin.py:188} INFO - [2026-07-20T14:08:54.101+0000] {dagbag.py:545} INFO - Filling up the DagBag from /opt/airflow/dags/scd.py
[2026-07-20T14:08:54.132+0000] {processor.py:840} INFO - DAG(s) 'SCD2_snapshots' retrieved from /opt/airflow/dags/scd.py
[2026-07-20T14:08:54.178+0000] {logging_mixin.py:188} INFO - [2026-07-20T14:08:54.177+0000] {dag.py:3089} INFO - Sync 1 DAGs
[2026-07-20T14:08:54.224+0000] {logging_mixin.py:188} INFO - [2026-07-20T14:08:54.223+0000] {dag.py:3947} INFO - Setting next_dagrun for SCD2_snapshots to 2026-07-20 00:00:00+00:00, run_after=2026-07-21 00:00:00+00:00
[2026-07-20T14:08:54.257+0000] {processor.py:183} INFO - Processing /opt/airflow/dags/scd.py took 0.172 seconds
[2026-07-20T14:09:24.434+0000] {processor.py:161} INFO - Started process (PID=1853) to work on /opt/airflow/dags/scd.py
[2026-07-20T14:09:24.436+0000] {processor.py:830} INFO - Processing file /opt/airflow/dags/scd.py for tasks to queue
[2026-07-20T14:09:24.439+0000] {logging_mixin.py:188} INFO - [2026-07-20T14:09:24.438+0000] {dagbag.py:545} INFO - Filling up the DagBag from /opt/airflow/dags/scd.py
[2026-07-20T14:09:24.480+0000] {processor.py:840} INFO - DAG(s) 'SCD2_snapshots' retrieved from /opt/airflow/dags/scd.py
[2026-07-20T14:09:24.533+0000] {logging_mixin.py:188} INFO - [2026-07-20T14:09:24.533+0000] {dag.py:3089} INFO - Sync 1 DAGs
[2026-07-20T14:09:24.563+0000] {logging_mixin.py:188} INFO - [2026-07-20T14:09:24.563+0000] {dag.py:3947} INFO - Setting next_dagrun for SCD2_snapshots to 2026-07-20 00:00:00+00:00, run_after=2026-07-21 00:00:00+00:00
[2026-07-20T14:09:24.584+0000] {processor.py:183} INFO - Processing /opt/airflow/dags/scd.py took 0.163 seconds
[2026-07-20T14:09:54.880+0000] {processor.py:161} INFO - Started process (PID=1858) to work on /opt/airflow/dags/scd.py
[2026-07-20T14:09:54.882+0000] {processor.py:830} INFO - Processing file /opt/airflow/dags/scd.py for tasks to queue
[2026-07-20T14:09:54.884+0000] {logging_mixin.py:188} INFO - [2026-07-20T14:09:54.883+0000] {dagbag.py:545} INFO - Filling up the DagBag from /opt/airflow/dags/scd.py
[2026-07-20T14:09:54.910+0000] {processor.py:840} INFO - DAG(s) 'SCD2_snapshots' retrieved from /opt/airflow/dags/scd.py
[2026-07-20T14:09:54.952+0000] {logging_mixin.py:188} INFO - [2026-07-20T14:09:54.952+0000] {dag.py:3089} INFO - Sync 1 DAGs
[2026-07-20T14:09:54.980+0000] {logging_mixin.py:188} INFO - [2026-07-20T14:09:54.980+0000] {dag.py:3947} INFO - Setting next_dagrun for SCD2_snapshots to 2026-07-20 00:00:00+00:00, run_after=2026-07-21 00:00:00+00:00
[2026-07-20T14:09:55.007+0000] {processor.py:183} INFO - Processing /opt/airflow/dags/scd.py took 0.134 seconds
[2026-07-20T14:10:25.091+0000] {processor.py:161} INFO - Started process (PID=1863) to work on /opt/airflow/dags/scd.py
[2026-07-20T14:10:25.092+0000] {processor.py:830} INFO - Processing file /opt/airflow/dags/scd.py for tasks to queue
[2026-07-20T14:10:25.094+0000] {logging_mixin.py:188} INFO - [2026-07-20T14:10:25.094+0000] {dagbag.py:545} INFO - Filling up the DagBag from /opt/airflow/dags/scd.py
[2026-07-20T14:10:25.120+0000] {processor.py:840} INFO - DAG(s) 'SCD2_snapshots' retrieved from /opt/airflow/dags/scd.py
[2026-07-20T14:10:25.163+0000] {logging_mixin.py:188} INFO - [2026-07-20T14:10:25.163+0000] {dag.py:3089} INFO - Sync 1 DAGs
[2026-07-20T14:10:25.191+0000] {logging_mixin.py:188} INFO - [2026-07-20T14:10:25.191+0000] {dag.py:3947} INFO - Setting next_dagrun for SCD2_snapshots to 2026-07-20 00:00:00+00:00, run_after=2026-07-21 00:00:00+00:00
[2026-07-20T14:10:25.219+0000] {processor.py:183} INFO - Processing /opt/airflow/dags/scd.py took 0.136 seconds
[2026-07-20T14:10:55.544+0000] {processor.py:161} INFO - Started process (PID=1868) to work on /opt/airflow/dags/scd.py
[2026-07-20T14:10:55.546+0000] {processor.py:830} INFO - Processing file /opt/airflow/dags/scd.py for tasks to queue
[2026-07-20T14:10:55.549+0000] {logging_mixin.py:188} INFO - [2026-07-20T14:10:55.548+0000] {dagbag.py:545} INFO - Filling up the DagBag from /opt/airflow/dags/scd.py
[2026-07-20T14:10:55.575+0000] {processor.py:840} INFO - DAG(s) 'SCD2_snapshots' retrieved from /opt/airflow/dags/scd.py
[2026-07-20T14:10:55.613+0000] {logging_mixin.py:188} INFO - [2026-07-20T14:10:55.612+0000] {dag.py:3089} INFO - Sync 1 DAGs
[2026-07-20T14:10:55.638+0000] {logging_mixin.py:188} INFO - [2026-07-20T14:10:55.638+0000] {dag.py:3947} INFO - Setting next_dagrun for SCD2_snapshots to 2026-07-20 00:00:00+00:00, run_after=2026-07-21 00:00:00+00:00
[2026-07-20T14:10:55.661+0000] {processor.py:183} INFO - Processing /opt/airflow/dags/scd.py took 0.128 seconds
[2026-07-20T14:11:25.781+0000] {processor.py:161} INFO - Started process (PID=1873) to work on /opt/airflow/dags/scd.py
[2026-07-20T14:11:25.783+0000] {processor.py:830} INFO - Processing file /opt/airflow/dags/scd.py for tasks to queue
[2026-07-20T14:11:25.785+0000] {logging_mixin.py:188} INFO - [2026-07-20T14:11:25.785+0000] {dagbag.py:545} INFO - Filling up the DagBag from /opt/airflow/dags/scd.py
[2026-07-20T14:11:25.811+0000] {processor.py:840} INFO - DAG(s) 'SCD2_snapshots' retrieved from /opt/airflow/dags/scd.py
[2026-07-20T14:11:25.850+0000] {logging_mixin.py:188} INFO - [2026-07-20T14:11:25.850+0000] {dag.py:3089} INFO - Sync 1 DAGs
[2026-07-20T14:11:25.875+0000] {logging_mixin.py:188} INFO - [2026-07-20T14:11:25.875+0000] {dag.py:3947} INFO - Setting next_dagrun for SCD2_snapshots to 2026-07-20 00:00:00+00:00, run_after=2026-07-21 00:00:00+00:00
[2026-07-20T14:11:25.901+0000] {processor.py:183} INFO - Processing /opt/airflow/dags/scd.py took 0.127 seconds
[2026-07-20T14:11:56.212+0000] {processor.py:161} INFO - Started process (PID=1878) to work on /opt/airflow/dags/scd.py
[2026-07-20T14:11:56.215+0000] {processor.py:830} INFO - Processing file /opt/airflow/dags/scd.py for tasks to queue
[2026-07-20T14:11:56.220+0000] {logging_mixin.py:188} INFO - [2026-07-20T14:11:56.219+0000] {dagbag.py:545} INFO - Filling up the DagBag from /opt/airflow/dags/scd.py
[2026-07-20T14:11:56.262+0000] {processor.py:840} INFO - DAG(s) 'SCD2_snapshots' retrieved from /opt/airflow/dags/scd.py
[2026-07-20T14:11:56.307+0000] {logging_mixin.py:188} INFO - [2026-07-20T14:11:56.306+0000] {dag.py:3089} INFO - Sync 1 DAGs
[2026-07-20T14:11:56.337+0000] {logging_mixin.py:188} INFO - [2026-07-20T14:11:56.337+0000] {dag.py:3947} INFO - Setting next_dagrun for SCD2_snapshots to 2026-07-20 00:00:00+00:00, run_after=2026-07-21 00:00:00+00:00
[2026-07-20T14:11:56.364+0000] {processor.py:183} INFO - Processing /opt/airflow/dags/scd.py took 0.162 seconds
[2026-07-20T14:12:26.657+0000] {processor.py:161} INFO - Started process (PID=1883) to work on /opt/airflow/dags/scd.py
[2026-07-20T14:12:26.659+0000] {processor.py:830} INFO - Processing file /opt/airflow/dags/scd.py for tasks to queue
[2026-07-20T14:12:26.661+0000] {logging_mixin.py:188} INFO - [2026-07-20T14:12:26.660+0000] {dagbag.py:545} INFO - Filling up the DagBag from /opt/airflow/dags/scd.py
[2026-07-20T14:12:26.687+0000] {processor.py:840} INFO - DAG(s) 'SCD2_snapshots' retrieved from /opt/airflow/dags/scd.py
[2026-07-20T14:12:26.725+0000] {logging_mixin.py:188} INFO - [2026-07-20T14:12:26.725+0000] {dag.py:3089} INFO - Sync 1 DAGs
[2026-07-20T14:12:26.754+0000] {logging_mixin.py:188} INFO - [2026-07-20T14:12:26.754+0000] {dag.py:3947} INFO - Setting next_dagrun for SCD2_snapshots to 2026-07-20 00:00:00+00:00, run_after=2026-07-21 00:00:00+00:00
[2026-07-20T14:12:26.778+0000] {processor.py:183} INFO - Processing /opt/airflow/dags/scd.py took 0.128 seconds
[2026-07-20T14:12:56.921+0000] {processor.py:161} INFO - Started process (PID=1888) to work on /opt/airflow/dags/scd.py
[2026-07-20T14:12:56.922+0000] {processor.py:830} INFO - Processing file /opt/airflow/dags/scd.py for tasks to queue
[2026-07-20T14:12:56.925+0000] {logging_mixin.py:188} INFO - [2026-07-20T14:12:56.924+0000] {dagbag.py:545} INFO - Filling up the DagBag from /opt/airflow/dags/scd.py
[2026-07-20T14:12:56.952+0000] {processor.py:840} INFO - DAG(s) 'SCD2_snapshots' retrieved from /opt/airflow/dags/scd.py
[2026-07-20T14:12:56.988+0000] {logging_mixin.py:188} INFO - [2026-07-20T14:12:56.988+0000] {dag.py:3089} INFO - Sync 1 DAGs
[2026-07-20T14:12:57.013+0000] {logging_mixin.py:188} INFO - [2026-07-20T14:12:57.012+0000] {dag.py:3947} INFO - Setting next_dagrun for SCD2_snapshots to 2026-07-20 00:00:00+00:00, run_after=2026-07-21 00:00:00+00:00
[2026-07-20T14:12:57.039+0000] {processor.py:183} INFO - Processing /opt/airflow/dags/scd.py took 0.125 seconds
[2026-07-20T14:13:27.139+0000] {processor.py:161} INFO - Started process (PID=1893) to work on /opt/airflow/dags/scd.py
[2026-07-20T14:13:27.141+0000] {processor.py:830} INFO - Processing file /opt/airflow/dags/scd.py for tasks to queue
[2026-07-20T14:13:27.143+0000] {logging_mixin.py:188} INFO - [2026-07-20T14:13:27.143+0000] {dagbag.py:545} INFO - Filling up the DagBag from /opt/airflow/dags/scd.py
[2026-07-20T14:13:27.170+0000] {processor.py:840} INFO - DAG(s) 'SCD2_snapshots' retrieved from /opt/airflow/dags/scd.py
[2026-07-20T14:13:27.206+0000] {logging_mixin.py:188} INFO - [2026-07-20T14:13:27.206+0000] {dag.py:3089} INFO - Sync 1 DAGs
[2026-07-20T14:13:27.230+0000] {logging_mixin.py:188} INFO - [2026-07-20T14:13:27.229+0000] {dag.py:3947} INFO - Setting next_dagrun for SCD2_snapshots to 2026-07-20 00:00:00+00:00, run_after=2026-07-21 00:00:00+00:00
[2026-07-20T14:13:27.251+0000] {processor.py:183} INFO - Processing /opt/airflow/dags/scd.py took 0.119 seconds
[2026-07-20T14:13:57.355+0000] {processor.py:161} INFO - Started process (PID=1898) to work on /opt/airflow/dags/scd.py
[2026-07-20T14:13:57.356+0000] {processor.py:830} INFO - Processing file /opt/airflow/dags/scd.py for tasks to queue
[2026-07-20T14:13:57.358+0000] {logging_mixin.py:188} INFO - [2026-07-20T14:13:57.358+0000] {dagbag.py:545} INFO - Filling up the DagBag from /opt/airflow/dags/scd.py
[2026-07-20T14:13:57.386+0000] {processor.py:840} INFO - DAG(s) 'SCD2_snapshots' retrieved from /opt/airflow/dags/scd.py
[2026-07-20T14:13:57.422+0000] {logging_mixin.py:188} INFO - [2026-07-20T14:13:57.422+0000] {dag.py:3089} INFO - Sync 1 DAGs
[2026-07-20T14:13:57.447+0000] {logging_mixin.py:188} INFO - [2026-07-20T14:13:57.447+0000] {dag.py:3947} INFO - Setting next_dagrun for SCD2_snapshots to 2026-07-20 00:00:00+00:00, run_after=2026-07-21 00:00:00+00:00
[2026-07-20T14:13:57.470+0000] {processor.py:183} INFO - Processing /opt/airflow/dags/scd.py took 0.123 seconds
[2026-07-20T14:14:27.604+0000] {processor.py:161} INFO - Started process (PID=1899) to work on /opt/airflow/dags/scd.py
[2026-07-20T14:14:27.606+0000] {processor.py:830} INFO - Processing file /opt/airflow/dags/scd.py for tasks to queue
[2026-07-20T14:14:27.608+0000] {logging_mixin.py:188} INFO - [2026-07-20T14:14:27.608+0000] {dagbag.py:545} INFO - Filling up the DagBag from /opt/airflow/dags/scd.py
[2026-07-20T14:14:27.639+0000] {processor.py:840} INFO - DAG(s) 'SCD2_snapshots' retrieved from /opt/airflow/dags/scd.py
[2026-07-20T14:14:27.683+0000] {logging_mixin.py:188} INFO - [2026-07-20T14:14:27.683+0000] {dag.py:3089} INFO - Sync 1 DAGs
[2026-07-20T14:14:27.713+0000] {logging_mixin.py:188} INFO - [2026-07-20T14:14:27.713+0000] {dag.py:3947} INFO - Setting next_dagrun for SCD2_snapshots to 2026-07-20 00:00:00+00:00, run_after=2026-07-21 00:00:00+00:00
[2026-07-20T14:14:27.741+0000] {processor.py:183} INFO - Processing /opt/airflow/dags/scd.py took 0.147 seconds
[2026-07-20T14:14:58.100+0000] {processor.py:161} INFO - Started process (PID=1904) to work on /opt/airflow/dags/scd.py
[2026-07-20T14:14:58.101+0000] {processor.py:830} INFO - Processing file /opt/airflow/dags/scd.py for tasks to queue
[2026-07-20T14:14:58.104+0000] {logging_mixin.py:188} INFO - [2026-07-20T14:14:58.103+0000] {dagbag.py:545} INFO - Filling up the DagBag from /opt/airflow/dags/scd.py
[2026-07-20T14:14:58.136+0000] {processor.py:840} INFO - DAG(s) 'SCD2_snapshots' retrieved from /opt/airflow/dags/scd.py
[2026-07-20T14:14:58.177+0000] {logging_mixin.py:188} INFO - [2026-07-20T14:14:58.177+0000] {dag.py:3089} INFO - Sync 1 DAGs
[2026-07-20T14:14:58.204+0000] {logging_mixin.py:188} INFO - [2026-07-20T14:14:58.203+0000] {dag.py:3947} INFO - Setting next_dagrun for SCD2_snapshots to 2026-07-20 00:00:00+00:00, run_after=2026-07-21 00:00:00+00:00
[2026-07-20T14:14:58.228+0000] {processor.py:183} INFO - Processing /opt/airflow/dags/scd.py took 0.137 seconds
[2026-07-20T14:15:28.527+0000] {processor.py:161} INFO - Started process (PID=1909) to work on /opt/airflow/dags/scd.py
[2026-07-20T14:15:28.528+0000] {processor.py:830} INFO - Processing file /opt/airflow/dags/scd.py for tasks to queue
[2026-07-20T14:15:28.531+0000] {logging_mixin.py:188} INFO - [2026-07-20T14:15:28.530+0000] {dagbag.py:545} INFO - Filling up the DagBag from /opt/airflow/dags/scd.py
[2026-07-20T14:15:28.558+0000] {processor.py:840} INFO - DAG(s) 'SCD2_snapshots' retrieved from /opt/airflow/dags/scd.py
[2026-07-20T14:15:28.600+0000] {logging_mixin.py:188} INFO - [2026-07-20T14:15:28.600+0000] {dag.py:3089} INFO - Sync 1 DAGs
[2026-07-20T14:15:28.629+0000] {logging_mixin.py:188} INFO - [2026-07-20T14:15:28.629+0000] {dag.py:3947} INFO - Setting next_dagrun for SCD2_snapshots to 2026-07-20 00:00:00+00:00, run_after=2026-07-21 00:00:00+00:00
[2026-07-20T14:15:28.654+0000] {processor.py:183} INFO - Processing /opt/airflow/dags/scd.py took 0.136 seconds
[2026-07-20T14:15:58.932+0000] {processor.py:161} INFO - Started process (PID=1914) to work on /opt/airflow/dags/scd.py
[2026-07-20T14:15:58.934+0000] {processor.py:830} INFO - Processing file /opt/airflow/dags/scd.py for tasks to queue
[2026-07-20T14:15:58.938+0000] {logging_mixin.py:188} INFO - [2026-07-20T14:15:58.937+0000] {dagbag.py:545} INFO - Filling up the DagBag from /opt/airflow/dags/scd.py
[2026-07-20T14:15:58.970+0000] {processor.py:840} INFO - DAG(s) 'SCD2_snapshots' retrieved from /opt/airflow/dags/scd.py
[2026-07-20T14:15:59.011+0000] {logging_mixin.py:188} INFO - [2026-07-20T14:15:59.011+0000] {dag.py:3089} INFO - Sync 1 DAGs
[2026-07-20T14:15:59.038+0000] {logging_mixin.py:188} INFO - [2026-07-20T14:15:59.038+0000] {dag.py:3947} INFO - Setting next_dagrun for SCD2_snapshots to 2026-07-20 00:00:00+00:00, run_after=2026-07-21 00:00:00+00:00
[2026-07-20T14:15:59.062+0000] {processor.py:183} INFO - Processing /opt/airflow/dags/scd.py took 0.140 seconds
[2026-07-20T14:16:29.362+0000] {processor.py:161} INFO - Started process (PID=1919) to work on /opt/airflow/dags/scd.py
[2026-07-20T14:16:29.364+0000] {processor.py:830} INFO - Processing file /opt/airflow/dags/scd.py for tasks to queue
[2026-07-20T14:16:29.369+0000] {logging_mixin.py:188} INFO - [2026-07-20T14:16:29.368+0000] {dagbag.py:545} INFO - Filling up the DagBag from /opt/airflow/dags/scd.py
[2026-07-20T14:16:29.403+0000] {processor.py:840} INFO - DAG(s) 'SCD2_snapshots' retrieved from /opt/airflow/dags/scd.py
[2026-07-20T14:16:29.446+0000] {logging_mixin.py:188} INFO - [2026-07-20T14:16:29.446+0000] {dag.py:3089} INFO - Sync 1 DAGs
[2026-07-20T14:16:29.472+0000] {logging_mixin.py:188} INFO - [2026-07-20T14:16:29.472+0000] {dag.py:3947} INFO - Setting next_dagrun for SCD2_snapshots to 2026-07-20 00:00:00+00:00, run_after=2026-07-21 00:00:00+00:00
[2026-07-20T14:16:29.497+0000] {processor.py:183} INFO - Processing /opt/airflow/dags/scd.py took 0.146 seconds
[2026-07-20T14:16:59.752+0000] {processor.py:161} INFO - Started process (PID=1924) to work on /opt/airflow/dags/scd.py
[2026-07-20T14:16:59.754+0000] {processor.py:830} INFO - Processing file /opt/airflow/dags/scd.py for tasks to queue
[2026-07-20T14:16:59.757+0000] {logging_mixin.py:188} INFO - [2026-07-20T14:16:59.757+0000] {dagbag.py:545} INFO - Filling up the DagBag from /opt/airflow/dags/scd.py
[2026-07-20T14:16:59.786+0000] {processor.py:840} INFO - DAG(s) 'SCD2_snapshots' retrieved from /opt/airflow/dags/scd.py
[2026-07-20T14:16:59.826+0000] {logging_mixin.py:188} INFO - [2026-07-20T14:16:59.826+0000] {dag.py:3089} INFO - Sync 1 DAGs
[2026-07-20T14:16:59.854+0000] {logging_mixin.py:188} INFO - [2026-07-20T14:16:59.854+0000] {dag.py:3947} INFO - Setting next_dagrun for SCD2_snapshots to 2026-07-20 00:00:00+00:00, run_after=2026-07-21 00:00:00+00:00
[2026-07-20T14:16:59.880+0000] {processor.py:183} INFO - Processing /opt/airflow/dags/scd.py took 0.137 seconds
[2026-07-20T14:17:30.143+0000] {processor.py:161} INFO - Started process (PID=1929) to work on /opt/airflow/dags/scd.py
[2026-07-20T14:17:30.145+0000] {processor.py:830} INFO - Processing file /opt/airflow/dags/scd.py for tasks to queue
[2026-07-20T14:17:30.148+0000] {logging_mixin.py:188} INFO - [2026-07-20T14:17:30.147+0000] {dagbag.py:545} INFO - Filling up the DagBag from /opt/airflow/dags/scd.py
[2026-07-20T14:17:30.176+0000] {processor.py:840} INFO - DAG(s) 'SCD2_snapshots' retrieved from /opt/airflow/dags/scd.py
[2026-07-20T14:17:30.220+0000] {logging_mixin.py:188} INFO - [2026-07-20T14:17:30.220+0000] {dag.py:3089} INFO - Sync 1 DAGs
[2026-07-20T14:17:30.247+0000] {logging_mixin.py:188} INFO - [2026-07-20T14:17:30.247+0000] {dag.py:3947} INFO - Setting next_dagrun for SCD2_snapshots to 2026-07-20 00:00:00+00:00, run_after=2026-07-21 00:00:00+00:00
[2026-07-20T14:17:30.269+0000] {processor.py:183} INFO - Processing /opt/airflow/dags/scd.py took 0.134 seconds
[2026-07-20T14:18:00.405+0000] {processor.py:161} INFO - Started process (PID=1934) to work on /opt/airflow/dags/scd.py
[2026-07-20T14:18:00.407+0000] {processor.py:830} INFO - Processing file /opt/airflow/dags/scd.py for tasks to queue
[2026-07-20T14:18:00.409+0000] {logging_mixin.py:188} INFO - [2026-07-20T14:18:00.409+0000] {dagbag.py:545} INFO - Filling up the DagBag from /opt/airflow/dags/scd.py
[2026-07-20T14:18:00.437+0000] {processor.py:840} INFO - DAG(s) 'SCD2_snapshots' retrieved from /opt/airflow/dags/scd.py
[2026-07-20T14:18:00.478+0000] {logging_mixin.py:188} INFO - [2026-07-20T14:18:00.478+0000] {dag.py:3089} INFO - Sync 1 DAGs
[2026-07-20T14:18:00.505+0000] {logging_mixin.py:188} INFO - [2026-07-20T14:18:00.505+0000] {dag.py:3947} INFO - Setting next_dagrun for SCD2_snapshots to 2026-07-20 00:00:00+00:00, run_after=2026-07-21 00:00:00+00:00
[2026-07-20T14:18:00.529+0000] {processor.py:183} INFO - Processing /opt/airflow/dags/scd.py took 0.131 seconds
[2026-07-20T14:18:30.758+0000] {processor.py:161} INFO - Started process (PID=1939) to work on /opt/airflow/dags/scd.py
[2026-07-20T14:18:30.760+0000] {processor.py:830} INFO - Processing file /opt/airflow/dags/scd.py for tasks to queue
[2026-07-20T14:18:30.763+0000] {logging_mixin.py:188} INFO - [2026-07-20T14:18:30.762+0000] {dagbag.py:545} INFO - Filling up the DagBag from /opt/airflow/dags/scd.py
[2026-07-20T14:18:30.793+0000] {processor.py:840} INFO - DAG(s) 'SCD2_snapshots' retrieved from /opt/airflow/dags/scd.py
[2026-07-20T14:18:30.831+0000] {logging_mixin.py:188} INFO - [2026-07-20T14:18:30.831+0000] {dag.py:3089} INFO - Sync 1 DAGs
[2026-07-20T14:18:30.859+0000] {logging_mixin.py:188} INFO - [2026-07-20T14:18:30.858+0000] {dag.py:3947} INFO - Setting next_dagrun for SCD2_snapshots to 2026-07-20 00:00:00+00:00, run_after=2026-07-21 00:00:00+00:00
[2026-07-20T14:18:30.882+0000] {processor.py:183} INFO - Processing /opt/airflow/dags/scd.py took 0.133 seconds
[2026-07-20T14:19:01.004+0000] {processor.py:161} INFO - Started process (PID=1944) to work on /opt/airflow/dags/scd.py
[2026-07-20T14:19:01.006+0000] {processor.py:830} INFO - Processing file /opt/airflow/dags/scd.py for tasks to queue
[2026-07-20T14:19:01.010+0000] {logging_mixin.py:188} INFO - [2026-07-20T14:19:01.009+0000] {dagbag.py:545} INFO - Filling up the DagBag from /opt/airflow/dags/scd.py
[2026-07-20T14:19:01.044+0000] {processor.py:840} INFO - DAG(s) 'SCD2_snapshots' retrieved from /opt/airflow/dags/scd.py
[2026-07-20T14:19:01.090+0000] {logging_mixin.py:188} INFO - [2026-07-20T14:19:01.089+0000] {dag.py:3089} INFO - Sync 1 DAGs
[2026-07-20T14:19:01.125+0000] {logging_mixin.py:188} INFO - [2026-07-20T14:19:01.124+0000] {dag.py:3947} INFO - Setting next_dagrun for SCD2_snapshots to 2026-07-20 00:00:00+00:00, run_after=2026-07-21 00:00:00+00:00
[2026-07-20T14:19:01.150+0000] {processor.py:183} INFO - Processing /opt/airflow/dags/scd.py took 0.157 seconds
[2026-07-20T14:19:31.426+0000] {processor.py:161} INFO - Started process (PID=1949) to work on /opt/airflow/dags/scd.py
[2026-07-20T14:19:31.428+0000] {processor.py:830} INFO - Processing file /opt/airflow/dags/scd.py for tasks to queue
[2026-07-20T14:19:31.431+0000] {logging_mixin.py:188} INFO - [2026-07-20T14:19:31.430+0000] {dagbag.py:545} INFO - Filling up the DagBag from /opt/airflow/dags/scd.py
[2026-07-20T14:19:31.462+0000] {processor.py:840} INFO - DAG(s) 'SCD2_snapshots' retrieved from /opt/airflow/dags/scd.py
[2026-07-20T14:19:31.502+0000] {logging_mixin.py:188} INFO - [2026-07-20T14:19:31.502+0000] {dag.py:3089} INFO - Sync 1 DAGs
[2026-07-20T14:19:31.529+0000] {logging_mixin.py:188} INFO - [2026-07-20T14:19:31.528+0000] {dag.py:3947} INFO - Setting next_dagrun for SCD2_snapshots to 2026-07-20 00:00:00+00:00, run_after=2026-07-21 00:00:00+00:00
[2026-07-20T14:19:31.553+0000] {processor.py:183} INFO - Processing /opt/airflow/dags/scd.py took 0.135 seconds
[2026-07-20T14:20:01.846+0000] {processor.py:161} INFO - Started process (PID=1954) to work on /opt/airflow/dags/scd.py
[2026-07-20T14:20:01.848+0000] {processor.py:830} INFO - Processing file /opt/airflow/dags/scd.py for tasks to queue
[2026-07-20T14:20:01.852+0000] {logging_mixin.py:188} INFO - [2026-07-20T14:20:01.851+0000] {dagbag.py:545} INFO - Filling up the DagBag from /opt/airflow/dags/scd.py
[2026-07-20T14:20:01.878+0000] {processor.py:840} INFO - DAG(s) 'SCD2_snapshots' retrieved from /opt/airflow/dags/scd.py
[2026-07-20T14:20:01.918+0000] {logging_mixin.py:188} INFO - [2026-07-20T14:20:01.918+0000] {dag.py:3089} INFO - Sync 1 DAGs
[2026-07-20T14:20:01.945+0000] {logging_mixin.py:188} INFO - [2026-07-20T14:20:01.945+0000] {dag.py:3947} INFO - Setting next_dagrun for SCD2_snapshots to 2026-07-20 00:00:00+00:00, run_after=2026-07-21 00:00:00+00:00
[2026-07-20T14:20:01.971+0000] {processor.py:183} INFO - Processing /opt/airflow/dags/scd.py took 0.135 seconds
[2026-07-20T14:20:32.037+0000] {processor.py:161} INFO - Started process (PID=1959) to work on /opt/airflow/dags/scd.py
[2026-07-20T14:20:32.039+0000] {processor.py:830} INFO - Processing file /opt/airflow/dags/scd.py for tasks to queue
[2026-07-20T14:20:32.042+0000] {logging_mixin.py:188} INFO - [2026-07-20T14:20:32.041+0000] {dagbag.py:545} INFO - Filling up the DagBag from /opt/airflow/dags/scd.py
[2026-07-20T14:20:32.076+0000] {processor.py:840} INFO - DAG(s) 'SCD2_snapshots' retrieved from /opt/airflow/dags/scd.py
[2026-07-20T14:20:32.126+0000] {logging_mixin.py:188} INFO - [2026-07-20T14:20:32.125+0000] {dag.py:3089} INFO - Sync 1 DAGs
[2026-07-20T14:20:32.163+0000] {logging_mixin.py:188} INFO - [2026-07-20T14:20:32.162+0000] {dag.py:3947} INFO - Setting next_dagrun for SCD2_snapshots to 2026-07-20 00:00:00+00:00, run_after=2026-07-21 00:00:00+00:00
[2026-07-20T14:20:32.189+0000] {processor.py:183} INFO - Processing /opt/airflow/dags/scd.py took 0.161 seconds
[2026-07-20T14:21:02.339+0000] {processor.py:161} INFO - Started process (PID=1964) to work on /opt/airflow/dags/scd.py
[2026-07-20T14:21:02.340+0000] {processor.py:830} INFO - Processing file /opt/airflow/dags/scd.py for tasks to queue
[2026-07-20T14:21:02.342+0000] {logging_mixin.py:188} INFO - [2026-07-20T14:21:02.342+0000] {dagbag.py:545} INFO - Filling up the DagBag from /opt/airflow/dags/scd.py
[2026-07-20T14:21:02.367+0000] {processor.py:840} INFO - DAG(s) 'SCD2_snapshots' retrieved from /opt/airflow/dags/scd.py
[2026-07-20T14:21:02.410+0000] {logging_mixin.py:188} INFO - [2026-07-20T14:21:02.410+0000] {dag.py:3089} INFO - Sync 1 DAGs
[2026-07-20T14:21:02.447+0000] {logging_mixin.py:188} INFO - [2026-07-20T14:21:02.447+0000] {dag.py:3947} INFO - Setting next_dagrun for SCD2_snapshots to 2026-07-20 00:00:00+00:00, run_after=2026-07-21 00:00:00+00:00
[2026-07-20T14:21:02.477+0000] {processor.py:183} INFO - Processing /opt/airflow/dags/scd.py took 0.145 seconds
[2026-07-20T14:21:32.595+0000] {processor.py:161} INFO - Started process (PID=1969) to work on /opt/airflow/dags/scd.py
[2026-07-20T14:21:32.596+0000] {processor.py:830} INFO - Processing file /opt/airflow/dags/scd.py for tasks to queue
[2026-07-20T14:21:32.598+0000] {logging_mixin.py:188} INFO - [2026-07-20T14:21:32.598+0000] {dagbag.py:545} INFO - Filling up the DagBag from /opt/airflow/dags/scd.py
[2026-07-20T14:21:32.624+0000] {processor.py:840} INFO - DAG(s) 'SCD2_snapshots' retrieved from /opt/airflow/dags/scd.py
[2026-07-20T14:21:32.662+0000] {logging_mixin.py:188} INFO - [2026-07-20T14:21:32.662+0000] {dag.py:3089} INFO - Sync 1 DAGs
[2026-07-20T14:21:32.694+0000] {logging_mixin.py:188} INFO - [2026-07-20T14:21:32.694+0000] {dag.py:3947} INFO - Setting next_dagrun for SCD2_snapshots to 2026-07-20 00:00:00+00:00, run_after=2026-07-21 00:00:00+00:00
[2026-07-20T14:21:32.724+0000] {processor.py:183} INFO - Processing /opt/airflow/dags/scd.py took 0.136 seconds
[2026-07-20T14:22:02.820+0000] {processor.py:161} INFO - Started process (PID=1974) to work on /opt/airflow/dags/scd.py
[2026-07-20T14:22:02.822+0000] {processor.py:830} INFO - Processing file /opt/airflow/dags/scd.py for tasks to queue
[2026-07-20T14:22:02.824+0000] {logging_mixin.py:188} INFO - [2026-07-20T14:22:02.823+0000] {dagbag.py:545} INFO - Filling up the DagBag from /opt/airflow/dags/scd.py
[2026-07-20T14:22:02.849+0000] {processor.py:840} INFO - DAG(s) 'SCD2_snapshots' retrieved from /opt/airflow/dags/scd.py
[2026-07-20T14:22:02.886+0000] {logging_mixin.py:188} INFO - [2026-07-20T14:22:02.886+0000] {dag.py:3089} INFO - Sync 1 DAGs
[2026-07-20T14:22:02.920+0000] {logging_mixin.py:188} INFO - [2026-07-20T14:22:02.919+0000] {dag.py:3947} INFO - Setting next_dagrun for SCD2_snapshots to 2026-07-20 00:00:00+00:00, run_after=2026-07-21 00:00:00+00:00
[2026-07-20T14:22:02.947+0000] {processor.py:183} INFO - Processing /opt/airflow/dags/scd.py took 0.133 seconds
[2026-07-20T14:22:33.016+0000] {processor.py:161} INFO - Started process (PID=1979) to work on /opt/airflow/dags/scd.py
[2026-07-20T14:22:33.018+0000] {processor.py:830} INFO - Processing file /opt/airflow/dags/scd.py for tasks to queue
[2026-07-20T14:22:33.020+0000] {logging_mixin.py:188} INFO - [2026-07-20T14:22:33.020+0000] {dagbag.py:545} INFO - Filling up the DagBag from /opt/airflow/dags/scd.py
[2026-07-20T14:22:33.045+0000] {processor.py:840} INFO - DAG(s) 'SCD2_snapshots' retrieved from /opt/airflow/dags/scd.py
[2026-07-20T14:22:33.089+0000] {logging_mixin.py:188} INFO - [2026-07-20T14:22:33.089+0000] {dag.py:3089} INFO - Sync 1 DAGs
[2026-07-20T14:22:33.124+0000] {logging_mixin.py:188} INFO - [2026-07-20T14:22:33.124+0000] {dag.py:3947} INFO - Setting next_dagrun for SCD2_snapshots to 2026-07-20 00:00:00+00:00, run_after=2026-07-21 00:00:00+00:00
[2026-07-20T14:22:33.155+0000] {processor.py:183} INFO - Processing /opt/airflow/dags/scd.py took 0.146 seconds
[2026-07-20T14:23:03.485+0000] {processor.py:161} INFO - Started process (PID=1984) to work on /opt/airflow/dags/scd.py
[2026-07-20T14:23:03.487+0000] {processor.py:830} INFO - Processing file /opt/airflow/dags/scd.py for tasks to queue
[2026-07-20T14:23:03.490+0000] {logging_mixin.py:188} INFO - [2026-07-20T14:23:03.490+0000] {dagbag.py:545} INFO - Filling up the DagBag from /opt/airflow/dags/scd.py
[2026-07-20T14:23:03.521+0000] {processor.py:840} INFO - DAG(s) 'SCD2_snapshots' retrieved from /opt/airflow/dags/scd.py
[2026-07-20T14:23:03.557+0000] {logging_mixin.py:188} INFO - [2026-07-20T14:23:03.557+0000] {dag.py:3089} INFO - Sync 1 DAGs
[2026-07-20T14:23:03.583+0000] {logging_mixin.py:188} INFO - [2026-07-20T14:23:03.583+0000] {dag.py:3947} INFO - Setting next_dagrun for SCD2_snapshots to 2026-07-20 00:00:00+00:00, run_after=2026-07-21 00:00:00+00:00
[2026-07-20T14:23:03.613+0000] {processor.py:183} INFO - Processing /opt/airflow/dags/scd.py took 0.139 seconds
[2026-07-20T14:23:33.676+0000] {processor.py:161} INFO - Started process (PID=1989) to work on /opt/airflow/dags/scd.py
[2026-07-20T14:23:33.678+0000] {processor.py:830} INFO - Processing file /opt/airflow/dags/scd.py for tasks to queue
[2026-07-20T14:23:33.681+0000] {logging_mixin.py:188} INFO - [2026-07-20T14:23:33.681+0000] {dagbag.py:545} INFO - Filling up the DagBag from /opt/airflow/dags/scd.py
[2026-07-20T14:23:33.709+0000] {processor.py:840} INFO - DAG(s) 'SCD2_snapshots' retrieved from /opt/airflow/dags/scd.py
[2026-07-20T14:23:33.760+0000] {logging_mixin.py:188} INFO - [2026-07-20T14:23:33.759+0000] {dag.py:3089} INFO - Sync 1 DAGs
[2026-07-20T14:23:33.796+0000] {logging_mixin.py:188} INFO - [2026-07-20T14:23:33.796+0000] {dag.py:3947} INFO - Setting next_dagrun for SCD2_snapshots to 2026-07-20 00:00:00+00:00, run_after=2026-07-21 00:00:00+00:00
[2026-07-20T14:23:33.823+0000] {processor.py:183} INFO - Processing /opt/airflow/dags/scd.py took 0.155 seconds
[2026-07-20T14:24:04.113+0000] {processor.py:161} INFO - Started process (PID=1994) to work on /opt/airflow/dags/scd.py
[2026-07-20T14:24:04.114+0000] {processor.py:830} INFO - Processing file /opt/airflow/dags/scd.py for tasks to queue
[2026-07-20T14:24:04.118+0000] {logging_mixin.py:188} INFO - [2026-07-20T14:24:04.117+0000] {dagbag.py:545} INFO - Filling up the DagBag from /opt/airflow/dags/scd.py
[2026-07-20T14:24:04.143+0000] {processor.py:840} INFO - DAG(s) 'SCD2_snapshots' retrieved from /opt/airflow/dags/scd.py
[2026-07-20T14:24:04.179+0000] {logging_mixin.py:188} INFO - [2026-07-20T14:24:04.178+0000] {dag.py:3089} INFO - Sync 1 DAGs
[2026-07-20T14:24:04.203+0000] {logging_mixin.py:188} INFO - [2026-07-20T14:24:04.203+0000] {dag.py:3947} INFO - Setting next_dagrun for SCD2_snapshots to 2026-07-20 00:00:00+00:00, run_after=2026-07-21 00:00:00+00:00
[2026-07-20T14:24:04.227+0000] {processor.py:183} INFO - Processing /opt/airflow/dags/scd.py took 0.122 seconds
[2026-07-20T14:24:34.472+0000] {processor.py:161} INFO - Started process (PID=1999) to work on /opt/airflow/dags/scd.py
[2026-07-20T14:24:34.474+0000] {processor.py:830} INFO - Processing file /opt/airflow/dags/scd.py for tasks to queue
[2026-07-20T14:24:34.477+0000] {logging_mixin.py:188} INFO - [2026-07-20T14:24:34.476+0000] {dagbag.py:545} INFO - Filling up the DagBag from /opt/airflow/dags/scd.py
[2026-07-20T14:24:34.504+0000] {processor.py:840} INFO - DAG(s) 'SCD2_snapshots' retrieved from /opt/airflow/dags/scd.py
[2026-07-20T14:24:34.545+0000] {logging_mixin.py:188} INFO - [2026-07-20T14:24:34.545+0000] {dag.py:3089} INFO - Sync 1 DAGs
[2026-07-20T14:24:34.572+0000] {logging_mixin.py:188} INFO - [2026-07-20T14:24:34.572+0000] {dag.py:3947} INFO - Setting next_dagrun for SCD2_snapshots to 2026-07-20 00:00:00+00:00, run_after=2026-07-21 00:00:00+00:00
[2026-07-20T14:24:34.608+0000] {processor.py:183} INFO - Processing /opt/airflow/dags/scd.py took 0.143 seconds
[2026-07-20T14:25:04.768+0000] {processor.py:161} INFO - Started process (PID=2004) to work on /opt/airflow/dags/scd.py
[2026-07-20T14:25:04.770+0000] {processor.py:830} INFO - Processing file /opt/airflow/dags/scd.py for tasks to queue
[2026-07-20T14:25:04.773+0000] {logging_mixin.py:188} INFO - [2026-07-20T14:25:04.772+0000] {dagbag.py:545} INFO - Filling up the DagBag from /opt/airflow/dags/scd.py
[2026-07-20T14:25:04.810+0000] {processor.py:840} INFO - DAG(s) 'SCD2_snapshots' retrieved from /opt/airflow/dags/scd.py
[2026-07-20T14:25:04.852+0000] {logging_mixin.py:188} INFO - [2026-07-20T14:25:04.851+0000] {dag.py:3089} INFO - Sync 1 DAGs
[2026-07-20T14:25:04.897+0000] {logging_mixin.py:188} INFO - [2026-07-20T14:25:04.897+0000] {dag.py:3947} INFO - Setting next_dagrun for SCD2_snapshots to 2026-07-20 00:00:00+00:00, run_after=2026-07-21 00:00:00+00:00
[2026-07-20T14:25:05.149+0000] {processor.py:183} INFO - Processing /opt/airflow/dags/scd.py took 0.392 seconds
[2026-07-20T14:25:35.455+0000] {processor.py:161} INFO - Started process (PID=2009) to work on /opt/airflow/dags/scd.py
[2026-07-20T14:25:35.456+0000] {processor.py:830} INFO - Processing file /opt/airflow/dags/scd.py for tasks to queue
[2026-07-20T14:25:35.459+0000] {logging_mixin.py:188} INFO - [2026-07-20T14:25:35.459+0000] {dagbag.py:545} INFO - Filling up the DagBag from /opt/airflow/dags/scd.py
[2026-07-20T14:25:35.490+0000] {processor.py:840} INFO - DAG(s) 'SCD2_snapshots' retrieved from /opt/airflow/dags/scd.py
[2026-07-20T14:25:35.530+0000] {logging_mixin.py:188} INFO - [2026-07-20T14:25:35.529+0000] {dag.py:3089} INFO - Sync 1 DAGs
[2026-07-20T14:25:35.569+0000] {logging_mixin.py:188} INFO - [2026-07-20T14:25:35.568+0000] {dag.py:3947} INFO - Setting next_dagrun for SCD2_snapshots to 2026-07-20 00:00:00+00:00, run_after=2026-07-21 00:00:00+00:00
[2026-07-20T14:25:35.598+0000] {processor.py:183} INFO - Processing /opt/airflow/dags/scd.py took 0.153 seconds
[2026-07-20T14:26:05.872+0000] {processor.py:161} INFO - Started process (PID=2014) to work on /opt/airflow/dags/scd.py
[2026-07-20T14:26:05.873+0000] {processor.py:830} INFO - Processing file /opt/airflow/dags/scd.py for tasks to queue
[2026-07-20T14:26:05.876+0000] {logging_mixin.py:188} INFO - [2026-07-20T14:26:05.875+0000] {dagbag.py:545} INFO - Filling up the DagBag from /opt/airflow/dags/scd.py
[2026-07-20T14:26:05.902+0000] {processor.py:840} INFO - DAG(s) 'SCD2_snapshots' retrieved from /opt/airflow/dags/scd.py
[2026-07-20T14:26:05.939+0000] {logging_mixin.py:188} INFO - [2026-07-20T14:26:05.939+0000] {dag.py:3089} INFO - Sync 1 DAGs
[2026-07-20T14:26:05.964+0000] {logging_mixin.py:188} INFO - [2026-07-20T14:26:05.964+0000] {dag.py:3947} INFO - Setting next_dagrun for SCD2_snapshots to 2026-07-20 00:00:00+00:00, run_after=2026-07-21 00:00:00+00:00
[2026-07-20T14:26:05.989+0000] {processor.py:183} INFO - Processing /opt/airflow/dags/scd.py took 0.126 seconds
[2026-07-20T14:26:36.058+0000] {processor.py:161} INFO - Started process (PID=2019) to work on /opt/airflow/dags/scd.py
[2026-07-20T14:26:36.060+0000] {processor.py:830} INFO - Processing file /opt/airflow/dags/scd.py for tasks to queue
[2026-07-20T14:26:36.062+0000] {logging_mixin.py:188} INFO - [2026-07-20T14:26:36.062+0000] {dagbag.py:545} INFO - Filling up the DagBag from /opt/airflow/dags/scd.py
[2026-07-20T14:26:36.089+0000] {processor.py:840} INFO - DAG(s) 'SCD2_snapshots' retrieved from /opt/airflow/dags/scd.py
[2026-07-20T14:26:36.126+0000] {logging_mixin.py:188} INFO - [2026-07-20T14:26:36.125+0000] {dag.py:3089} INFO - Sync 1 DAGs
[2026-07-20T14:26:36.158+0000] {logging_mixin.py:188} INFO - [2026-07-20T14:26:36.158+0000] {dag.py:3947} INFO - Setting next_dagrun for SCD2_snapshots to 2026-07-20 00:00:00+00:00, run_after=2026-07-21 00:00:00+00:00
[2026-07-20T14:26:36.185+0000] {processor.py:183} INFO - Processing /opt/airflow/dags/scd.py took 0.134 seconds
[2026-07-20T14:27:06.501+0000] {processor.py:161} INFO - Started process (PID=2024) to work on /opt/airflow/dags/scd.py
[2026-07-20T14:27:06.502+0000] {processor.py:830} INFO - Processing file /opt/airflow/dags/scd.py for tasks to queue
[2026-07-20T14:27:06.504+0000] {logging_mixin.py:188} INFO - [2026-07-20T14:27:06.504+0000] {dagbag.py:545} INFO - Filling up the DagBag from /opt/airflow/dags/scd.py
[2026-07-20T14:27:06.534+0000] {processor.py:840} INFO - DAG(s) 'SCD2_snapshots' retrieved from /opt/airflow/dags/scd.py
[2026-07-20T14:27:06.577+0000] {logging_mixin.py:188} INFO - [2026-07-20T14:27:06.576+0000] {dag.py:3089} INFO - Sync 1 DAGs
[2026-07-20T14:27:06.604+0000] {logging_mixin.py:188} INFO - [2026-07-20T14:27:06.604+0000] {dag.py:3947} INFO - Setting next_dagrun for SCD2_snapshots to 2026-07-20 00:00:00+00:00, run_after=2026-07-21 00:00:00+00:00
[2026-07-20T14:27:06.629+0000] {processor.py:183} INFO - Processing /opt/airflow/dags/scd.py took 0.137 seconds
[2026-07-20T14:27:36.936+0000] {processor.py:161} INFO - Started process (PID=2029) to work on /opt/airflow/dags/scd.py
[2026-07-20T14:27:36.938+0000] {processor.py:830} INFO - Processing file /opt/airflow/dags/scd.py for tasks to queue
[2026-07-20T14:27:36.941+0000] {logging_mixin.py:188} INFO - [2026-07-20T14:27:36.940+0000] {dagbag.py:545} INFO - Filling up the DagBag from /opt/airflow/dags/scd.py
[2026-07-20T14:27:36.993+0000] {processor.py:840} INFO - DAG(s) 'SCD2_snapshots' retrieved from /opt/airflow/dags/scd.py
[2026-07-20T14:27:37.044+0000] {logging_mixin.py:188} INFO - [2026-07-20T14:27:37.043+0000] {dag.py:3089} INFO - Sync 1 DAGs
[2026-07-20T14:27:37.076+0000] {logging_mixin.py:188} INFO - [2026-07-20T14:27:37.076+0000] {dag.py:3947} INFO - Setting next_dagrun for SCD2_snapshots to 2026-07-20 00:00:00+00:00, run_after=2026-07-21 00:00:00+00:00
[2026-07-20T14:27:37.103+0000] {processor.py:183} INFO - Processing /opt/airflow/dags/scd.py took 0.174 seconds
[2026-07-20T14:28:07.206+0000] {processor.py:161} INFO - Started process (PID=2034) to work on /opt/airflow/dags/scd.py
[2026-07-20T14:28:07.207+0000] {processor.py:830} INFO - Processing file /opt/airflow/dags/scd.py for tasks to queue
[2026-07-20T14:28:07.209+0000] {logging_mixin.py:188} INFO - [2026-07-20T14:28:07.209+0000] {dagbag.py:545} INFO - Filling up the DagBag from /opt/airflow/dags/scd.py
[2026-07-20T14:28:07.240+0000] {processor.py:840} INFO - DAG(s) 'SCD2_snapshots' retrieved from /opt/airflow/dags/scd.py
[2026-07-20T14:28:07.280+0000] {logging_mixin.py:188} INFO - [2026-07-20T14:28:07.279+0000] {dag.py:3089} INFO - Sync 1 DAGs
[2026-07-20T14:28:07.304+0000] {logging_mixin.py:188} INFO - [2026-07-20T14:28:07.303+0000] {dag.py:3947} INFO - Setting next_dagrun for SCD2_snapshots to 2026-07-20 00:00:00+00:00, run_after=2026-07-21 00:00:00+00:00
[2026-07-20T14:28:07.328+0000] {processor.py:183} INFO - Processing /opt/airflow/dags/scd.py took 0.130 seconds
[2026-07-20T14:28:37.622+0000] {processor.py:161} INFO - Started process (PID=2039) to work on /opt/airflow/dags/scd.py
[2026-07-20T14:28:37.624+0000] {processor.py:830} INFO - Processing file /opt/airflow/dags/scd.py for tasks to queue
[2026-07-20T14:28:37.627+0000] {logging_mixin.py:188} INFO - [2026-07-20T14:28:37.626+0000] {dagbag.py:545} INFO - Filling up the DagBag from /opt/airflow/dags/scd.py
[2026-07-20T14:28:37.665+0000] {processor.py:840} INFO - DAG(s) 'SCD2_snapshots' retrieved from /opt/airflow/dags/scd.py
[2026-07-20T14:28:37.720+0000] {logging_mixin.py:188} INFO - [2026-07-20T14:28:37.720+0000] {dag.py:3089} INFO - Sync 1 DAGs
[2026-07-20T14:28:37.750+0000] {logging_mixin.py:188} INFO - [2026-07-20T14:28:37.750+0000] {dag.py:3947} INFO - Setting next_dagrun for SCD2_snapshots to 2026-07-20 00:00:00+00:00, run_after=2026-07-21 00:00:00+00:00
[2026-07-20T14:28:37.771+0000] {processor.py:183} INFO - Processing /opt/airflow/dags/scd.py took 0.156 seconds
[2026-07-20T14:29:07.977+0000] {processor.py:161} INFO - Started process (PID=2044) to work on /opt/airflow/dags/scd.py
[2026-07-20T14:29:07.978+0000] {processor.py:830} INFO - Processing file /opt/airflow/dags/scd.py for tasks to queue
[2026-07-20T14:29:07.980+0000] {logging_mixin.py:188} INFO - [2026-07-20T14:29:07.980+0000] {dagbag.py:545} INFO - Filling up the DagBag from /opt/airflow/dags/scd.py
[2026-07-20T14:29:08.010+0000] {processor.py:840} INFO - DAG(s) 'SCD2_snapshots' retrieved from /opt/airflow/dags/scd.py
[2026-07-20T14:29:08.047+0000] {logging_mixin.py:188} INFO - [2026-07-20T14:29:08.046+0000] {dag.py:3089} INFO - Sync 1 DAGs
[2026-07-20T14:29:08.072+0000] {logging_mixin.py:188} INFO - [2026-07-20T14:29:08.071+0000] {dag.py:3947} INFO - Setting next_dagrun for SCD2_snapshots to 2026-07-20 00:00:00+00:00, run_after=2026-07-21 00:00:00+00:00
[2026-07-20T14:29:08.093+0000] {processor.py:183} INFO - Processing /opt/airflow/dags/scd.py took 0.125 seconds
[2026-07-20T14:29:38.279+0000] {processor.py:161} INFO - Started process (PID=2049) to work on /opt/airflow/dags/scd.py
[2026-07-20T14:29:38.281+0000] {processor.py:830} INFO - Processing file /opt/airflow/dags/scd.py for tasks to queue
[2026-07-20T14:29:38.283+0000] {logging_mixin.py:188} INFO - [2026-07-20T14:29:38.282+0000] {dagbag.py:545} INFO - Filling up the DagBag from /opt/airflow/dags/scd.py
[2026-07-20T14:29:38.316+0000] {processor.py:840} INFO - DAG(s) 'SCD2_snapshots' retrieved from /opt/airflow/dags/scd.py
[2026-07-20T14:29:38.356+0000] {logging_mixin.py:188} INFO - [2026-07-20T14:29:38.356+0000] {dag.py:3089} INFO - Sync 1 DAGs
[2026-07-20T14:29:38.394+0000] {logging_mixin.py:188} INFO - [2026-07-20T14:29:38.393+0000] {dag.py:3947} INFO - Setting next_dagrun for SCD2_snapshots to 2026-07-20 00:00:00+00:00, run_after=2026-07-21 00:00:00+00:00
[2026-07-20T14:29:38.562+0000] {processor.py:183} INFO - Processing /opt/airflow/dags/scd.py took 0.293 seconds
[2026-07-20T14:30:08.715+0000] {processor.py:161} INFO - Started process (PID=2050) to work on /opt/airflow/dags/scd.py
[2026-07-20T14:30:08.717+0000] {processor.py:830} INFO - Processing file /opt/airflow/dags/scd.py for tasks to queue
[2026-07-20T14:30:08.720+0000] {logging_mixin.py:188} INFO - [2026-07-20T14:30:08.719+0000] {dagbag.py:545} INFO - Filling up the DagBag from /opt/airflow/dags/scd.py
[2026-07-20T14:30:08.753+0000] {processor.py:840} INFO - DAG(s) 'SCD2_snapshots' retrieved from /opt/airflow/dags/scd.py
[2026-07-20T14:30:08.797+0000] {logging_mixin.py:188} INFO - [2026-07-20T14:30:08.797+0000] {dag.py:3089} INFO - Sync 1 DAGs
[2026-07-20T14:30:08.828+0000] {logging_mixin.py:188} INFO - [2026-07-20T14:30:08.828+0000] {dag.py:3947} INFO - Setting next_dagrun for SCD2_snapshots to 2026-07-20 00:00:00+00:00, run_after=2026-07-21 00:00:00+00:00
[2026-07-20T14:30:08.859+0000] {processor.py:183} INFO - Processing /opt/airflow/dags/scd.py took 0.156 seconds
[2026-07-20T14:30:39.145+0000] {processor.py:161} INFO - Started process (PID=2055) to work on /opt/airflow/dags/scd.py
[2026-07-20T14:30:39.147+0000] {processor.py:830} INFO - Processing file /opt/airflow/dags/scd.py for tasks to queue
[2026-07-20T14:30:39.149+0000] {logging_mixin.py:188} INFO - [2026-07-20T14:30:39.149+0000] {dagbag.py:545} INFO - Filling up the DagBag from /opt/airflow/dags/scd.py
[2026-07-20T14:30:39.179+0000] {processor.py:840} INFO - DAG(s) 'SCD2_snapshots' retrieved from /opt/airflow/dags/scd.py
[2026-07-20T14:30:39.226+0000] {logging_mixin.py:188} INFO - [2026-07-20T14:30:39.226+0000] {dag.py:3089} INFO - Sync 1 DAGs
[2026-07-20T14:30:39.254+0000] {logging_mixin.py:188} INFO - [2026-07-20T14:30:39.254+0000] {dag.py:3947} INFO - Setting next_dagrun for SCD2_snapshots to 2026-07-20 00:00:00+00:00, run_after=2026-07-21 00:00:00+00:00
[2026-07-20T14:30:39.278+0000] {processor.py:183} INFO - Processing /opt/airflow/dags/scd.py took 0.141 seconds
[2026-07-20T14:31:09.429+0000] {processor.py:161} INFO - Started process (PID=2060) to work on /opt/airflow/dags/scd.py
[2026-07-20T14:31:09.431+0000] {processor.py:830} INFO - Processing file /opt/airflow/dags/scd.py for tasks to queue
[2026-07-20T14:31:09.434+0000] {logging_mixin.py:188} INFO - [2026-07-20T14:31:09.433+0000] {dagbag.py:545} INFO - Filling up the DagBag from /opt/airflow/dags/scd.py
[2026-07-20T14:31:09.459+0000] {processor.py:840} INFO - DAG(s) 'SCD2_snapshots' retrieved from /opt/airflow/dags/scd.py
[2026-07-20T14:31:09.498+0000] {logging_mixin.py:188} INFO - [2026-07-20T14:31:09.497+0000] {dag.py:3089} INFO - Sync 1 DAGs
[2026-07-20T14:31:09.524+0000] {logging_mixin.py:188} INFO - [2026-07-20T14:31:09.524+0000] {dag.py:3947} INFO - Setting next_dagrun for SCD2_snapshots to 2026-07-20 00:00:00+00:00, run_after=2026-07-21 00:00:00+00:00
[2026-07-20T14:31:09.552+0000] {processor.py:183} INFO - Processing /opt/airflow/dags/scd.py took 0.130 seconds
[2026-07-20T14:31:39.755+0000] {processor.py:161} INFO - Started process (PID=2065) to work on /opt/airflow/dags/scd.py
[2026-07-20T14:31:39.756+0000] {processor.py:830} INFO - Processing file /opt/airflow/dags/scd.py for tasks to queue
[2026-07-20T14:31:39.759+0000] {logging_mixin.py:188} INFO - [2026-07-20T14:31:39.759+0000] {dagbag.py:545} INFO - Filling up the DagBag from /opt/airflow/dags/scd.py
[2026-07-20T14:31:39.787+0000] {processor.py:840} INFO - DAG(s) 'SCD2_snapshots' retrieved from /opt/airflow/dags/scd.py
[2026-07-20T14:31:39.828+0000] {logging_mixin.py:188} INFO - [2026-07-20T14:31:39.828+0000] {dag.py:3089} INFO - Sync 1 DAGs
[2026-07-20T14:31:39.855+0000] {logging_mixin.py:188} INFO - [2026-07-20T14:31:39.854+0000] {dag.py:3947} INFO - Setting next_dagrun for SCD2_snapshots to 2026-07-20 00:00:00+00:00, run_after=2026-07-21 00:00:00+00:00
[2026-07-20T14:31:40.056+0000] {processor.py:183} INFO - Processing /opt/airflow/dags/scd.py took 0.308 seconds
[2026-07-20T14:32:10.409+0000] {processor.py:161} INFO - Started process (PID=2070) to work on /opt/airflow/dags/scd.py
[2026-07-20T14:32:10.410+0000] {processor.py:830} INFO - Processing file /opt/airflow/dags/scd.py for tasks to queue
[2026-07-20T14:32:10.414+0000] {logging_mixin.py:188} INFO - [2026-07-20T14:32:10.414+0000] {dagbag.py:545} INFO - Filling up the DagBag from /opt/airflow/dags/scd.py
[2026-07-20T14:32:10.441+0000] {processor.py:840} INFO - DAG(s) 'SCD2_snapshots' retrieved from /opt/airflow/dags/scd.py
[2026-07-20T14:32:10.479+0000] {logging_mixin.py:188} INFO - [2026-07-20T14:32:10.478+0000] {dag.py:3089} INFO - Sync 1 DAGs
[2026-07-20T14:32:10.668+0000] {logging_mixin.py:188} INFO - [2026-07-20T14:32:10.668+0000] {dag.py:3947} INFO - Setting next_dagrun for SCD2_snapshots to 2026-07-20 00:00:00+00:00, run_after=2026-07-21 00:00:00+00:00
[2026-07-20T14:32:10.688+0000] {processor.py:183} INFO - Processing /opt/airflow/dags/scd.py took 0.288 seconds
[2026-07-20T14:32:40.885+0000] {processor.py:161} INFO - Started process (PID=2075) to work on /opt/airflow/dags/scd.py
[2026-07-20T14:32:40.887+0000] {processor.py:830} INFO - Processing file /opt/airflow/dags/scd.py for tasks to queue
[2026-07-20T14:32:40.890+0000] {logging_mixin.py:188} INFO - [2026-07-20T14:32:40.890+0000] {dagbag.py:545} INFO - Filling up the DagBag from /opt/airflow/dags/scd.py
[2026-07-20T14:32:40.913+0000] {processor.py:840} INFO - DAG(s) 'SCD2_snapshots' retrieved from /opt/airflow/dags/scd.py
[2026-07-20T14:32:40.953+0000] {logging_mixin.py:188} INFO - [2026-07-20T14:32:40.953+0000] {dag.py:3089} INFO - Sync 1 DAGs
[2026-07-20T14:32:40.988+0000] {logging_mixin.py:188} INFO - [2026-07-20T14:32:40.988+0000] {dag.py:3947} INFO - Setting next_dagrun for SCD2_snapshots to 2026-07-20 00:00:00+00:00, run_after=2026-07-21 00:00:00+00:00
[2026-07-20T14:32:41.014+0000] {processor.py:183} INFO - Processing /opt/airflow/dags/scd.py took 0.136 seconds
[2026-07-20T14:33:11.439+0000] {processor.py:161} INFO - Started process (PID=2080) to work on /opt/airflow/dags/scd.py
[2026-07-20T14:33:11.440+0000] {processor.py:830} INFO - Processing file /opt/airflow/dags/scd.py for tasks to queue
[2026-07-20T14:33:11.444+0000] {logging_mixin.py:188} INFO - [2026-07-20T14:33:11.443+0000] {dagbag.py:545} INFO - Filling up the DagBag from /opt/airflow/dags/scd.py
[2026-07-20T14:33:11.478+0000] {processor.py:840} INFO - DAG(s) 'SCD2_snapshots' retrieved from /opt/airflow/dags/scd.py
[2026-07-20T14:33:11.538+0000] {logging_mixin.py:188} INFO - [2026-07-20T14:33:11.538+0000] {dag.py:3089} INFO - Sync 1 DAGs
[2026-07-20T14:33:11.582+0000] {logging_mixin.py:188} INFO - [2026-07-20T14:33:11.581+0000] {dag.py:3947} INFO - Setting next_dagrun for SCD2_snapshots to 2026-07-20 00:00:00+00:00, run_after=2026-07-21 00:00:00+00:00
[2026-07-20T14:33:11.628+0000] {processor.py:183} INFO - Processing /opt/airflow/dags/scd.py took 0.196 seconds
[2026-07-20T14:33:41.730+0000] {processor.py:161} INFO - Started process (PID=2085) to work on /opt/airflow/dags/scd.py
[2026-07-20T14:33:41.731+0000] {processor.py:830} INFO - Processing file /opt/airflow/dags/scd.py for tasks to queue
[2026-07-20T14:33:41.734+0000] {logging_mixin.py:188} INFO - [2026-07-20T14:33:41.733+0000] {dagbag.py:545} INFO - Filling up the DagBag from /opt/airflow/dags/scd.py
[2026-07-20T14:33:41.768+0000] {processor.py:840} INFO - DAG(s) 'SCD2_snapshots' retrieved from /opt/airflow/dags/scd.py
[2026-07-20T14:33:41.821+0000] {logging_mixin.py:188} INFO - [2026-07-20T14:33:41.821+0000] {dag.py:3089} INFO - Sync 1 DAGs
[2026-07-20T14:33:41.855+0000] {logging_mixin.py:188} INFO - [2026-07-20T14:33:41.855+0000] {dag.py:3947} INFO - Setting next_dagrun for SCD2_snapshots to 2026-07-20 00:00:00+00:00, run_after=2026-07-21 00:00:00+00:00
[2026-07-20T14:33:41.884+0000] {processor.py:183} INFO - Processing /opt/airflow/dags/scd.py took 0.161 seconds
[2026-07-20T14:34:12.225+0000] {processor.py:161} INFO - Started process (PID=2090) to work on /opt/airflow/dags/scd.py
[2026-07-20T14:34:12.227+0000] {processor.py:830} INFO - Processing file /opt/airflow/dags/scd.py for tasks to queue
[2026-07-20T14:34:12.230+0000] {logging_mixin.py:188} INFO - [2026-07-20T14:34:12.229+0000] {dagbag.py:545} INFO - Filling up the DagBag from /opt/airflow/dags/scd.py
[2026-07-20T14:34:12.265+0000] {processor.py:840} INFO - DAG(s) 'SCD2_snapshots' retrieved from /opt/airflow/dags/scd.py
[2026-07-20T14:34:12.330+0000] {logging_mixin.py:188} INFO - [2026-07-20T14:34:12.330+0000] {dag.py:3089} INFO - Sync 1 DAGs
[2026-07-20T14:34:12.624+0000] {logging_mixin.py:188} INFO - [2026-07-20T14:34:12.624+0000] {dag.py:3947} INFO - Setting next_dagrun for SCD2_snapshots to 2026-07-20 00:00:00+00:00, run_after=2026-07-21 00:00:00+00:00
[2026-07-20T14:34:12.649+0000] {processor.py:183} INFO - Processing /opt/airflow/dags/scd.py took 0.433 seconds
[2026-07-20T14:34:42.889+0000] {processor.py:161} INFO - Started process (PID=2095) to work on /opt/airflow/dags/scd.py
[2026-07-20T14:34:42.890+0000] {processor.py:830} INFO - Processing file /opt/airflow/dags/scd.py for tasks to queue
[2026-07-20T14:34:42.892+0000] {logging_mixin.py:188} INFO - [2026-07-20T14:34:42.892+0000] {dagbag.py:545} INFO - Filling up the DagBag from /opt/airflow/dags/scd.py
[2026-07-20T14:34:42.919+0000] {processor.py:840} INFO - DAG(s) 'SCD2_snapshots' retrieved from /opt/airflow/dags/scd.py
[2026-07-20T14:34:42.965+0000] {logging_mixin.py:188} INFO - [2026-07-20T14:34:42.965+0000] {dag.py:3089} INFO - Sync 1 DAGs
[2026-07-20T14:34:42.991+0000] {logging_mixin.py:188} INFO - [2026-07-20T14:34:42.991+0000] {dag.py:3947} INFO - Setting next_dagrun for SCD2_snapshots to 2026-07-20 00:00:00+00:00, run_after=2026-07-21 00:00:00+00:00
[2026-07-20T14:34:43.017+0000] {processor.py:183} INFO - Processing /opt/airflow/dags/scd.py took 0.136 seconds
[2026-07-20T14:35:13.096+0000] {processor.py:161} INFO - Started process (PID=2100) to work on /opt/airflow/dags/scd.py
[2026-07-20T14:35:13.098+0000] {processor.py:830} INFO - Processing file /opt/airflow/dags/scd.py for tasks to queue
[2026-07-20T14:35:13.101+0000] {logging_mixin.py:188} INFO - [2026-07-20T14:35:13.101+0000] {dagbag.py:545} INFO - Filling up the DagBag from /opt/airflow/dags/scd.py
[2026-07-20T14:35:13.129+0000] {processor.py:840} INFO - DAG(s) 'SCD2_snapshots' retrieved from /opt/airflow/dags/scd.py
[2026-07-20T14:35:13.175+0000] {logging_mixin.py:188} INFO - [2026-07-20T14:35:13.175+0000] {dag.py:3089} INFO - Sync 1 DAGs
[2026-07-20T14:35:13.208+0000] {logging_mixin.py:188} INFO - [2026-07-20T14:35:13.207+0000] {dag.py:3947} INFO - Setting next_dagrun for SCD2_snapshots to 2026-07-20 00:00:00+00:00, run_after=2026-07-21 00:00:00+00:00
[2026-07-20T14:35:13.234+0000] {processor.py:183} INFO - Processing /opt/airflow/dags/scd.py took 0.148 seconds
[2026-07-20T14:35:43.384+0000] {processor.py:161} INFO - Started process (PID=2105) to work on /opt/airflow/dags/scd.py
[2026-07-20T14:35:43.385+0000] {processor.py:830} INFO - Processing file /opt/airflow/dags/scd.py for tasks to queue
[2026-07-20T14:35:43.388+0000] {logging_mixin.py:188} INFO - [2026-07-20T14:35:43.387+0000] {dagbag.py:545} INFO - Filling up the DagBag from /opt/airflow/dags/scd.py
[2026-07-20T14:35:43.418+0000] {processor.py:840} INFO - DAG(s) 'SCD2_snapshots' retrieved from /opt/airflow/dags/scd.py
[2026-07-20T14:35:43.457+0000] {logging_mixin.py:188} INFO - [2026-07-20T14:35:43.457+0000] {dag.py:3089} INFO - Sync 1 DAGs
[2026-07-20T14:35:43.486+0000] {logging_mixin.py:188} INFO - [2026-07-20T14:35:43.486+0000] {dag.py:3947} INFO - Setting next_dagrun for SCD2_snapshots to 2026-07-20 00:00:00+00:00, run_after=2026-07-21 00:00:00+00:00
[2026-07-20T14:35:43.509+0000] {processor.py:183} INFO - Processing /opt/airflow/dags/scd.py took 0.134 seconds
[2026-07-20T14:36:13.643+0000] {processor.py:161} INFO - Started process (PID=2110) to work on /opt/airflow/dags/scd.py
[2026-07-20T14:36:13.644+0000] {processor.py:830} INFO - Processing file /opt/airflow/dags/scd.py for tasks to queue
[2026-07-20T14:36:13.647+0000] {logging_mixin.py:188} INFO - [2026-07-20T14:36:13.647+0000] {dagbag.py:545} INFO - Filling up the DagBag from /opt/airflow/dags/scd.py
[2026-07-20T14:36:13.675+0000] {processor.py:840} INFO - DAG(s) 'SCD2_snapshots' retrieved from /opt/airflow/dags/scd.py
[2026-07-20T14:36:13.711+0000] {logging_mixin.py:188} INFO - [2026-07-20T14:36:13.711+0000] {dag.py:3089} INFO - Sync 1 DAGs
[2026-07-20T14:36:13.910+0000] {logging_mixin.py:188} INFO - [2026-07-20T14:36:13.909+0000] {dag.py:3947} INFO - Setting next_dagrun for SCD2_snapshots to 2026-07-20 00:00:00+00:00, run_after=2026-07-21 00:00:00+00:00
[2026-07-20T14:36:13.935+0000] {processor.py:183} INFO - Processing /opt/airflow/dags/scd.py took 0.304 seconds
[2026-07-20T14:36:44.019+0000] {processor.py:161} INFO - Started process (PID=2115) to work on /opt/airflow/dags/scd.py
[2026-07-20T14:36:44.020+0000] {processor.py:830} INFO - Processing file /opt/airflow/dags/scd.py for tasks to queue
[2026-07-20T14:36:44.023+0000] {logging_mixin.py:188} INFO - [2026-07-20T14:36:44.023+0000] {dagbag.py:545} INFO - Filling up the DagBag from /opt/airflow/dags/scd.py
[2026-07-20T14:36:44.057+0000] {processor.py:840} INFO - DAG(s) 'SCD2_snapshots' retrieved from /opt/airflow/dags/scd.py
[2026-07-20T14:36:44.108+0000] {logging_mixin.py:188} INFO - [2026-07-20T14:36:44.107+0000] {dag.py:3089} INFO - Sync 1 DAGs
[2026-07-20T14:36:44.321+0000] {logging_mixin.py:188} INFO - [2026-07-20T14:36:44.320+0000] {dag.py:3947} INFO - Setting next_dagrun for SCD2_snapshots to 2026-07-20 00:00:00+00:00, run_after=2026-07-21 00:00:00+00:00
[2026-07-20T14:36:44.346+0000] {processor.py:183} INFO - Processing /opt/airflow/dags/scd.py took 0.336 seconds
[2026-07-20T14:37:14.562+0000] {processor.py:161} INFO - Started process (PID=2120) to work on /opt/airflow/dags/scd.py
[2026-07-20T14:37:14.563+0000] {processor.py:830} INFO - Processing file /opt/airflow/dags/scd.py for tasks to queue
[2026-07-20T14:37:14.566+0000] {logging_mixin.py:188} INFO - [2026-07-20T14:37:14.566+0000] {dagbag.py:545} INFO - Filling up the DagBag from /opt/airflow/dags/scd.py
[2026-07-20T14:37:14.592+0000] {processor.py:840} INFO - DAG(s) 'SCD2_snapshots' retrieved from /opt/airflow/dags/scd.py
[2026-07-20T14:37:14.632+0000] {logging_mixin.py:188} INFO - [2026-07-20T14:37:14.632+0000] {dag.py:3089} INFO - Sync 1 DAGs
[2026-07-20T14:37:14.659+0000] {logging_mixin.py:188} INFO - [2026-07-20T14:37:14.659+0000] {dag.py:3947} INFO - Setting next_dagrun for SCD2_snapshots to 2026-07-20 00:00:00+00:00, run_after=2026-07-21 00:00:00+00:00
[2026-07-20T14:37:14.686+0000] {processor.py:183} INFO - Processing /opt/airflow/dags/scd.py took 0.131 seconds
[2026-07-20T14:37:44.834+0000] {processor.py:161} INFO - Started process (PID=2125) to work on /opt/airflow/dags/scd.py
[2026-07-20T14:37:44.835+0000] {processor.py:830} INFO - Processing file /opt/airflow/dags/scd.py for tasks to queue
[2026-07-20T14:37:44.838+0000] {logging_mixin.py:188} INFO - [2026-07-20T14:37:44.838+0000] {dagbag.py:545} INFO - Filling up the DagBag from /opt/airflow/dags/scd.py
[2026-07-20T14:37:44.862+0000] {processor.py:840} INFO - DAG(s) 'SCD2_snapshots' retrieved from /opt/airflow/dags/scd.py
[2026-07-20T14:37:44.900+0000] {logging_mixin.py:188} INFO - [2026-07-20T14:37:44.900+0000] {dag.py:3089} INFO - Sync 1 DAGs
[2026-07-20T14:37:44.925+0000] {logging_mixin.py:188} INFO - [2026-07-20T14:37:44.925+0000] {dag.py:3947} INFO - Setting next_dagrun for SCD2_snapshots to 2026-07-20 00:00:00+00:00, run_after=2026-07-21 00:00:00+00:00
[2026-07-20T14:37:44.948+0000] {processor.py:183} INFO - Processing /opt/airflow/dags/scd.py took 0.121 seconds
[2026-07-20T14:38:15.167+0000] {processor.py:161} INFO - Started process (PID=2130) to work on /opt/airflow/dags/scd.py
[2026-07-20T14:38:15.170+0000] {processor.py:830} INFO - Processing file /opt/airflow/dags/scd.py for tasks to queue
[2026-07-20T14:38:15.173+0000] {logging_mixin.py:188} INFO - [2026-07-20T14:38:15.172+0000] {dagbag.py:545} INFO - Filling up the DagBag from /opt/airflow/dags/scd.py
[2026-07-20T14:38:15.201+0000] {processor.py:840} INFO - DAG(s) 'SCD2_snapshots' retrieved from /opt/airflow/dags/scd.py
[2026-07-20T14:38:15.247+0000] {logging_mixin.py:188} INFO - [2026-07-20T14:38:15.247+0000] {dag.py:3089} INFO - Sync 1 DAGs
[2026-07-20T14:38:15.725+0000] {logging_mixin.py:188} INFO - [2026-07-20T14:38:15.725+0000] {dag.py:3947} INFO - Setting next_dagrun for SCD2_snapshots to 2026-07-20 00:00:00+00:00, run_after=2026-07-21 00:00:00+00:00
[2026-07-20T14:38:15.755+0000] {processor.py:183} INFO - Processing /opt/airflow/dags/scd.py took 0.596 seconds
[2026-07-20T14:38:46.112+0000] {processor.py:161} INFO - Started process (PID=2135) to work on /opt/airflow/dags/scd.py
[2026-07-20T14:38:46.114+0000] {processor.py:830} INFO - Processing file /opt/airflow/dags/scd.py for tasks to queue
[2026-07-20T14:38:46.117+0000] {logging_mixin.py:188} INFO - [2026-07-20T14:38:46.117+0000] {dagbag.py:545} INFO - Filling up the DagBag from /opt/airflow/dags/scd.py
[2026-07-20T14:38:46.143+0000] {processor.py:840} INFO - DAG(s) 'SCD2_snapshots' retrieved from /opt/airflow/dags/scd.py
[2026-07-20T14:38:46.180+0000] {logging_mixin.py:188} INFO - [2026-07-20T14:38:46.180+0000] {dag.py:3089} INFO - Sync 1 DAGs
[2026-07-20T14:38:46.364+0000] {logging_mixin.py:188} INFO - [2026-07-20T14:38:46.364+0000] {dag.py:3947} INFO - Setting next_dagrun for SCD2_snapshots to 2026-07-20 00:00:00+00:00, run_after=2026-07-21 00:00:00+00:00
[2026-07-20T14:38:46.391+0000] {processor.py:183} INFO - Processing /opt/airflow/dags/scd.py took 0.286 seconds
[2026-07-20T14:39:16.601+0000] {processor.py:161} INFO - Started process (PID=2140) to work on /opt/airflow/dags/scd.py
[2026-07-20T14:39:16.603+0000] {processor.py:830} INFO - Processing file /opt/airflow/dags/scd.py for tasks to queue
[2026-07-20T14:39:16.605+0000] {logging_mixin.py:188} INFO - [2026-07-20T14:39:16.605+0000] {dagbag.py:545} INFO - Filling up the DagBag from /opt/airflow/dags/scd.py
[2026-07-20T14:39:16.632+0000] {processor.py:840} INFO - DAG(s) 'SCD2_snapshots' retrieved from /opt/airflow/dags/scd.py
[2026-07-20T14:39:16.669+0000] {logging_mixin.py:188} INFO - [2026-07-20T14:39:16.669+0000] {dag.py:3089} INFO - Sync 1 DAGs
[2026-07-20T14:39:16.695+0000] {logging_mixin.py:188} INFO - [2026-07-20T14:39:16.695+0000] {dag.py:3947} INFO - Setting next_dagrun for SCD2_snapshots to 2026-07-20 00:00:00+00:00, run_after=2026-07-21 00:00:00+00:00
[2026-07-20T14:39:16.720+0000] {processor.py:183} INFO - Processing /opt/airflow/dags/scd.py took 0.126 seconds
[2026-07-20T14:39:46.932+0000] {processor.py:161} INFO - Started process (PID=2145) to work on /opt/airflow/dags/scd.py
[2026-07-20T14:39:46.934+0000] {processor.py:830} INFO - Processing file /opt/airflow/dags/scd.py for tasks to queue
[2026-07-20T14:39:46.936+0000] {logging_mixin.py:188} INFO - [2026-07-20T14:39:46.935+0000] {dagbag.py:545} INFO - Filling up the DagBag from /opt/airflow/dags/scd.py
[2026-07-20T14:39:46.962+0000] {processor.py:840} INFO - DAG(s) 'SCD2_snapshots' retrieved from /opt/airflow/dags/scd.py
[2026-07-20T14:39:47.001+0000] {logging_mixin.py:188} INFO - [2026-07-20T14:39:47.001+0000] {dag.py:3089} INFO - Sync 1 DAGs
[2026-07-20T14:39:47.032+0000] {logging_mixin.py:188} INFO - [2026-07-20T14:39:47.032+0000] {dag.py:3947} INFO - Setting next_dagrun for SCD2_snapshots to 2026-07-20 00:00:00+00:00, run_after=2026-07-21 00:00:00+00:00
[2026-07-20T14:39:47.055+0000] {processor.py:183} INFO - Processing /opt/airflow/dags/scd.py took 0.131 seconds
[2026-07-20T14:40:17.216+0000] {processor.py:161} INFO - Started process (PID=2150) to work on /opt/airflow/dags/scd.py
[2026-07-20T14:40:17.218+0000] {processor.py:830} INFO - Processing file /opt/airflow/dags/scd.py for tasks to queue
[2026-07-20T14:40:17.220+0000] {logging_mixin.py:188} INFO - [2026-07-20T14:40:17.220+0000] {dagbag.py:545} INFO - Filling up the DagBag from /opt/airflow/dags/scd.py
[2026-07-20T14:40:17.250+0000] {processor.py:840} INFO - DAG(s) 'SCD2_snapshots' retrieved from /opt/airflow/dags/scd.py
[2026-07-20T14:40:17.289+0000] {logging_mixin.py:188} INFO - [2026-07-20T14:40:17.289+0000] {dag.py:3089} INFO - Sync 1 DAGs
[2026-07-20T14:40:17.316+0000] {logging_mixin.py:188} INFO - [2026-07-20T14:40:17.316+0000] {dag.py:3947} INFO - Setting next_dagrun for SCD2_snapshots to 2026-07-20 00:00:00+00:00, run_after=2026-07-21 00:00:00+00:00
[2026-07-20T14:40:17.499+0000] {processor.py:183} INFO - Processing /opt/airflow/dags/scd.py took 0.291 seconds
[2026-07-20T14:40:47.848+0000] {processor.py:161} INFO - Started process (PID=2155) to work on /opt/airflow/dags/scd.py
[2026-07-20T14:40:47.850+0000] {processor.py:830} INFO - Processing file /opt/airflow/dags/scd.py for tasks to queue
[2026-07-20T14:40:47.853+0000] {logging_mixin.py:188} INFO - [2026-07-20T14:40:47.853+0000] {dagbag.py:545} INFO - Filling up the DagBag from /opt/airflow/dags/scd.py
[2026-07-20T14:40:47.883+0000] {processor.py:840} INFO - DAG(s) 'SCD2_snapshots' retrieved from /opt/airflow/dags/scd.py
[2026-07-20T14:40:47.924+0000] {logging_mixin.py:188} INFO - [2026-07-20T14:40:47.923+0000] {dag.py:3089} INFO - Sync 1 DAGs
[2026-07-20T14:40:48.120+0000] {logging_mixin.py:188} INFO - [2026-07-20T14:40:48.119+0000] {dag.py:3947} INFO - Setting next_dagrun for SCD2_snapshots to 2026-07-20 00:00:00+00:00, run_after=2026-07-21 00:00:00+00:00
[2026-07-20T14:40:48.151+0000] {processor.py:183} INFO - Processing /opt/airflow/dags/scd.py took 0.313 seconds
[2026-07-20T14:41:18.522+0000] {processor.py:161} INFO - Started process (PID=2160) to work on /opt/airflow/dags/scd.py
[2026-07-20T14:41:18.523+0000] {processor.py:830} INFO - Processing file /opt/airflow/dags/scd.py for tasks to queue
[2026-07-20T14:41:18.527+0000] {logging_mixin.py:188} INFO - [2026-07-20T14:41:18.526+0000] {dagbag.py:545} INFO - Filling up the DagBag from /opt/airflow/dags/scd.py
[2026-07-20T14:41:18.553+0000] {processor.py:840} INFO - DAG(s) 'SCD2_snapshots' retrieved from /opt/airflow/dags/scd.py
[2026-07-20T14:41:18.590+0000] {logging_mixin.py:188} INFO - [2026-07-20T14:41:18.589+0000] {dag.py:3089} INFO - Sync 1 DAGs
[2026-07-20T14:41:18.617+0000] {logging_mixin.py:188} INFO - [2026-07-20T14:41:18.617+0000] {dag.py:3947} INFO - Setting next_dagrun for SCD2_snapshots to 2026-07-20 00:00:00+00:00, run_after=2026-07-21 00:00:00+00:00
[2026-07-20T14:41:18.642+0000] {processor.py:183} INFO - Processing /opt/airflow/dags/scd.py took 0.127 seconds
[2026-07-20T14:41:48.791+0000] {processor.py:161} INFO - Started process (PID=2165) to work on /opt/airflow/dags/scd.py
[2026-07-20T14:41:48.793+0000] {processor.py:830} INFO - Processing file /opt/airflow/dags/scd.py for tasks to queue
[2026-07-20T14:41:48.798+0000] {logging_mixin.py:188} INFO - [2026-07-20T14:41:48.798+0000] {dagbag.py:545} INFO - Filling up the DagBag from /opt/airflow/dags/scd.py
[2026-07-20T14:41:48.828+0000] {processor.py:840} INFO - DAG(s) 'SCD2_snapshots' retrieved from /opt/airflow/dags/scd.py
[2026-07-20T14:41:48.881+0000] {logging_mixin.py:188} INFO - [2026-07-20T14:41:48.881+0000] {dag.py:3089} INFO - Sync 1 DAGs
[2026-07-20T14:41:48.914+0000] {logging_mixin.py:188} INFO - [2026-07-20T14:41:48.913+0000] {dag.py:3947} INFO - Setting next_dagrun for SCD2_snapshots to 2026-07-20 00:00:00+00:00, run_after=2026-07-21 00:00:00+00:00
[2026-07-20T14:41:48.938+0000] {processor.py:183} INFO - Processing /opt/airflow/dags/scd.py took 0.155 seconds
[2026-07-20T14:42:19.156+0000] {processor.py:161} INFO - Started process (PID=2170) to work on /opt/airflow/dags/scd.py
[2026-07-20T14:42:19.158+0000] {processor.py:830} INFO - Processing file /opt/airflow/dags/scd.py for tasks to queue
[2026-07-20T14:42:19.160+0000] {logging_mixin.py:188} INFO - [2026-07-20T14:42:19.160+0000] {dagbag.py:545} INFO - Filling up the DagBag from /opt/airflow/dags/scd.py
[2026-07-20T14:42:19.187+0000] {processor.py:840} INFO - DAG(s) 'SCD2_snapshots' retrieved from /opt/airflow/dags/scd.py
[2026-07-20T14:42:19.224+0000] {logging_mixin.py:188} INFO - [2026-07-20T14:42:19.224+0000] {dag.py:3089} INFO - Sync 1 DAGs
[2026-07-20T14:42:19.253+0000] {logging_mixin.py:188} INFO - [2026-07-20T14:42:19.253+0000] {dag.py:3947} INFO - Setting next_dagrun for SCD2_snapshots to 2026-07-20 00:00:00+00:00, run_after=2026-07-21 00:00:00+00:00
[2026-07-20T14:42:19.464+0000] {processor.py:183} INFO - Processing /opt/airflow/dags/scd.py took 0.316 seconds
[2026-07-20T14:42:49.557+0000] {processor.py:161} INFO - Started process (PID=2175) to work on /opt/airflow/dags/scd.py
[2026-07-20T14:42:49.558+0000] {processor.py:830} INFO - Processing file /opt/airflow/dags/scd.py for tasks to queue
[2026-07-20T14:42:49.560+0000] {logging_mixin.py:188} INFO - [2026-07-20T14:42:49.560+0000] {dagbag.py:545} INFO - Filling up the DagBag from /opt/airflow/dags/scd.py
[2026-07-20T14:42:49.586+0000] {processor.py:840} INFO - DAG(s) 'SCD2_snapshots' retrieved from /opt/airflow/dags/scd.py
[2026-07-20T14:42:49.624+0000] {logging_mixin.py:188} INFO - [2026-07-20T14:42:49.623+0000] {dag.py:3089} INFO - Sync 1 DAGs
[2026-07-20T14:42:49.868+0000] {logging_mixin.py:188} INFO - [2026-07-20T14:42:49.867+0000] {dag.py:3947} INFO - Setting next_dagrun for SCD2_snapshots to 2026-07-20 00:00:00+00:00, run_after=2026-07-21 00:00:00+00:00
[2026-07-20T14:42:49.893+0000] {processor.py:183} INFO - Processing /opt/airflow/dags/scd.py took 0.344 seconds
[2026-07-20T14:43:20.101+0000] {processor.py:161} INFO - Started process (PID=2180) to work on /opt/airflow/dags/scd.py
[2026-07-20T14:43:20.102+0000] {processor.py:830} INFO - Processing file /opt/airflow/dags/scd.py for tasks to queue
[2026-07-20T14:43:20.104+0000] {logging_mixin.py:188} INFO - [2026-07-20T14:43:20.104+0000] {dagbag.py:545} INFO - Filling up the DagBag from /opt/airflow/dags/scd.py
[2026-07-20T14:43:20.132+0000] {processor.py:840} INFO - DAG(s) 'SCD2_snapshots' retrieved from /opt/airflow/dags/scd.py
[2026-07-20T14:43:20.386+0000] {logging_mixin.py:188} INFO - [2026-07-20T14:43:20.386+0000] {dag.py:3089} INFO - Sync 1 DAGs
[2026-07-20T14:43:20.415+0000] {logging_mixin.py:188} INFO - [2026-07-20T14:43:20.414+0000] {dag.py:3947} INFO - Setting next_dagrun for SCD2_snapshots to 2026-07-20 00:00:00+00:00, run_after=2026-07-21 00:00:00+00:00
[2026-07-20T14:43:20.443+0000] {processor.py:183} INFO - Processing /opt/airflow/dags/scd.py took 0.351 seconds
[2026-07-20T14:43:50.797+0000] {processor.py:161} INFO - Started process (PID=2185) to work on /opt/airflow/dags/scd.py
[2026-07-20T14:43:50.798+0000] {processor.py:830} INFO - Processing file /opt/airflow/dags/scd.py for tasks to queue
[2026-07-20T14:43:50.800+0000] {logging_mixin.py:188} INFO - [2026-07-20T14:43:50.800+0000] {dagbag.py:545} INFO - Filling up the DagBag from /opt/airflow/dags/scd.py
[2026-07-20T14:43:50.827+0000] {processor.py:840} INFO - DAG(s) 'SCD2_snapshots' retrieved from /opt/airflow/dags/scd.py
[2026-07-20T14:43:50.865+0000] {logging_mixin.py:188} INFO - [2026-07-20T14:43:50.865+0000] {dag.py:3089} INFO - Sync 1 DAGs
[2026-07-20T14:43:50.890+0000] {logging_mixin.py:188} INFO - [2026-07-20T14:43:50.889+0000] {dag.py:3947} INFO - Setting next_dagrun for SCD2_snapshots to 2026-07-20 00:00:00+00:00, run_after=2026-07-21 00:00:00+00:00
[2026-07-20T14:43:50.913+0000] {processor.py:183} INFO - Processing /opt/airflow/dags/scd.py took 0.125 seconds
[2026-07-20T14:44:21.123+0000] {processor.py:161} INFO - Started process (PID=2190) to work on /opt/airflow/dags/scd.py
[2026-07-20T14:44:21.125+0000] {processor.py:830} INFO - Processing file /opt/airflow/dags/scd.py for tasks to queue
[2026-07-20T14:44:21.127+0000] {logging_mixin.py:188} INFO - [2026-07-20T14:44:21.127+0000] {dagbag.py:545} INFO - Filling up the DagBag from /opt/airflow/dags/scd.py
[2026-07-20T14:44:21.152+0000] {processor.py:840} INFO - DAG(s) 'SCD2_snapshots' retrieved from /opt/airflow/dags/scd.py
[2026-07-20T14:44:21.188+0000] {logging_mixin.py:188} INFO - [2026-07-20T14:44:21.188+0000] {dag.py:3089} INFO - Sync 1 DAGs
[2026-07-20T14:44:21.212+0000] {logging_mixin.py:188} INFO - [2026-07-20T14:44:21.212+0000] {dag.py:3947} INFO - Setting next_dagrun for SCD2_snapshots to 2026-07-20 00:00:00+00:00, run_after=2026-07-21 00:00:00+00:00
[2026-07-20T14:44:21.401+0000] {processor.py:183} INFO - Processing /opt/airflow/dags/scd.py took 0.286 seconds
[2026-07-20T14:44:51.724+0000] {processor.py:161} INFO - Started process (PID=2195) to work on /opt/airflow/dags/scd.py
[2026-07-20T14:44:51.726+0000] {processor.py:830} INFO - Processing file /opt/airflow/dags/scd.py for tasks to queue
[2026-07-20T14:44:51.729+0000] {logging_mixin.py:188} INFO - [2026-07-20T14:44:51.728+0000] {dagbag.py:545} INFO - Filling up the DagBag from /opt/airflow/dags/scd.py
[2026-07-20T14:44:51.761+0000] {processor.py:840} INFO - DAG(s) 'SCD2_snapshots' retrieved from /opt/airflow/dags/scd.py
[2026-07-20T14:44:51.800+0000] {logging_mixin.py:188} INFO - [2026-07-20T14:44:51.799+0000] {dag.py:3089} INFO - Sync 1 DAGs
[2026-07-20T14:44:51.989+0000] {logging_mixin.py:188} INFO - [2026-07-20T14:44:51.989+0000] {dag.py:3947} INFO - Setting next_dagrun for SCD2_snapshots to 2026-07-20 00:00:00+00:00, run_after=2026-07-21 00:00:00+00:00
[2026-07-20T14:44:52.010+0000] {processor.py:183} INFO - Processing /opt/airflow/dags/scd.py took 0.295 seconds
[2026-07-20T14:45:22.370+0000] {processor.py:161} INFO - Started process (PID=2200) to work on /opt/airflow/dags/scd.py
[2026-07-20T14:45:22.372+0000] {processor.py:830} INFO - Processing file /opt/airflow/dags/scd.py for tasks to queue
[2026-07-20T14:45:22.374+0000] {logging_mixin.py:188} INFO - [2026-07-20T14:45:22.374+0000] {dagbag.py:545} INFO - Filling up the DagBag from /opt/airflow/dags/scd.py
[2026-07-20T14:45:22.412+0000] {processor.py:840} INFO - DAG(s) 'SCD2_snapshots' retrieved from /opt/airflow/dags/scd.py
[2026-07-20T14:45:22.620+0000] {logging_mixin.py:188} INFO - [2026-07-20T14:45:22.620+0000] {dag.py:3089} INFO - Sync 1 DAGs
[2026-07-20T14:45:22.642+0000] {logging_mixin.py:188} INFO - [2026-07-20T14:45:22.642+0000] {dag.py:3947} INFO - Setting next_dagrun for SCD2_snapshots to 2026-07-20 00:00:00+00:00, run_after=2026-07-21 00:00:00+00:00
[2026-07-20T14:45:22.666+0000] {processor.py:183} INFO - Processing /opt/airflow/dags/scd.py took 0.303 seconds
[2026-07-20T14:45:53.022+0000] {processor.py:161} INFO - Started process (PID=2205) to work on /opt/airflow/dags/scd.py
[2026-07-20T14:45:53.023+0000] {processor.py:830} INFO - Processing file /opt/airflow/dags/scd.py for tasks to queue
[2026-07-20T14:45:53.026+0000] {logging_mixin.py:188} INFO - [2026-07-20T14:45:53.026+0000] {dagbag.py:545} INFO - Filling up the DagBag from /opt/airflow/dags/scd.py
[2026-07-20T14:45:53.059+0000] {processor.py:840} INFO - DAG(s) 'SCD2_snapshots' retrieved from /opt/airflow/dags/scd.py
[2026-07-20T14:45:53.103+0000] {logging_mixin.py:188} INFO - [2026-07-20T14:45:53.103+0000] {dag.py:3089} INFO - Sync 1 DAGs
[2026-07-20T14:45:53.130+0000] {logging_mixin.py:188} INFO - [2026-07-20T14:45:53.129+0000] {dag.py:3947} INFO - Setting next_dagrun for SCD2_snapshots to 2026-07-20 00:00:00+00:00, run_after=2026-07-21 00:00:00+00:00
[2026-07-20T14:45:53.153+0000] {processor.py:183} INFO - Processing /opt/airflow/dags/scd.py took 0.141 seconds
[2026-07-20T14:46:23.239+0000] {processor.py:161} INFO - Started process (PID=2210) to work on /opt/airflow/dags/scd.py
[2026-07-20T14:46:23.241+0000] {processor.py:830} INFO - Processing file /opt/airflow/dags/scd.py for tasks to queue
[2026-07-20T14:46:23.244+0000] {logging_mixin.py:188} INFO - [2026-07-20T14:46:23.243+0000] {dagbag.py:545} INFO - Filling up the DagBag from /opt/airflow/dags/scd.py
[2026-07-20T14:46:23.267+0000] {processor.py:840} INFO - DAG(s) 'SCD2_snapshots' retrieved from /opt/airflow/dags/scd.py
[2026-07-20T14:46:23.304+0000] {logging_mixin.py:188} INFO - [2026-07-20T14:46:23.304+0000] {dag.py:3089} INFO - Sync 1 DAGs
[2026-07-20T14:46:23.328+0000] {logging_mixin.py:188} INFO - [2026-07-20T14:46:23.328+0000] {dag.py:3947} INFO - Setting next_dagrun for SCD2_snapshots to 2026-07-20 00:00:00+00:00, run_after=2026-07-21 00:00:00+00:00
[2026-07-20T14:46:23.512+0000] {processor.py:183} INFO - Processing /opt/airflow/dags/scd.py took 0.281 seconds
[2026-07-20T14:46:53.653+0000] {processor.py:161} INFO - Started process (PID=2215) to work on /opt/airflow/dags/scd.py
[2026-07-20T14:46:53.655+0000] {processor.py:830} INFO - Processing file /opt/airflow/dags/scd.py for tasks to queue
[2026-07-20T14:46:53.657+0000] {logging_mixin.py:188} INFO - [2026-07-20T14:46:53.657+0000] {dagbag.py:545} INFO - Filling up the DagBag from /opt/airflow/dags/scd.py
[2026-07-20T14:46:53.682+0000] {processor.py:840} INFO - DAG(s) 'SCD2_snapshots' retrieved from /opt/airflow/dags/scd.py
[2026-07-20T14:46:53.719+0000] {logging_mixin.py:188} INFO - [2026-07-20T14:46:53.719+0000] {dag.py:3089} INFO - Sync 1 DAGs
[2026-07-20T14:46:53.880+0000] {logging_mixin.py:188} INFO - [2026-07-20T14:46:53.879+0000] {dag.py:3947} INFO - Setting next_dagrun for SCD2_snapshots to 2026-07-20 00:00:00+00:00, run_after=2026-07-21 00:00:00+00:00
[2026-07-20T14:46:53.902+0000] {processor.py:183} INFO - Processing /opt/airflow/dags/scd.py took 0.258 seconds
[2026-07-20T14:47:24.030+0000] {processor.py:161} INFO - Started process (PID=2220) to work on /opt/airflow/dags/scd.py
[2026-07-20T14:47:24.031+0000] {processor.py:830} INFO - Processing file /opt/airflow/dags/scd.py for tasks to queue
[2026-07-20T14:47:24.034+0000] {logging_mixin.py:188} INFO - [2026-07-20T14:47:24.034+0000] {dagbag.py:545} INFO - Filling up the DagBag from /opt/airflow/dags/scd.py
[2026-07-20T14:47:24.058+0000] {processor.py:840} INFO - DAG(s) 'SCD2_snapshots' retrieved from /opt/airflow/dags/scd.py
[2026-07-20T14:47:24.232+0000] {logging_mixin.py:188} INFO - [2026-07-20T14:47:24.232+0000] {dag.py:3089} INFO - Sync 1 DAGs
[2026-07-20T14:47:24.252+0000] {logging_mixin.py:188} INFO - [2026-07-20T14:47:24.252+0000] {dag.py:3947} INFO - Setting next_dagrun for SCD2_snapshots to 2026-07-20 00:00:00+00:00, run_after=2026-07-21 00:00:00+00:00
[2026-07-20T14:47:24.273+0000] {processor.py:183} INFO - Processing /opt/airflow/dags/scd.py took 0.251 seconds
[2026-07-20T14:47:54.728+0000] {processor.py:161} INFO - Started process (PID=2221) to work on /opt/airflow/dags/scd.py
[2026-07-20T14:47:54.731+0000] {processor.py:830} INFO - Processing file /opt/airflow/dags/scd.py for tasks to queue
[2026-07-20T14:47:54.735+0000] {logging_mixin.py:188} INFO - [2026-07-20T14:47:54.734+0000] {dagbag.py:545} INFO - Filling up the DagBag from /opt/airflow/dags/scd.py
[2026-07-20T14:47:54.766+0000] {processor.py:840} INFO - DAG(s) 'SCD2_snapshots' retrieved from /opt/airflow/dags/scd.py
[2026-07-20T14:47:54.809+0000] {logging_mixin.py:188} INFO - [2026-07-20T14:47:54.808+0000] {dag.py:3089} INFO - Sync 1 DAGs
[2026-07-20T14:47:54.836+0000] {logging_mixin.py:188} INFO - [2026-07-20T14:47:54.836+0000] {dag.py:3947} INFO - Setting next_dagrun for SCD2_snapshots to 2026-07-20 00:00:00+00:00, run_after=2026-07-21 00:00:00+00:00
[2026-07-20T14:47:54.864+0000] {processor.py:183} INFO - Processing /opt/airflow/dags/scd.py took 0.146 seconds
[2026-07-20T14:48:25.148+0000] {processor.py:161} INFO - Started process (PID=2226) to work on /opt/airflow/dags/scd.py
[2026-07-20T14:48:25.150+0000] {processor.py:830} INFO - Processing file /opt/airflow/dags/scd.py for tasks to queue
[2026-07-20T14:48:25.152+0000] {logging_mixin.py:188} INFO - [2026-07-20T14:48:25.152+0000] {dagbag.py:545} INFO - Filling up the DagBag from /opt/airflow/dags/scd.py
[2026-07-20T14:48:25.177+0000] {processor.py:840} INFO - DAG(s) 'SCD2_snapshots' retrieved from /opt/airflow/dags/scd.py
[2026-07-20T14:48:25.218+0000] {logging_mixin.py:188} INFO - [2026-07-20T14:48:25.217+0000] {dag.py:3089} INFO - Sync 1 DAGs
[2026-07-20T14:48:25.247+0000] {logging_mixin.py:188} INFO - [2026-07-20T14:48:25.247+0000] {dag.py:3947} INFO - Setting next_dagrun for SCD2_snapshots to 2026-07-20 00:00:00+00:00, run_after=2026-07-21 00:00:00+00:00
[2026-07-20T14:48:25.282+0000] {processor.py:183} INFO - Processing /opt/airflow/dags/scd.py took 0.142 seconds
[2026-07-20T14:48:55.487+0000] {processor.py:161} INFO - Started process (PID=2231) to work on /opt/airflow/dags/scd.py
[2026-07-20T14:48:55.489+0000] {processor.py:830} INFO - Processing file /opt/airflow/dags/scd.py for tasks to queue
[2026-07-20T14:48:55.492+0000] {logging_mixin.py:188} INFO - [2026-07-20T14:48:55.491+0000] {dagbag.py:545} INFO - Filling up the DagBag from /opt/airflow/dags/scd.py
[2026-07-20T14:48:55.520+0000] {processor.py:840} INFO - DAG(s) 'SCD2_snapshots' retrieved from /opt/airflow/dags/scd.py
[2026-07-20T14:48:55.573+0000] {logging_mixin.py:188} INFO - [2026-07-20T14:48:55.573+0000] {dag.py:3089} INFO - Sync 1 DAGs
[2026-07-20T14:48:55.602+0000] {logging_mixin.py:188} INFO - [2026-07-20T14:48:55.602+0000] {dag.py:3947} INFO - Setting next_dagrun for SCD2_snapshots to 2026-07-20 00:00:00+00:00, run_after=2026-07-21 00:00:00+00:00
[2026-07-20T14:48:55.625+0000] {processor.py:183} INFO - Processing /opt/airflow/dags/scd.py took 0.148 seconds
[2026-07-20T14:49:25.951+0000] {processor.py:161} INFO - Started process (PID=2236) to work on /opt/airflow/dags/scd.py
[2026-07-20T14:49:25.953+0000] {processor.py:830} INFO - Processing file /opt/airflow/dags/scd.py for tasks to queue
[2026-07-20T14:49:25.958+0000] {logging_mixin.py:188} INFO - [2026-07-20T14:49:25.958+0000] {dagbag.py:545} INFO - Filling up the DagBag from /opt/airflow/dags/scd.py
[2026-07-20T14:49:26.000+0000] {processor.py:840} INFO - DAG(s) 'SCD2_snapshots' retrieved from /opt/airflow/dags/scd.py
[2026-07-20T14:49:26.076+0000] {logging_mixin.py:188} INFO - [2026-07-20T14:49:26.076+0000] {dag.py:3089} INFO - Sync 1 DAGs
[2026-07-20T14:49:26.145+0000] {logging_mixin.py:188} INFO - [2026-07-20T14:49:26.144+0000] {dag.py:3947} INFO - Setting next_dagrun for SCD2_snapshots to 2026-07-20 00:00:00+00:00, run_after=2026-07-21 00:00:00+00:00
[2026-07-20T14:49:26.205+0000] {processor.py:183} INFO - Processing /opt/airflow/dags/scd.py took 0.276 seconds
[2026-07-20T14:49:56.570+0000] {processor.py:161} INFO - Started process (PID=2241) to work on /opt/airflow/dags/scd.py
[2026-07-20T14:49:56.571+0000] {processor.py:830} INFO - Processing file /opt/airflow/dags/scd.py for tasks to queue
[2026-07-20T14:49:56.574+0000] {logging_mixin.py:188} INFO - [2026-07-20T14:49:56.573+0000] {dagbag.py:545} INFO - Filling up the DagBag from /opt/airflow/dags/scd.py
[2026-07-20T14:49:56.600+0000] {processor.py:840} INFO - DAG(s) 'SCD2_snapshots' retrieved from /opt/airflow/dags/scd.py
[2026-07-20T14:49:56.640+0000] {logging_mixin.py:188} INFO - [2026-07-20T14:49:56.640+0000] {dag.py:3089} INFO - Sync 1 DAGs
[2026-07-20T14:49:56.668+0000] {logging_mixin.py:188} INFO - [2026-07-20T14:49:56.668+0000] {dag.py:3947} INFO - Setting next_dagrun for SCD2_snapshots to 2026-07-20 00:00:00+00:00, run_after=2026-07-21 00:00:00+00:00
[2026-07-20T14:49:56.693+0000] {processor.py:183} INFO - Processing /opt/airflow/dags/scd.py took 0.132 seconds
[2026-07-20T14:50:26.840+0000] {processor.py:161} INFO - Started process (PID=2246) to work on /opt/airflow/dags/scd.py
[2026-07-20T14:50:26.842+0000] {processor.py:830} INFO - Processing file /opt/airflow/dags/scd.py for tasks to queue
[2026-07-20T14:50:26.845+0000] {logging_mixin.py:188} INFO - [2026-07-20T14:50:26.844+0000] {dagbag.py:545} INFO - Filling up the DagBag from /opt/airflow/dags/scd.py
[2026-07-20T14:50:26.874+0000] {processor.py:840} INFO - DAG(s) 'SCD2_snapshots' retrieved from /opt/airflow/dags/scd.py
[2026-07-20T14:50:26.915+0000] {logging_mixin.py:188} INFO - [2026-07-20T14:50:26.914+0000] {dag.py:3089} INFO - Sync 1 DAGs
[2026-07-20T14:50:26.946+0000] {logging_mixin.py:188} INFO - [2026-07-20T14:50:26.946+0000] {dag.py:3947} INFO - Setting next_dagrun for SCD2_snapshots to 2026-07-20 00:00:00+00:00, run_after=2026-07-21 00:00:00+00:00
[2026-07-20T14:50:26.974+0000] {processor.py:183} INFO - Processing /opt/airflow/dags/scd.py took 0.143 seconds
[2026-07-20T14:50:57.073+0000] {processor.py:161} INFO - Started process (PID=2251) to work on /opt/airflow/dags/scd.py
[2026-07-20T14:50:57.076+0000] {processor.py:830} INFO - Processing file /opt/airflow/dags/scd.py for tasks to queue
[2026-07-20T14:50:57.078+0000] {logging_mixin.py:188} INFO - [2026-07-20T14:50:57.078+0000] {dagbag.py:545} INFO - Filling up the DagBag from /opt/airflow/dags/scd.py
[2026-07-20T14:50:57.103+0000] {processor.py:840} INFO - DAG(s) 'SCD2_snapshots' retrieved from /opt/airflow/dags/scd.py
[2026-07-20T14:50:57.142+0000] {logging_mixin.py:188} INFO - [2026-07-20T14:50:57.141+0000] {dag.py:3089} INFO - Sync 1 DAGs
[2026-07-20T14:50:57.168+0000] {logging_mixin.py:188} INFO - [2026-07-20T14:50:57.168+0000] {dag.py:3947} INFO - Setting next_dagrun for SCD2_snapshots to 2026-07-20 00:00:00+00:00, run_after=2026-07-21 00:00:00+00:00
[2026-07-20T14:50:57.196+0000] {processor.py:183} INFO - Processing /opt/airflow/dags/scd.py took 0.129 seconds
[2026-07-20T14:51:27.516+0000] {processor.py:161} INFO - Started process (PID=2256) to work on /opt/airflow/dags/scd.py
[2026-07-20T14:51:27.517+0000] {processor.py:830} INFO - Processing file /opt/airflow/dags/scd.py for tasks to queue
[2026-07-20T14:51:27.520+0000] {logging_mixin.py:188} INFO - [2026-07-20T14:51:27.520+0000] {dagbag.py:545} INFO - Filling up the DagBag from /opt/airflow/dags/scd.py
[2026-07-20T14:51:27.549+0000] {processor.py:840} INFO - DAG(s) 'SCD2_snapshots' retrieved from /opt/airflow/dags/scd.py
[2026-07-20T14:51:27.593+0000] {logging_mixin.py:188} INFO - [2026-07-20T14:51:27.593+0000] {dag.py:3089} INFO - Sync 1 DAGs
[2026-07-20T14:51:27.624+0000] {logging_mixin.py:188} INFO - [2026-07-20T14:51:27.623+0000] {dag.py:3947} INFO - Setting next_dagrun for SCD2_snapshots to 2026-07-20 00:00:00+00:00, run_after=2026-07-21 00:00:00+00:00
[2026-07-20T14:51:27.659+0000] {processor.py:183} INFO - Processing /opt/airflow/dags/scd.py took 0.150 seconds
[2026-07-20T14:51:58.012+0000] {processor.py:161} INFO - Started process (PID=2261) to work on /opt/airflow/dags/scd.py
[2026-07-20T14:51:58.015+0000] {processor.py:830} INFO - Processing file /opt/airflow/dags/scd.py for tasks to queue
[2026-07-20T14:51:58.019+0000] {logging_mixin.py:188} INFO - [2026-07-20T14:51:58.019+0000] {dagbag.py:545} INFO - Filling up the DagBag from /opt/airflow/dags/scd.py
[2026-07-20T14:51:58.049+0000] {processor.py:840} INFO - DAG(s) 'SCD2_snapshots' retrieved from /opt/airflow/dags/scd.py
[2026-07-20T14:51:58.090+0000] {logging_mixin.py:188} INFO - [2026-07-20T14:51:58.090+0000] {dag.py:3089} INFO - Sync 1 DAGs
[2026-07-20T14:51:58.118+0000] {logging_mixin.py:188} INFO - [2026-07-20T14:51:58.118+0000] {dag.py:3947} INFO - Setting next_dagrun for SCD2_snapshots to 2026-07-20 00:00:00+00:00, run_after=2026-07-21 00:00:00+00:00
[2026-07-20T14:51:58.140+0000] {processor.py:183} INFO - Processing /opt/airflow/dags/scd.py took 0.137 seconds
[2026-07-20T14:52:28.513+0000] {processor.py:161} INFO - Started process (PID=2266) to work on /opt/airflow/dags/scd.py
[2026-07-20T14:52:28.515+0000] {processor.py:830} INFO - Processing file /opt/airflow/dags/scd.py for tasks to queue
[2026-07-20T14:52:28.517+0000] {logging_mixin.py:188} INFO - [2026-07-20T14:52:28.517+0000] {dagbag.py:545} INFO - Filling up the DagBag from /opt/airflow/dags/scd.py
[2026-07-20T14:52:28.547+0000] {processor.py:840} INFO - DAG(s) 'SCD2_snapshots' retrieved from /opt/airflow/dags/scd.py
[2026-07-20T14:52:28.589+0000] {logging_mixin.py:188} INFO - [2026-07-20T14:52:28.588+0000] {dag.py:3089} INFO - Sync 1 DAGs
[2026-07-20T14:52:28.621+0000] {logging_mixin.py:188} INFO - [2026-07-20T14:52:28.621+0000] {dag.py:3947} INFO - Setting next_dagrun for SCD2_snapshots to 2026-07-20 00:00:00+00:00, run_after=2026-07-21 00:00:00+00:00
[2026-07-20T14:52:28.656+0000] {processor.py:183} INFO - Processing /opt/airflow/dags/scd.py took 0.151 seconds
[2026-07-20T14:52:58.784+0000] {processor.py:161} INFO - Started process (PID=2271) to work on /opt/airflow/dags/scd.py
[2026-07-20T14:52:58.786+0000] {processor.py:830} INFO - Processing file /opt/airflow/dags/scd.py for tasks to queue
[2026-07-20T14:52:58.788+0000] {logging_mixin.py:188} INFO - [2026-07-20T14:52:58.788+0000] {dagbag.py:545} INFO - Filling up the DagBag from /opt/airflow/dags/scd.py
[2026-07-20T14:52:58.820+0000] {processor.py:840} INFO - DAG(s) 'SCD2_snapshots' retrieved from /opt/airflow/dags/scd.py
[2026-07-20T14:52:58.864+0000] {logging_mixin.py:188} INFO - [2026-07-20T14:52:58.863+0000] {dag.py:3089} INFO - Sync 1 DAGs
[2026-07-20T14:52:58.893+0000] {logging_mixin.py:188} INFO - [2026-07-20T14:52:58.893+0000] {dag.py:3947} INFO - Setting next_dagrun for SCD2_snapshots to 2026-07-20 00:00:00+00:00, run_after=2026-07-21 00:00:00+00:00
[2026-07-20T14:52:58.918+0000] {processor.py:183} INFO - Processing /opt/airflow/dags/scd.py took 0.145 seconds
[2026-07-20T14:53:29.231+0000] {processor.py:161} INFO - Started process (PID=2276) to work on /opt/airflow/dags/scd.py
[2026-07-20T14:53:29.232+0000] {processor.py:830} INFO - Processing file /opt/airflow/dags/scd.py for tasks to queue
[2026-07-20T14:53:29.235+0000] {logging_mixin.py:188} INFO - [2026-07-20T14:53:29.235+0000] {dagbag.py:545} INFO - Filling up the DagBag from /opt/airflow/dags/scd.py
[2026-07-20T14:53:29.263+0000] {processor.py:840} INFO - DAG(s) 'SCD2_snapshots' retrieved from /opt/airflow/dags/scd.py
[2026-07-20T14:53:29.302+0000] {logging_mixin.py:188} INFO - [2026-07-20T14:53:29.301+0000] {dag.py:3089} INFO - Sync 1 DAGs
[2026-07-20T14:53:29.329+0000] {logging_mixin.py:188} INFO - [2026-07-20T14:53:29.328+0000] {dag.py:3947} INFO - Setting next_dagrun for SCD2_snapshots to 2026-07-20 00:00:00+00:00, run_after=2026-07-21 00:00:00+00:00
[2026-07-20T14:53:29.352+0000] {processor.py:183} INFO - Processing /opt/airflow/dags/scd.py took 0.129 seconds
[2026-07-20T14:53:59.684+0000] {processor.py:161} INFO - Started process (PID=2281) to work on /opt/airflow/dags/scd.py
[2026-07-20T14:53:59.685+0000] {processor.py:830} INFO - Processing file /opt/airflow/dags/scd.py for tasks to queue
[2026-07-20T14:53:59.687+0000] {logging_mixin.py:188} INFO - [2026-07-20T14:53:59.687+0000] {dagbag.py:545} INFO - Filling up the DagBag from /opt/airflow/dags/scd.py
[2026-07-20T14:53:59.715+0000] {processor.py:840} INFO - DAG(s) 'SCD2_snapshots' retrieved from /opt/airflow/dags/scd.py
[2026-07-20T14:53:59.752+0000] {logging_mixin.py:188} INFO - [2026-07-20T14:53:59.752+0000] {dag.py:3089} INFO - Sync 1 DAGs
[2026-07-20T14:53:59.777+0000] {logging_mixin.py:188} INFO - [2026-07-20T14:53:59.776+0000] {dag.py:3947} INFO - Setting next_dagrun for SCD2_snapshots to 2026-07-20 00:00:00+00:00, run_after=2026-07-21 00:00:00+00:00
[2026-07-20T14:53:59.800+0000] {processor.py:183} INFO - Processing /opt/airflow/dags/scd.py took 0.124 seconds
[2026-07-20T14:54:30.167+0000] {processor.py:161} INFO - Started process (PID=2286) to work on /opt/airflow/dags/scd.py
[2026-07-20T14:54:30.169+0000] {processor.py:830} INFO - Processing file /opt/airflow/dags/scd.py for tasks to queue
[2026-07-20T14:54:30.171+0000] {logging_mixin.py:188} INFO - [2026-07-20T14:54:30.171+0000] {dagbag.py:545} INFO - Filling up the DagBag from /opt/airflow/dags/scd.py
[2026-07-20T14:54:30.198+0000] {processor.py:840} INFO - DAG(s) 'SCD2_snapshots' retrieved from /opt/airflow/dags/scd.py
[2026-07-20T14:54:30.236+0000] {logging_mixin.py:188} INFO - [2026-07-20T14:54:30.236+0000] {dag.py:3089} INFO - Sync 1 DAGs
[2026-07-20T14:54:30.260+0000] {logging_mixin.py:188} INFO - [2026-07-20T14:54:30.260+0000] {dag.py:3947} INFO - Setting next_dagrun for SCD2_snapshots to 2026-07-20 00:00:00+00:00, run_after=2026-07-21 00:00:00+00:00
[2026-07-20T14:54:30.284+0000] {processor.py:183} INFO - Processing /opt/airflow/dags/scd.py took 0.124 seconds
[2026-07-20T14:55:00.477+0000] {processor.py:161} INFO - Started process (PID=2291) to work on /opt/airflow/dags/scd.py
[2026-07-20T14:55:00.479+0000] {processor.py:830} INFO - Processing file /opt/airflow/dags/scd.py for tasks to queue
[2026-07-20T14:55:00.482+0000] {logging_mixin.py:188} INFO - [2026-07-20T14:55:00.482+0000] {dagbag.py:545} INFO - Filling up the DagBag from /opt/airflow/dags/scd.py
[2026-07-20T14:55:00.513+0000] {processor.py:840} INFO - DAG(s) 'SCD2_snapshots' retrieved from /opt/airflow/dags/scd.py
[2026-07-20T14:55:00.556+0000] {logging_mixin.py:188} INFO - [2026-07-20T14:55:00.556+0000] {dag.py:3089} INFO - Sync 1 DAGs
[2026-07-20T14:55:00.586+0000] {logging_mixin.py:188} INFO - [2026-07-20T14:55:00.585+0000] {dag.py:3947} INFO - Setting next_dagrun for SCD2_snapshots to 2026-07-20 00:00:00+00:00, run_after=2026-07-21 00:00:00+00:00
[2026-07-20T14:55:00.610+0000] {processor.py:183} INFO - Processing /opt/airflow/dags/scd.py took 0.141 seconds
[2026-07-20T14:55:30.895+0000] {processor.py:161} INFO - Started process (PID=2296) to work on /opt/airflow/dags/scd.py
[2026-07-20T14:55:30.897+0000] {processor.py:830} INFO - Processing file /opt/airflow/dags/scd.py for tasks to queue
[2026-07-20T14:55:30.900+0000] {logging_mixin.py:188} INFO - [2026-07-20T14:55:30.900+0000] {dagbag.py:545} INFO - Filling up the DagBag from /opt/airflow/dags/scd.py
[2026-07-20T14:55:30.942+0000] {processor.py:840} INFO - DAG(s) 'SCD2_snapshots' retrieved from /opt/airflow/dags/scd.py
[2026-07-20T14:55:30.984+0000] {logging_mixin.py:188} INFO - [2026-07-20T14:55:30.983+0000] {dag.py:3089} INFO - Sync 1 DAGs
[2026-07-20T14:55:31.011+0000] {logging_mixin.py:188} INFO - [2026-07-20T14:55:31.011+0000] {dag.py:3947} INFO - Setting next_dagrun for SCD2_snapshots to 2026-07-20 00:00:00+00:00, run_after=2026-07-21 00:00:00+00:00
[2026-07-20T14:55:31.035+0000] {processor.py:183} INFO - Processing /opt/airflow/dags/scd.py took 0.151 seconds
[2026-07-20T14:56:01.353+0000] {processor.py:161} INFO - Started process (PID=2301) to work on /opt/airflow/dags/scd.py
[2026-07-20T14:56:01.355+0000] {processor.py:830} INFO - Processing file /opt/airflow/dags/scd.py for tasks to queue
[2026-07-20T14:56:01.358+0000] {logging_mixin.py:188} INFO - [2026-07-20T14:56:01.357+0000] {dagbag.py:545} INFO - Filling up the DagBag from /opt/airflow/dags/scd.py
[2026-07-20T14:56:01.384+0000] {processor.py:840} INFO - DAG(s) 'SCD2_snapshots' retrieved from /opt/airflow/dags/scd.py
[2026-07-20T14:56:01.424+0000] {logging_mixin.py:188} INFO - [2026-07-20T14:56:01.424+0000] {dag.py:3089} INFO - Sync 1 DAGs
[2026-07-20T14:56:01.451+0000] {logging_mixin.py:188} INFO - [2026-07-20T14:56:01.451+0000] {dag.py:3947} INFO - Setting next_dagrun for SCD2_snapshots to 2026-07-20 00:00:00+00:00, run_after=2026-07-21 00:00:00+00:00
[2026-07-20T14:56:01.477+0000] {processor.py:183} INFO - Processing /opt/airflow/dags/scd.py took 0.132 seconds
[2026-07-20T14:56:31.533+0000] {processor.py:161} INFO - Started process (PID=2306) to work on /opt/airflow/dags/scd.py
[2026-07-20T14:56:31.535+0000] {processor.py:830} INFO - Processing file /opt/airflow/dags/scd.py for tasks to queue
[2026-07-20T14:56:31.538+0000] {logging_mixin.py:188} INFO - [2026-07-20T14:56:31.537+0000] {dagbag.py:545} INFO - Filling up the DagBag from /opt/airflow/dags/scd.py
[2026-07-20T14:56:31.563+0000] {processor.py:840} INFO - DAG(s) 'SCD2_snapshots' retrieved from /opt/airflow/dags/scd.py
[2026-07-20T14:56:31.601+0000] {logging_mixin.py:188} INFO - [2026-07-20T14:56:31.601+0000] {dag.py:3089} INFO - Sync 1 DAGs
[2026-07-20T14:56:31.626+0000] {logging_mixin.py:188} INFO - [2026-07-20T14:56:31.625+0000] {dag.py:3947} INFO - Setting next_dagrun for SCD2_snapshots to 2026-07-20 00:00:00+00:00, run_after=2026-07-21 00:00:00+00:00
[2026-07-20T14:56:31.650+0000] {processor.py:183} INFO - Processing /opt/airflow/dags/scd.py took 0.123 seconds
[2026-07-20T14:57:01.800+0000] {processor.py:161} INFO - Started process (PID=2311) to work on /opt/airflow/dags/scd.py
[2026-07-20T14:57:01.802+0000] {processor.py:830} INFO - Processing file /opt/airflow/dags/scd.py for tasks to queue
[2026-07-20T14:57:01.804+0000] {logging_mixin.py:188} INFO - [2026-07-20T14:57:01.803+0000] {dagbag.py:545} INFO - Filling up the DagBag from /opt/airflow/dags/scd.py
[2026-07-20T14:57:01.827+0000] {processor.py:840} INFO - DAG(s) 'SCD2_snapshots' retrieved from /opt/airflow/dags/scd.py
[2026-07-20T14:57:01.864+0000] {logging_mixin.py:188} INFO - [2026-07-20T14:57:01.863+0000] {dag.py:3089} INFO - Sync 1 DAGs
[2026-07-20T14:57:01.888+0000] {logging_mixin.py:188} INFO - [2026-07-20T14:57:01.888+0000] {dag.py:3947} INFO - Setting next_dagrun for SCD2_snapshots to 2026-07-20 00:00:00+00:00, run_after=2026-07-21 00:00:00+00:00
[2026-07-20T14:57:01.912+0000] {processor.py:183} INFO - Processing /opt/airflow/dags/scd.py took 0.121 seconds
[2026-07-20T14:57:32.095+0000] {processor.py:161} INFO - Started process (PID=2316) to work on /opt/airflow/dags/scd.py
[2026-07-20T14:57:32.096+0000] {processor.py:830} INFO - Processing file /opt/airflow/dags/scd.py for tasks to queue
[2026-07-20T14:57:32.099+0000] {logging_mixin.py:188} INFO - [2026-07-20T14:57:32.098+0000] {dagbag.py:545} INFO - Filling up the DagBag from /opt/airflow/dags/scd.py
[2026-07-20T14:57:32.127+0000] {processor.py:840} INFO - DAG(s) 'SCD2_snapshots' retrieved from /opt/airflow/dags/scd.py
[2026-07-20T14:57:32.164+0000] {logging_mixin.py:188} INFO - [2026-07-20T14:57:32.164+0000] {dag.py:3089} INFO - Sync 1 DAGs
[2026-07-20T14:57:32.190+0000] {logging_mixin.py:188} INFO - [2026-07-20T14:57:32.190+0000] {dag.py:3947} INFO - Setting next_dagrun for SCD2_snapshots to 2026-07-20 00:00:00+00:00, run_after=2026-07-21 00:00:00+00:00
[2026-07-20T14:57:32.214+0000] {processor.py:183} INFO - Processing /opt/airflow/dags/scd.py took 0.128 seconds
[2026-07-20T14:58:02.551+0000] {processor.py:161} INFO - Started process (PID=2321) to work on /opt/airflow/dags/scd.py
[2026-07-20T14:58:02.552+0000] {processor.py:830} INFO - Processing file /opt/airflow/dags/scd.py for tasks to queue
[2026-07-20T14:58:02.555+0000] {logging_mixin.py:188} INFO - [2026-07-20T14:58:02.554+0000] {dagbag.py:545} INFO - Filling up the DagBag from /opt/airflow/dags/scd.py
[2026-07-20T14:58:02.580+0000] {processor.py:840} INFO - DAG(s) 'SCD2_snapshots' retrieved from /opt/airflow/dags/scd.py
[2026-07-20T14:58:02.617+0000] {logging_mixin.py:188} INFO - [2026-07-20T14:58:02.617+0000] {dag.py:3089} INFO - Sync 1 DAGs
[2026-07-20T14:58:02.641+0000] {logging_mixin.py:188} INFO - [2026-07-20T14:58:02.641+0000] {dag.py:3947} INFO - Setting next_dagrun for SCD2_snapshots to 2026-07-20 00:00:00+00:00, run_after=2026-07-21 00:00:00+00:00
[2026-07-20T14:58:02.668+0000] {processor.py:183} INFO - Processing /opt/airflow/dags/scd.py took 0.126 seconds
[2026-07-20T14:58:33.123+0000] {processor.py:161} INFO - Started process (PID=2326) to work on /opt/airflow/dags/scd.py
[2026-07-20T14:58:33.124+0000] {processor.py:830} INFO - Processing file /opt/airflow/dags/scd.py for tasks to queue
[2026-07-20T14:58:33.127+0000] {logging_mixin.py:188} INFO - [2026-07-20T14:58:33.126+0000] {dagbag.py:545} INFO - Filling up the DagBag from /opt/airflow/dags/scd.py
[2026-07-20T14:58:33.154+0000] {processor.py:840} INFO - DAG(s) 'SCD2_snapshots' retrieved from /opt/airflow/dags/scd.py
[2026-07-20T14:58:33.191+0000] {logging_mixin.py:188} INFO - [2026-07-20T14:58:33.190+0000] {dag.py:3089} INFO - Sync 1 DAGs
[2026-07-20T14:58:33.215+0000] {logging_mixin.py:188} INFO - [2026-07-20T14:58:33.215+0000] {dag.py:3947} INFO - Setting next_dagrun for SCD2_snapshots to 2026-07-20 00:00:00+00:00, run_after=2026-07-21 00:00:00+00:00
[2026-07-20T14:58:33.240+0000] {processor.py:183} INFO - Processing /opt/airflow/dags/scd.py took 0.125 seconds
[2026-07-20T14:59:03.498+0000] {processor.py:161} INFO - Started process (PID=2331) to work on /opt/airflow/dags/scd.py
[2026-07-20T14:59:03.500+0000] {processor.py:830} INFO - Processing file /opt/airflow/dags/scd.py for tasks to queue
[2026-07-20T14:59:03.503+0000] {logging_mixin.py:188} INFO - [2026-07-20T14:59:03.502+0000] {dagbag.py:545} INFO - Filling up the DagBag from /opt/airflow/dags/scd.py
[2026-07-20T14:59:03.538+0000] {processor.py:840} INFO - DAG(s) 'SCD2_snapshots' retrieved from /opt/airflow/dags/scd.py
[2026-07-20T14:59:03.581+0000] {logging_mixin.py:188} INFO - [2026-07-20T14:59:03.580+0000] {dag.py:3089} INFO - Sync 1 DAGs
[2026-07-20T14:59:03.613+0000] {logging_mixin.py:188} INFO - [2026-07-20T14:59:03.612+0000] {dag.py:3947} INFO - Setting next_dagrun for SCD2_snapshots to 2026-07-20 00:00:00+00:00, run_after=2026-07-21 00:00:00+00:00
[2026-07-20T14:59:03.642+0000] {processor.py:183} INFO - Processing /opt/airflow/dags/scd.py took 0.153 seconds
[2026-07-20T14:59:33.767+0000] {processor.py:161} INFO - Started process (PID=2336) to work on /opt/airflow/dags/scd.py
[2026-07-20T14:59:33.769+0000] {processor.py:830} INFO - Processing file /opt/airflow/dags/scd.py for tasks to queue
[2026-07-20T14:59:33.772+0000] {logging_mixin.py:188} INFO - [2026-07-20T14:59:33.772+0000] {dagbag.py:545} INFO - Filling up the DagBag from /opt/airflow/dags/scd.py
[2026-07-20T14:59:33.798+0000] {processor.py:840} INFO - DAG(s) 'SCD2_snapshots' retrieved from /opt/airflow/dags/scd.py
[2026-07-20T14:59:33.838+0000] {logging_mixin.py:188} INFO - [2026-07-20T14:59:33.838+0000] {dag.py:3089} INFO - Sync 1 DAGs
[2026-07-20T14:59:33.864+0000] {logging_mixin.py:188} INFO - [2026-07-20T14:59:33.863+0000] {dag.py:3947} INFO - Setting next_dagrun for SCD2_snapshots to 2026-07-20 00:00:00+00:00, run_after=2026-07-21 00:00:00+00:00
[2026-07-20T14:59:33.889+0000] {processor.py:183} INFO - Processing /opt/airflow/dags/scd.py took 0.129 seconds
[2026-07-20T15:00:04.189+0000] {processor.py:161} INFO - Started process (PID=2341) to work on /opt/airflow/dags/scd.py
[2026-07-20T15:00:04.191+0000] {processor.py:830} INFO - Processing file /opt/airflow/dags/scd.py for tasks to queue
[2026-07-20T15:00:04.195+0000] {logging_mixin.py:188} INFO - [2026-07-20T15:00:04.195+0000] {dagbag.py:545} INFO - Filling up the DagBag from /opt/airflow/dags/scd.py
[2026-07-20T15:00:04.221+0000] {processor.py:840} INFO - DAG(s) 'SCD2_snapshots' retrieved from /opt/airflow/dags/scd.py
[2026-07-20T15:00:04.262+0000] {logging_mixin.py:188} INFO - [2026-07-20T15:00:04.262+0000] {dag.py:3089} INFO - Sync 1 DAGs
[2026-07-20T15:00:04.290+0000] {logging_mixin.py:188} INFO - [2026-07-20T15:00:04.289+0000] {dag.py:3947} INFO - Setting next_dagrun for SCD2_snapshots to 2026-07-20 00:00:00+00:00, run_after=2026-07-21 00:00:00+00:00
[2026-07-20T15:00:04.314+0000] {processor.py:183} INFO - Processing /opt/airflow/dags/scd.py took 0.132 seconds
[2026-07-20T15:00:34.546+0000] {processor.py:161} INFO - Started process (PID=2346) to work on /opt/airflow/dags/scd.py
[2026-07-20T15:00:34.547+0000] {processor.py:830} INFO - Processing file /opt/airflow/dags/scd.py for tasks to queue
[2026-07-20T15:00:34.550+0000] {logging_mixin.py:188} INFO - [2026-07-20T15:00:34.549+0000] {dagbag.py:545} INFO - Filling up the DagBag from /opt/airflow/dags/scd.py
[2026-07-20T15:00:34.577+0000] {processor.py:840} INFO - DAG(s) 'SCD2_snapshots' retrieved from /opt/airflow/dags/scd.py
[2026-07-20T15:00:34.615+0000] {logging_mixin.py:188} INFO - [2026-07-20T15:00:34.615+0000] {dag.py:3089} INFO - Sync 1 DAGs
[2026-07-20T15:00:34.640+0000] {logging_mixin.py:188} INFO - [2026-07-20T15:00:34.639+0000] {dag.py:3947} INFO - Setting next_dagrun for SCD2_snapshots to 2026-07-20 00:00:00+00:00, run_after=2026-07-21 00:00:00+00:00
[2026-07-20T15:00:34.666+0000] {processor.py:183} INFO - Processing /opt/airflow/dags/scd.py took 0.128 seconds
[2026-07-20T15:01:04.856+0000] {processor.py:161} INFO - Started process (PID=2351) to work on /opt/airflow/dags/scd.py
[2026-07-20T15:01:04.858+0000] {processor.py:830} INFO - Processing file /opt/airflow/dags/scd.py for tasks to queue
[2026-07-20T15:01:04.860+0000] {logging_mixin.py:188} INFO - [2026-07-20T15:01:04.860+0000] {dagbag.py:545} INFO - Filling up the DagBag from /opt/airflow/dags/scd.py
[2026-07-20T15:01:04.888+0000] {processor.py:840} INFO - DAG(s) 'SCD2_snapshots' retrieved from /opt/airflow/dags/scd.py
[2026-07-20T15:01:04.925+0000] {logging_mixin.py:188} INFO - [2026-07-20T15:01:04.924+0000] {dag.py:3089} INFO - Sync 1 DAGs
[2026-07-20T15:01:04.951+0000] {logging_mixin.py:188} INFO - [2026-07-20T15:01:04.951+0000] {dag.py:3947} INFO - Setting next_dagrun for SCD2_snapshots to 2026-07-20 00:00:00+00:00, run_after=2026-07-21 00:00:00+00:00
[2026-07-20T15:01:04.973+0000] {processor.py:183} INFO - Processing /opt/airflow/dags/scd.py took 0.127 seconds
[2026-07-20T15:01:35.185+0000] {processor.py:161} INFO - Started process (PID=2356) to work on /opt/airflow/dags/scd.py
[2026-07-20T15:01:35.186+0000] {processor.py:830} INFO - Processing file /opt/airflow/dags/scd.py for tasks to queue
[2026-07-20T15:01:35.189+0000] {logging_mixin.py:188} INFO - [2026-07-20T15:01:35.188+0000] {dagbag.py:545} INFO - Filling up the DagBag from /opt/airflow/dags/scd.py
[2026-07-20T15:01:35.214+0000] {processor.py:840} INFO - DAG(s) 'SCD2_snapshots' retrieved from /opt/airflow/dags/scd.py
[2026-07-20T15:01:35.251+0000] {logging_mixin.py:188} INFO - [2026-07-20T15:01:35.251+0000] {dag.py:3089} INFO - Sync 1 DAGs
[2026-07-20T15:01:35.280+0000] {logging_mixin.py:188} INFO - [2026-07-20T15:01:35.279+0000] {dag.py:3947} INFO - Setting next_dagrun for SCD2_snapshots to 2026-07-20 00:00:00+00:00, run_after=2026-07-21 00:00:00+00:00
[2026-07-20T15:01:35.307+0000] {processor.py:183} INFO - Processing /opt/airflow/dags/scd.py took 0.129 seconds
[2026-07-20T15:02:05.640+0000] {processor.py:161} INFO - Started process (PID=2361) to work on /opt/airflow/dags/scd.py
[2026-07-20T15:02:05.643+0000] {processor.py:830} INFO - Processing file /opt/airflow/dags/scd.py for tasks to queue
[2026-07-20T15:02:05.646+0000] {logging_mixin.py:188} INFO - [2026-07-20T15:02:05.646+0000] {dagbag.py:545} INFO - Filling up the DagBag from /opt/airflow/dags/scd.py
[2026-07-20T15:02:05.678+0000] {processor.py:840} INFO - DAG(s) 'SCD2_snapshots' retrieved from /opt/airflow/dags/scd.py
[2026-07-20T15:02:05.715+0000] {logging_mixin.py:188} INFO - [2026-07-20T15:02:05.715+0000] {dag.py:3089} INFO - Sync 1 DAGs
[2026-07-20T15:02:05.740+0000] {logging_mixin.py:188} INFO - [2026-07-20T15:02:05.739+0000] {dag.py:3947} INFO - Setting next_dagrun for SCD2_snapshots to 2026-07-20 00:00:00+00:00, run_after=2026-07-21 00:00:00+00:00
[2026-07-20T15:02:05.763+0000] {processor.py:183} INFO - Processing /opt/airflow/dags/scd.py took 0.131 seconds
