[2026-07-15T11:30:16.637+0000] {processor.py:161} INFO - Started process (PID=25) to work on /opt/airflow/dags/minio_to_snowflake.py
[2026-07-15T11:30:16.642+0000] {processor.py:830} INFO - Processing file /opt/airflow/dags/minio_to_snowflake.py for tasks to queue
[2026-07-15T11:30:16.721+0000] {logging_mixin.py:188} INFO - [2026-07-15T11:30:16.707+0000] {dagbag.py:545} INFO - Filling up the DagBag from /opt/airflow/dags/minio_to_snowflake.py
[2026-07-15T11:30:26.542+0000] {processor.py:840} INFO - DAG(s) 'minio_to_snowflake_banking' retrieved from /opt/airflow/dags/minio_to_snowflake.py
[2026-07-15T11:30:27.121+0000] {logging_mixin.py:188} INFO - [2026-07-15T11:30:27.119+0000] {override.py:1858} INFO - Created Permission View: can read on DAG:minio_to_snowflake_banking
[2026-07-15T11:30:27.142+0000] {logging_mixin.py:188} INFO - [2026-07-15T11:30:27.142+0000] {override.py:1858} INFO - Created Permission View: can edit on DAG:minio_to_snowflake_banking
[2026-07-15T11:30:27.155+0000] {logging_mixin.py:188} INFO - [2026-07-15T11:30:27.154+0000] {override.py:1858} INFO - Created Permission View: can delete on DAG:minio_to_snowflake_banking
[2026-07-15T11:30:27.158+0000] {logging_mixin.py:188} INFO - [2026-07-15T11:30:27.157+0000] {dag.py:3089} INFO - Sync 1 DAGs
[2026-07-15T11:30:27.183+0000] {logging_mixin.py:188} INFO - [2026-07-15T11:30:27.182+0000] {dag.py:3111} INFO - Creating ORM DAG for minio_to_snowflake_banking
[2026-07-15T11:30:27.215+0000] {logging_mixin.py:188} INFO - [2026-07-15T11:30:27.215+0000] {dag.py:3947} INFO - Setting next_dagrun for minio_to_snowflake_banking to 2026-07-15 11:29:00+00:00, run_after=2026-07-15 11:30:00+00:00
[2026-07-15T11:30:27.250+0000] {processor.py:183} INFO - Processing /opt/airflow/dags/minio_to_snowflake.py took 10.809 seconds
[2026-07-15T11:30:57.516+0000] {processor.py:161} INFO - Started process (PID=29) to work on /opt/airflow/dags/minio_to_snowflake.py
[2026-07-15T11:30:57.519+0000] {processor.py:830} INFO - Processing file /opt/airflow/dags/minio_to_snowflake.py for tasks to queue
[2026-07-15T11:30:57.522+0000] {logging_mixin.py:188} INFO - [2026-07-15T11:30:57.521+0000] {dagbag.py:545} INFO - Filling up the DagBag from /opt/airflow/dags/minio_to_snowflake.py
[2026-07-15T11:30:58.475+0000] {processor.py:840} INFO - DAG(s) 'minio_to_snowflake_banking' retrieved from /opt/airflow/dags/minio_to_snowflake.py
[2026-07-15T11:30:58.515+0000] {logging_mixin.py:188} INFO - [2026-07-15T11:30:58.514+0000] {dag.py:3089} INFO - Sync 1 DAGs
[2026-07-15T11:30:58.557+0000] {logging_mixin.py:188} INFO - [2026-07-15T11:30:58.557+0000] {dag.py:3947} INFO - Setting next_dagrun for minio_to_snowflake_banking to 2026-07-15 11:29:00+00:00, run_after=2026-07-15 11:30:00+00:00
[2026-07-15T11:30:58.581+0000] {processor.py:183} INFO - Processing /opt/airflow/dags/minio_to_snowflake.py took 1.074 seconds
[2026-07-15T11:31:29.024+0000] {processor.py:161} INFO - Started process (PID=33) to work on /opt/airflow/dags/minio_to_snowflake.py
[2026-07-15T11:31:29.026+0000] {processor.py:830} INFO - Processing file /opt/airflow/dags/minio_to_snowflake.py for tasks to queue
[2026-07-15T11:31:29.030+0000] {logging_mixin.py:188} INFO - [2026-07-15T11:31:29.029+0000] {dagbag.py:545} INFO - Filling up the DagBag from /opt/airflow/dags/minio_to_snowflake.py
[2026-07-15T11:31:29.990+0000] {processor.py:840} INFO - DAG(s) 'minio_to_snowflake_banking' retrieved from /opt/airflow/dags/minio_to_snowflake.py
[2026-07-15T11:31:30.034+0000] {logging_mixin.py:188} INFO - [2026-07-15T11:31:30.033+0000] {dag.py:3089} INFO - Sync 1 DAGs
[2026-07-15T11:31:30.070+0000] {logging_mixin.py:188} INFO - [2026-07-15T11:31:30.070+0000] {dag.py:3947} INFO - Setting next_dagrun for minio_to_snowflake_banking to 2026-07-15 11:30:00+00:00, run_after=2026-07-15 11:31:00+00:00
[2026-07-15T11:31:30.101+0000] {processor.py:183} INFO - Processing /opt/airflow/dags/minio_to_snowflake.py took 1.090 seconds
[2026-07-15T11:32:00.268+0000] {processor.py:161} INFO - Started process (PID=37) to work on /opt/airflow/dags/minio_to_snowflake.py
[2026-07-15T11:32:00.271+0000] {processor.py:830} INFO - Processing file /opt/airflow/dags/minio_to_snowflake.py for tasks to queue
[2026-07-15T11:32:00.275+0000] {logging_mixin.py:188} INFO - [2026-07-15T11:32:00.274+0000] {dagbag.py:545} INFO - Filling up the DagBag from /opt/airflow/dags/minio_to_snowflake.py
[2026-07-15T11:32:01.461+0000] {processor.py:840} INFO - DAG(s) 'minio_to_snowflake_banking' retrieved from /opt/airflow/dags/minio_to_snowflake.py
[2026-07-15T11:32:01.505+0000] {logging_mixin.py:188} INFO - [2026-07-15T11:32:01.504+0000] {dag.py:3089} INFO - Sync 1 DAGs
[2026-07-15T11:32:01.543+0000] {logging_mixin.py:188} INFO - [2026-07-15T11:32:01.542+0000] {dag.py:3947} INFO - Setting next_dagrun for minio_to_snowflake_banking to 2026-07-15 11:31:00+00:00, run_after=2026-07-15 11:32:00+00:00
[2026-07-15T11:32:01.576+0000] {processor.py:183} INFO - Processing /opt/airflow/dags/minio_to_snowflake.py took 1.333 seconds
[2026-07-15T11:32:31.922+0000] {processor.py:161} INFO - Started process (PID=41) to work on /opt/airflow/dags/minio_to_snowflake.py
[2026-07-15T11:32:31.924+0000] {processor.py:830} INFO - Processing file /opt/airflow/dags/minio_to_snowflake.py for tasks to queue
[2026-07-15T11:32:31.929+0000] {logging_mixin.py:188} INFO - [2026-07-15T11:32:31.928+0000] {dagbag.py:545} INFO - Filling up the DagBag from /opt/airflow/dags/minio_to_snowflake.py
[2026-07-15T11:32:33.072+0000] {processor.py:840} INFO - DAG(s) 'minio_to_snowflake_banking' retrieved from /opt/airflow/dags/minio_to_snowflake.py
[2026-07-15T11:32:33.117+0000] {logging_mixin.py:188} INFO - [2026-07-15T11:32:33.117+0000] {dag.py:3089} INFO - Sync 1 DAGs
[2026-07-15T11:32:33.156+0000] {logging_mixin.py:188} INFO - [2026-07-15T11:32:33.156+0000] {dag.py:3947} INFO - Setting next_dagrun for minio_to_snowflake_banking to 2026-07-15 11:31:00+00:00, run_after=2026-07-15 11:32:00+00:00
[2026-07-15T11:32:33.197+0000] {processor.py:183} INFO - Processing /opt/airflow/dags/minio_to_snowflake.py took 1.322 seconds
[2026-07-15T11:33:03.486+0000] {processor.py:161} INFO - Started process (PID=45) to work on /opt/airflow/dags/minio_to_snowflake.py
[2026-07-15T11:33:03.488+0000] {processor.py:830} INFO - Processing file /opt/airflow/dags/minio_to_snowflake.py for tasks to queue
[2026-07-15T11:33:03.490+0000] {logging_mixin.py:188} INFO - [2026-07-15T11:33:03.490+0000] {dagbag.py:545} INFO - Filling up the DagBag from /opt/airflow/dags/minio_to_snowflake.py
[2026-07-15T11:33:04.424+0000] {processor.py:840} INFO - DAG(s) 'minio_to_snowflake_banking' retrieved from /opt/airflow/dags/minio_to_snowflake.py
[2026-07-15T11:33:04.456+0000] {logging_mixin.py:188} INFO - [2026-07-15T11:33:04.455+0000] {dag.py:3089} INFO - Sync 1 DAGs
[2026-07-15T11:33:04.481+0000] {logging_mixin.py:188} INFO - [2026-07-15T11:33:04.481+0000] {dag.py:3947} INFO - Setting next_dagrun for minio_to_snowflake_banking to 2026-07-15 11:32:00+00:00, run_after=2026-07-15 11:33:00+00:00
[2026-07-15T11:33:04.502+0000] {processor.py:183} INFO - Processing /opt/airflow/dags/minio_to_snowflake.py took 1.028 seconds
[2026-07-15T11:33:34.656+0000] {processor.py:161} INFO - Started process (PID=49) to work on /opt/airflow/dags/minio_to_snowflake.py
[2026-07-15T11:33:34.657+0000] {processor.py:830} INFO - Processing file /opt/airflow/dags/minio_to_snowflake.py for tasks to queue
[2026-07-15T11:33:34.661+0000] {logging_mixin.py:188} INFO - [2026-07-15T11:33:34.660+0000] {dagbag.py:545} INFO - Filling up the DagBag from /opt/airflow/dags/minio_to_snowflake.py
[2026-07-15T11:33:35.657+0000] {processor.py:840} INFO - DAG(s) 'minio_to_snowflake_banking' retrieved from /opt/airflow/dags/minio_to_snowflake.py
[2026-07-15T11:33:35.706+0000] {logging_mixin.py:188} INFO - [2026-07-15T11:33:35.706+0000] {dag.py:3089} INFO - Sync 1 DAGs
[2026-07-15T11:33:35.738+0000] {logging_mixin.py:188} INFO - [2026-07-15T11:33:35.737+0000] {dag.py:3947} INFO - Setting next_dagrun for minio_to_snowflake_banking to 2026-07-15 11:32:00+00:00, run_after=2026-07-15 11:33:00+00:00
[2026-07-15T11:33:35.762+0000] {processor.py:183} INFO - Processing /opt/airflow/dags/minio_to_snowflake.py took 1.114 seconds
[2026-07-15T11:34:05.879+0000] {processor.py:161} INFO - Started process (PID=53) to work on /opt/airflow/dags/minio_to_snowflake.py
[2026-07-15T11:34:05.881+0000] {processor.py:830} INFO - Processing file /opt/airflow/dags/minio_to_snowflake.py for tasks to queue
[2026-07-15T11:34:05.884+0000] {logging_mixin.py:188} INFO - [2026-07-15T11:34:05.883+0000] {dagbag.py:545} INFO - Filling up the DagBag from /opt/airflow/dags/minio_to_snowflake.py
[2026-07-15T11:34:06.823+0000] {processor.py:840} INFO - DAG(s) 'minio_to_snowflake_banking' retrieved from /opt/airflow/dags/minio_to_snowflake.py
[2026-07-15T11:34:06.859+0000] {logging_mixin.py:188} INFO - [2026-07-15T11:34:06.858+0000] {dag.py:3089} INFO - Sync 1 DAGs
[2026-07-15T11:34:06.885+0000] {logging_mixin.py:188} INFO - [2026-07-15T11:34:06.885+0000] {dag.py:3947} INFO - Setting next_dagrun for minio_to_snowflake_banking to 2026-07-15 11:33:00+00:00, run_after=2026-07-15 11:34:00+00:00
[2026-07-15T11:34:06.911+0000] {processor.py:183} INFO - Processing /opt/airflow/dags/minio_to_snowflake.py took 1.042 seconds
[2026-07-15T11:34:37.070+0000] {processor.py:161} INFO - Started process (PID=57) to work on /opt/airflow/dags/minio_to_snowflake.py
[2026-07-15T11:34:37.071+0000] {processor.py:830} INFO - Processing file /opt/airflow/dags/minio_to_snowflake.py for tasks to queue
[2026-07-15T11:34:37.074+0000] {logging_mixin.py:188} INFO - [2026-07-15T11:34:37.074+0000] {dagbag.py:545} INFO - Filling up the DagBag from /opt/airflow/dags/minio_to_snowflake.py
[2026-07-15T11:34:38.026+0000] {processor.py:840} INFO - DAG(s) 'minio_to_snowflake_banking' retrieved from /opt/airflow/dags/minio_to_snowflake.py
[2026-07-15T11:34:38.062+0000] {logging_mixin.py:188} INFO - [2026-07-15T11:34:38.062+0000] {dag.py:3089} INFO - Sync 1 DAGs
[2026-07-15T11:34:38.093+0000] {logging_mixin.py:188} INFO - [2026-07-15T11:34:38.093+0000] {dag.py:3947} INFO - Setting next_dagrun for minio_to_snowflake_banking to 2026-07-15 11:33:00+00:00, run_after=2026-07-15 11:34:00+00:00
[2026-07-15T11:34:38.125+0000] {processor.py:183} INFO - Processing /opt/airflow/dags/minio_to_snowflake.py took 1.063 seconds
[2026-07-15T11:35:08.297+0000] {processor.py:161} INFO - Started process (PID=61) to work on /opt/airflow/dags/minio_to_snowflake.py
[2026-07-15T11:35:08.298+0000] {processor.py:830} INFO - Processing file /opt/airflow/dags/minio_to_snowflake.py for tasks to queue
[2026-07-15T11:35:08.302+0000] {logging_mixin.py:188} INFO - [2026-07-15T11:35:08.302+0000] {dagbag.py:545} INFO - Filling up the DagBag from /opt/airflow/dags/minio_to_snowflake.py
[2026-07-15T11:35:09.322+0000] {processor.py:840} INFO - DAG(s) 'minio_to_snowflake_banking' retrieved from /opt/airflow/dags/minio_to_snowflake.py
[2026-07-15T11:35:09.360+0000] {logging_mixin.py:188} INFO - [2026-07-15T11:35:09.359+0000] {dag.py:3089} INFO - Sync 1 DAGs
[2026-07-15T11:35:09.392+0000] {logging_mixin.py:188} INFO - [2026-07-15T11:35:09.392+0000] {dag.py:3947} INFO - Setting next_dagrun for minio_to_snowflake_banking to 2026-07-15 11:34:00+00:00, run_after=2026-07-15 11:35:00+00:00
[2026-07-15T11:35:09.418+0000] {processor.py:183} INFO - Processing /opt/airflow/dags/minio_to_snowflake.py took 1.135 seconds
[2026-07-15T11:35:39.554+0000] {processor.py:161} INFO - Started process (PID=65) to work on /opt/airflow/dags/minio_to_snowflake.py
[2026-07-15T11:35:39.555+0000] {processor.py:830} INFO - Processing file /opt/airflow/dags/minio_to_snowflake.py for tasks to queue
[2026-07-15T11:35:39.558+0000] {logging_mixin.py:188} INFO - [2026-07-15T11:35:39.558+0000] {dagbag.py:545} INFO - Filling up the DagBag from /opt/airflow/dags/minio_to_snowflake.py
[2026-07-15T11:35:40.517+0000] {processor.py:840} INFO - DAG(s) 'minio_to_snowflake_banking' retrieved from /opt/airflow/dags/minio_to_snowflake.py
[2026-07-15T11:35:40.556+0000] {logging_mixin.py:188} INFO - [2026-07-15T11:35:40.555+0000] {dag.py:3089} INFO - Sync 1 DAGs
[2026-07-15T11:35:40.584+0000] {logging_mixin.py:188} INFO - [2026-07-15T11:35:40.583+0000] {dag.py:3947} INFO - Setting next_dagrun for minio_to_snowflake_banking to 2026-07-15 11:34:00+00:00, run_after=2026-07-15 11:35:00+00:00
[2026-07-15T11:35:40.611+0000] {processor.py:183} INFO - Processing /opt/airflow/dags/minio_to_snowflake.py took 1.065 seconds
[2026-07-15T11:36:10.811+0000] {processor.py:161} INFO - Started process (PID=69) to work on /opt/airflow/dags/minio_to_snowflake.py
[2026-07-15T11:36:10.813+0000] {processor.py:830} INFO - Processing file /opt/airflow/dags/minio_to_snowflake.py for tasks to queue
[2026-07-15T11:36:10.816+0000] {logging_mixin.py:188} INFO - [2026-07-15T11:36:10.816+0000] {dagbag.py:545} INFO - Filling up the DagBag from /opt/airflow/dags/minio_to_snowflake.py
[2026-07-15T11:36:11.744+0000] {processor.py:840} INFO - DAG(s) 'minio_to_snowflake_banking' retrieved from /opt/airflow/dags/minio_to_snowflake.py
[2026-07-15T11:36:11.776+0000] {logging_mixin.py:188} INFO - [2026-07-15T11:36:11.776+0000] {dag.py:3089} INFO - Sync 1 DAGs
[2026-07-15T11:36:11.799+0000] {logging_mixin.py:188} INFO - [2026-07-15T11:36:11.799+0000] {dag.py:3947} INFO - Setting next_dagrun for minio_to_snowflake_banking to 2026-07-15 11:35:00+00:00, run_after=2026-07-15 11:36:00+00:00
[2026-07-15T11:36:11.818+0000] {processor.py:183} INFO - Processing /opt/airflow/dags/minio_to_snowflake.py took 1.015 seconds
[2026-07-15T11:36:41.998+0000] {processor.py:161} INFO - Started process (PID=73) to work on /opt/airflow/dags/minio_to_snowflake.py
[2026-07-15T11:36:41.999+0000] {processor.py:830} INFO - Processing file /opt/airflow/dags/minio_to_snowflake.py for tasks to queue
[2026-07-15T11:36:42.002+0000] {logging_mixin.py:188} INFO - [2026-07-15T11:36:42.001+0000] {dagbag.py:545} INFO - Filling up the DagBag from /opt/airflow/dags/minio_to_snowflake.py
[2026-07-15T11:36:42.898+0000] {processor.py:840} INFO - DAG(s) 'minio_to_snowflake_banking' retrieved from /opt/airflow/dags/minio_to_snowflake.py
[2026-07-15T11:36:42.928+0000] {logging_mixin.py:188} INFO - [2026-07-15T11:36:42.928+0000] {dag.py:3089} INFO - Sync 1 DAGs
[2026-07-15T11:36:42.950+0000] {logging_mixin.py:188} INFO - [2026-07-15T11:36:42.950+0000] {dag.py:3947} INFO - Setting next_dagrun for minio_to_snowflake_banking to 2026-07-15 11:35:00+00:00, run_after=2026-07-15 11:36:00+00:00
[2026-07-15T11:36:42.973+0000] {processor.py:183} INFO - Processing /opt/airflow/dags/minio_to_snowflake.py took 0.982 seconds
[2026-07-15T11:37:13.202+0000] {processor.py:161} INFO - Started process (PID=77) to work on /opt/airflow/dags/minio_to_snowflake.py
[2026-07-15T11:37:13.204+0000] {processor.py:830} INFO - Processing file /opt/airflow/dags/minio_to_snowflake.py for tasks to queue
[2026-07-15T11:37:13.207+0000] {logging_mixin.py:188} INFO - [2026-07-15T11:37:13.207+0000] {dagbag.py:545} INFO - Filling up the DagBag from /opt/airflow/dags/minio_to_snowflake.py
[2026-07-15T11:37:14.344+0000] {processor.py:840} INFO - DAG(s) 'minio_to_snowflake_banking' retrieved from /opt/airflow/dags/minio_to_snowflake.py
[2026-07-15T11:37:14.375+0000] {logging_mixin.py:188} INFO - [2026-07-15T11:37:14.375+0000] {dag.py:3089} INFO - Sync 1 DAGs
[2026-07-15T11:37:14.401+0000] {logging_mixin.py:188} INFO - [2026-07-15T11:37:14.401+0000] {dag.py:3947} INFO - Setting next_dagrun for minio_to_snowflake_banking to 2026-07-15 11:36:00+00:00, run_after=2026-07-15 11:37:00+00:00
[2026-07-15T11:37:14.423+0000] {processor.py:183} INFO - Processing /opt/airflow/dags/minio_to_snowflake.py took 1.230 seconds
[2026-07-15T11:37:44.643+0000] {processor.py:161} INFO - Started process (PID=81) to work on /opt/airflow/dags/minio_to_snowflake.py
[2026-07-15T11:37:44.645+0000] {processor.py:830} INFO - Processing file /opt/airflow/dags/minio_to_snowflake.py for tasks to queue
[2026-07-15T11:37:44.648+0000] {logging_mixin.py:188} INFO - [2026-07-15T11:37:44.648+0000] {dagbag.py:545} INFO - Filling up the DagBag from /opt/airflow/dags/minio_to_snowflake.py
[2026-07-15T11:37:45.519+0000] {processor.py:840} INFO - DAG(s) 'minio_to_snowflake_banking' retrieved from /opt/airflow/dags/minio_to_snowflake.py
[2026-07-15T11:37:45.555+0000] {logging_mixin.py:188} INFO - [2026-07-15T11:37:45.554+0000] {dag.py:3089} INFO - Sync 1 DAGs
[2026-07-15T11:37:45.607+0000] {logging_mixin.py:188} INFO - [2026-07-15T11:37:45.607+0000] {dag.py:3947} INFO - Setting next_dagrun for minio_to_snowflake_banking to 2026-07-15 11:36:00+00:00, run_after=2026-07-15 11:37:00+00:00
[2026-07-15T11:37:45.654+0000] {processor.py:183} INFO - Processing /opt/airflow/dags/minio_to_snowflake.py took 1.023 seconds
[2026-07-15T11:38:15.859+0000] {processor.py:161} INFO - Started process (PID=85) to work on /opt/airflow/dags/minio_to_snowflake.py
[2026-07-15T11:38:15.864+0000] {processor.py:830} INFO - Processing file /opt/airflow/dags/minio_to_snowflake.py for tasks to queue
[2026-07-15T11:38:15.867+0000] {logging_mixin.py:188} INFO - [2026-07-15T11:38:15.867+0000] {dagbag.py:545} INFO - Filling up the DagBag from /opt/airflow/dags/minio_to_snowflake.py
[2026-07-15T11:38:16.767+0000] {processor.py:840} INFO - DAG(s) 'minio_to_snowflake_banking' retrieved from /opt/airflow/dags/minio_to_snowflake.py
[2026-07-15T11:38:16.800+0000] {logging_mixin.py:188} INFO - [2026-07-15T11:38:16.799+0000] {dag.py:3089} INFO - Sync 1 DAGs
[2026-07-15T11:38:16.823+0000] {logging_mixin.py:188} INFO - [2026-07-15T11:38:16.823+0000] {dag.py:3947} INFO - Setting next_dagrun for minio_to_snowflake_banking to 2026-07-15 11:37:00+00:00, run_after=2026-07-15 11:38:00+00:00
[2026-07-15T11:38:16.846+0000] {processor.py:183} INFO - Processing /opt/airflow/dags/minio_to_snowflake.py took 0.997 seconds
[2026-07-15T11:38:47.089+0000] {processor.py:161} INFO - Started process (PID=89) to work on /opt/airflow/dags/minio_to_snowflake.py
[2026-07-15T11:38:47.091+0000] {processor.py:830} INFO - Processing file /opt/airflow/dags/minio_to_snowflake.py for tasks to queue
[2026-07-15T11:38:47.093+0000] {logging_mixin.py:188} INFO - [2026-07-15T11:38:47.093+0000] {dagbag.py:545} INFO - Filling up the DagBag from /opt/airflow/dags/minio_to_snowflake.py
[2026-07-15T11:38:47.975+0000] {processor.py:840} INFO - DAG(s) 'minio_to_snowflake_banking' retrieved from /opt/airflow/dags/minio_to_snowflake.py
[2026-07-15T11:38:48.006+0000] {logging_mixin.py:188} INFO - [2026-07-15T11:38:48.005+0000] {dag.py:3089} INFO - Sync 1 DAGs
[2026-07-15T11:38:48.027+0000] {logging_mixin.py:188} INFO - [2026-07-15T11:38:48.026+0000] {dag.py:3947} INFO - Setting next_dagrun for minio_to_snowflake_banking to 2026-07-15 11:37:00+00:00, run_after=2026-07-15 11:38:00+00:00
[2026-07-15T11:38:48.046+0000] {processor.py:183} INFO - Processing /opt/airflow/dags/minio_to_snowflake.py took 0.966 seconds
[2026-07-15T11:39:18.307+0000] {processor.py:161} INFO - Started process (PID=93) to work on /opt/airflow/dags/minio_to_snowflake.py
[2026-07-15T11:39:18.309+0000] {processor.py:830} INFO - Processing file /opt/airflow/dags/minio_to_snowflake.py for tasks to queue
[2026-07-15T11:39:18.311+0000] {logging_mixin.py:188} INFO - [2026-07-15T11:39:18.310+0000] {dagbag.py:545} INFO - Filling up the DagBag from /opt/airflow/dags/minio_to_snowflake.py
[2026-07-15T11:39:19.154+0000] {processor.py:840} INFO - DAG(s) 'minio_to_snowflake_banking' retrieved from /opt/airflow/dags/minio_to_snowflake.py
[2026-07-15T11:39:19.187+0000] {logging_mixin.py:188} INFO - [2026-07-15T11:39:19.186+0000] {dag.py:3089} INFO - Sync 1 DAGs
[2026-07-15T11:39:19.215+0000] {logging_mixin.py:188} INFO - [2026-07-15T11:39:19.215+0000] {dag.py:3947} INFO - Setting next_dagrun for minio_to_snowflake_banking to 2026-07-15 11:38:00+00:00, run_after=2026-07-15 11:39:00+00:00
[2026-07-15T11:39:19.240+0000] {processor.py:183} INFO - Processing /opt/airflow/dags/minio_to_snowflake.py took 0.939 seconds
[2026-07-15T11:39:49.501+0000] {processor.py:161} INFO - Started process (PID=97) to work on /opt/airflow/dags/minio_to_snowflake.py
[2026-07-15T11:39:49.503+0000] {processor.py:830} INFO - Processing file /opt/airflow/dags/minio_to_snowflake.py for tasks to queue
[2026-07-15T11:39:49.506+0000] {logging_mixin.py:188} INFO - [2026-07-15T11:39:49.506+0000] {dagbag.py:545} INFO - Filling up the DagBag from /opt/airflow/dags/minio_to_snowflake.py
[2026-07-15T11:39:50.254+0000] {processor.py:840} INFO - DAG(s) 'minio_to_snowflake_banking' retrieved from /opt/airflow/dags/minio_to_snowflake.py
[2026-07-15T11:39:50.281+0000] {logging_mixin.py:188} INFO - [2026-07-15T11:39:50.280+0000] {dag.py:3089} INFO - Sync 1 DAGs
[2026-07-15T11:39:50.306+0000] {logging_mixin.py:188} INFO - [2026-07-15T11:39:50.305+0000] {dag.py:3947} INFO - Setting next_dagrun for minio_to_snowflake_banking to 2026-07-15 11:38:00+00:00, run_after=2026-07-15 11:39:00+00:00
[2026-07-15T11:39:50.327+0000] {processor.py:183} INFO - Processing /opt/airflow/dags/minio_to_snowflake.py took 0.833 seconds
[2026-07-15T11:40:20.649+0000] {processor.py:161} INFO - Started process (PID=101) to work on /opt/airflow/dags/minio_to_snowflake.py
[2026-07-15T11:40:20.651+0000] {processor.py:830} INFO - Processing file /opt/airflow/dags/minio_to_snowflake.py for tasks to queue
[2026-07-15T11:40:20.654+0000] {logging_mixin.py:188} INFO - [2026-07-15T11:40:20.653+0000] {dagbag.py:545} INFO - Filling up the DagBag from /opt/airflow/dags/minio_to_snowflake.py
[2026-07-15T11:40:21.425+0000] {processor.py:840} INFO - DAG(s) 'minio_to_snowflake_banking' retrieved from /opt/airflow/dags/minio_to_snowflake.py
[2026-07-15T11:40:21.454+0000] {logging_mixin.py:188} INFO - [2026-07-15T11:40:21.454+0000] {dag.py:3089} INFO - Sync 1 DAGs
[2026-07-15T11:40:21.476+0000] {logging_mixin.py:188} INFO - [2026-07-15T11:40:21.476+0000] {dag.py:3947} INFO - Setting next_dagrun for minio_to_snowflake_banking to 2026-07-15 11:39:00+00:00, run_after=2026-07-15 11:40:00+00:00
[2026-07-15T11:40:21.496+0000] {processor.py:183} INFO - Processing /opt/airflow/dags/minio_to_snowflake.py took 0.856 seconds
[2026-07-15T11:40:51.790+0000] {processor.py:161} INFO - Started process (PID=105) to work on /opt/airflow/dags/minio_to_snowflake.py
[2026-07-15T11:40:51.791+0000] {processor.py:830} INFO - Processing file /opt/airflow/dags/minio_to_snowflake.py for tasks to queue
[2026-07-15T11:40:51.793+0000] {logging_mixin.py:188} INFO - [2026-07-15T11:40:51.793+0000] {dagbag.py:545} INFO - Filling up the DagBag from /opt/airflow/dags/minio_to_snowflake.py
[2026-07-15T11:40:52.573+0000] {processor.py:840} INFO - DAG(s) 'minio_to_snowflake_banking' retrieved from /opt/airflow/dags/minio_to_snowflake.py
[2026-07-15T11:40:52.609+0000] {logging_mixin.py:188} INFO - [2026-07-15T11:40:52.608+0000] {dag.py:3089} INFO - Sync 1 DAGs
[2026-07-15T11:40:52.635+0000] {logging_mixin.py:188} INFO - [2026-07-15T11:40:52.635+0000] {dag.py:3947} INFO - Setting next_dagrun for minio_to_snowflake_banking to 2026-07-15 11:39:00+00:00, run_after=2026-07-15 11:40:00+00:00
[2026-07-15T11:40:52.657+0000] {processor.py:183} INFO - Processing /opt/airflow/dags/minio_to_snowflake.py took 0.875 seconds
[2026-07-15T11:41:22.929+0000] {processor.py:161} INFO - Started process (PID=109) to work on /opt/airflow/dags/minio_to_snowflake.py
[2026-07-15T11:41:22.930+0000] {processor.py:830} INFO - Processing file /opt/airflow/dags/minio_to_snowflake.py for tasks to queue
[2026-07-15T11:41:22.933+0000] {logging_mixin.py:188} INFO - [2026-07-15T11:41:22.933+0000] {dagbag.py:545} INFO - Filling up the DagBag from /opt/airflow/dags/minio_to_snowflake.py
[2026-07-15T11:41:23.747+0000] {processor.py:840} INFO - DAG(s) 'minio_to_snowflake_banking' retrieved from /opt/airflow/dags/minio_to_snowflake.py
[2026-07-15T11:41:23.798+0000] {logging_mixin.py:188} INFO - [2026-07-15T11:41:23.797+0000] {dag.py:3089} INFO - Sync 1 DAGs
[2026-07-15T11:41:23.840+0000] {logging_mixin.py:188} INFO - [2026-07-15T11:41:23.840+0000] {dag.py:3947} INFO - Setting next_dagrun for minio_to_snowflake_banking to 2026-07-15 11:40:00+00:00, run_after=2026-07-15 11:41:00+00:00
[2026-07-15T11:41:23.871+0000] {processor.py:183} INFO - Processing /opt/airflow/dags/minio_to_snowflake.py took 0.951 seconds
[2026-07-15T11:41:54.170+0000] {processor.py:161} INFO - Started process (PID=113) to work on /opt/airflow/dags/minio_to_snowflake.py
[2026-07-15T11:41:54.172+0000] {processor.py:830} INFO - Processing file /opt/airflow/dags/minio_to_snowflake.py for tasks to queue
[2026-07-15T11:41:54.175+0000] {logging_mixin.py:188} INFO - [2026-07-15T11:41:54.174+0000] {dagbag.py:545} INFO - Filling up the DagBag from /opt/airflow/dags/minio_to_snowflake.py
[2026-07-15T11:41:55.017+0000] {processor.py:840} INFO - DAG(s) 'minio_to_snowflake_banking' retrieved from /opt/airflow/dags/minio_to_snowflake.py
[2026-07-15T11:41:55.048+0000] {logging_mixin.py:188} INFO - [2026-07-15T11:41:55.047+0000] {dag.py:3089} INFO - Sync 1 DAGs
[2026-07-15T11:41:55.075+0000] {logging_mixin.py:188} INFO - [2026-07-15T11:41:55.074+0000] {dag.py:3947} INFO - Setting next_dagrun for minio_to_snowflake_banking to 2026-07-15 11:40:00+00:00, run_after=2026-07-15 11:41:00+00:00
[2026-07-15T11:41:55.103+0000] {processor.py:183} INFO - Processing /opt/airflow/dags/minio_to_snowflake.py took 0.944 seconds
[2026-07-15T11:42:25.365+0000] {processor.py:161} INFO - Started process (PID=117) to work on /opt/airflow/dags/minio_to_snowflake.py
[2026-07-15T11:42:25.366+0000] {processor.py:830} INFO - Processing file /opt/airflow/dags/minio_to_snowflake.py for tasks to queue
[2026-07-15T11:42:25.369+0000] {logging_mixin.py:188} INFO - [2026-07-15T11:42:25.368+0000] {dagbag.py:545} INFO - Filling up the DagBag from /opt/airflow/dags/minio_to_snowflake.py
[2026-07-15T11:42:26.199+0000] {processor.py:840} INFO - DAG(s) 'minio_to_snowflake_banking' retrieved from /opt/airflow/dags/minio_to_snowflake.py
[2026-07-15T11:42:26.242+0000] {logging_mixin.py:188} INFO - [2026-07-15T11:42:26.242+0000] {dag.py:3089} INFO - Sync 1 DAGs
[2026-07-15T11:42:26.270+0000] {logging_mixin.py:188} INFO - [2026-07-15T11:42:26.270+0000] {dag.py:3947} INFO - Setting next_dagrun for minio_to_snowflake_banking to 2026-07-15 11:41:00+00:00, run_after=2026-07-15 11:42:00+00:00
[2026-07-15T11:42:26.293+0000] {processor.py:183} INFO - Processing /opt/airflow/dags/minio_to_snowflake.py took 0.935 seconds
[2026-07-15T11:42:56.573+0000] {processor.py:161} INFO - Started process (PID=121) to work on /opt/airflow/dags/minio_to_snowflake.py
[2026-07-15T11:42:56.574+0000] {processor.py:830} INFO - Processing file /opt/airflow/dags/minio_to_snowflake.py for tasks to queue
[2026-07-15T11:42:56.577+0000] {logging_mixin.py:188} INFO - [2026-07-15T11:42:56.577+0000] {dagbag.py:545} INFO - Filling up the DagBag from /opt/airflow/dags/minio_to_snowflake.py
[2026-07-15T11:42:57.366+0000] {processor.py:840} INFO - DAG(s) 'minio_to_snowflake_banking' retrieved from /opt/airflow/dags/minio_to_snowflake.py
[2026-07-15T11:42:57.394+0000] {logging_mixin.py:188} INFO - [2026-07-15T11:42:57.393+0000] {dag.py:3089} INFO - Sync 1 DAGs
[2026-07-15T11:42:57.416+0000] {logging_mixin.py:188} INFO - [2026-07-15T11:42:57.416+0000] {dag.py:3947} INFO - Setting next_dagrun for minio_to_snowflake_banking to 2026-07-15 11:41:00+00:00, run_after=2026-07-15 11:42:00+00:00
[2026-07-15T11:42:57.435+0000] {processor.py:183} INFO - Processing /opt/airflow/dags/minio_to_snowflake.py took 0.872 seconds
[2026-07-15T11:43:27.685+0000] {processor.py:161} INFO - Started process (PID=125) to work on /opt/airflow/dags/minio_to_snowflake.py
[2026-07-15T11:43:27.686+0000] {processor.py:830} INFO - Processing file /opt/airflow/dags/minio_to_snowflake.py for tasks to queue
[2026-07-15T11:43:27.689+0000] {logging_mixin.py:188} INFO - [2026-07-15T11:43:27.688+0000] {dagbag.py:545} INFO - Filling up the DagBag from /opt/airflow/dags/minio_to_snowflake.py
[2026-07-15T11:43:28.485+0000] {processor.py:840} INFO - DAG(s) 'minio_to_snowflake_banking' retrieved from /opt/airflow/dags/minio_to_snowflake.py
[2026-07-15T11:43:28.516+0000] {logging_mixin.py:188} INFO - [2026-07-15T11:43:28.515+0000] {dag.py:3089} INFO - Sync 1 DAGs
[2026-07-15T11:43:28.539+0000] {logging_mixin.py:188} INFO - [2026-07-15T11:43:28.539+0000] {dag.py:3947} INFO - Setting next_dagrun for minio_to_snowflake_banking to 2026-07-15 11:42:00+00:00, run_after=2026-07-15 11:43:00+00:00
[2026-07-15T11:43:28.562+0000] {processor.py:183} INFO - Processing /opt/airflow/dags/minio_to_snowflake.py took 0.887 seconds
[2026-07-15T11:43:58.830+0000] {processor.py:161} INFO - Started process (PID=129) to work on /opt/airflow/dags/minio_to_snowflake.py
[2026-07-15T11:43:58.833+0000] {processor.py:830} INFO - Processing file /opt/airflow/dags/minio_to_snowflake.py for tasks to queue
[2026-07-15T11:43:58.837+0000] {logging_mixin.py:188} INFO - [2026-07-15T11:43:58.836+0000] {dagbag.py:545} INFO - Filling up the DagBag from /opt/airflow/dags/minio_to_snowflake.py
[2026-07-15T11:43:59.640+0000] {processor.py:840} INFO - DAG(s) 'minio_to_snowflake_banking' retrieved from /opt/airflow/dags/minio_to_snowflake.py
[2026-07-15T11:43:59.688+0000] {logging_mixin.py:188} INFO - [2026-07-15T11:43:59.687+0000] {dag.py:3089} INFO - Sync 1 DAGs
[2026-07-15T11:43:59.732+0000] {logging_mixin.py:188} INFO - [2026-07-15T11:43:59.732+0000] {dag.py:3947} INFO - Setting next_dagrun for minio_to_snowflake_banking to 2026-07-15 11:42:00+00:00, run_after=2026-07-15 11:43:00+00:00
[2026-07-15T11:43:59.760+0000] {processor.py:183} INFO - Processing /opt/airflow/dags/minio_to_snowflake.py took 0.942 seconds
[2026-07-15T11:44:30.023+0000] {processor.py:161} INFO - Started process (PID=133) to work on /opt/airflow/dags/minio_to_snowflake.py
[2026-07-15T11:44:30.025+0000] {processor.py:830} INFO - Processing file /opt/airflow/dags/minio_to_snowflake.py for tasks to queue
[2026-07-15T11:44:30.027+0000] {logging_mixin.py:188} INFO - [2026-07-15T11:44:30.027+0000] {dagbag.py:545} INFO - Filling up the DagBag from /opt/airflow/dags/minio_to_snowflake.py
[2026-07-15T11:44:30.791+0000] {processor.py:840} INFO - DAG(s) 'minio_to_snowflake_banking' retrieved from /opt/airflow/dags/minio_to_snowflake.py
[2026-07-15T11:44:30.820+0000] {logging_mixin.py:188} INFO - [2026-07-15T11:44:30.819+0000] {dag.py:3089} INFO - Sync 1 DAGs
[2026-07-15T11:44:30.840+0000] {logging_mixin.py:188} INFO - [2026-07-15T11:44:30.840+0000] {dag.py:3947} INFO - Setting next_dagrun for minio_to_snowflake_banking to 2026-07-15 11:43:00+00:00, run_after=2026-07-15 11:44:00+00:00
[2026-07-15T11:44:30.858+0000] {processor.py:183} INFO - Processing /opt/airflow/dags/minio_to_snowflake.py took 0.846 seconds
[2026-07-15T11:45:01.174+0000] {processor.py:161} INFO - Started process (PID=137) to work on /opt/airflow/dags/minio_to_snowflake.py
[2026-07-15T11:45:01.175+0000] {processor.py:830} INFO - Processing file /opt/airflow/dags/minio_to_snowflake.py for tasks to queue
[2026-07-15T11:45:01.178+0000] {logging_mixin.py:188} INFO - [2026-07-15T11:45:01.178+0000] {dagbag.py:545} INFO - Filling up the DagBag from /opt/airflow/dags/minio_to_snowflake.py
[2026-07-15T11:45:01.929+0000] {processor.py:840} INFO - DAG(s) 'minio_to_snowflake_banking' retrieved from /opt/airflow/dags/minio_to_snowflake.py
[2026-07-15T11:45:01.959+0000] {logging_mixin.py:188} INFO - [2026-07-15T11:45:01.959+0000] {dag.py:3089} INFO - Sync 1 DAGs
[2026-07-15T11:45:01.985+0000] {logging_mixin.py:188} INFO - [2026-07-15T11:45:01.984+0000] {dag.py:3947} INFO - Setting next_dagrun for minio_to_snowflake_banking to 2026-07-15 11:44:00+00:00, run_after=2026-07-15 11:45:00+00:00
[2026-07-15T11:45:02.009+0000] {processor.py:183} INFO - Processing /opt/airflow/dags/minio_to_snowflake.py took 0.842 seconds
[2026-07-15T11:45:32.325+0000] {processor.py:161} INFO - Started process (PID=141) to work on /opt/airflow/dags/minio_to_snowflake.py
[2026-07-15T11:45:32.326+0000] {processor.py:830} INFO - Processing file /opt/airflow/dags/minio_to_snowflake.py for tasks to queue
[2026-07-15T11:45:32.329+0000] {logging_mixin.py:188} INFO - [2026-07-15T11:45:32.329+0000] {dagbag.py:545} INFO - Filling up the DagBag from /opt/airflow/dags/minio_to_snowflake.py
[2026-07-15T11:45:33.118+0000] {processor.py:840} INFO - DAG(s) 'minio_to_snowflake_banking' retrieved from /opt/airflow/dags/minio_to_snowflake.py
[2026-07-15T11:45:33.149+0000] {logging_mixin.py:188} INFO - [2026-07-15T11:45:33.148+0000] {dag.py:3089} INFO - Sync 1 DAGs
[2026-07-15T11:45:33.170+0000] {logging_mixin.py:188} INFO - [2026-07-15T11:45:33.169+0000] {dag.py:3947} INFO - Setting next_dagrun for minio_to_snowflake_banking to 2026-07-15 11:44:00+00:00, run_after=2026-07-15 11:45:00+00:00
[2026-07-15T11:45:33.189+0000] {processor.py:183} INFO - Processing /opt/airflow/dags/minio_to_snowflake.py took 0.875 seconds
[2026-07-15T11:46:03.471+0000] {processor.py:161} INFO - Started process (PID=145) to work on /opt/airflow/dags/minio_to_snowflake.py
[2026-07-15T11:46:03.474+0000] {processor.py:830} INFO - Processing file /opt/airflow/dags/minio_to_snowflake.py for tasks to queue
[2026-07-15T11:46:03.479+0000] {logging_mixin.py:188} INFO - [2026-07-15T11:46:03.478+0000] {dagbag.py:545} INFO - Filling up the DagBag from /opt/airflow/dags/minio_to_snowflake.py
[2026-07-15T11:46:04.384+0000] {processor.py:840} INFO - DAG(s) 'minio_to_snowflake_banking' retrieved from /opt/airflow/dags/minio_to_snowflake.py
[2026-07-15T11:46:04.414+0000] {logging_mixin.py:188} INFO - [2026-07-15T11:46:04.414+0000] {dag.py:3089} INFO - Sync 1 DAGs
[2026-07-15T11:46:04.436+0000] {logging_mixin.py:188} INFO - [2026-07-15T11:46:04.436+0000] {dag.py:3947} INFO - Setting next_dagrun for minio_to_snowflake_banking to 2026-07-15 11:45:00+00:00, run_after=2026-07-15 11:46:00+00:00
[2026-07-15T11:46:04.458+0000] {processor.py:183} INFO - Processing /opt/airflow/dags/minio_to_snowflake.py took 0.997 seconds
[2026-07-15T11:46:34.658+0000] {processor.py:161} INFO - Started process (PID=149) to work on /opt/airflow/dags/minio_to_snowflake.py
[2026-07-15T11:46:34.660+0000] {processor.py:830} INFO - Processing file /opt/airflow/dags/minio_to_snowflake.py for tasks to queue
[2026-07-15T11:46:34.663+0000] {logging_mixin.py:188} INFO - [2026-07-15T11:46:34.663+0000] {dagbag.py:545} INFO - Filling up the DagBag from /opt/airflow/dags/minio_to_snowflake.py
[2026-07-15T11:46:35.514+0000] {processor.py:840} INFO - DAG(s) 'minio_to_snowflake_banking' retrieved from /opt/airflow/dags/minio_to_snowflake.py
[2026-07-15T11:46:35.546+0000] {logging_mixin.py:188} INFO - [2026-07-15T11:46:35.546+0000] {dag.py:3089} INFO - Sync 1 DAGs
[2026-07-15T11:46:35.568+0000] {logging_mixin.py:188} INFO - [2026-07-15T11:46:35.567+0000] {dag.py:3947} INFO - Setting next_dagrun for minio_to_snowflake_banking to 2026-07-15 11:45:00+00:00, run_after=2026-07-15 11:46:00+00:00
[2026-07-15T11:46:35.590+0000] {processor.py:183} INFO - Processing /opt/airflow/dags/minio_to_snowflake.py took 0.940 seconds
[2026-07-15T11:47:05.898+0000] {processor.py:161} INFO - Started process (PID=153) to work on /opt/airflow/dags/minio_to_snowflake.py
[2026-07-15T11:47:05.900+0000] {processor.py:830} INFO - Processing file /opt/airflow/dags/minio_to_snowflake.py for tasks to queue
[2026-07-15T11:47:05.905+0000] {logging_mixin.py:188} INFO - [2026-07-15T11:47:05.904+0000] {dagbag.py:545} INFO - Filling up the DagBag from /opt/airflow/dags/minio_to_snowflake.py
[2026-07-15T11:47:06.776+0000] {processor.py:840} INFO - DAG(s) 'minio_to_snowflake_banking' retrieved from /opt/airflow/dags/minio_to_snowflake.py
[2026-07-15T11:47:06.810+0000] {logging_mixin.py:188} INFO - [2026-07-15T11:47:06.809+0000] {dag.py:3089} INFO - Sync 1 DAGs
[2026-07-15T11:47:06.831+0000] {logging_mixin.py:188} INFO - [2026-07-15T11:47:06.831+0000] {dag.py:3947} INFO - Setting next_dagrun for minio_to_snowflake_banking to 2026-07-15 11:46:00+00:00, run_after=2026-07-15 11:47:00+00:00
[2026-07-15T11:47:06.852+0000] {processor.py:183} INFO - Processing /opt/airflow/dags/minio_to_snowflake.py took 0.965 seconds
[2026-07-15T11:47:37.110+0000] {processor.py:161} INFO - Started process (PID=157) to work on /opt/airflow/dags/minio_to_snowflake.py
[2026-07-15T11:47:37.112+0000] {processor.py:830} INFO - Processing file /opt/airflow/dags/minio_to_snowflake.py for tasks to queue
[2026-07-15T11:47:37.115+0000] {logging_mixin.py:188} INFO - [2026-07-15T11:47:37.114+0000] {dagbag.py:545} INFO - Filling up the DagBag from /opt/airflow/dags/minio_to_snowflake.py
[2026-07-15T11:47:37.893+0000] {processor.py:840} INFO - DAG(s) 'minio_to_snowflake_banking' retrieved from /opt/airflow/dags/minio_to_snowflake.py
[2026-07-15T11:47:37.922+0000] {logging_mixin.py:188} INFO - [2026-07-15T11:47:37.922+0000] {dag.py:3089} INFO - Sync 1 DAGs
[2026-07-15T11:47:37.945+0000] {logging_mixin.py:188} INFO - [2026-07-15T11:47:37.945+0000] {dag.py:3947} INFO - Setting next_dagrun for minio_to_snowflake_banking to 2026-07-15 11:46:00+00:00, run_after=2026-07-15 11:47:00+00:00
[2026-07-15T11:47:37.966+0000] {processor.py:183} INFO - Processing /opt/airflow/dags/minio_to_snowflake.py took 0.862 seconds
[2026-07-15T11:48:08.238+0000] {processor.py:161} INFO - Started process (PID=161) to work on /opt/airflow/dags/minio_to_snowflake.py
[2026-07-15T11:48:08.240+0000] {processor.py:830} INFO - Processing file /opt/airflow/dags/minio_to_snowflake.py for tasks to queue
[2026-07-15T11:48:08.243+0000] {logging_mixin.py:188} INFO - [2026-07-15T11:48:08.243+0000] {dagbag.py:545} INFO - Filling up the DagBag from /opt/airflow/dags/minio_to_snowflake.py
[2026-07-15T11:48:09.005+0000] {processor.py:840} INFO - DAG(s) 'minio_to_snowflake_banking' retrieved from /opt/airflow/dags/minio_to_snowflake.py
[2026-07-15T11:48:09.033+0000] {logging_mixin.py:188} INFO - [2026-07-15T11:48:09.033+0000] {dag.py:3089} INFO - Sync 1 DAGs
[2026-07-15T11:48:09.056+0000] {logging_mixin.py:188} INFO - [2026-07-15T11:48:09.056+0000] {dag.py:3947} INFO - Setting next_dagrun for minio_to_snowflake_banking to 2026-07-15 11:47:00+00:00, run_after=2026-07-15 11:48:00+00:00
[2026-07-15T11:48:09.076+0000] {processor.py:183} INFO - Processing /opt/airflow/dags/minio_to_snowflake.py took 0.845 seconds
[2026-07-15T11:48:39.343+0000] {processor.py:161} INFO - Started process (PID=165) to work on /opt/airflow/dags/minio_to_snowflake.py
[2026-07-15T11:48:39.345+0000] {processor.py:830} INFO - Processing file /opt/airflow/dags/minio_to_snowflake.py for tasks to queue
[2026-07-15T11:48:39.348+0000] {logging_mixin.py:188} INFO - [2026-07-15T11:48:39.348+0000] {dagbag.py:545} INFO - Filling up the DagBag from /opt/airflow/dags/minio_to_snowflake.py
[2026-07-15T11:48:40.146+0000] {processor.py:840} INFO - DAG(s) 'minio_to_snowflake_banking' retrieved from /opt/airflow/dags/minio_to_snowflake.py
[2026-07-15T11:48:40.190+0000] {logging_mixin.py:188} INFO - [2026-07-15T11:48:40.189+0000] {dag.py:3089} INFO - Sync 1 DAGs
[2026-07-15T11:48:40.228+0000] {logging_mixin.py:188} INFO - [2026-07-15T11:48:40.228+0000] {dag.py:3947} INFO - Setting next_dagrun for minio_to_snowflake_banking to 2026-07-15 11:47:00+00:00, run_after=2026-07-15 11:48:00+00:00
[2026-07-15T11:48:40.250+0000] {processor.py:183} INFO - Processing /opt/airflow/dags/minio_to_snowflake.py took 0.915 seconds
[2026-07-15T11:49:10.496+0000] {processor.py:161} INFO - Started process (PID=169) to work on /opt/airflow/dags/minio_to_snowflake.py
[2026-07-15T11:49:10.498+0000] {processor.py:830} INFO - Processing file /opt/airflow/dags/minio_to_snowflake.py for tasks to queue
[2026-07-15T11:49:10.500+0000] {logging_mixin.py:188} INFO - [2026-07-15T11:49:10.500+0000] {dagbag.py:545} INFO - Filling up the DagBag from /opt/airflow/dags/minio_to_snowflake.py
[2026-07-15T11:49:11.343+0000] {processor.py:840} INFO - DAG(s) 'minio_to_snowflake_banking' retrieved from /opt/airflow/dags/minio_to_snowflake.py
[2026-07-15T11:49:11.374+0000] {logging_mixin.py:188} INFO - [2026-07-15T11:49:11.374+0000] {dag.py:3089} INFO - Sync 1 DAGs
[2026-07-15T11:49:11.398+0000] {logging_mixin.py:188} INFO - [2026-07-15T11:49:11.398+0000] {dag.py:3947} INFO - Setting next_dagrun for minio_to_snowflake_banking to 2026-07-15 11:48:00+00:00, run_after=2026-07-15 11:49:00+00:00
[2026-07-15T11:49:11.421+0000] {processor.py:183} INFO - Processing /opt/airflow/dags/minio_to_snowflake.py took 0.934 seconds
[2026-07-15T11:49:41.739+0000] {processor.py:161} INFO - Started process (PID=173) to work on /opt/airflow/dags/minio_to_snowflake.py
[2026-07-15T11:49:41.741+0000] {processor.py:830} INFO - Processing file /opt/airflow/dags/minio_to_snowflake.py for tasks to queue
[2026-07-15T11:49:41.744+0000] {logging_mixin.py:188} INFO - [2026-07-15T11:49:41.744+0000] {dagbag.py:545} INFO - Filling up the DagBag from /opt/airflow/dags/minio_to_snowflake.py
[2026-07-15T11:49:42.497+0000] {processor.py:840} INFO - DAG(s) 'minio_to_snowflake_banking' retrieved from /opt/airflow/dags/minio_to_snowflake.py
[2026-07-15T11:49:42.531+0000] {logging_mixin.py:188} INFO - [2026-07-15T11:49:42.530+0000] {dag.py:3089} INFO - Sync 1 DAGs
[2026-07-15T11:49:42.557+0000] {logging_mixin.py:188} INFO - [2026-07-15T11:49:42.556+0000] {dag.py:3947} INFO - Setting next_dagrun for minio_to_snowflake_banking to 2026-07-15 11:48:00+00:00, run_after=2026-07-15 11:49:00+00:00
[2026-07-15T11:49:42.578+0000] {processor.py:183} INFO - Processing /opt/airflow/dags/minio_to_snowflake.py took 0.850 seconds
[2026-07-15T11:50:12.871+0000] {processor.py:161} INFO - Started process (PID=177) to work on /opt/airflow/dags/minio_to_snowflake.py
[2026-07-15T11:50:12.873+0000] {processor.py:830} INFO - Processing file /opt/airflow/dags/minio_to_snowflake.py for tasks to queue
[2026-07-15T11:50:12.877+0000] {logging_mixin.py:188} INFO - [2026-07-15T11:50:12.877+0000] {dagbag.py:545} INFO - Filling up the DagBag from /opt/airflow/dags/minio_to_snowflake.py
[2026-07-15T11:50:13.638+0000] {processor.py:840} INFO - DAG(s) 'minio_to_snowflake_banking' retrieved from /opt/airflow/dags/minio_to_snowflake.py
[2026-07-15T11:50:13.670+0000] {logging_mixin.py:188} INFO - [2026-07-15T11:50:13.669+0000] {dag.py:3089} INFO - Sync 1 DAGs
[2026-07-15T11:50:13.701+0000] {logging_mixin.py:188} INFO - [2026-07-15T11:50:13.700+0000] {dag.py:3947} INFO - Setting next_dagrun for minio_to_snowflake_banking to 2026-07-15 11:49:00+00:00, run_after=2026-07-15 11:50:00+00:00
[2026-07-15T11:50:13.732+0000] {processor.py:183} INFO - Processing /opt/airflow/dags/minio_to_snowflake.py took 0.871 seconds
[2026-07-15T11:50:44.040+0000] {processor.py:161} INFO - Started process (PID=181) to work on /opt/airflow/dags/minio_to_snowflake.py
[2026-07-15T11:50:44.042+0000] {processor.py:830} INFO - Processing file /opt/airflow/dags/minio_to_snowflake.py for tasks to queue
[2026-07-15T11:50:44.045+0000] {logging_mixin.py:188} INFO - [2026-07-15T11:50:44.045+0000] {dagbag.py:545} INFO - Filling up the DagBag from /opt/airflow/dags/minio_to_snowflake.py
[2026-07-15T11:50:44.997+0000] {processor.py:840} INFO - DAG(s) 'minio_to_snowflake_banking' retrieved from /opt/airflow/dags/minio_to_snowflake.py
[2026-07-15T11:50:45.039+0000] {logging_mixin.py:188} INFO - [2026-07-15T11:50:45.038+0000] {dag.py:3089} INFO - Sync 1 DAGs
[2026-07-15T11:50:45.072+0000] {logging_mixin.py:188} INFO - [2026-07-15T11:50:45.071+0000] {dag.py:3947} INFO - Setting next_dagrun for minio_to_snowflake_banking to 2026-07-15 11:49:00+00:00, run_after=2026-07-15 11:50:00+00:00
[2026-07-15T11:50:45.107+0000] {processor.py:183} INFO - Processing /opt/airflow/dags/minio_to_snowflake.py took 1.076 seconds
[2026-07-15T11:51:15.394+0000] {processor.py:161} INFO - Started process (PID=185) to work on /opt/airflow/dags/minio_to_snowflake.py
[2026-07-15T11:51:15.396+0000] {processor.py:830} INFO - Processing file /opt/airflow/dags/minio_to_snowflake.py for tasks to queue
[2026-07-15T11:51:15.400+0000] {logging_mixin.py:188} INFO - [2026-07-15T11:51:15.399+0000] {dagbag.py:545} INFO - Filling up the DagBag from /opt/airflow/dags/minio_to_snowflake.py
[2026-07-15T11:51:16.186+0000] {processor.py:840} INFO - DAG(s) 'minio_to_snowflake_banking' retrieved from /opt/airflow/dags/minio_to_snowflake.py
[2026-07-15T11:51:16.216+0000] {logging_mixin.py:188} INFO - [2026-07-15T11:51:16.216+0000] {dag.py:3089} INFO - Sync 1 DAGs
[2026-07-15T11:51:16.237+0000] {logging_mixin.py:188} INFO - [2026-07-15T11:51:16.237+0000] {dag.py:3947} INFO - Setting next_dagrun for minio_to_snowflake_banking to 2026-07-15 11:50:00+00:00, run_after=2026-07-15 11:51:00+00:00
[2026-07-15T11:51:16.256+0000] {processor.py:183} INFO - Processing /opt/airflow/dags/minio_to_snowflake.py took 0.874 seconds
[2026-07-15T11:51:46.571+0000] {processor.py:161} INFO - Started process (PID=189) to work on /opt/airflow/dags/minio_to_snowflake.py
[2026-07-15T11:51:46.573+0000] {processor.py:830} INFO - Processing file /opt/airflow/dags/minio_to_snowflake.py for tasks to queue
[2026-07-15T11:51:46.576+0000] {logging_mixin.py:188} INFO - [2026-07-15T11:51:46.576+0000] {dagbag.py:545} INFO - Filling up the DagBag from /opt/airflow/dags/minio_to_snowflake.py
[2026-07-15T11:51:47.408+0000] {processor.py:840} INFO - DAG(s) 'minio_to_snowflake_banking' retrieved from /opt/airflow/dags/minio_to_snowflake.py
[2026-07-15T11:51:47.438+0000] {logging_mixin.py:188} INFO - [2026-07-15T11:51:47.437+0000] {dag.py:3089} INFO - Sync 1 DAGs
[2026-07-15T11:51:47.460+0000] {logging_mixin.py:188} INFO - [2026-07-15T11:51:47.460+0000] {dag.py:3947} INFO - Setting next_dagrun for minio_to_snowflake_banking to 2026-07-15 11:50:00+00:00, run_after=2026-07-15 11:51:00+00:00
[2026-07-15T11:51:47.480+0000] {processor.py:183} INFO - Processing /opt/airflow/dags/minio_to_snowflake.py took 0.920 seconds
[2026-07-15T11:52:17.743+0000] {processor.py:161} INFO - Started process (PID=193) to work on /opt/airflow/dags/minio_to_snowflake.py
[2026-07-15T11:52:17.745+0000] {processor.py:830} INFO - Processing file /opt/airflow/dags/minio_to_snowflake.py for tasks to queue
[2026-07-15T11:52:17.747+0000] {logging_mixin.py:188} INFO - [2026-07-15T11:52:17.747+0000] {dagbag.py:545} INFO - Filling up the DagBag from /opt/airflow/dags/minio_to_snowflake.py
[2026-07-15T11:52:18.649+0000] {processor.py:840} INFO - DAG(s) 'minio_to_snowflake_banking' retrieved from /opt/airflow/dags/minio_to_snowflake.py
[2026-07-15T11:52:18.681+0000] {logging_mixin.py:188} INFO - [2026-07-15T11:52:18.680+0000] {dag.py:3089} INFO - Sync 1 DAGs
[2026-07-15T11:52:18.710+0000] {logging_mixin.py:188} INFO - [2026-07-15T11:52:18.710+0000] {dag.py:3947} INFO - Setting next_dagrun for minio_to_snowflake_banking to 2026-07-15 11:51:00+00:00, run_after=2026-07-15 11:52:00+00:00
[2026-07-15T11:52:18.734+0000] {processor.py:183} INFO - Processing /opt/airflow/dags/minio_to_snowflake.py took 1.000 seconds
[2026-07-15T11:52:49.008+0000] {processor.py:161} INFO - Started process (PID=197) to work on /opt/airflow/dags/minio_to_snowflake.py
[2026-07-15T11:52:49.010+0000] {processor.py:830} INFO - Processing file /opt/airflow/dags/minio_to_snowflake.py for tasks to queue
[2026-07-15T11:52:49.012+0000] {logging_mixin.py:188} INFO - [2026-07-15T11:52:49.012+0000] {dagbag.py:545} INFO - Filling up the DagBag from /opt/airflow/dags/minio_to_snowflake.py
[2026-07-15T11:52:49.951+0000] {processor.py:840} INFO - DAG(s) 'minio_to_snowflake_banking' retrieved from /opt/airflow/dags/minio_to_snowflake.py
[2026-07-15T11:52:49.984+0000] {logging_mixin.py:188} INFO - [2026-07-15T11:52:49.984+0000] {dag.py:3089} INFO - Sync 1 DAGs
[2026-07-15T11:52:50.014+0000] {logging_mixin.py:188} INFO - [2026-07-15T11:52:50.014+0000] {dag.py:3947} INFO - Setting next_dagrun for minio_to_snowflake_banking to 2026-07-15 11:51:00+00:00, run_after=2026-07-15 11:52:00+00:00
[2026-07-15T11:52:50.033+0000] {processor.py:183} INFO - Processing /opt/airflow/dags/minio_to_snowflake.py took 1.035 seconds
[2026-07-15T11:53:20.271+0000] {processor.py:161} INFO - Started process (PID=201) to work on /opt/airflow/dags/minio_to_snowflake.py
[2026-07-15T11:53:20.273+0000] {processor.py:830} INFO - Processing file /opt/airflow/dags/minio_to_snowflake.py for tasks to queue
[2026-07-15T11:53:20.275+0000] {logging_mixin.py:188} INFO - [2026-07-15T11:53:20.275+0000] {dagbag.py:545} INFO - Filling up the DagBag from /opt/airflow/dags/minio_to_snowflake.py
[2026-07-15T11:53:21.063+0000] {processor.py:840} INFO - DAG(s) 'minio_to_snowflake_banking' retrieved from /opt/airflow/dags/minio_to_snowflake.py
[2026-07-15T11:53:21.095+0000] {logging_mixin.py:188} INFO - [2026-07-15T11:53:21.095+0000] {dag.py:3089} INFO - Sync 1 DAGs
[2026-07-15T11:53:21.120+0000] {logging_mixin.py:188} INFO - [2026-07-15T11:53:21.120+0000] {dag.py:3947} INFO - Setting next_dagrun for minio_to_snowflake_banking to 2026-07-15 11:52:00+00:00, run_after=2026-07-15 11:53:00+00:00
[2026-07-15T11:53:21.139+0000] {processor.py:183} INFO - Processing /opt/airflow/dags/minio_to_snowflake.py took 0.875 seconds
[2026-07-15T11:53:51.408+0000] {processor.py:161} INFO - Started process (PID=205) to work on /opt/airflow/dags/minio_to_snowflake.py
[2026-07-15T11:53:51.410+0000] {processor.py:830} INFO - Processing file /opt/airflow/dags/minio_to_snowflake.py for tasks to queue
[2026-07-15T11:53:51.412+0000] {logging_mixin.py:188} INFO - [2026-07-15T11:53:51.412+0000] {dagbag.py:545} INFO - Filling up the DagBag from /opt/airflow/dags/minio_to_snowflake.py
[2026-07-15T11:53:52.245+0000] {processor.py:840} INFO - DAG(s) 'minio_to_snowflake_banking' retrieved from /opt/airflow/dags/minio_to_snowflake.py
[2026-07-15T11:53:52.276+0000] {logging_mixin.py:188} INFO - [2026-07-15T11:53:52.275+0000] {dag.py:3089} INFO - Sync 1 DAGs
[2026-07-15T11:53:52.296+0000] {logging_mixin.py:188} INFO - [2026-07-15T11:53:52.296+0000] {dag.py:3947} INFO - Setting next_dagrun for minio_to_snowflake_banking to 2026-07-15 11:52:00+00:00, run_after=2026-07-15 11:53:00+00:00
[2026-07-15T11:53:52.315+0000] {processor.py:183} INFO - Processing /opt/airflow/dags/minio_to_snowflake.py took 0.915 seconds
[2026-07-15T11:54:22.604+0000] {processor.py:161} INFO - Started process (PID=209) to work on /opt/airflow/dags/minio_to_snowflake.py
[2026-07-15T11:54:22.606+0000] {processor.py:830} INFO - Processing file /opt/airflow/dags/minio_to_snowflake.py for tasks to queue
[2026-07-15T11:54:22.608+0000] {logging_mixin.py:188} INFO - [2026-07-15T11:54:22.608+0000] {dagbag.py:545} INFO - Filling up the DagBag from /opt/airflow/dags/minio_to_snowflake.py
[2026-07-15T11:54:23.383+0000] {processor.py:840} INFO - DAG(s) 'minio_to_snowflake_banking' retrieved from /opt/airflow/dags/minio_to_snowflake.py
[2026-07-15T11:54:23.416+0000] {logging_mixin.py:188} INFO - [2026-07-15T11:54:23.416+0000] {dag.py:3089} INFO - Sync 1 DAGs
[2026-07-15T11:54:23.453+0000] {logging_mixin.py:188} INFO - [2026-07-15T11:54:23.452+0000] {dag.py:3947} INFO - Setting next_dagrun for minio_to_snowflake_banking to 2026-07-15 11:53:00+00:00, run_after=2026-07-15 11:54:00+00:00
[2026-07-15T11:54:23.486+0000] {processor.py:183} INFO - Processing /opt/airflow/dags/minio_to_snowflake.py took 0.889 seconds
[2026-07-15T11:54:53.752+0000] {processor.py:161} INFO - Started process (PID=213) to work on /opt/airflow/dags/minio_to_snowflake.py
[2026-07-15T11:54:53.754+0000] {processor.py:830} INFO - Processing file /opt/airflow/dags/minio_to_snowflake.py for tasks to queue
[2026-07-15T11:54:53.757+0000] {logging_mixin.py:188} INFO - [2026-07-15T11:54:53.757+0000] {dagbag.py:545} INFO - Filling up the DagBag from /opt/airflow/dags/minio_to_snowflake.py
[2026-07-15T11:54:54.722+0000] {processor.py:840} INFO - DAG(s) 'minio_to_snowflake_banking' retrieved from /opt/airflow/dags/minio_to_snowflake.py
[2026-07-15T11:54:54.772+0000] {logging_mixin.py:188} INFO - [2026-07-15T11:54:54.771+0000] {dag.py:3089} INFO - Sync 1 DAGs
[2026-07-15T11:54:54.813+0000] {logging_mixin.py:188} INFO - [2026-07-15T11:54:54.813+0000] {dag.py:3947} INFO - Setting next_dagrun for minio_to_snowflake_banking to 2026-07-15 11:53:00+00:00, run_after=2026-07-15 11:54:00+00:00
[2026-07-15T11:54:54.839+0000] {processor.py:183} INFO - Processing /opt/airflow/dags/minio_to_snowflake.py took 1.099 seconds
[2026-07-15T11:55:25.174+0000] {processor.py:161} INFO - Started process (PID=217) to work on /opt/airflow/dags/minio_to_snowflake.py
[2026-07-15T11:55:25.177+0000] {processor.py:830} INFO - Processing file /opt/airflow/dags/minio_to_snowflake.py for tasks to queue
[2026-07-15T11:55:25.180+0000] {logging_mixin.py:188} INFO - [2026-07-15T11:55:25.179+0000] {dagbag.py:545} INFO - Filling up the DagBag from /opt/airflow/dags/minio_to_snowflake.py
[2026-07-15T11:55:26.021+0000] {processor.py:840} INFO - DAG(s) 'minio_to_snowflake_banking' retrieved from /opt/airflow/dags/minio_to_snowflake.py
[2026-07-15T11:55:26.049+0000] {logging_mixin.py:188} INFO - [2026-07-15T11:55:26.049+0000] {dag.py:3089} INFO - Sync 1 DAGs
[2026-07-15T11:55:26.072+0000] {logging_mixin.py:188} INFO - [2026-07-15T11:55:26.072+0000] {dag.py:3947} INFO - Setting next_dagrun for minio_to_snowflake_banking to 2026-07-15 11:54:00+00:00, run_after=2026-07-15 11:55:00+00:00
[2026-07-15T11:55:26.093+0000] {processor.py:183} INFO - Processing /opt/airflow/dags/minio_to_snowflake.py took 0.927 seconds
[2026-07-15T11:55:56.360+0000] {processor.py:161} INFO - Started process (PID=221) to work on /opt/airflow/dags/minio_to_snowflake.py
[2026-07-15T11:55:56.362+0000] {processor.py:830} INFO - Processing file /opt/airflow/dags/minio_to_snowflake.py for tasks to queue
[2026-07-15T11:55:56.364+0000] {logging_mixin.py:188} INFO - [2026-07-15T11:55:56.363+0000] {dagbag.py:545} INFO - Filling up the DagBag from /opt/airflow/dags/minio_to_snowflake.py
[2026-07-15T11:55:57.181+0000] {processor.py:840} INFO - DAG(s) 'minio_to_snowflake_banking' retrieved from /opt/airflow/dags/minio_to_snowflake.py
[2026-07-15T11:55:57.209+0000] {logging_mixin.py:188} INFO - [2026-07-15T11:55:57.209+0000] {dag.py:3089} INFO - Sync 1 DAGs
[2026-07-15T11:55:57.231+0000] {logging_mixin.py:188} INFO - [2026-07-15T11:55:57.230+0000] {dag.py:3947} INFO - Setting next_dagrun for minio_to_snowflake_banking to 2026-07-15 11:54:00+00:00, run_after=2026-07-15 11:55:00+00:00
[2026-07-15T11:55:57.250+0000] {processor.py:183} INFO - Processing /opt/airflow/dags/minio_to_snowflake.py took 0.896 seconds
[2026-07-15T11:56:27.489+0000] {processor.py:161} INFO - Started process (PID=225) to work on /opt/airflow/dags/minio_to_snowflake.py
[2026-07-15T11:56:27.491+0000] {processor.py:830} INFO - Processing file /opt/airflow/dags/minio_to_snowflake.py for tasks to queue
[2026-07-15T11:56:27.494+0000] {logging_mixin.py:188} INFO - [2026-07-15T11:56:27.493+0000] {dagbag.py:545} INFO - Filling up the DagBag from /opt/airflow/dags/minio_to_snowflake.py
[2026-07-15T11:56:28.247+0000] {processor.py:840} INFO - DAG(s) 'minio_to_snowflake_banking' retrieved from /opt/airflow/dags/minio_to_snowflake.py
[2026-07-15T11:56:28.281+0000] {logging_mixin.py:188} INFO - [2026-07-15T11:56:28.280+0000] {dag.py:3089} INFO - Sync 1 DAGs
[2026-07-15T11:56:28.313+0000] {logging_mixin.py:188} INFO - [2026-07-15T11:56:28.313+0000] {dag.py:3947} INFO - Setting next_dagrun for minio_to_snowflake_banking to 2026-07-15 11:55:00+00:00, run_after=2026-07-15 11:56:00+00:00
[2026-07-15T11:56:28.342+0000] {processor.py:183} INFO - Processing /opt/airflow/dags/minio_to_snowflake.py took 0.860 seconds
[2026-07-15T11:56:58.635+0000] {processor.py:161} INFO - Started process (PID=229) to work on /opt/airflow/dags/minio_to_snowflake.py
[2026-07-15T11:56:58.637+0000] {processor.py:830} INFO - Processing file /opt/airflow/dags/minio_to_snowflake.py for tasks to queue
[2026-07-15T11:56:58.640+0000] {logging_mixin.py:188} INFO - [2026-07-15T11:56:58.640+0000] {dagbag.py:545} INFO - Filling up the DagBag from /opt/airflow/dags/minio_to_snowflake.py
[2026-07-15T11:56:59.392+0000] {processor.py:840} INFO - DAG(s) 'minio_to_snowflake_banking' retrieved from /opt/airflow/dags/minio_to_snowflake.py
[2026-07-15T11:56:59.420+0000] {logging_mixin.py:188} INFO - [2026-07-15T11:56:59.420+0000] {dag.py:3089} INFO - Sync 1 DAGs
[2026-07-15T11:56:59.441+0000] {logging_mixin.py:188} INFO - [2026-07-15T11:56:59.441+0000] {dag.py:3947} INFO - Setting next_dagrun for minio_to_snowflake_banking to 2026-07-15 11:55:00+00:00, run_after=2026-07-15 11:56:00+00:00
[2026-07-15T11:56:59.466+0000] {processor.py:183} INFO - Processing /opt/airflow/dags/minio_to_snowflake.py took 0.841 seconds
[2026-07-15T11:57:29.750+0000] {processor.py:161} INFO - Started process (PID=233) to work on /opt/airflow/dags/minio_to_snowflake.py
[2026-07-15T11:57:29.752+0000] {processor.py:830} INFO - Processing file /opt/airflow/dags/minio_to_snowflake.py for tasks to queue
[2026-07-15T11:57:29.754+0000] {logging_mixin.py:188} INFO - [2026-07-15T11:57:29.754+0000] {dagbag.py:545} INFO - Filling up the DagBag from /opt/airflow/dags/minio_to_snowflake.py
[2026-07-15T11:57:30.546+0000] {processor.py:840} INFO - DAG(s) 'minio_to_snowflake_banking' retrieved from /opt/airflow/dags/minio_to_snowflake.py
[2026-07-15T11:57:30.577+0000] {logging_mixin.py:188} INFO - [2026-07-15T11:57:30.576+0000] {dag.py:3089} INFO - Sync 1 DAGs
[2026-07-15T11:57:30.602+0000] {logging_mixin.py:188} INFO - [2026-07-15T11:57:30.601+0000] {dag.py:3947} INFO - Setting next_dagrun for minio_to_snowflake_banking to 2026-07-15 11:56:00+00:00, run_after=2026-07-15 11:57:00+00:00
[2026-07-15T11:57:30.624+0000] {processor.py:183} INFO - Processing /opt/airflow/dags/minio_to_snowflake.py took 0.884 seconds
[2026-07-15T11:58:00.895+0000] {processor.py:161} INFO - Started process (PID=237) to work on /opt/airflow/dags/minio_to_snowflake.py
[2026-07-15T11:58:00.897+0000] {processor.py:830} INFO - Processing file /opt/airflow/dags/minio_to_snowflake.py for tasks to queue
[2026-07-15T11:58:00.900+0000] {logging_mixin.py:188} INFO - [2026-07-15T11:58:00.899+0000] {dagbag.py:545} INFO - Filling up the DagBag from /opt/airflow/dags/minio_to_snowflake.py
[2026-07-15T11:58:01.689+0000] {processor.py:840} INFO - DAG(s) 'minio_to_snowflake_banking' retrieved from /opt/airflow/dags/minio_to_snowflake.py
[2026-07-15T11:58:01.723+0000] {logging_mixin.py:188} INFO - [2026-07-15T11:58:01.723+0000] {dag.py:3089} INFO - Sync 1 DAGs
[2026-07-15T11:58:01.746+0000] {logging_mixin.py:188} INFO - [2026-07-15T11:58:01.746+0000] {dag.py:3947} INFO - Setting next_dagrun for minio_to_snowflake_banking to 2026-07-15 11:57:00+00:00, run_after=2026-07-15 11:58:00+00:00
[2026-07-15T11:58:01.769+0000] {processor.py:183} INFO - Processing /opt/airflow/dags/minio_to_snowflake.py took 0.884 seconds
[2026-07-15T11:58:32.060+0000] {processor.py:161} INFO - Started process (PID=241) to work on /opt/airflow/dags/minio_to_snowflake.py
[2026-07-15T11:58:32.062+0000] {processor.py:830} INFO - Processing file /opt/airflow/dags/minio_to_snowflake.py for tasks to queue
[2026-07-15T11:58:32.064+0000] {logging_mixin.py:188} INFO - [2026-07-15T11:58:32.064+0000] {dagbag.py:545} INFO - Filling up the DagBag from /opt/airflow/dags/minio_to_snowflake.py
[2026-07-15T11:58:32.848+0000] {processor.py:840} INFO - DAG(s) 'minio_to_snowflake_banking' retrieved from /opt/airflow/dags/minio_to_snowflake.py
[2026-07-15T11:58:32.877+0000] {logging_mixin.py:188} INFO - [2026-07-15T11:58:32.876+0000] {dag.py:3089} INFO - Sync 1 DAGs
[2026-07-15T11:58:32.897+0000] {logging_mixin.py:188} INFO - [2026-07-15T11:58:32.897+0000] {dag.py:3947} INFO - Setting next_dagrun for minio_to_snowflake_banking to 2026-07-15 11:57:00+00:00, run_after=2026-07-15 11:58:00+00:00
[2026-07-15T11:58:32.916+0000] {processor.py:183} INFO - Processing /opt/airflow/dags/minio_to_snowflake.py took 0.863 seconds
[2026-07-15T11:59:03.231+0000] {processor.py:161} INFO - Started process (PID=245) to work on /opt/airflow/dags/minio_to_snowflake.py
[2026-07-15T11:59:03.233+0000] {processor.py:830} INFO - Processing file /opt/airflow/dags/minio_to_snowflake.py for tasks to queue
[2026-07-15T11:59:03.235+0000] {logging_mixin.py:188} INFO - [2026-07-15T11:59:03.235+0000] {dagbag.py:545} INFO - Filling up the DagBag from /opt/airflow/dags/minio_to_snowflake.py
[2026-07-15T11:59:04.026+0000] {processor.py:840} INFO - DAG(s) 'minio_to_snowflake_banking' retrieved from /opt/airflow/dags/minio_to_snowflake.py
[2026-07-15T11:59:04.056+0000] {logging_mixin.py:188} INFO - [2026-07-15T11:59:04.056+0000] {dag.py:3089} INFO - Sync 1 DAGs
[2026-07-15T11:59:04.078+0000] {logging_mixin.py:188} INFO - [2026-07-15T11:59:04.078+0000] {dag.py:3947} INFO - Setting next_dagrun for minio_to_snowflake_banking to 2026-07-15 11:58:00+00:00, run_after=2026-07-15 11:59:00+00:00
[2026-07-15T11:59:04.100+0000] {processor.py:183} INFO - Processing /opt/airflow/dags/minio_to_snowflake.py took 0.876 seconds
[2026-07-15T11:59:34.401+0000] {processor.py:161} INFO - Started process (PID=249) to work on /opt/airflow/dags/minio_to_snowflake.py
[2026-07-15T11:59:34.403+0000] {processor.py:830} INFO - Processing file /opt/airflow/dags/minio_to_snowflake.py for tasks to queue
[2026-07-15T11:59:34.406+0000] {logging_mixin.py:188} INFO - [2026-07-15T11:59:34.405+0000] {dagbag.py:545} INFO - Filling up the DagBag from /opt/airflow/dags/minio_to_snowflake.py
[2026-07-15T11:59:35.342+0000] {processor.py:840} INFO - DAG(s) 'minio_to_snowflake_banking' retrieved from /opt/airflow/dags/minio_to_snowflake.py
[2026-07-15T11:59:35.369+0000] {logging_mixin.py:188} INFO - [2026-07-15T11:59:35.369+0000] {dag.py:3089} INFO - Sync 1 DAGs
[2026-07-15T11:59:35.393+0000] {logging_mixin.py:188} INFO - [2026-07-15T11:59:35.393+0000] {dag.py:3947} INFO - Setting next_dagrun for minio_to_snowflake_banking to 2026-07-15 11:58:00+00:00, run_after=2026-07-15 11:59:00+00:00
[2026-07-15T11:59:35.414+0000] {processor.py:183} INFO - Processing /opt/airflow/dags/minio_to_snowflake.py took 1.020 seconds
[2026-07-15T12:00:05.649+0000] {processor.py:161} INFO - Started process (PID=253) to work on /opt/airflow/dags/minio_to_snowflake.py
[2026-07-15T12:00:05.651+0000] {processor.py:830} INFO - Processing file /opt/airflow/dags/minio_to_snowflake.py for tasks to queue
[2026-07-15T12:00:05.654+0000] {logging_mixin.py:188} INFO - [2026-07-15T12:00:05.654+0000] {dagbag.py:545} INFO - Filling up the DagBag from /opt/airflow/dags/minio_to_snowflake.py
[2026-07-15T12:00:06.656+0000] {processor.py:840} INFO - DAG(s) 'minio_to_snowflake_banking' retrieved from /opt/airflow/dags/minio_to_snowflake.py
[2026-07-15T12:00:06.697+0000] {logging_mixin.py:188} INFO - [2026-07-15T12:00:06.697+0000] {dag.py:3089} INFO - Sync 1 DAGs
[2026-07-15T12:00:06.725+0000] {logging_mixin.py:188} INFO - [2026-07-15T12:00:06.725+0000] {dag.py:3947} INFO - Setting next_dagrun for minio_to_snowflake_banking to 2026-07-15 11:59:00+00:00, run_after=2026-07-15 12:00:00+00:00
[2026-07-15T12:00:06.744+0000] {processor.py:183} INFO - Processing /opt/airflow/dags/minio_to_snowflake.py took 1.101 seconds
[2026-07-15T12:00:36.999+0000] {processor.py:161} INFO - Started process (PID=257) to work on /opt/airflow/dags/minio_to_snowflake.py
[2026-07-15T12:00:37.002+0000] {processor.py:830} INFO - Processing file /opt/airflow/dags/minio_to_snowflake.py for tasks to queue
[2026-07-15T12:00:37.005+0000] {logging_mixin.py:188} INFO - [2026-07-15T12:00:37.004+0000] {dagbag.py:545} INFO - Filling up the DagBag from /opt/airflow/dags/minio_to_snowflake.py
[2026-07-15T12:00:37.896+0000] {processor.py:840} INFO - DAG(s) 'minio_to_snowflake_banking' retrieved from /opt/airflow/dags/minio_to_snowflake.py
[2026-07-15T12:00:37.925+0000] {logging_mixin.py:188} INFO - [2026-07-15T12:00:37.925+0000] {dag.py:3089} INFO - Sync 1 DAGs
[2026-07-15T12:00:37.948+0000] {logging_mixin.py:188} INFO - [2026-07-15T12:00:37.947+0000] {dag.py:3947} INFO - Setting next_dagrun for minio_to_snowflake_banking to 2026-07-15 11:59:00+00:00, run_after=2026-07-15 12:00:00+00:00
[2026-07-15T12:00:37.971+0000] {processor.py:183} INFO - Processing /opt/airflow/dags/minio_to_snowflake.py took 0.981 seconds
[2026-07-15T12:01:08.259+0000] {processor.py:161} INFO - Started process (PID=261) to work on /opt/airflow/dags/minio_to_snowflake.py
[2026-07-15T12:01:08.260+0000] {processor.py:830} INFO - Processing file /opt/airflow/dags/minio_to_snowflake.py for tasks to queue
[2026-07-15T12:01:08.263+0000] {logging_mixin.py:188} INFO - [2026-07-15T12:01:08.262+0000] {dagbag.py:545} INFO - Filling up the DagBag from /opt/airflow/dags/minio_to_snowflake.py
[2026-07-15T12:01:09.058+0000] {processor.py:840} INFO - DAG(s) 'minio_to_snowflake_banking' retrieved from /opt/airflow/dags/minio_to_snowflake.py
[2026-07-15T12:01:09.086+0000] {logging_mixin.py:188} INFO - [2026-07-15T12:01:09.085+0000] {dag.py:3089} INFO - Sync 1 DAGs
[2026-07-15T12:01:09.107+0000] {logging_mixin.py:188} INFO - [2026-07-15T12:01:09.107+0000] {dag.py:3947} INFO - Setting next_dagrun for minio_to_snowflake_banking to 2026-07-15 12:00:00+00:00, run_after=2026-07-15 12:01:00+00:00
[2026-07-15T12:01:09.129+0000] {processor.py:183} INFO - Processing /opt/airflow/dags/minio_to_snowflake.py took 0.876 seconds
[2026-07-15T12:01:39.429+0000] {processor.py:161} INFO - Started process (PID=265) to work on /opt/airflow/dags/minio_to_snowflake.py
[2026-07-15T12:01:39.431+0000] {processor.py:830} INFO - Processing file /opt/airflow/dags/minio_to_snowflake.py for tasks to queue
[2026-07-15T12:01:39.433+0000] {logging_mixin.py:188} INFO - [2026-07-15T12:01:39.433+0000] {dagbag.py:545} INFO - Filling up the DagBag from /opt/airflow/dags/minio_to_snowflake.py
[2026-07-15T12:01:40.191+0000] {processor.py:840} INFO - DAG(s) 'minio_to_snowflake_banking' retrieved from /opt/airflow/dags/minio_to_snowflake.py
[2026-07-15T12:01:40.220+0000] {logging_mixin.py:188} INFO - [2026-07-15T12:01:40.220+0000] {dag.py:3089} INFO - Sync 1 DAGs
[2026-07-15T12:01:40.243+0000] {logging_mixin.py:188} INFO - [2026-07-15T12:01:40.242+0000] {dag.py:3947} INFO - Setting next_dagrun for minio_to_snowflake_banking to 2026-07-15 12:00:00+00:00, run_after=2026-07-15 12:01:00+00:00
[2026-07-15T12:01:40.265+0000] {processor.py:183} INFO - Processing /opt/airflow/dags/minio_to_snowflake.py took 0.844 seconds
[2026-07-15T12:02:10.547+0000] {processor.py:161} INFO - Started process (PID=269) to work on /opt/airflow/dags/minio_to_snowflake.py
[2026-07-15T12:02:10.549+0000] {processor.py:830} INFO - Processing file /opt/airflow/dags/minio_to_snowflake.py for tasks to queue
[2026-07-15T12:02:10.552+0000] {logging_mixin.py:188} INFO - [2026-07-15T12:02:10.551+0000] {dagbag.py:545} INFO - Filling up the DagBag from /opt/airflow/dags/minio_to_snowflake.py
[2026-07-15T12:02:11.363+0000] {processor.py:840} INFO - DAG(s) 'minio_to_snowflake_banking' retrieved from /opt/airflow/dags/minio_to_snowflake.py
[2026-07-15T12:02:11.392+0000] {logging_mixin.py:188} INFO - [2026-07-15T12:02:11.392+0000] {dag.py:3089} INFO - Sync 1 DAGs
[2026-07-15T12:02:11.414+0000] {logging_mixin.py:188} INFO - [2026-07-15T12:02:11.414+0000] {dag.py:3947} INFO - Setting next_dagrun for minio_to_snowflake_banking to 2026-07-15 12:01:00+00:00, run_after=2026-07-15 12:02:00+00:00
[2026-07-15T12:02:11.434+0000] {processor.py:183} INFO - Processing /opt/airflow/dags/minio_to_snowflake.py took 0.895 seconds
[2026-07-15T12:02:41.752+0000] {processor.py:161} INFO - Started process (PID=273) to work on /opt/airflow/dags/minio_to_snowflake.py
[2026-07-15T12:02:41.754+0000] {processor.py:830} INFO - Processing file /opt/airflow/dags/minio_to_snowflake.py for tasks to queue
[2026-07-15T12:02:41.757+0000] {logging_mixin.py:188} INFO - [2026-07-15T12:02:41.756+0000] {dagbag.py:545} INFO - Filling up the DagBag from /opt/airflow/dags/minio_to_snowflake.py
[2026-07-15T12:02:42.527+0000] {processor.py:840} INFO - DAG(s) 'minio_to_snowflake_banking' retrieved from /opt/airflow/dags/minio_to_snowflake.py
[2026-07-15T12:02:42.555+0000] {logging_mixin.py:188} INFO - [2026-07-15T12:02:42.555+0000] {dag.py:3089} INFO - Sync 1 DAGs
[2026-07-15T12:02:42.578+0000] {logging_mixin.py:188} INFO - [2026-07-15T12:02:42.577+0000] {dag.py:3947} INFO - Setting next_dagrun for minio_to_snowflake_banking to 2026-07-15 12:01:00+00:00, run_after=2026-07-15 12:02:00+00:00
[2026-07-15T12:02:42.599+0000] {processor.py:183} INFO - Processing /opt/airflow/dags/minio_to_snowflake.py took 0.856 seconds
[2026-07-15T12:03:12.885+0000] {processor.py:161} INFO - Started process (PID=277) to work on /opt/airflow/dags/minio_to_snowflake.py
[2026-07-15T12:03:12.887+0000] {processor.py:830} INFO - Processing file /opt/airflow/dags/minio_to_snowflake.py for tasks to queue
[2026-07-15T12:03:12.890+0000] {logging_mixin.py:188} INFO - [2026-07-15T12:03:12.889+0000] {dagbag.py:545} INFO - Filling up the DagBag from /opt/airflow/dags/minio_to_snowflake.py
[2026-07-15T12:03:13.678+0000] {processor.py:840} INFO - DAG(s) 'minio_to_snowflake_banking' retrieved from /opt/airflow/dags/minio_to_snowflake.py
[2026-07-15T12:03:13.719+0000] {logging_mixin.py:188} INFO - [2026-07-15T12:03:13.719+0000] {dag.py:3089} INFO - Sync 1 DAGs
[2026-07-15T12:03:13.743+0000] {logging_mixin.py:188} INFO - [2026-07-15T12:03:13.743+0000] {dag.py:3947} INFO - Setting next_dagrun for minio_to_snowflake_banking to 2026-07-15 12:02:00+00:00, run_after=2026-07-15 12:03:00+00:00
[2026-07-15T12:03:13.765+0000] {processor.py:183} INFO - Processing /opt/airflow/dags/minio_to_snowflake.py took 0.887 seconds
[2026-07-15T12:03:44.035+0000] {processor.py:161} INFO - Started process (PID=281) to work on /opt/airflow/dags/minio_to_snowflake.py
[2026-07-15T12:03:44.037+0000] {processor.py:830} INFO - Processing file /opt/airflow/dags/minio_to_snowflake.py for tasks to queue
[2026-07-15T12:03:44.040+0000] {logging_mixin.py:188} INFO - [2026-07-15T12:03:44.039+0000] {dagbag.py:545} INFO - Filling up the DagBag from /opt/airflow/dags/minio_to_snowflake.py
[2026-07-15T12:03:44.882+0000] {processor.py:840} INFO - DAG(s) 'minio_to_snowflake_banking' retrieved from /opt/airflow/dags/minio_to_snowflake.py
[2026-07-15T12:03:44.914+0000] {logging_mixin.py:188} INFO - [2026-07-15T12:03:44.913+0000] {dag.py:3089} INFO - Sync 1 DAGs
[2026-07-15T12:03:44.939+0000] {logging_mixin.py:188} INFO - [2026-07-15T12:03:44.939+0000] {dag.py:3947} INFO - Setting next_dagrun for minio_to_snowflake_banking to 2026-07-15 12:02:00+00:00, run_after=2026-07-15 12:03:00+00:00
[2026-07-15T12:03:44.970+0000] {processor.py:183} INFO - Processing /opt/airflow/dags/minio_to_snowflake.py took 0.944 seconds
[2026-07-15T12:04:15.236+0000] {processor.py:161} INFO - Started process (PID=285) to work on /opt/airflow/dags/minio_to_snowflake.py
[2026-07-15T12:04:15.239+0000] {processor.py:830} INFO - Processing file /opt/airflow/dags/minio_to_snowflake.py for tasks to queue
[2026-07-15T12:04:15.243+0000] {logging_mixin.py:188} INFO - [2026-07-15T12:04:15.242+0000] {dagbag.py:545} INFO - Filling up the DagBag from /opt/airflow/dags/minio_to_snowflake.py
[2026-07-15T12:04:16.142+0000] {processor.py:840} INFO - DAG(s) 'minio_to_snowflake_banking' retrieved from /opt/airflow/dags/minio_to_snowflake.py
[2026-07-15T12:04:16.175+0000] {logging_mixin.py:188} INFO - [2026-07-15T12:04:16.174+0000] {dag.py:3089} INFO - Sync 1 DAGs
[2026-07-15T12:04:16.202+0000] {logging_mixin.py:188} INFO - [2026-07-15T12:04:16.201+0000] {dag.py:3947} INFO - Setting next_dagrun for minio_to_snowflake_banking to 2026-07-15 12:03:00+00:00, run_after=2026-07-15 12:04:00+00:00
[2026-07-15T12:04:16.228+0000] {processor.py:183} INFO - Processing /opt/airflow/dags/minio_to_snowflake.py took 1.007 seconds
[2026-07-15T12:04:46.538+0000] {processor.py:161} INFO - Started process (PID=289) to work on /opt/airflow/dags/minio_to_snowflake.py
[2026-07-15T12:04:46.539+0000] {processor.py:830} INFO - Processing file /opt/airflow/dags/minio_to_snowflake.py for tasks to queue
[2026-07-15T12:04:46.542+0000] {logging_mixin.py:188} INFO - [2026-07-15T12:04:46.541+0000] {dagbag.py:545} INFO - Filling up the DagBag from /opt/airflow/dags/minio_to_snowflake.py
[2026-07-15T12:04:47.403+0000] {processor.py:840} INFO - DAG(s) 'minio_to_snowflake_banking' retrieved from /opt/airflow/dags/minio_to_snowflake.py
[2026-07-15T12:04:47.436+0000] {logging_mixin.py:188} INFO - [2026-07-15T12:04:47.435+0000] {dag.py:3089} INFO - Sync 1 DAGs
[2026-07-15T12:04:47.461+0000] {logging_mixin.py:188} INFO - [2026-07-15T12:04:47.461+0000] {dag.py:3947} INFO - Setting next_dagrun for minio_to_snowflake_banking to 2026-07-15 12:03:00+00:00, run_after=2026-07-15 12:04:00+00:00
[2026-07-15T12:04:47.484+0000] {processor.py:183} INFO - Processing /opt/airflow/dags/minio_to_snowflake.py took 0.954 seconds
[2026-07-15T12:05:17.865+0000] {processor.py:161} INFO - Started process (PID=293) to work on /opt/airflow/dags/minio_to_snowflake.py
[2026-07-15T12:05:17.867+0000] {processor.py:830} INFO - Processing file /opt/airflow/dags/minio_to_snowflake.py for tasks to queue
[2026-07-15T12:05:17.871+0000] {logging_mixin.py:188} INFO - [2026-07-15T12:05:17.870+0000] {dagbag.py:545} INFO - Filling up the DagBag from /opt/airflow/dags/minio_to_snowflake.py
[2026-07-15T12:05:18.903+0000] {processor.py:840} INFO - DAG(s) 'minio_to_snowflake_banking' retrieved from /opt/airflow/dags/minio_to_snowflake.py
[2026-07-15T12:05:18.938+0000] {logging_mixin.py:188} INFO - [2026-07-15T12:05:18.938+0000] {dag.py:3089} INFO - Sync 1 DAGs
[2026-07-15T12:05:18.963+0000] {logging_mixin.py:188} INFO - [2026-07-15T12:05:18.963+0000] {dag.py:3947} INFO - Setting next_dagrun for minio_to_snowflake_banking to 2026-07-15 12:04:00+00:00, run_after=2026-07-15 12:05:00+00:00
[2026-07-15T12:05:18.984+0000] {processor.py:183} INFO - Processing /opt/airflow/dags/minio_to_snowflake.py took 1.131 seconds
[2026-07-15T12:05:49.097+0000] {processor.py:161} INFO - Started process (PID=297) to work on /opt/airflow/dags/minio_to_snowflake.py
[2026-07-15T12:05:49.099+0000] {processor.py:830} INFO - Processing file /opt/airflow/dags/minio_to_snowflake.py for tasks to queue
[2026-07-15T12:05:49.101+0000] {logging_mixin.py:188} INFO - [2026-07-15T12:05:49.101+0000] {dagbag.py:545} INFO - Filling up the DagBag from /opt/airflow/dags/minio_to_snowflake.py
[2026-07-15T12:05:50.043+0000] {processor.py:840} INFO - DAG(s) 'minio_to_snowflake_banking' retrieved from /opt/airflow/dags/minio_to_snowflake.py
[2026-07-15T12:05:50.072+0000] {logging_mixin.py:188} INFO - [2026-07-15T12:05:50.072+0000] {dag.py:3089} INFO - Sync 1 DAGs
[2026-07-15T12:05:50.095+0000] {logging_mixin.py:188} INFO - [2026-07-15T12:05:50.094+0000] {dag.py:3947} INFO - Setting next_dagrun for minio_to_snowflake_banking to 2026-07-15 12:04:00+00:00, run_after=2026-07-15 12:05:00+00:00
[2026-07-15T12:05:50.116+0000] {processor.py:183} INFO - Processing /opt/airflow/dags/minio_to_snowflake.py took 1.026 seconds
[2026-07-15T12:06:20.310+0000] {processor.py:161} INFO - Started process (PID=301) to work on /opt/airflow/dags/minio_to_snowflake.py
[2026-07-15T12:06:20.312+0000] {processor.py:830} INFO - Processing file /opt/airflow/dags/minio_to_snowflake.py for tasks to queue
[2026-07-15T12:06:20.315+0000] {logging_mixin.py:188} INFO - [2026-07-15T12:06:20.315+0000] {dagbag.py:545} INFO - Filling up the DagBag from /opt/airflow/dags/minio_to_snowflake.py
[2026-07-15T12:06:21.215+0000] {processor.py:840} INFO - DAG(s) 'minio_to_snowflake_banking' retrieved from /opt/airflow/dags/minio_to_snowflake.py
[2026-07-15T12:06:21.246+0000] {logging_mixin.py:188} INFO - [2026-07-15T12:06:21.245+0000] {dag.py:3089} INFO - Sync 1 DAGs
[2026-07-15T12:06:21.268+0000] {logging_mixin.py:188} INFO - [2026-07-15T12:06:21.268+0000] {dag.py:3947} INFO - Setting next_dagrun for minio_to_snowflake_banking to 2026-07-15 12:05:00+00:00, run_after=2026-07-15 12:06:00+00:00
[2026-07-15T12:06:21.288+0000] {processor.py:183} INFO - Processing /opt/airflow/dags/minio_to_snowflake.py took 0.985 seconds
[2026-07-15T12:06:51.527+0000] {processor.py:161} INFO - Started process (PID=305) to work on /opt/airflow/dags/minio_to_snowflake.py
[2026-07-15T12:06:51.529+0000] {processor.py:830} INFO - Processing file /opt/airflow/dags/minio_to_snowflake.py for tasks to queue
[2026-07-15T12:06:51.533+0000] {logging_mixin.py:188} INFO - [2026-07-15T12:06:51.532+0000] {dagbag.py:545} INFO - Filling up the DagBag from /opt/airflow/dags/minio_to_snowflake.py
[2026-07-15T12:06:52.332+0000] {processor.py:840} INFO - DAG(s) 'minio_to_snowflake_banking' retrieved from /opt/airflow/dags/minio_to_snowflake.py
[2026-07-15T12:06:52.362+0000] {logging_mixin.py:188} INFO - [2026-07-15T12:06:52.361+0000] {dag.py:3089} INFO - Sync 1 DAGs
[2026-07-15T12:06:52.383+0000] {logging_mixin.py:188} INFO - [2026-07-15T12:06:52.383+0000] {dag.py:3947} INFO - Setting next_dagrun for minio_to_snowflake_banking to 2026-07-15 12:05:00+00:00, run_after=2026-07-15 12:06:00+00:00
[2026-07-15T12:06:52.405+0000] {processor.py:183} INFO - Processing /opt/airflow/dags/minio_to_snowflake.py took 0.886 seconds
[2026-07-15T12:07:22.659+0000] {processor.py:161} INFO - Started process (PID=309) to work on /opt/airflow/dags/minio_to_snowflake.py
[2026-07-15T12:07:22.661+0000] {processor.py:830} INFO - Processing file /opt/airflow/dags/minio_to_snowflake.py for tasks to queue
[2026-07-15T12:07:22.664+0000] {logging_mixin.py:188} INFO - [2026-07-15T12:07:22.664+0000] {dagbag.py:545} INFO - Filling up the DagBag from /opt/airflow/dags/minio_to_snowflake.py
[2026-07-15T12:07:23.498+0000] {processor.py:840} INFO - DAG(s) 'minio_to_snowflake_banking' retrieved from /opt/airflow/dags/minio_to_snowflake.py
[2026-07-15T12:07:23.528+0000] {logging_mixin.py:188} INFO - [2026-07-15T12:07:23.528+0000] {dag.py:3089} INFO - Sync 1 DAGs
[2026-07-15T12:07:23.549+0000] {logging_mixin.py:188} INFO - [2026-07-15T12:07:23.549+0000] {dag.py:3947} INFO - Setting next_dagrun for minio_to_snowflake_banking to 2026-07-15 12:06:00+00:00, run_after=2026-07-15 12:07:00+00:00
[2026-07-15T12:07:23.571+0000] {processor.py:183} INFO - Processing /opt/airflow/dags/minio_to_snowflake.py took 0.919 seconds
[2026-07-15T12:07:53.859+0000] {processor.py:161} INFO - Started process (PID=313) to work on /opt/airflow/dags/minio_to_snowflake.py
[2026-07-15T12:07:53.861+0000] {processor.py:830} INFO - Processing file /opt/airflow/dags/minio_to_snowflake.py for tasks to queue
[2026-07-15T12:07:53.863+0000] {logging_mixin.py:188} INFO - [2026-07-15T12:07:53.863+0000] {dagbag.py:545} INFO - Filling up the DagBag from /opt/airflow/dags/minio_to_snowflake.py
[2026-07-15T12:07:54.855+0000] {processor.py:840} INFO - DAG(s) 'minio_to_snowflake_banking' retrieved from /opt/airflow/dags/minio_to_snowflake.py
[2026-07-15T12:07:54.889+0000] {logging_mixin.py:188} INFO - [2026-07-15T12:07:54.888+0000] {dag.py:3089} INFO - Sync 1 DAGs
[2026-07-15T12:07:54.915+0000] {logging_mixin.py:188} INFO - [2026-07-15T12:07:54.915+0000] {dag.py:3947} INFO - Setting next_dagrun for minio_to_snowflake_banking to 2026-07-15 12:06:00+00:00, run_after=2026-07-15 12:07:00+00:00
[2026-07-15T12:07:54.938+0000] {processor.py:183} INFO - Processing /opt/airflow/dags/minio_to_snowflake.py took 1.087 seconds
[2026-07-15T12:08:25.280+0000] {processor.py:161} INFO - Started process (PID=317) to work on /opt/airflow/dags/minio_to_snowflake.py
[2026-07-15T12:08:25.281+0000] {processor.py:830} INFO - Processing file /opt/airflow/dags/minio_to_snowflake.py for tasks to queue
[2026-07-15T12:08:25.287+0000] {logging_mixin.py:188} INFO - [2026-07-15T12:08:25.286+0000] {dagbag.py:545} INFO - Filling up the DagBag from /opt/airflow/dags/minio_to_snowflake.py
[2026-07-15T12:08:27.085+0000] {processor.py:840} INFO - DAG(s) 'minio_to_snowflake_banking' retrieved from /opt/airflow/dags/minio_to_snowflake.py
[2026-07-15T12:08:27.125+0000] {logging_mixin.py:188} INFO - [2026-07-15T12:08:27.123+0000] {dag.py:3089} INFO - Sync 1 DAGs
[2026-07-15T12:08:27.170+0000] {logging_mixin.py:188} INFO - [2026-07-15T12:08:27.169+0000] {dag.py:3947} INFO - Setting next_dagrun for minio_to_snowflake_banking to 2026-07-15 12:07:00+00:00, run_after=2026-07-15 12:08:00+00:00
[2026-07-15T12:08:27.203+0000] {processor.py:183} INFO - Processing /opt/airflow/dags/minio_to_snowflake.py took 1.933 seconds
[2026-07-15T12:08:57.492+0000] {processor.py:161} INFO - Started process (PID=321) to work on /opt/airflow/dags/minio_to_snowflake.py
[2026-07-15T12:08:57.494+0000] {processor.py:830} INFO - Processing file /opt/airflow/dags/minio_to_snowflake.py for tasks to queue
[2026-07-15T12:08:57.496+0000] {logging_mixin.py:188} INFO - [2026-07-15T12:08:57.496+0000] {dagbag.py:545} INFO - Filling up the DagBag from /opt/airflow/dags/minio_to_snowflake.py
[2026-07-15T12:08:58.638+0000] {processor.py:840} INFO - DAG(s) 'minio_to_snowflake_banking' retrieved from /opt/airflow/dags/minio_to_snowflake.py
[2026-07-15T12:08:58.669+0000] {logging_mixin.py:188} INFO - [2026-07-15T12:08:58.669+0000] {dag.py:3089} INFO - Sync 1 DAGs
[2026-07-15T12:08:58.696+0000] {logging_mixin.py:188} INFO - [2026-07-15T12:08:58.696+0000] {dag.py:3947} INFO - Setting next_dagrun for minio_to_snowflake_banking to 2026-07-15 12:07:00+00:00, run_after=2026-07-15 12:08:00+00:00
[2026-07-15T12:08:58.725+0000] {processor.py:183} INFO - Processing /opt/airflow/dags/minio_to_snowflake.py took 1.239 seconds
[2026-07-15T12:09:28.998+0000] {processor.py:161} INFO - Started process (PID=325) to work on /opt/airflow/dags/minio_to_snowflake.py
[2026-07-15T12:09:28.999+0000] {processor.py:830} INFO - Processing file /opt/airflow/dags/minio_to_snowflake.py for tasks to queue
[2026-07-15T12:09:29.002+0000] {logging_mixin.py:188} INFO - [2026-07-15T12:09:29.002+0000] {dagbag.py:545} INFO - Filling up the DagBag from /opt/airflow/dags/minio_to_snowflake.py
[2026-07-15T12:09:29.803+0000] {processor.py:840} INFO - DAG(s) 'minio_to_snowflake_banking' retrieved from /opt/airflow/dags/minio_to_snowflake.py
[2026-07-15T12:09:29.831+0000] {logging_mixin.py:188} INFO - [2026-07-15T12:09:29.831+0000] {dag.py:3089} INFO - Sync 1 DAGs
[2026-07-15T12:09:29.853+0000] {logging_mixin.py:188} INFO - [2026-07-15T12:09:29.853+0000] {dag.py:3947} INFO - Setting next_dagrun for minio_to_snowflake_banking to 2026-07-15 12:08:00+00:00, run_after=2026-07-15 12:09:00+00:00
[2026-07-15T12:09:29.875+0000] {processor.py:183} INFO - Processing /opt/airflow/dags/minio_to_snowflake.py took 0.886 seconds
[2026-07-15T12:09:59.955+0000] {processor.py:161} INFO - Started process (PID=329) to work on /opt/airflow/dags/minio_to_snowflake.py
[2026-07-15T12:09:59.956+0000] {processor.py:830} INFO - Processing file /opt/airflow/dags/minio_to_snowflake.py for tasks to queue
[2026-07-15T12:09:59.959+0000] {logging_mixin.py:188} INFO - [2026-07-15T12:09:59.958+0000] {dagbag.py:545} INFO - Filling up the DagBag from /opt/airflow/dags/minio_to_snowflake.py
[2026-07-15T12:10:00.734+0000] {processor.py:840} INFO - DAG(s) 'minio_to_snowflake_banking' retrieved from /opt/airflow/dags/minio_to_snowflake.py
[2026-07-15T12:10:00.764+0000] {logging_mixin.py:188} INFO - [2026-07-15T12:10:00.763+0000] {dag.py:3089} INFO - Sync 1 DAGs
[2026-07-15T12:10:00.787+0000] {logging_mixin.py:188} INFO - [2026-07-15T12:10:00.787+0000] {dag.py:3947} INFO - Setting next_dagrun for minio_to_snowflake_banking to 2026-07-15 12:09:00+00:00, run_after=2026-07-15 12:10:00+00:00
[2026-07-15T12:10:00.807+0000] {processor.py:183} INFO - Processing /opt/airflow/dags/minio_to_snowflake.py took 0.862 seconds
[2026-07-15T12:10:31.186+0000] {processor.py:161} INFO - Started process (PID=333) to work on /opt/airflow/dags/minio_to_snowflake.py
[2026-07-15T12:10:31.187+0000] {processor.py:830} INFO - Processing file /opt/airflow/dags/minio_to_snowflake.py for tasks to queue
[2026-07-15T12:10:31.190+0000] {logging_mixin.py:188} INFO - [2026-07-15T12:10:31.189+0000] {dagbag.py:545} INFO - Filling up the DagBag from /opt/airflow/dags/minio_to_snowflake.py
[2026-07-15T12:10:31.956+0000] {processor.py:840} INFO - DAG(s) 'minio_to_snowflake_banking' retrieved from /opt/airflow/dags/minio_to_snowflake.py
[2026-07-15T12:10:31.985+0000] {logging_mixin.py:188} INFO - [2026-07-15T12:10:31.985+0000] {dag.py:3089} INFO - Sync 1 DAGs
[2026-07-15T12:10:32.008+0000] {logging_mixin.py:188} INFO - [2026-07-15T12:10:32.008+0000] {dag.py:3947} INFO - Setting next_dagrun for minio_to_snowflake_banking to 2026-07-15 12:09:00+00:00, run_after=2026-07-15 12:10:00+00:00
[2026-07-15T12:10:32.046+0000] {processor.py:183} INFO - Processing /opt/airflow/dags/minio_to_snowflake.py took 0.867 seconds
[2026-07-15T12:11:02.378+0000] {processor.py:161} INFO - Started process (PID=337) to work on /opt/airflow/dags/minio_to_snowflake.py
[2026-07-15T12:11:02.379+0000] {processor.py:830} INFO - Processing file /opt/airflow/dags/minio_to_snowflake.py for tasks to queue
[2026-07-15T12:11:02.381+0000] {logging_mixin.py:188} INFO - [2026-07-15T12:11:02.381+0000] {dagbag.py:545} INFO - Filling up the DagBag from /opt/airflow/dags/minio_to_snowflake.py
[2026-07-15T12:11:03.208+0000] {processor.py:840} INFO - DAG(s) 'minio_to_snowflake_banking' retrieved from /opt/airflow/dags/minio_to_snowflake.py
[2026-07-15T12:11:03.241+0000] {logging_mixin.py:188} INFO - [2026-07-15T12:11:03.240+0000] {dag.py:3089} INFO - Sync 1 DAGs
[2026-07-15T12:11:03.266+0000] {logging_mixin.py:188} INFO - [2026-07-15T12:11:03.266+0000] {dag.py:3947} INFO - Setting next_dagrun for minio_to_snowflake_banking to 2026-07-15 12:10:00+00:00, run_after=2026-07-15 12:11:00+00:00
[2026-07-15T12:11:03.287+0000] {processor.py:183} INFO - Processing /opt/airflow/dags/minio_to_snowflake.py took 0.918 seconds
[2026-07-15T12:11:33.554+0000] {processor.py:161} INFO - Started process (PID=341) to work on /opt/airflow/dags/minio_to_snowflake.py
[2026-07-15T12:11:33.557+0000] {processor.py:830} INFO - Processing file /opt/airflow/dags/minio_to_snowflake.py for tasks to queue
[2026-07-15T12:11:33.559+0000] {logging_mixin.py:188} INFO - [2026-07-15T12:11:33.559+0000] {dagbag.py:545} INFO - Filling up the DagBag from /opt/airflow/dags/minio_to_snowflake.py
[2026-07-15T12:11:34.398+0000] {processor.py:840} INFO - DAG(s) 'minio_to_snowflake_banking' retrieved from /opt/airflow/dags/minio_to_snowflake.py
[2026-07-15T12:11:34.436+0000] {logging_mixin.py:188} INFO - [2026-07-15T12:11:34.435+0000] {dag.py:3089} INFO - Sync 1 DAGs
[2026-07-15T12:11:34.467+0000] {logging_mixin.py:188} INFO - [2026-07-15T12:11:34.466+0000] {dag.py:3947} INFO - Setting next_dagrun for minio_to_snowflake_banking to 2026-07-15 12:10:00+00:00, run_after=2026-07-15 12:11:00+00:00
[2026-07-15T12:11:34.494+0000] {processor.py:183} INFO - Processing /opt/airflow/dags/minio_to_snowflake.py took 0.947 seconds
[2026-07-15T12:12:04.767+0000] {processor.py:161} INFO - Started process (PID=345) to work on /opt/airflow/dags/minio_to_snowflake.py
[2026-07-15T12:12:04.769+0000] {processor.py:830} INFO - Processing file /opt/airflow/dags/minio_to_snowflake.py for tasks to queue
[2026-07-15T12:12:04.771+0000] {logging_mixin.py:188} INFO - [2026-07-15T12:12:04.770+0000] {dagbag.py:545} INFO - Filling up the DagBag from /opt/airflow/dags/minio_to_snowflake.py
[2026-07-15T12:12:05.668+0000] {processor.py:840} INFO - DAG(s) 'minio_to_snowflake_banking' retrieved from /opt/airflow/dags/minio_to_snowflake.py
[2026-07-15T12:12:05.747+0000] {logging_mixin.py:188} INFO - [2026-07-15T12:12:05.746+0000] {dag.py:3089} INFO - Sync 1 DAGs
[2026-07-15T12:12:05.779+0000] {logging_mixin.py:188} INFO - [2026-07-15T12:12:05.779+0000] {dag.py:3947} INFO - Setting next_dagrun for minio_to_snowflake_banking to 2026-07-15 12:11:00+00:00, run_after=2026-07-15 12:12:00+00:00
[2026-07-15T12:12:05.802+0000] {processor.py:183} INFO - Processing /opt/airflow/dags/minio_to_snowflake.py took 1.042 seconds
[2026-07-15T12:12:36.096+0000] {processor.py:161} INFO - Started process (PID=349) to work on /opt/airflow/dags/minio_to_snowflake.py
[2026-07-15T12:12:36.098+0000] {processor.py:830} INFO - Processing file /opt/airflow/dags/minio_to_snowflake.py for tasks to queue
[2026-07-15T12:12:36.100+0000] {logging_mixin.py:188} INFO - [2026-07-15T12:12:36.100+0000] {dagbag.py:545} INFO - Filling up the DagBag from /opt/airflow/dags/minio_to_snowflake.py
[2026-07-15T12:12:36.981+0000] {processor.py:840} INFO - DAG(s) 'minio_to_snowflake_banking' retrieved from /opt/airflow/dags/minio_to_snowflake.py
[2026-07-15T12:12:37.009+0000] {logging_mixin.py:188} INFO - [2026-07-15T12:12:37.008+0000] {dag.py:3089} INFO - Sync 1 DAGs
[2026-07-15T12:12:37.031+0000] {logging_mixin.py:188} INFO - [2026-07-15T12:12:37.031+0000] {dag.py:3947} INFO - Setting next_dagrun for minio_to_snowflake_banking to 2026-07-15 12:11:00+00:00, run_after=2026-07-15 12:12:00+00:00
[2026-07-15T12:12:37.052+0000] {processor.py:183} INFO - Processing /opt/airflow/dags/minio_to_snowflake.py took 0.964 seconds
[2026-07-15T12:13:07.318+0000] {processor.py:161} INFO - Started process (PID=353) to work on /opt/airflow/dags/minio_to_snowflake.py
[2026-07-15T12:13:07.320+0000] {processor.py:830} INFO - Processing file /opt/airflow/dags/minio_to_snowflake.py for tasks to queue
[2026-07-15T12:13:07.322+0000] {logging_mixin.py:188} INFO - [2026-07-15T12:13:07.322+0000] {dagbag.py:545} INFO - Filling up the DagBag from /opt/airflow/dags/minio_to_snowflake.py
[2026-07-15T12:13:08.178+0000] {processor.py:840} INFO - DAG(s) 'minio_to_snowflake_banking' retrieved from /opt/airflow/dags/minio_to_snowflake.py
[2026-07-15T12:13:08.209+0000] {logging_mixin.py:188} INFO - [2026-07-15T12:13:08.208+0000] {dag.py:3089} INFO - Sync 1 DAGs
[2026-07-15T12:13:08.231+0000] {logging_mixin.py:188} INFO - [2026-07-15T12:13:08.230+0000] {dag.py:3947} INFO - Setting next_dagrun for minio_to_snowflake_banking to 2026-07-15 12:12:00+00:00, run_after=2026-07-15 12:13:00+00:00
[2026-07-15T12:13:08.254+0000] {processor.py:183} INFO - Processing /opt/airflow/dags/minio_to_snowflake.py took 0.943 seconds
[2026-07-15T12:13:38.536+0000] {processor.py:161} INFO - Started process (PID=357) to work on /opt/airflow/dags/minio_to_snowflake.py
[2026-07-15T12:13:38.538+0000] {processor.py:830} INFO - Processing file /opt/airflow/dags/minio_to_snowflake.py for tasks to queue
[2026-07-15T12:13:38.540+0000] {logging_mixin.py:188} INFO - [2026-07-15T12:13:38.539+0000] {dagbag.py:545} INFO - Filling up the DagBag from /opt/airflow/dags/minio_to_snowflake.py
[2026-07-15T12:13:39.386+0000] {processor.py:840} INFO - DAG(s) 'minio_to_snowflake_banking' retrieved from /opt/airflow/dags/minio_to_snowflake.py
[2026-07-15T12:13:39.418+0000] {logging_mixin.py:188} INFO - [2026-07-15T12:13:39.417+0000] {dag.py:3089} INFO - Sync 1 DAGs
[2026-07-15T12:13:39.441+0000] {logging_mixin.py:188} INFO - [2026-07-15T12:13:39.440+0000] {dag.py:3947} INFO - Setting next_dagrun for minio_to_snowflake_banking to 2026-07-15 12:12:00+00:00, run_after=2026-07-15 12:13:00+00:00
[2026-07-15T12:13:39.462+0000] {processor.py:183} INFO - Processing /opt/airflow/dags/minio_to_snowflake.py took 0.935 seconds
[2026-07-15T12:14:09.750+0000] {processor.py:161} INFO - Started process (PID=361) to work on /opt/airflow/dags/minio_to_snowflake.py
[2026-07-15T12:14:09.751+0000] {processor.py:830} INFO - Processing file /opt/airflow/dags/minio_to_snowflake.py for tasks to queue
[2026-07-15T12:14:09.754+0000] {logging_mixin.py:188} INFO - [2026-07-15T12:14:09.753+0000] {dagbag.py:545} INFO - Filling up the DagBag from /opt/airflow/dags/minio_to_snowflake.py
[2026-07-15T12:14:10.566+0000] {processor.py:840} INFO - DAG(s) 'minio_to_snowflake_banking' retrieved from /opt/airflow/dags/minio_to_snowflake.py
[2026-07-15T12:14:10.597+0000] {logging_mixin.py:188} INFO - [2026-07-15T12:14:10.596+0000] {dag.py:3089} INFO - Sync 1 DAGs
[2026-07-15T12:14:10.631+0000] {logging_mixin.py:188} INFO - [2026-07-15T12:14:10.631+0000] {dag.py:3947} INFO - Setting next_dagrun for minio_to_snowflake_banking to 2026-07-15 12:13:00+00:00, run_after=2026-07-15 12:14:00+00:00
[2026-07-15T12:14:10.661+0000] {processor.py:183} INFO - Processing /opt/airflow/dags/minio_to_snowflake.py took 0.920 seconds
[2026-07-15T12:14:40.999+0000] {processor.py:161} INFO - Started process (PID=365) to work on /opt/airflow/dags/minio_to_snowflake.py
[2026-07-15T12:14:41.000+0000] {processor.py:830} INFO - Processing file /opt/airflow/dags/minio_to_snowflake.py for tasks to queue
[2026-07-15T12:14:41.002+0000] {logging_mixin.py:188} INFO - [2026-07-15T12:14:41.002+0000] {dagbag.py:545} INFO - Filling up the DagBag from /opt/airflow/dags/minio_to_snowflake.py
[2026-07-15T12:14:41.788+0000] {processor.py:840} INFO - DAG(s) 'minio_to_snowflake_banking' retrieved from /opt/airflow/dags/minio_to_snowflake.py
[2026-07-15T12:14:41.822+0000] {logging_mixin.py:188} INFO - [2026-07-15T12:14:41.821+0000] {dag.py:3089} INFO - Sync 1 DAGs
[2026-07-15T12:14:41.849+0000] {logging_mixin.py:188} INFO - [2026-07-15T12:14:41.849+0000] {dag.py:3947} INFO - Setting next_dagrun for minio_to_snowflake_banking to 2026-07-15 12:13:00+00:00, run_after=2026-07-15 12:14:00+00:00
[2026-07-15T12:14:41.873+0000] {processor.py:183} INFO - Processing /opt/airflow/dags/minio_to_snowflake.py took 0.882 seconds
[2026-07-15T12:15:12.207+0000] {processor.py:161} INFO - Started process (PID=369) to work on /opt/airflow/dags/minio_to_snowflake.py
[2026-07-15T12:15:12.209+0000] {processor.py:830} INFO - Processing file /opt/airflow/dags/minio_to_snowflake.py for tasks to queue
[2026-07-15T12:15:12.214+0000] {logging_mixin.py:188} INFO - [2026-07-15T12:15:12.213+0000] {dagbag.py:545} INFO - Filling up the DagBag from /opt/airflow/dags/minio_to_snowflake.py
[2026-07-15T12:15:13.034+0000] {processor.py:840} INFO - DAG(s) 'minio_to_snowflake_banking' retrieved from /opt/airflow/dags/minio_to_snowflake.py
[2026-07-15T12:15:13.069+0000] {logging_mixin.py:188} INFO - [2026-07-15T12:15:13.068+0000] {dag.py:3089} INFO - Sync 1 DAGs
[2026-07-15T12:15:13.092+0000] {logging_mixin.py:188} INFO - [2026-07-15T12:15:13.091+0000] {dag.py:3947} INFO - Setting next_dagrun for minio_to_snowflake_banking to 2026-07-15 12:14:00+00:00, run_after=2026-07-15 12:15:00+00:00
[2026-07-15T12:15:13.116+0000] {processor.py:183} INFO - Processing /opt/airflow/dags/minio_to_snowflake.py took 0.919 seconds
[2026-07-15T12:15:43.478+0000] {processor.py:161} INFO - Started process (PID=373) to work on /opt/airflow/dags/minio_to_snowflake.py
[2026-07-15T12:15:43.480+0000] {processor.py:830} INFO - Processing file /opt/airflow/dags/minio_to_snowflake.py for tasks to queue
[2026-07-15T12:15:43.482+0000] {logging_mixin.py:188} INFO - [2026-07-15T12:15:43.482+0000] {dagbag.py:545} INFO - Filling up the DagBag from /opt/airflow/dags/minio_to_snowflake.py
[2026-07-15T12:15:44.304+0000] {processor.py:840} INFO - DAG(s) 'minio_to_snowflake_banking' retrieved from /opt/airflow/dags/minio_to_snowflake.py
[2026-07-15T12:15:44.335+0000] {logging_mixin.py:188} INFO - [2026-07-15T12:15:44.335+0000] {dag.py:3089} INFO - Sync 1 DAGs
[2026-07-15T12:15:44.357+0000] {logging_mixin.py:188} INFO - [2026-07-15T12:15:44.357+0000] {dag.py:3947} INFO - Setting next_dagrun for minio_to_snowflake_banking to 2026-07-15 12:14:00+00:00, run_after=2026-07-15 12:15:00+00:00
[2026-07-15T12:15:44.381+0000] {processor.py:183} INFO - Processing /opt/airflow/dags/minio_to_snowflake.py took 0.912 seconds
[2026-07-15T12:16:14.687+0000] {processor.py:161} INFO - Started process (PID=377) to work on /opt/airflow/dags/minio_to_snowflake.py
[2026-07-15T12:16:14.690+0000] {processor.py:830} INFO - Processing file /opt/airflow/dags/minio_to_snowflake.py for tasks to queue
[2026-07-15T12:16:14.694+0000] {logging_mixin.py:188} INFO - [2026-07-15T12:16:14.693+0000] {dagbag.py:545} INFO - Filling up the DagBag from /opt/airflow/dags/minio_to_snowflake.py
[2026-07-15T12:16:15.480+0000] {processor.py:840} INFO - DAG(s) 'minio_to_snowflake_banking' retrieved from /opt/airflow/dags/minio_to_snowflake.py
[2026-07-15T12:16:15.514+0000] {logging_mixin.py:188} INFO - [2026-07-15T12:16:15.513+0000] {dag.py:3089} INFO - Sync 1 DAGs
[2026-07-15T12:16:15.535+0000] {logging_mixin.py:188} INFO - [2026-07-15T12:16:15.535+0000] {dag.py:3947} INFO - Setting next_dagrun for minio_to_snowflake_banking to 2026-07-15 12:15:00+00:00, run_after=2026-07-15 12:16:00+00:00
[2026-07-15T12:16:15.561+0000] {processor.py:183} INFO - Processing /opt/airflow/dags/minio_to_snowflake.py took 0.881 seconds
[2026-07-15T12:16:45.857+0000] {processor.py:161} INFO - Started process (PID=381) to work on /opt/airflow/dags/minio_to_snowflake.py
[2026-07-15T12:16:45.859+0000] {processor.py:830} INFO - Processing file /opt/airflow/dags/minio_to_snowflake.py for tasks to queue
[2026-07-15T12:16:45.864+0000] {logging_mixin.py:188} INFO - [2026-07-15T12:16:45.863+0000] {dagbag.py:545} INFO - Filling up the DagBag from /opt/airflow/dags/minio_to_snowflake.py
[2026-07-15T12:16:46.875+0000] {processor.py:840} INFO - DAG(s) 'minio_to_snowflake_banking' retrieved from /opt/airflow/dags/minio_to_snowflake.py
[2026-07-15T12:16:46.911+0000] {logging_mixin.py:188} INFO - [2026-07-15T12:16:46.910+0000] {dag.py:3089} INFO - Sync 1 DAGs
[2026-07-15T12:16:46.937+0000] {logging_mixin.py:188} INFO - [2026-07-15T12:16:46.937+0000] {dag.py:3947} INFO - Setting next_dagrun for minio_to_snowflake_banking to 2026-07-15 12:15:00+00:00, run_after=2026-07-15 12:16:00+00:00
[2026-07-15T12:16:46.957+0000] {processor.py:183} INFO - Processing /opt/airflow/dags/minio_to_snowflake.py took 1.112 seconds
[2026-07-15T12:17:17.257+0000] {processor.py:161} INFO - Started process (PID=385) to work on /opt/airflow/dags/minio_to_snowflake.py
[2026-07-15T12:17:17.260+0000] {processor.py:830} INFO - Processing file /opt/airflow/dags/minio_to_snowflake.py for tasks to queue
[2026-07-15T12:17:17.263+0000] {logging_mixin.py:188} INFO - [2026-07-15T12:17:17.262+0000] {dagbag.py:545} INFO - Filling up the DagBag from /opt/airflow/dags/minio_to_snowflake.py
[2026-07-15T12:17:18.126+0000] {processor.py:840} INFO - DAG(s) 'minio_to_snowflake_banking' retrieved from /opt/airflow/dags/minio_to_snowflake.py
[2026-07-15T12:17:18.165+0000] {logging_mixin.py:188} INFO - [2026-07-15T12:17:18.165+0000] {dag.py:3089} INFO - Sync 1 DAGs
[2026-07-15T12:17:18.190+0000] {logging_mixin.py:188} INFO - [2026-07-15T12:17:18.190+0000] {dag.py:3947} INFO - Setting next_dagrun for minio_to_snowflake_banking to 2026-07-15 12:16:00+00:00, run_after=2026-07-15 12:17:00+00:00
[2026-07-15T12:17:18.213+0000] {processor.py:183} INFO - Processing /opt/airflow/dags/minio_to_snowflake.py took 0.963 seconds
[2026-07-15T12:17:48.527+0000] {processor.py:161} INFO - Started process (PID=389) to work on /opt/airflow/dags/minio_to_snowflake.py
[2026-07-15T12:17:48.529+0000] {processor.py:830} INFO - Processing file /opt/airflow/dags/minio_to_snowflake.py for tasks to queue
[2026-07-15T12:17:48.531+0000] {logging_mixin.py:188} INFO - [2026-07-15T12:17:48.530+0000] {dagbag.py:545} INFO - Filling up the DagBag from /opt/airflow/dags/minio_to_snowflake.py
[2026-07-15T12:17:49.267+0000] {processor.py:840} INFO - DAG(s) 'minio_to_snowflake_banking' retrieved from /opt/airflow/dags/minio_to_snowflake.py
[2026-07-15T12:17:49.295+0000] {logging_mixin.py:188} INFO - [2026-07-15T12:17:49.295+0000] {dag.py:3089} INFO - Sync 1 DAGs
[2026-07-15T12:17:49.315+0000] {logging_mixin.py:188} INFO - [2026-07-15T12:17:49.315+0000] {dag.py:3947} INFO - Setting next_dagrun for minio_to_snowflake_banking to 2026-07-15 12:16:00+00:00, run_after=2026-07-15 12:17:00+00:00
[2026-07-15T12:17:49.338+0000] {processor.py:183} INFO - Processing /opt/airflow/dags/minio_to_snowflake.py took 0.819 seconds
[2026-07-15T12:18:19.612+0000] {processor.py:161} INFO - Started process (PID=393) to work on /opt/airflow/dags/minio_to_snowflake.py
[2026-07-15T12:18:19.613+0000] {processor.py:830} INFO - Processing file /opt/airflow/dags/minio_to_snowflake.py for tasks to queue
[2026-07-15T12:18:19.616+0000] {logging_mixin.py:188} INFO - [2026-07-15T12:18:19.615+0000] {dagbag.py:545} INFO - Filling up the DagBag from /opt/airflow/dags/minio_to_snowflake.py
[2026-07-15T12:18:20.426+0000] {processor.py:840} INFO - DAG(s) 'minio_to_snowflake_banking' retrieved from /opt/airflow/dags/minio_to_snowflake.py
[2026-07-15T12:18:20.453+0000] {logging_mixin.py:188} INFO - [2026-07-15T12:18:20.453+0000] {dag.py:3089} INFO - Sync 1 DAGs
[2026-07-15T12:18:20.477+0000] {logging_mixin.py:188} INFO - [2026-07-15T12:18:20.477+0000] {dag.py:3947} INFO - Setting next_dagrun for minio_to_snowflake_banking to 2026-07-15 12:17:00+00:00, run_after=2026-07-15 12:18:00+00:00
[2026-07-15T12:18:20.498+0000] {processor.py:183} INFO - Processing /opt/airflow/dags/minio_to_snowflake.py took 0.893 seconds
[2026-07-15T12:18:50.771+0000] {processor.py:161} INFO - Started process (PID=397) to work on /opt/airflow/dags/minio_to_snowflake.py
[2026-07-15T12:18:50.773+0000] {processor.py:830} INFO - Processing file /opt/airflow/dags/minio_to_snowflake.py for tasks to queue
[2026-07-15T12:18:50.776+0000] {logging_mixin.py:188} INFO - [2026-07-15T12:18:50.775+0000] {dagbag.py:545} INFO - Filling up the DagBag from /opt/airflow/dags/minio_to_snowflake.py
[2026-07-15T12:18:51.563+0000] {processor.py:840} INFO - DAG(s) 'minio_to_snowflake_banking' retrieved from /opt/airflow/dags/minio_to_snowflake.py
[2026-07-15T12:18:51.592+0000] {logging_mixin.py:188} INFO - [2026-07-15T12:18:51.592+0000] {dag.py:3089} INFO - Sync 1 DAGs
[2026-07-15T12:18:51.615+0000] {logging_mixin.py:188} INFO - [2026-07-15T12:18:51.615+0000] {dag.py:3947} INFO - Setting next_dagrun for minio_to_snowflake_banking to 2026-07-15 12:17:00+00:00, run_after=2026-07-15 12:18:00+00:00
[2026-07-15T12:18:51.636+0000] {processor.py:183} INFO - Processing /opt/airflow/dags/minio_to_snowflake.py took 0.874 seconds
[2026-07-15T12:19:21.932+0000] {processor.py:161} INFO - Started process (PID=401) to work on /opt/airflow/dags/minio_to_snowflake.py
[2026-07-15T12:19:21.934+0000] {processor.py:830} INFO - Processing file /opt/airflow/dags/minio_to_snowflake.py for tasks to queue
[2026-07-15T12:19:21.936+0000] {logging_mixin.py:188} INFO - [2026-07-15T12:19:21.936+0000] {dagbag.py:545} INFO - Filling up the DagBag from /opt/airflow/dags/minio_to_snowflake.py
[2026-07-15T12:19:22.700+0000] {processor.py:840} INFO - DAG(s) 'minio_to_snowflake_banking' retrieved from /opt/airflow/dags/minio_to_snowflake.py
[2026-07-15T12:19:22.729+0000] {logging_mixin.py:188} INFO - [2026-07-15T12:19:22.729+0000] {dag.py:3089} INFO - Sync 1 DAGs
[2026-07-15T12:19:22.751+0000] {logging_mixin.py:188} INFO - [2026-07-15T12:19:22.750+0000] {dag.py:3947} INFO - Setting next_dagrun for minio_to_snowflake_banking to 2026-07-15 12:18:00+00:00, run_after=2026-07-15 12:19:00+00:00
[2026-07-15T12:19:22.769+0000] {processor.py:183} INFO - Processing /opt/airflow/dags/minio_to_snowflake.py took 0.845 seconds
[2026-07-15T12:19:53.022+0000] {processor.py:161} INFO - Started process (PID=405) to work on /opt/airflow/dags/minio_to_snowflake.py
[2026-07-15T12:19:53.023+0000] {processor.py:830} INFO - Processing file /opt/airflow/dags/minio_to_snowflake.py for tasks to queue
[2026-07-15T12:19:53.027+0000] {logging_mixin.py:188} INFO - [2026-07-15T12:19:53.026+0000] {dagbag.py:545} INFO - Filling up the DagBag from /opt/airflow/dags/minio_to_snowflake.py
[2026-07-15T12:19:53.765+0000] {processor.py:840} INFO - DAG(s) 'minio_to_snowflake_banking' retrieved from /opt/airflow/dags/minio_to_snowflake.py
[2026-07-15T12:19:53.796+0000] {logging_mixin.py:188} INFO - [2026-07-15T12:19:53.796+0000] {dag.py:3089} INFO - Sync 1 DAGs
[2026-07-15T12:19:53.817+0000] {logging_mixin.py:188} INFO - [2026-07-15T12:19:53.817+0000] {dag.py:3947} INFO - Setting next_dagrun for minio_to_snowflake_banking to 2026-07-15 12:18:00+00:00, run_after=2026-07-15 12:19:00+00:00
[2026-07-15T12:19:53.836+0000] {processor.py:183} INFO - Processing /opt/airflow/dags/minio_to_snowflake.py took 0.822 seconds
[2026-07-15T12:20:24.087+0000] {processor.py:161} INFO - Started process (PID=409) to work on /opt/airflow/dags/minio_to_snowflake.py
[2026-07-15T12:20:24.089+0000] {processor.py:830} INFO - Processing file /opt/airflow/dags/minio_to_snowflake.py for tasks to queue
[2026-07-15T12:20:24.092+0000] {logging_mixin.py:188} INFO - [2026-07-15T12:20:24.092+0000] {dagbag.py:545} INFO - Filling up the DagBag from /opt/airflow/dags/minio_to_snowflake.py
[2026-07-15T12:20:24.900+0000] {processor.py:840} INFO - DAG(s) 'minio_to_snowflake_banking' retrieved from /opt/airflow/dags/minio_to_snowflake.py
[2026-07-15T12:20:24.927+0000] {logging_mixin.py:188} INFO - [2026-07-15T12:20:24.926+0000] {dag.py:3089} INFO - Sync 1 DAGs
[2026-07-15T12:20:24.949+0000] {logging_mixin.py:188} INFO - [2026-07-15T12:20:24.949+0000] {dag.py:3947} INFO - Setting next_dagrun for minio_to_snowflake_banking to 2026-07-15 12:19:00+00:00, run_after=2026-07-15 12:20:00+00:00
[2026-07-15T12:20:24.969+0000] {processor.py:183} INFO - Processing /opt/airflow/dags/minio_to_snowflake.py took 0.896 seconds
[2026-07-15T12:20:55.211+0000] {processor.py:161} INFO - Started process (PID=413) to work on /opt/airflow/dags/minio_to_snowflake.py
[2026-07-15T12:20:55.212+0000] {processor.py:830} INFO - Processing file /opt/airflow/dags/minio_to_snowflake.py for tasks to queue
[2026-07-15T12:20:55.214+0000] {logging_mixin.py:188} INFO - [2026-07-15T12:20:55.214+0000] {dagbag.py:545} INFO - Filling up the DagBag from /opt/airflow/dags/minio_to_snowflake.py
[2026-07-15T12:20:56.054+0000] {processor.py:840} INFO - DAG(s) 'minio_to_snowflake_banking' retrieved from /opt/airflow/dags/minio_to_snowflake.py
[2026-07-15T12:20:56.109+0000] {logging_mixin.py:188} INFO - [2026-07-15T12:20:56.108+0000] {dag.py:3089} INFO - Sync 1 DAGs
[2026-07-15T12:20:56.152+0000] {logging_mixin.py:188} INFO - [2026-07-15T12:20:56.151+0000] {dag.py:3947} INFO - Setting next_dagrun for minio_to_snowflake_banking to 2026-07-15 12:19:00+00:00, run_after=2026-07-15 12:20:00+00:00
[2026-07-15T12:20:56.181+0000] {processor.py:183} INFO - Processing /opt/airflow/dags/minio_to_snowflake.py took 0.978 seconds
[2026-07-15T12:21:26.432+0000] {processor.py:161} INFO - Started process (PID=417) to work on /opt/airflow/dags/minio_to_snowflake.py
[2026-07-15T12:21:26.433+0000] {processor.py:830} INFO - Processing file /opt/airflow/dags/minio_to_snowflake.py for tasks to queue
[2026-07-15T12:21:26.435+0000] {logging_mixin.py:188} INFO - [2026-07-15T12:21:26.435+0000] {dagbag.py:545} INFO - Filling up the DagBag from /opt/airflow/dags/minio_to_snowflake.py
[2026-07-15T12:21:27.295+0000] {processor.py:840} INFO - DAG(s) 'minio_to_snowflake_banking' retrieved from /opt/airflow/dags/minio_to_snowflake.py
[2026-07-15T12:21:27.334+0000] {logging_mixin.py:188} INFO - [2026-07-15T12:21:27.333+0000] {dag.py:3089} INFO - Sync 1 DAGs
[2026-07-15T12:21:27.374+0000] {logging_mixin.py:188} INFO - [2026-07-15T12:21:27.374+0000] {dag.py:3947} INFO - Setting next_dagrun for minio_to_snowflake_banking to 2026-07-15 12:20:00+00:00, run_after=2026-07-15 12:21:00+00:00
[2026-07-15T12:21:27.407+0000] {processor.py:183} INFO - Processing /opt/airflow/dags/minio_to_snowflake.py took 0.982 seconds
[2026-07-15T12:21:57.647+0000] {processor.py:161} INFO - Started process (PID=421) to work on /opt/airflow/dags/minio_to_snowflake.py
[2026-07-15T12:21:57.648+0000] {processor.py:830} INFO - Processing file /opt/airflow/dags/minio_to_snowflake.py for tasks to queue
[2026-07-15T12:21:57.650+0000] {logging_mixin.py:188} INFO - [2026-07-15T12:21:57.650+0000] {dagbag.py:545} INFO - Filling up the DagBag from /opt/airflow/dags/minio_to_snowflake.py
[2026-07-15T12:21:58.483+0000] {processor.py:840} INFO - DAG(s) 'minio_to_snowflake_banking' retrieved from /opt/airflow/dags/minio_to_snowflake.py
[2026-07-15T12:21:58.521+0000] {logging_mixin.py:188} INFO - [2026-07-15T12:21:58.520+0000] {dag.py:3089} INFO - Sync 1 DAGs
[2026-07-15T12:21:58.542+0000] {logging_mixin.py:188} INFO - [2026-07-15T12:21:58.542+0000] {dag.py:3947} INFO - Setting next_dagrun for minio_to_snowflake_banking to 2026-07-15 12:20:00+00:00, run_after=2026-07-15 12:21:00+00:00
[2026-07-15T12:21:58.561+0000] {processor.py:183} INFO - Processing /opt/airflow/dags/minio_to_snowflake.py took 0.922 seconds
[2026-07-15T12:22:28.809+0000] {processor.py:161} INFO - Started process (PID=425) to work on /opt/airflow/dags/minio_to_snowflake.py
[2026-07-15T12:22:28.811+0000] {processor.py:830} INFO - Processing file /opt/airflow/dags/minio_to_snowflake.py for tasks to queue
[2026-07-15T12:22:28.815+0000] {logging_mixin.py:188} INFO - [2026-07-15T12:22:28.815+0000] {dagbag.py:545} INFO - Filling up the DagBag from /opt/airflow/dags/minio_to_snowflake.py
[2026-07-15T12:22:29.564+0000] {processor.py:840} INFO - DAG(s) 'minio_to_snowflake_banking' retrieved from /opt/airflow/dags/minio_to_snowflake.py
[2026-07-15T12:22:29.594+0000] {logging_mixin.py:188} INFO - [2026-07-15T12:22:29.594+0000] {dag.py:3089} INFO - Sync 1 DAGs
[2026-07-15T12:22:29.616+0000] {logging_mixin.py:188} INFO - [2026-07-15T12:22:29.616+0000] {dag.py:3947} INFO - Setting next_dagrun for minio_to_snowflake_banking to 2026-07-15 12:21:00+00:00, run_after=2026-07-15 12:22:00+00:00
[2026-07-15T12:22:29.637+0000] {processor.py:183} INFO - Processing /opt/airflow/dags/minio_to_snowflake.py took 0.836 seconds
[2026-07-15T12:22:59.864+0000] {processor.py:161} INFO - Started process (PID=429) to work on /opt/airflow/dags/minio_to_snowflake.py
[2026-07-15T12:22:59.866+0000] {processor.py:830} INFO - Processing file /opt/airflow/dags/minio_to_snowflake.py for tasks to queue
[2026-07-15T12:22:59.869+0000] {logging_mixin.py:188} INFO - [2026-07-15T12:22:59.868+0000] {dagbag.py:545} INFO - Filling up the DagBag from /opt/airflow/dags/minio_to_snowflake.py
[2026-07-15T12:23:00.648+0000] {processor.py:840} INFO - DAG(s) 'minio_to_snowflake_banking' retrieved from /opt/airflow/dags/minio_to_snowflake.py
[2026-07-15T12:23:00.678+0000] {logging_mixin.py:188} INFO - [2026-07-15T12:23:00.678+0000] {dag.py:3089} INFO - Sync 1 DAGs
[2026-07-15T12:23:00.704+0000] {logging_mixin.py:188} INFO - [2026-07-15T12:23:00.703+0000] {dag.py:3947} INFO - Setting next_dagrun for minio_to_snowflake_banking to 2026-07-15 12:22:00+00:00, run_after=2026-07-15 12:23:00+00:00
[2026-07-15T12:23:00.728+0000] {processor.py:183} INFO - Processing /opt/airflow/dags/minio_to_snowflake.py took 0.871 seconds
[2026-07-15T12:23:31.004+0000] {processor.py:161} INFO - Started process (PID=433) to work on /opt/airflow/dags/minio_to_snowflake.py
[2026-07-15T12:23:31.006+0000] {processor.py:830} INFO - Processing file /opt/airflow/dags/minio_to_snowflake.py for tasks to queue
[2026-07-15T12:23:31.009+0000] {logging_mixin.py:188} INFO - [2026-07-15T12:23:31.009+0000] {dagbag.py:545} INFO - Filling up the DagBag from /opt/airflow/dags/minio_to_snowflake.py
[2026-07-15T12:23:31.790+0000] {processor.py:840} INFO - DAG(s) 'minio_to_snowflake_banking' retrieved from /opt/airflow/dags/minio_to_snowflake.py
[2026-07-15T12:23:31.817+0000] {logging_mixin.py:188} INFO - [2026-07-15T12:23:31.817+0000] {dag.py:3089} INFO - Sync 1 DAGs
[2026-07-15T12:23:31.840+0000] {logging_mixin.py:188} INFO - [2026-07-15T12:23:31.840+0000] {dag.py:3947} INFO - Setting next_dagrun for minio_to_snowflake_banking to 2026-07-15 12:22:00+00:00, run_after=2026-07-15 12:23:00+00:00
[2026-07-15T12:23:31.859+0000] {processor.py:183} INFO - Processing /opt/airflow/dags/minio_to_snowflake.py took 0.862 seconds
[2026-07-15T12:24:02.153+0000] {processor.py:161} INFO - Started process (PID=437) to work on /opt/airflow/dags/minio_to_snowflake.py
[2026-07-15T12:24:02.155+0000] {processor.py:830} INFO - Processing file /opt/airflow/dags/minio_to_snowflake.py for tasks to queue
[2026-07-15T12:24:02.157+0000] {logging_mixin.py:188} INFO - [2026-07-15T12:24:02.157+0000] {dagbag.py:545} INFO - Filling up the DagBag from /opt/airflow/dags/minio_to_snowflake.py
[2026-07-15T12:24:02.924+0000] {processor.py:840} INFO - DAG(s) 'minio_to_snowflake_banking' retrieved from /opt/airflow/dags/minio_to_snowflake.py
[2026-07-15T12:24:02.959+0000] {logging_mixin.py:188} INFO - [2026-07-15T12:24:02.959+0000] {dag.py:3089} INFO - Sync 1 DAGs
[2026-07-15T12:24:02.988+0000] {logging_mixin.py:188} INFO - [2026-07-15T12:24:02.988+0000] {dag.py:3947} INFO - Setting next_dagrun for minio_to_snowflake_banking to 2026-07-15 12:23:00+00:00, run_after=2026-07-15 12:24:00+00:00
[2026-07-15T12:24:03.009+0000] {processor.py:183} INFO - Processing /opt/airflow/dags/minio_to_snowflake.py took 0.863 seconds
[2026-07-15T12:24:33.255+0000] {processor.py:161} INFO - Started process (PID=441) to work on /opt/airflow/dags/minio_to_snowflake.py
[2026-07-15T12:24:33.257+0000] {processor.py:830} INFO - Processing file /opt/airflow/dags/minio_to_snowflake.py for tasks to queue
[2026-07-15T12:24:33.259+0000] {logging_mixin.py:188} INFO - [2026-07-15T12:24:33.258+0000] {dagbag.py:545} INFO - Filling up the DagBag from /opt/airflow/dags/minio_to_snowflake.py
[2026-07-15T12:24:34.025+0000] {processor.py:840} INFO - DAG(s) 'minio_to_snowflake_banking' retrieved from /opt/airflow/dags/minio_to_snowflake.py
[2026-07-15T12:24:34.053+0000] {logging_mixin.py:188} INFO - [2026-07-15T12:24:34.052+0000] {dag.py:3089} INFO - Sync 1 DAGs
[2026-07-15T12:24:34.074+0000] {logging_mixin.py:188} INFO - [2026-07-15T12:24:34.074+0000] {dag.py:3947} INFO - Setting next_dagrun for minio_to_snowflake_banking to 2026-07-15 12:23:00+00:00, run_after=2026-07-15 12:24:00+00:00
[2026-07-15T12:24:34.096+0000] {processor.py:183} INFO - Processing /opt/airflow/dags/minio_to_snowflake.py took 0.848 seconds
[2026-07-15T12:25:04.355+0000] {processor.py:161} INFO - Started process (PID=445) to work on /opt/airflow/dags/minio_to_snowflake.py
[2026-07-15T12:25:04.357+0000] {processor.py:830} INFO - Processing file /opt/airflow/dags/minio_to_snowflake.py for tasks to queue
[2026-07-15T12:25:04.359+0000] {logging_mixin.py:188} INFO - [2026-07-15T12:25:04.359+0000] {dagbag.py:545} INFO - Filling up the DagBag from /opt/airflow/dags/minio_to_snowflake.py
[2026-07-15T12:25:05.137+0000] {processor.py:840} INFO - DAG(s) 'minio_to_snowflake_banking' retrieved from /opt/airflow/dags/minio_to_snowflake.py
[2026-07-15T12:25:05.164+0000] {logging_mixin.py:188} INFO - [2026-07-15T12:25:05.164+0000] {dag.py:3089} INFO - Sync 1 DAGs
[2026-07-15T12:25:05.185+0000] {logging_mixin.py:188} INFO - [2026-07-15T12:25:05.185+0000] {dag.py:3947} INFO - Setting next_dagrun for minio_to_snowflake_banking to 2026-07-15 12:24:00+00:00, run_after=2026-07-15 12:25:00+00:00
[2026-07-15T12:25:05.206+0000] {processor.py:183} INFO - Processing /opt/airflow/dags/minio_to_snowflake.py took 0.859 seconds
[2026-07-15T12:25:35.466+0000] {processor.py:161} INFO - Started process (PID=449) to work on /opt/airflow/dags/minio_to_snowflake.py
[2026-07-15T12:25:35.468+0000] {processor.py:830} INFO - Processing file /opt/airflow/dags/minio_to_snowflake.py for tasks to queue
[2026-07-15T12:25:35.470+0000] {logging_mixin.py:188} INFO - [2026-07-15T12:25:35.469+0000] {dagbag.py:545} INFO - Filling up the DagBag from /opt/airflow/dags/minio_to_snowflake.py
[2026-07-15T12:25:36.230+0000] {processor.py:840} INFO - DAG(s) 'minio_to_snowflake_banking' retrieved from /opt/airflow/dags/minio_to_snowflake.py
[2026-07-15T12:25:36.270+0000] {logging_mixin.py:188} INFO - [2026-07-15T12:25:36.270+0000] {dag.py:3089} INFO - Sync 1 DAGs
[2026-07-15T12:25:36.298+0000] {logging_mixin.py:188} INFO - [2026-07-15T12:25:36.298+0000] {dag.py:3947} INFO - Setting next_dagrun for minio_to_snowflake_banking to 2026-07-15 12:24:00+00:00, run_after=2026-07-15 12:25:00+00:00
[2026-07-15T12:25:36.338+0000] {processor.py:183} INFO - Processing /opt/airflow/dags/minio_to_snowflake.py took 0.879 seconds
[2026-07-15T12:26:06.638+0000] {processor.py:161} INFO - Started process (PID=453) to work on /opt/airflow/dags/minio_to_snowflake.py
[2026-07-15T12:26:06.639+0000] {processor.py:830} INFO - Processing file /opt/airflow/dags/minio_to_snowflake.py for tasks to queue
[2026-07-15T12:26:06.641+0000] {logging_mixin.py:188} INFO - [2026-07-15T12:26:06.641+0000] {dagbag.py:545} INFO - Filling up the DagBag from /opt/airflow/dags/minio_to_snowflake.py
[2026-07-15T12:26:07.478+0000] {processor.py:840} INFO - DAG(s) 'minio_to_snowflake_banking' retrieved from /opt/airflow/dags/minio_to_snowflake.py
[2026-07-15T12:26:07.508+0000] {logging_mixin.py:188} INFO - [2026-07-15T12:26:07.507+0000] {dag.py:3089} INFO - Sync 1 DAGs
[2026-07-15T12:26:07.530+0000] {logging_mixin.py:188} INFO - [2026-07-15T12:26:07.530+0000] {dag.py:3947} INFO - Setting next_dagrun for minio_to_snowflake_banking to 2026-07-15 12:25:00+00:00, run_after=2026-07-15 12:26:00+00:00
[2026-07-15T12:26:07.553+0000] {processor.py:183} INFO - Processing /opt/airflow/dags/minio_to_snowflake.py took 0.923 seconds
[2026-07-15T12:26:37.846+0000] {processor.py:161} INFO - Started process (PID=457) to work on /opt/airflow/dags/minio_to_snowflake.py
[2026-07-15T12:26:37.848+0000] {processor.py:830} INFO - Processing file /opt/airflow/dags/minio_to_snowflake.py for tasks to queue
[2026-07-15T12:26:37.851+0000] {logging_mixin.py:188} INFO - [2026-07-15T12:26:37.851+0000] {dagbag.py:545} INFO - Filling up the DagBag from /opt/airflow/dags/minio_to_snowflake.py
[2026-07-15T12:26:38.667+0000] {processor.py:840} INFO - DAG(s) 'minio_to_snowflake_banking' retrieved from /opt/airflow/dags/minio_to_snowflake.py
[2026-07-15T12:26:38.699+0000] {logging_mixin.py:188} INFO - [2026-07-15T12:26:38.698+0000] {dag.py:3089} INFO - Sync 1 DAGs
[2026-07-15T12:26:38.725+0000] {logging_mixin.py:188} INFO - [2026-07-15T12:26:38.724+0000] {dag.py:3947} INFO - Setting next_dagrun for minio_to_snowflake_banking to 2026-07-15 12:25:00+00:00, run_after=2026-07-15 12:26:00+00:00
[2026-07-15T12:26:38.747+0000] {processor.py:183} INFO - Processing /opt/airflow/dags/minio_to_snowflake.py took 0.908 seconds
[2026-07-15T12:27:09.000+0000] {processor.py:161} INFO - Started process (PID=461) to work on /opt/airflow/dags/minio_to_snowflake.py
[2026-07-15T12:27:09.002+0000] {processor.py:830} INFO - Processing file /opt/airflow/dags/minio_to_snowflake.py for tasks to queue
[2026-07-15T12:27:09.004+0000] {logging_mixin.py:188} INFO - [2026-07-15T12:27:09.003+0000] {dagbag.py:545} INFO - Filling up the DagBag from /opt/airflow/dags/minio_to_snowflake.py
[2026-07-15T12:27:09.752+0000] {processor.py:840} INFO - DAG(s) 'minio_to_snowflake_banking' retrieved from /opt/airflow/dags/minio_to_snowflake.py
[2026-07-15T12:27:09.781+0000] {logging_mixin.py:188} INFO - [2026-07-15T12:27:09.781+0000] {dag.py:3089} INFO - Sync 1 DAGs
[2026-07-15T12:27:09.803+0000] {logging_mixin.py:188} INFO - [2026-07-15T12:27:09.802+0000] {dag.py:3947} INFO - Setting next_dagrun for minio_to_snowflake_banking to 2026-07-15 12:26:00+00:00, run_after=2026-07-15 12:27:00+00:00
[2026-07-15T12:27:09.825+0000] {processor.py:183} INFO - Processing /opt/airflow/dags/minio_to_snowflake.py took 0.833 seconds
[2026-07-15T12:27:39.983+0000] {processor.py:161} INFO - Started process (PID=465) to work on /opt/airflow/dags/minio_to_snowflake.py
[2026-07-15T12:27:39.984+0000] {processor.py:830} INFO - Processing file /opt/airflow/dags/minio_to_snowflake.py for tasks to queue
[2026-07-15T12:27:39.987+0000] {logging_mixin.py:188} INFO - [2026-07-15T12:27:39.986+0000] {dagbag.py:545} INFO - Filling up the DagBag from /opt/airflow/dags/minio_to_snowflake.py
[2026-07-15T12:27:40.765+0000] {processor.py:840} INFO - DAG(s) 'minio_to_snowflake_banking' retrieved from /opt/airflow/dags/minio_to_snowflake.py
[2026-07-15T12:27:40.795+0000] {logging_mixin.py:188} INFO - [2026-07-15T12:27:40.795+0000] {dag.py:3089} INFO - Sync 1 DAGs
[2026-07-15T12:27:40.817+0000] {logging_mixin.py:188} INFO - [2026-07-15T12:27:40.817+0000] {dag.py:3947} INFO - Setting next_dagrun for minio_to_snowflake_banking to 2026-07-15 12:26:00+00:00, run_after=2026-07-15 12:27:00+00:00
[2026-07-15T12:27:40.838+0000] {processor.py:183} INFO - Processing /opt/airflow/dags/minio_to_snowflake.py took 0.862 seconds
[2026-07-15T12:28:11.133+0000] {processor.py:161} INFO - Started process (PID=469) to work on /opt/airflow/dags/minio_to_snowflake.py
[2026-07-15T12:28:11.134+0000] {processor.py:830} INFO - Processing file /opt/airflow/dags/minio_to_snowflake.py for tasks to queue
[2026-07-15T12:28:11.137+0000] {logging_mixin.py:188} INFO - [2026-07-15T12:28:11.137+0000] {dagbag.py:545} INFO - Filling up the DagBag from /opt/airflow/dags/minio_to_snowflake.py
[2026-07-15T12:28:12.014+0000] {processor.py:840} INFO - DAG(s) 'minio_to_snowflake_banking' retrieved from /opt/airflow/dags/minio_to_snowflake.py
[2026-07-15T12:28:12.061+0000] {logging_mixin.py:188} INFO - [2026-07-15T12:28:12.061+0000] {dag.py:3089} INFO - Sync 1 DAGs
[2026-07-15T12:28:12.088+0000] {logging_mixin.py:188} INFO - [2026-07-15T12:28:12.087+0000] {dag.py:3947} INFO - Setting next_dagrun for minio_to_snowflake_banking to 2026-07-15 12:27:00+00:00, run_after=2026-07-15 12:28:00+00:00
[2026-07-15T12:28:12.111+0000] {processor.py:183} INFO - Processing /opt/airflow/dags/minio_to_snowflake.py took 0.986 seconds
[2026-07-15T12:28:42.383+0000] {processor.py:161} INFO - Started process (PID=473) to work on /opt/airflow/dags/minio_to_snowflake.py
[2026-07-15T12:28:42.384+0000] {processor.py:830} INFO - Processing file /opt/airflow/dags/minio_to_snowflake.py for tasks to queue
[2026-07-15T12:28:42.387+0000] {logging_mixin.py:188} INFO - [2026-07-15T12:28:42.386+0000] {dagbag.py:545} INFO - Filling up the DagBag from /opt/airflow/dags/minio_to_snowflake.py
[2026-07-15T12:28:43.160+0000] {processor.py:840} INFO - DAG(s) 'minio_to_snowflake_banking' retrieved from /opt/airflow/dags/minio_to_snowflake.py
[2026-07-15T12:28:43.191+0000] {logging_mixin.py:188} INFO - [2026-07-15T12:28:43.190+0000] {dag.py:3089} INFO - Sync 1 DAGs
[2026-07-15T12:28:43.222+0000] {logging_mixin.py:188} INFO - [2026-07-15T12:28:43.222+0000] {dag.py:3947} INFO - Setting next_dagrun for minio_to_snowflake_banking to 2026-07-15 12:27:00+00:00, run_after=2026-07-15 12:28:00+00:00
[2026-07-15T12:28:43.252+0000] {processor.py:183} INFO - Processing /opt/airflow/dags/minio_to_snowflake.py took 0.876 seconds
[2026-07-15T12:29:13.520+0000] {processor.py:161} INFO - Started process (PID=477) to work on /opt/airflow/dags/minio_to_snowflake.py
[2026-07-15T12:29:13.522+0000] {processor.py:830} INFO - Processing file /opt/airflow/dags/minio_to_snowflake.py for tasks to queue
[2026-07-15T12:29:13.528+0000] {logging_mixin.py:188} INFO - [2026-07-15T12:29:13.528+0000] {dagbag.py:545} INFO - Filling up the DagBag from /opt/airflow/dags/minio_to_snowflake.py
[2026-07-15T12:29:14.335+0000] {processor.py:840} INFO - DAG(s) 'minio_to_snowflake_banking' retrieved from /opt/airflow/dags/minio_to_snowflake.py
[2026-07-15T12:29:14.362+0000] {logging_mixin.py:188} INFO - [2026-07-15T12:29:14.361+0000] {dag.py:3089} INFO - Sync 1 DAGs
[2026-07-15T12:29:14.384+0000] {logging_mixin.py:188} INFO - [2026-07-15T12:29:14.384+0000] {dag.py:3947} INFO - Setting next_dagrun for minio_to_snowflake_banking to 2026-07-15 12:28:00+00:00, run_after=2026-07-15 12:29:00+00:00
[2026-07-15T12:29:14.405+0000] {processor.py:183} INFO - Processing /opt/airflow/dags/minio_to_snowflake.py took 0.893 seconds
[2026-07-15T12:29:44.706+0000] {processor.py:161} INFO - Started process (PID=481) to work on /opt/airflow/dags/minio_to_snowflake.py
[2026-07-15T12:29:44.707+0000] {processor.py:830} INFO - Processing file /opt/airflow/dags/minio_to_snowflake.py for tasks to queue
[2026-07-15T12:29:44.710+0000] {logging_mixin.py:188} INFO - [2026-07-15T12:29:44.710+0000] {dagbag.py:545} INFO - Filling up the DagBag from /opt/airflow/dags/minio_to_snowflake.py
[2026-07-15T12:29:45.455+0000] {processor.py:840} INFO - DAG(s) 'minio_to_snowflake_banking' retrieved from /opt/airflow/dags/minio_to_snowflake.py
[2026-07-15T12:29:45.487+0000] {logging_mixin.py:188} INFO - [2026-07-15T12:29:45.486+0000] {dag.py:3089} INFO - Sync 1 DAGs
[2026-07-15T12:29:45.514+0000] {logging_mixin.py:188} INFO - [2026-07-15T12:29:45.513+0000] {dag.py:3947} INFO - Setting next_dagrun for minio_to_snowflake_banking to 2026-07-15 12:28:00+00:00, run_after=2026-07-15 12:29:00+00:00
[2026-07-15T12:29:45.541+0000] {processor.py:183} INFO - Processing /opt/airflow/dags/minio_to_snowflake.py took 0.843 seconds
[2026-07-15T12:30:15.795+0000] {processor.py:161} INFO - Started process (PID=485) to work on /opt/airflow/dags/minio_to_snowflake.py
[2026-07-15T12:30:15.796+0000] {processor.py:830} INFO - Processing file /opt/airflow/dags/minio_to_snowflake.py for tasks to queue
[2026-07-15T12:30:15.798+0000] {logging_mixin.py:188} INFO - [2026-07-15T12:30:15.798+0000] {dagbag.py:545} INFO - Filling up the DagBag from /opt/airflow/dags/minio_to_snowflake.py
[2026-07-15T12:30:16.567+0000] {processor.py:840} INFO - DAG(s) 'minio_to_snowflake_banking' retrieved from /opt/airflow/dags/minio_to_snowflake.py
[2026-07-15T12:30:16.611+0000] {logging_mixin.py:188} INFO - [2026-07-15T12:30:16.610+0000] {dag.py:3089} INFO - Sync 1 DAGs
[2026-07-15T12:30:16.658+0000] {logging_mixin.py:188} INFO - [2026-07-15T12:30:16.658+0000] {dag.py:3947} INFO - Setting next_dagrun for minio_to_snowflake_banking to 2026-07-15 12:29:00+00:00, run_after=2026-07-15 12:30:00+00:00
[2026-07-15T12:30:16.698+0000] {processor.py:183} INFO - Processing /opt/airflow/dags/minio_to_snowflake.py took 0.912 seconds
[2026-07-15T12:30:47.032+0000] {processor.py:161} INFO - Started process (PID=489) to work on /opt/airflow/dags/minio_to_snowflake.py
[2026-07-15T12:30:47.034+0000] {processor.py:830} INFO - Processing file /opt/airflow/dags/minio_to_snowflake.py for tasks to queue
[2026-07-15T12:30:47.037+0000] {logging_mixin.py:188} INFO - [2026-07-15T12:30:47.036+0000] {dagbag.py:545} INFO - Filling up the DagBag from /opt/airflow/dags/minio_to_snowflake.py
[2026-07-15T12:30:47.849+0000] {processor.py:840} INFO - DAG(s) 'minio_to_snowflake_banking' retrieved from /opt/airflow/dags/minio_to_snowflake.py
[2026-07-15T12:30:47.878+0000] {logging_mixin.py:188} INFO - [2026-07-15T12:30:47.877+0000] {dag.py:3089} INFO - Sync 1 DAGs
[2026-07-15T12:30:47.899+0000] {logging_mixin.py:188} INFO - [2026-07-15T12:30:47.899+0000] {dag.py:3947} INFO - Setting next_dagrun for minio_to_snowflake_banking to 2026-07-15 12:29:00+00:00, run_after=2026-07-15 12:30:00+00:00
[2026-07-15T12:30:47.918+0000] {processor.py:183} INFO - Processing /opt/airflow/dags/minio_to_snowflake.py took 0.895 seconds
[2026-07-15T12:31:18.240+0000] {processor.py:161} INFO - Started process (PID=493) to work on /opt/airflow/dags/minio_to_snowflake.py
[2026-07-15T12:31:18.242+0000] {processor.py:830} INFO - Processing file /opt/airflow/dags/minio_to_snowflake.py for tasks to queue
[2026-07-15T12:31:18.244+0000] {logging_mixin.py:188} INFO - [2026-07-15T12:31:18.244+0000] {dagbag.py:545} INFO - Filling up the DagBag from /opt/airflow/dags/minio_to_snowflake.py
[2026-07-15T12:31:19.090+0000] {processor.py:840} INFO - DAG(s) 'minio_to_snowflake_banking' retrieved from /opt/airflow/dags/minio_to_snowflake.py
[2026-07-15T12:31:19.118+0000] {logging_mixin.py:188} INFO - [2026-07-15T12:31:19.118+0000] {dag.py:3089} INFO - Sync 1 DAGs
[2026-07-15T12:31:19.139+0000] {logging_mixin.py:188} INFO - [2026-07-15T12:31:19.139+0000] {dag.py:3947} INFO - Setting next_dagrun for minio_to_snowflake_banking to 2026-07-15 12:30:00+00:00, run_after=2026-07-15 12:31:00+00:00
[2026-07-15T12:31:19.159+0000] {processor.py:183} INFO - Processing /opt/airflow/dags/minio_to_snowflake.py took 0.925 seconds
[2026-07-15T12:31:49.432+0000] {processor.py:161} INFO - Started process (PID=497) to work on /opt/airflow/dags/minio_to_snowflake.py
[2026-07-15T12:31:49.434+0000] {processor.py:830} INFO - Processing file /opt/airflow/dags/minio_to_snowflake.py for tasks to queue
[2026-07-15T12:31:49.436+0000] {logging_mixin.py:188} INFO - [2026-07-15T12:31:49.436+0000] {dagbag.py:545} INFO - Filling up the DagBag from /opt/airflow/dags/minio_to_snowflake.py
[2026-07-15T12:31:50.178+0000] {processor.py:840} INFO - DAG(s) 'minio_to_snowflake_banking' retrieved from /opt/airflow/dags/minio_to_snowflake.py
[2026-07-15T12:31:50.215+0000] {logging_mixin.py:188} INFO - [2026-07-15T12:31:50.214+0000] {dag.py:3089} INFO - Sync 1 DAGs
[2026-07-15T12:31:50.245+0000] {logging_mixin.py:188} INFO - [2026-07-15T12:31:50.245+0000] {dag.py:3947} INFO - Setting next_dagrun for minio_to_snowflake_banking to 2026-07-15 12:30:00+00:00, run_after=2026-07-15 12:31:00+00:00
[2026-07-15T12:31:50.275+0000] {processor.py:183} INFO - Processing /opt/airflow/dags/minio_to_snowflake.py took 0.850 seconds
[2026-07-15T12:32:20.590+0000] {processor.py:161} INFO - Started process (PID=501) to work on /opt/airflow/dags/minio_to_snowflake.py
[2026-07-15T12:32:20.592+0000] {processor.py:830} INFO - Processing file /opt/airflow/dags/minio_to_snowflake.py for tasks to queue
[2026-07-15T12:32:20.595+0000] {logging_mixin.py:188} INFO - [2026-07-15T12:32:20.595+0000] {dagbag.py:545} INFO - Filling up the DagBag from /opt/airflow/dags/minio_to_snowflake.py
[2026-07-15T12:32:21.366+0000] {processor.py:840} INFO - DAG(s) 'minio_to_snowflake_banking' retrieved from /opt/airflow/dags/minio_to_snowflake.py
[2026-07-15T12:32:21.393+0000] {logging_mixin.py:188} INFO - [2026-07-15T12:32:21.393+0000] {dag.py:3089} INFO - Sync 1 DAGs
[2026-07-15T12:32:21.416+0000] {logging_mixin.py:188} INFO - [2026-07-15T12:32:21.416+0000] {dag.py:3947} INFO - Setting next_dagrun for minio_to_snowflake_banking to 2026-07-15 12:31:00+00:00, run_after=2026-07-15 12:32:00+00:00
[2026-07-15T12:32:21.438+0000] {processor.py:183} INFO - Processing /opt/airflow/dags/minio_to_snowflake.py took 0.859 seconds
[2026-07-15T12:32:51.711+0000] {processor.py:161} INFO - Started process (PID=505) to work on /opt/airflow/dags/minio_to_snowflake.py
[2026-07-15T12:32:51.713+0000] {processor.py:830} INFO - Processing file /opt/airflow/dags/minio_to_snowflake.py for tasks to queue
[2026-07-15T12:32:51.716+0000] {logging_mixin.py:188} INFO - [2026-07-15T12:32:51.716+0000] {dagbag.py:545} INFO - Filling up the DagBag from /opt/airflow/dags/minio_to_snowflake.py
[2026-07-15T12:32:52.515+0000] {processor.py:840} INFO - DAG(s) 'minio_to_snowflake_banking' retrieved from /opt/airflow/dags/minio_to_snowflake.py
[2026-07-15T12:32:52.545+0000] {logging_mixin.py:188} INFO - [2026-07-15T12:32:52.544+0000] {dag.py:3089} INFO - Sync 1 DAGs
[2026-07-15T12:32:52.565+0000] {logging_mixin.py:188} INFO - [2026-07-15T12:32:52.565+0000] {dag.py:3947} INFO - Setting next_dagrun for minio_to_snowflake_banking to 2026-07-15 12:31:00+00:00, run_after=2026-07-15 12:32:00+00:00
[2026-07-15T12:32:52.585+0000] {processor.py:183} INFO - Processing /opt/airflow/dags/minio_to_snowflake.py took 0.881 seconds
[2026-07-15T12:33:22.830+0000] {processor.py:161} INFO - Started process (PID=509) to work on /opt/airflow/dags/minio_to_snowflake.py
[2026-07-15T12:33:22.831+0000] {processor.py:830} INFO - Processing file /opt/airflow/dags/minio_to_snowflake.py for tasks to queue
[2026-07-15T12:33:22.833+0000] {logging_mixin.py:188} INFO - [2026-07-15T12:33:22.833+0000] {dagbag.py:545} INFO - Filling up the DagBag from /opt/airflow/dags/minio_to_snowflake.py
[2026-07-15T12:33:23.604+0000] {processor.py:840} INFO - DAG(s) 'minio_to_snowflake_banking' retrieved from /opt/airflow/dags/minio_to_snowflake.py
[2026-07-15T12:33:23.633+0000] {logging_mixin.py:188} INFO - [2026-07-15T12:33:23.632+0000] {dag.py:3089} INFO - Sync 1 DAGs
[2026-07-15T12:33:23.656+0000] {logging_mixin.py:188} INFO - [2026-07-15T12:33:23.656+0000] {dag.py:3947} INFO - Setting next_dagrun for minio_to_snowflake_banking to 2026-07-15 12:32:00+00:00, run_after=2026-07-15 12:33:00+00:00
[2026-07-15T12:33:23.677+0000] {processor.py:183} INFO - Processing /opt/airflow/dags/minio_to_snowflake.py took 0.856 seconds
[2026-07-15T12:33:53.970+0000] {processor.py:161} INFO - Started process (PID=513) to work on /opt/airflow/dags/minio_to_snowflake.py
[2026-07-15T12:33:53.971+0000] {processor.py:830} INFO - Processing file /opt/airflow/dags/minio_to_snowflake.py for tasks to queue
[2026-07-15T12:33:53.974+0000] {logging_mixin.py:188} INFO - [2026-07-15T12:33:53.973+0000] {dagbag.py:545} INFO - Filling up the DagBag from /opt/airflow/dags/minio_to_snowflake.py
[2026-07-15T12:33:54.764+0000] {processor.py:840} INFO - DAG(s) 'minio_to_snowflake_banking' retrieved from /opt/airflow/dags/minio_to_snowflake.py
[2026-07-15T12:33:54.794+0000] {logging_mixin.py:188} INFO - [2026-07-15T12:33:54.794+0000] {dag.py:3089} INFO - Sync 1 DAGs
[2026-07-15T12:33:54.815+0000] {logging_mixin.py:188} INFO - [2026-07-15T12:33:54.815+0000] {dag.py:3947} INFO - Setting next_dagrun for minio_to_snowflake_banking to 2026-07-15 12:32:00+00:00, run_after=2026-07-15 12:33:00+00:00
[2026-07-15T12:33:54.835+0000] {processor.py:183} INFO - Processing /opt/airflow/dags/minio_to_snowflake.py took 0.872 seconds
[2026-07-15T12:34:25.077+0000] {processor.py:161} INFO - Started process (PID=517) to work on /opt/airflow/dags/minio_to_snowflake.py
[2026-07-15T12:34:25.079+0000] {processor.py:830} INFO - Processing file /opt/airflow/dags/minio_to_snowflake.py for tasks to queue
[2026-07-15T12:34:25.081+0000] {logging_mixin.py:188} INFO - [2026-07-15T12:34:25.080+0000] {dagbag.py:545} INFO - Filling up the DagBag from /opt/airflow/dags/minio_to_snowflake.py
[2026-07-15T12:34:25.852+0000] {processor.py:840} INFO - DAG(s) 'minio_to_snowflake_banking' retrieved from /opt/airflow/dags/minio_to_snowflake.py
[2026-07-15T12:34:25.880+0000] {logging_mixin.py:188} INFO - [2026-07-15T12:34:25.879+0000] {dag.py:3089} INFO - Sync 1 DAGs
[2026-07-15T12:34:25.902+0000] {logging_mixin.py:188} INFO - [2026-07-15T12:34:25.902+0000] {dag.py:3947} INFO - Setting next_dagrun for minio_to_snowflake_banking to 2026-07-15 12:33:00+00:00, run_after=2026-07-15 12:34:00+00:00
[2026-07-15T12:34:25.922+0000] {processor.py:183} INFO - Processing /opt/airflow/dags/minio_to_snowflake.py took 0.852 seconds
[2026-07-15T12:34:56.179+0000] {processor.py:161} INFO - Started process (PID=521) to work on /opt/airflow/dags/minio_to_snowflake.py
[2026-07-15T12:34:56.180+0000] {processor.py:830} INFO - Processing file /opt/airflow/dags/minio_to_snowflake.py for tasks to queue
[2026-07-15T12:34:56.183+0000] {logging_mixin.py:188} INFO - [2026-07-15T12:34:56.182+0000] {dagbag.py:545} INFO - Filling up the DagBag from /opt/airflow/dags/minio_to_snowflake.py
[2026-07-15T12:34:57.079+0000] {processor.py:840} INFO - DAG(s) 'minio_to_snowflake_banking' retrieved from /opt/airflow/dags/minio_to_snowflake.py
[2026-07-15T12:34:57.111+0000] {logging_mixin.py:188} INFO - [2026-07-15T12:34:57.110+0000] {dag.py:3089} INFO - Sync 1 DAGs
[2026-07-15T12:34:57.134+0000] {logging_mixin.py:188} INFO - [2026-07-15T12:34:57.134+0000] {dag.py:3947} INFO - Setting next_dagrun for minio_to_snowflake_banking to 2026-07-15 12:33:00+00:00, run_after=2026-07-15 12:34:00+00:00
[2026-07-15T12:34:57.151+0000] {processor.py:183} INFO - Processing /opt/airflow/dags/minio_to_snowflake.py took 0.980 seconds
[2026-07-15T12:35:27.450+0000] {processor.py:161} INFO - Started process (PID=525) to work on /opt/airflow/dags/minio_to_snowflake.py
[2026-07-15T12:35:27.451+0000] {processor.py:830} INFO - Processing file /opt/airflow/dags/minio_to_snowflake.py for tasks to queue
[2026-07-15T12:35:27.455+0000] {logging_mixin.py:188} INFO - [2026-07-15T12:35:27.455+0000] {dagbag.py:545} INFO - Filling up the DagBag from /opt/airflow/dags/minio_to_snowflake.py
[2026-07-15T12:35:28.313+0000] {processor.py:840} INFO - DAG(s) 'minio_to_snowflake_banking' retrieved from /opt/airflow/dags/minio_to_snowflake.py
[2026-07-15T12:35:28.343+0000] {logging_mixin.py:188} INFO - [2026-07-15T12:35:28.342+0000] {dag.py:3089} INFO - Sync 1 DAGs
[2026-07-15T12:35:28.365+0000] {logging_mixin.py:188} INFO - [2026-07-15T12:35:28.364+0000] {dag.py:3947} INFO - Setting next_dagrun for minio_to_snowflake_banking to 2026-07-15 12:34:00+00:00, run_after=2026-07-15 12:35:00+00:00
[2026-07-15T12:35:28.386+0000] {processor.py:183} INFO - Processing /opt/airflow/dags/minio_to_snowflake.py took 0.949 seconds
[2026-07-15T12:35:58.679+0000] {processor.py:161} INFO - Started process (PID=529) to work on /opt/airflow/dags/minio_to_snowflake.py
[2026-07-15T12:35:58.680+0000] {processor.py:830} INFO - Processing file /opt/airflow/dags/minio_to_snowflake.py for tasks to queue
[2026-07-15T12:35:58.682+0000] {logging_mixin.py:188} INFO - [2026-07-15T12:35:58.682+0000] {dagbag.py:545} INFO - Filling up the DagBag from /opt/airflow/dags/minio_to_snowflake.py
[2026-07-15T12:35:59.663+0000] {processor.py:840} INFO - DAG(s) 'minio_to_snowflake_banking' retrieved from /opt/airflow/dags/minio_to_snowflake.py
[2026-07-15T12:35:59.700+0000] {logging_mixin.py:188} INFO - [2026-07-15T12:35:59.700+0000] {dag.py:3089} INFO - Sync 1 DAGs
[2026-07-15T12:35:59.723+0000] {logging_mixin.py:188} INFO - [2026-07-15T12:35:59.723+0000] {dag.py:3947} INFO - Setting next_dagrun for minio_to_snowflake_banking to 2026-07-15 12:34:00+00:00, run_after=2026-07-15 12:35:00+00:00
[2026-07-15T12:35:59.740+0000] {processor.py:183} INFO - Processing /opt/airflow/dags/minio_to_snowflake.py took 1.069 seconds
[2026-07-15T12:36:29.915+0000] {processor.py:161} INFO - Started process (PID=533) to work on /opt/airflow/dags/minio_to_snowflake.py
[2026-07-15T12:36:29.917+0000] {processor.py:830} INFO - Processing file /opt/airflow/dags/minio_to_snowflake.py for tasks to queue
[2026-07-15T12:36:29.920+0000] {logging_mixin.py:188} INFO - [2026-07-15T12:36:29.920+0000] {dagbag.py:545} INFO - Filling up the DagBag from /opt/airflow/dags/minio_to_snowflake.py
[2026-07-15T12:36:30.709+0000] {processor.py:840} INFO - DAG(s) 'minio_to_snowflake_banking' retrieved from /opt/airflow/dags/minio_to_snowflake.py
[2026-07-15T12:36:30.737+0000] {logging_mixin.py:188} INFO - [2026-07-15T12:36:30.737+0000] {dag.py:3089} INFO - Sync 1 DAGs
[2026-07-15T12:36:30.760+0000] {logging_mixin.py:188} INFO - [2026-07-15T12:36:30.760+0000] {dag.py:3947} INFO - Setting next_dagrun for minio_to_snowflake_banking to 2026-07-15 12:35:00+00:00, run_after=2026-07-15 12:36:00+00:00
[2026-07-15T12:36:30.783+0000] {processor.py:183} INFO - Processing /opt/airflow/dags/minio_to_snowflake.py took 0.875 seconds
[2026-07-15T12:37:01.047+0000] {processor.py:161} INFO - Started process (PID=537) to work on /opt/airflow/dags/minio_to_snowflake.py
[2026-07-15T12:37:01.048+0000] {processor.py:830} INFO - Processing file /opt/airflow/dags/minio_to_snowflake.py for tasks to queue
[2026-07-15T12:37:01.051+0000] {logging_mixin.py:188} INFO - [2026-07-15T12:37:01.050+0000] {dagbag.py:545} INFO - Filling up the DagBag from /opt/airflow/dags/minio_to_snowflake.py
[2026-07-15T12:37:01.801+0000] {processor.py:840} INFO - DAG(s) 'minio_to_snowflake_banking' retrieved from /opt/airflow/dags/minio_to_snowflake.py
[2026-07-15T12:37:01.836+0000] {logging_mixin.py:188} INFO - [2026-07-15T12:37:01.835+0000] {dag.py:3089} INFO - Sync 1 DAGs
[2026-07-15T12:37:01.862+0000] {logging_mixin.py:188} INFO - [2026-07-15T12:37:01.862+0000] {dag.py:3947} INFO - Setting next_dagrun for minio_to_snowflake_banking to 2026-07-15 12:36:00+00:00, run_after=2026-07-15 12:37:00+00:00
[2026-07-15T12:37:01.893+0000] {processor.py:183} INFO - Processing /opt/airflow/dags/minio_to_snowflake.py took 0.854 seconds
[2026-07-15T12:37:32.154+0000] {processor.py:161} INFO - Started process (PID=541) to work on /opt/airflow/dags/minio_to_snowflake.py
[2026-07-15T12:37:32.156+0000] {processor.py:830} INFO - Processing file /opt/airflow/dags/minio_to_snowflake.py for tasks to queue
[2026-07-15T12:37:32.160+0000] {logging_mixin.py:188} INFO - [2026-07-15T12:37:32.159+0000] {dagbag.py:545} INFO - Filling up the DagBag from /opt/airflow/dags/minio_to_snowflake.py
[2026-07-15T12:37:33.020+0000] {processor.py:840} INFO - DAG(s) 'minio_to_snowflake_banking' retrieved from /opt/airflow/dags/minio_to_snowflake.py
[2026-07-15T12:37:33.050+0000] {logging_mixin.py:188} INFO - [2026-07-15T12:37:33.049+0000] {dag.py:3089} INFO - Sync 1 DAGs
[2026-07-15T12:37:33.072+0000] {logging_mixin.py:188} INFO - [2026-07-15T12:37:33.071+0000] {dag.py:3947} INFO - Setting next_dagrun for minio_to_snowflake_banking to 2026-07-15 12:36:00+00:00, run_after=2026-07-15 12:37:00+00:00
[2026-07-15T12:37:33.092+0000] {processor.py:183} INFO - Processing /opt/airflow/dags/minio_to_snowflake.py took 0.947 seconds
[2026-07-15T12:38:03.357+0000] {processor.py:161} INFO - Started process (PID=545) to work on /opt/airflow/dags/minio_to_snowflake.py
[2026-07-15T12:38:03.358+0000] {processor.py:830} INFO - Processing file /opt/airflow/dags/minio_to_snowflake.py for tasks to queue
[2026-07-15T12:38:03.360+0000] {logging_mixin.py:188} INFO - [2026-07-15T12:38:03.360+0000] {dagbag.py:545} INFO - Filling up the DagBag from /opt/airflow/dags/minio_to_snowflake.py
[2026-07-15T12:38:04.135+0000] {processor.py:840} INFO - DAG(s) 'minio_to_snowflake_banking' retrieved from /opt/airflow/dags/minio_to_snowflake.py
[2026-07-15T12:38:04.163+0000] {logging_mixin.py:188} INFO - [2026-07-15T12:38:04.163+0000] {dag.py:3089} INFO - Sync 1 DAGs
[2026-07-15T12:38:04.186+0000] {logging_mixin.py:188} INFO - [2026-07-15T12:38:04.186+0000] {dag.py:3947} INFO - Setting next_dagrun for minio_to_snowflake_banking to 2026-07-15 12:37:00+00:00, run_after=2026-07-15 12:38:00+00:00
[2026-07-15T12:38:04.204+0000] {processor.py:183} INFO - Processing /opt/airflow/dags/minio_to_snowflake.py took 0.856 seconds
[2026-07-15T12:38:34.463+0000] {processor.py:161} INFO - Started process (PID=549) to work on /opt/airflow/dags/minio_to_snowflake.py
[2026-07-15T12:38:34.465+0000] {processor.py:830} INFO - Processing file /opt/airflow/dags/minio_to_snowflake.py for tasks to queue
[2026-07-15T12:38:34.467+0000] {logging_mixin.py:188} INFO - [2026-07-15T12:38:34.467+0000] {dagbag.py:545} INFO - Filling up the DagBag from /opt/airflow/dags/minio_to_snowflake.py
[2026-07-15T12:38:35.242+0000] {processor.py:840} INFO - DAG(s) 'minio_to_snowflake_banking' retrieved from /opt/airflow/dags/minio_to_snowflake.py
[2026-07-15T12:38:35.278+0000] {logging_mixin.py:188} INFO - [2026-07-15T12:38:35.277+0000] {dag.py:3089} INFO - Sync 1 DAGs
[2026-07-15T12:38:35.306+0000] {logging_mixin.py:188} INFO - [2026-07-15T12:38:35.305+0000] {dag.py:3947} INFO - Setting next_dagrun for minio_to_snowflake_banking to 2026-07-15 12:37:00+00:00, run_after=2026-07-15 12:38:00+00:00
[2026-07-15T12:38:35.329+0000] {processor.py:183} INFO - Processing /opt/airflow/dags/minio_to_snowflake.py took 0.873 seconds
[2026-07-15T12:39:05.616+0000] {processor.py:161} INFO - Started process (PID=553) to work on /opt/airflow/dags/minio_to_snowflake.py
[2026-07-15T12:39:05.618+0000] {processor.py:830} INFO - Processing file /opt/airflow/dags/minio_to_snowflake.py for tasks to queue
[2026-07-15T12:39:05.621+0000] {logging_mixin.py:188} INFO - [2026-07-15T12:39:05.620+0000] {dagbag.py:545} INFO - Filling up the DagBag from /opt/airflow/dags/minio_to_snowflake.py
[2026-07-15T12:39:06.366+0000] {processor.py:840} INFO - DAG(s) 'minio_to_snowflake_banking' retrieved from /opt/airflow/dags/minio_to_snowflake.py
[2026-07-15T12:39:06.394+0000] {logging_mixin.py:188} INFO - [2026-07-15T12:39:06.394+0000] {dag.py:3089} INFO - Sync 1 DAGs
[2026-07-15T12:39:06.416+0000] {logging_mixin.py:188} INFO - [2026-07-15T12:39:06.416+0000] {dag.py:3947} INFO - Setting next_dagrun for minio_to_snowflake_banking to 2026-07-15 12:38:00+00:00, run_after=2026-07-15 12:39:00+00:00
[2026-07-15T12:39:06.438+0000] {processor.py:183} INFO - Processing /opt/airflow/dags/minio_to_snowflake.py took 0.832 seconds
[2026-07-15T12:39:36.697+0000] {processor.py:161} INFO - Started process (PID=557) to work on /opt/airflow/dags/minio_to_snowflake.py
[2026-07-15T12:39:36.701+0000] {processor.py:830} INFO - Processing file /opt/airflow/dags/minio_to_snowflake.py for tasks to queue
[2026-07-15T12:39:36.705+0000] {logging_mixin.py:188} INFO - [2026-07-15T12:39:36.704+0000] {dagbag.py:545} INFO - Filling up the DagBag from /opt/airflow/dags/minio_to_snowflake.py
[2026-07-15T12:39:37.563+0000] {processor.py:840} INFO - DAG(s) 'minio_to_snowflake_banking' retrieved from /opt/airflow/dags/minio_to_snowflake.py
[2026-07-15T12:39:37.594+0000] {logging_mixin.py:188} INFO - [2026-07-15T12:39:37.593+0000] {dag.py:3089} INFO - Sync 1 DAGs
[2026-07-15T12:39:37.616+0000] {logging_mixin.py:188} INFO - [2026-07-15T12:39:37.615+0000] {dag.py:3947} INFO - Setting next_dagrun for minio_to_snowflake_banking to 2026-07-15 12:38:00+00:00, run_after=2026-07-15 12:39:00+00:00
[2026-07-15T12:39:37.635+0000] {processor.py:183} INFO - Processing /opt/airflow/dags/minio_to_snowflake.py took 0.952 seconds
[2026-07-15T12:40:07.920+0000] {processor.py:161} INFO - Started process (PID=561) to work on /opt/airflow/dags/minio_to_snowflake.py
[2026-07-15T12:40:07.922+0000] {processor.py:830} INFO - Processing file /opt/airflow/dags/minio_to_snowflake.py for tasks to queue
[2026-07-15T12:40:07.925+0000] {logging_mixin.py:188} INFO - [2026-07-15T12:40:07.924+0000] {dagbag.py:545} INFO - Filling up the DagBag from /opt/airflow/dags/minio_to_snowflake.py
[2026-07-15T12:40:08.743+0000] {processor.py:840} INFO - DAG(s) 'minio_to_snowflake_banking' retrieved from /opt/airflow/dags/minio_to_snowflake.py
[2026-07-15T12:40:08.772+0000] {logging_mixin.py:188} INFO - [2026-07-15T12:40:08.772+0000] {dag.py:3089} INFO - Sync 1 DAGs
[2026-07-15T12:40:08.795+0000] {logging_mixin.py:188} INFO - [2026-07-15T12:40:08.794+0000] {dag.py:3947} INFO - Setting next_dagrun for minio_to_snowflake_banking to 2026-07-15 12:39:00+00:00, run_after=2026-07-15 12:40:00+00:00
[2026-07-15T12:40:08.819+0000] {processor.py:183} INFO - Processing /opt/airflow/dags/minio_to_snowflake.py took 0.907 seconds
[2026-07-15T12:40:39.086+0000] {processor.py:161} INFO - Started process (PID=565) to work on /opt/airflow/dags/minio_to_snowflake.py
[2026-07-15T12:40:39.088+0000] {processor.py:830} INFO - Processing file /opt/airflow/dags/minio_to_snowflake.py for tasks to queue
[2026-07-15T12:40:39.091+0000] {logging_mixin.py:188} INFO - [2026-07-15T12:40:39.091+0000] {dagbag.py:545} INFO - Filling up the DagBag from /opt/airflow/dags/minio_to_snowflake.py
[2026-07-15T12:40:39.904+0000] {processor.py:840} INFO - DAG(s) 'minio_to_snowflake_banking' retrieved from /opt/airflow/dags/minio_to_snowflake.py
[2026-07-15T12:40:39.943+0000] {logging_mixin.py:188} INFO - [2026-07-15T12:40:39.942+0000] {dag.py:3089} INFO - Sync 1 DAGs
[2026-07-15T12:40:39.968+0000] {logging_mixin.py:188} INFO - [2026-07-15T12:40:39.968+0000] {dag.py:3947} INFO - Setting next_dagrun for minio_to_snowflake_banking to 2026-07-15 12:39:00+00:00, run_after=2026-07-15 12:40:00+00:00
[2026-07-15T12:40:39.991+0000] {processor.py:183} INFO - Processing /opt/airflow/dags/minio_to_snowflake.py took 0.912 seconds
[2026-07-15T12:41:10.246+0000] {processor.py:161} INFO - Started process (PID=569) to work on /opt/airflow/dags/minio_to_snowflake.py
[2026-07-15T12:41:10.248+0000] {processor.py:830} INFO - Processing file /opt/airflow/dags/minio_to_snowflake.py for tasks to queue
[2026-07-15T12:41:10.251+0000] {logging_mixin.py:188} INFO - [2026-07-15T12:41:10.250+0000] {dagbag.py:545} INFO - Filling up the DagBag from /opt/airflow/dags/minio_to_snowflake.py
[2026-07-15T12:41:10.990+0000] {processor.py:840} INFO - DAG(s) 'minio_to_snowflake_banking' retrieved from /opt/airflow/dags/minio_to_snowflake.py
[2026-07-15T12:41:11.019+0000] {logging_mixin.py:188} INFO - [2026-07-15T12:41:11.019+0000] {dag.py:3089} INFO - Sync 1 DAGs
[2026-07-15T12:41:11.040+0000] {logging_mixin.py:188} INFO - [2026-07-15T12:41:11.040+0000] {dag.py:3947} INFO - Setting next_dagrun for minio_to_snowflake_banking to 2026-07-15 12:40:00+00:00, run_after=2026-07-15 12:41:00+00:00
[2026-07-15T12:41:11.063+0000] {processor.py:183} INFO - Processing /opt/airflow/dags/minio_to_snowflake.py took 0.825 seconds
[2026-07-15T12:41:41.350+0000] {processor.py:161} INFO - Started process (PID=573) to work on /opt/airflow/dags/minio_to_snowflake.py
[2026-07-15T12:41:41.351+0000] {processor.py:830} INFO - Processing file /opt/airflow/dags/minio_to_snowflake.py for tasks to queue
[2026-07-15T12:41:41.354+0000] {logging_mixin.py:188} INFO - [2026-07-15T12:41:41.354+0000] {dagbag.py:545} INFO - Filling up the DagBag from /opt/airflow/dags/minio_to_snowflake.py
[2026-07-15T12:41:42.121+0000] {processor.py:840} INFO - DAG(s) 'minio_to_snowflake_banking' retrieved from /opt/airflow/dags/minio_to_snowflake.py
[2026-07-15T12:41:42.147+0000] {logging_mixin.py:188} INFO - [2026-07-15T12:41:42.147+0000] {dag.py:3089} INFO - Sync 1 DAGs
[2026-07-15T12:41:42.169+0000] {logging_mixin.py:188} INFO - [2026-07-15T12:41:42.169+0000] {dag.py:3947} INFO - Setting next_dagrun for minio_to_snowflake_banking to 2026-07-15 12:40:00+00:00, run_after=2026-07-15 12:41:00+00:00
[2026-07-15T12:41:42.190+0000] {processor.py:183} INFO - Processing /opt/airflow/dags/minio_to_snowflake.py took 0.848 seconds
[2026-07-15T12:42:12.511+0000] {processor.py:161} INFO - Started process (PID=577) to work on /opt/airflow/dags/minio_to_snowflake.py
[2026-07-15T12:42:12.513+0000] {processor.py:830} INFO - Processing file /opt/airflow/dags/minio_to_snowflake.py for tasks to queue
[2026-07-15T12:42:12.515+0000] {logging_mixin.py:188} INFO - [2026-07-15T12:42:12.515+0000] {dagbag.py:545} INFO - Filling up the DagBag from /opt/airflow/dags/minio_to_snowflake.py
[2026-07-15T12:42:13.267+0000] {processor.py:840} INFO - DAG(s) 'minio_to_snowflake_banking' retrieved from /opt/airflow/dags/minio_to_snowflake.py
[2026-07-15T12:42:13.301+0000] {logging_mixin.py:188} INFO - [2026-07-15T12:42:13.301+0000] {dag.py:3089} INFO - Sync 1 DAGs
[2026-07-15T12:42:13.323+0000] {logging_mixin.py:188} INFO - [2026-07-15T12:42:13.323+0000] {dag.py:3947} INFO - Setting next_dagrun for minio_to_snowflake_banking to 2026-07-15 12:41:00+00:00, run_after=2026-07-15 12:42:00+00:00
[2026-07-15T12:42:13.346+0000] {processor.py:183} INFO - Processing /opt/airflow/dags/minio_to_snowflake.py took 0.842 seconds
[2026-07-15T12:42:43.424+0000] {processor.py:161} INFO - Started process (PID=581) to work on /opt/airflow/dags/minio_to_snowflake.py
[2026-07-15T12:42:43.426+0000] {processor.py:830} INFO - Processing file /opt/airflow/dags/minio_to_snowflake.py for tasks to queue
[2026-07-15T12:42:43.428+0000] {logging_mixin.py:188} INFO - [2026-07-15T12:42:43.428+0000] {dagbag.py:545} INFO - Filling up the DagBag from /opt/airflow/dags/minio_to_snowflake.py
[2026-07-15T12:42:44.197+0000] {processor.py:840} INFO - DAG(s) 'minio_to_snowflake_banking' retrieved from /opt/airflow/dags/minio_to_snowflake.py
[2026-07-15T12:42:44.225+0000] {logging_mixin.py:188} INFO - [2026-07-15T12:42:44.224+0000] {dag.py:3089} INFO - Sync 1 DAGs
[2026-07-15T12:42:44.247+0000] {logging_mixin.py:188} INFO - [2026-07-15T12:42:44.246+0000] {dag.py:3947} INFO - Setting next_dagrun for minio_to_snowflake_banking to 2026-07-15 12:41:00+00:00, run_after=2026-07-15 12:42:00+00:00
[2026-07-15T12:42:44.268+0000] {processor.py:183} INFO - Processing /opt/airflow/dags/minio_to_snowflake.py took 0.855 seconds
[2026-07-15T12:43:14.582+0000] {processor.py:161} INFO - Started process (PID=585) to work on /opt/airflow/dags/minio_to_snowflake.py
[2026-07-15T12:43:14.583+0000] {processor.py:830} INFO - Processing file /opt/airflow/dags/minio_to_snowflake.py for tasks to queue
[2026-07-15T12:43:14.585+0000] {logging_mixin.py:188} INFO - [2026-07-15T12:43:14.585+0000] {dagbag.py:545} INFO - Filling up the DagBag from /opt/airflow/dags/minio_to_snowflake.py
[2026-07-15T12:43:15.390+0000] {processor.py:840} INFO - DAG(s) 'minio_to_snowflake_banking' retrieved from /opt/airflow/dags/minio_to_snowflake.py
[2026-07-15T12:43:15.419+0000] {logging_mixin.py:188} INFO - [2026-07-15T12:43:15.419+0000] {dag.py:3089} INFO - Sync 1 DAGs
[2026-07-15T12:43:15.441+0000] {logging_mixin.py:188} INFO - [2026-07-15T12:43:15.441+0000] {dag.py:3947} INFO - Setting next_dagrun for minio_to_snowflake_banking to 2026-07-15 12:42:00+00:00, run_after=2026-07-15 12:43:00+00:00
[2026-07-15T12:43:15.461+0000] {processor.py:183} INFO - Processing /opt/airflow/dags/minio_to_snowflake.py took 0.889 seconds
[2026-07-15T12:43:45.741+0000] {processor.py:161} INFO - Started process (PID=589) to work on /opt/airflow/dags/minio_to_snowflake.py
[2026-07-15T12:43:45.743+0000] {processor.py:830} INFO - Processing file /opt/airflow/dags/minio_to_snowflake.py for tasks to queue
[2026-07-15T12:43:45.746+0000] {logging_mixin.py:188} INFO - [2026-07-15T12:43:45.745+0000] {dagbag.py:545} INFO - Filling up the DagBag from /opt/airflow/dags/minio_to_snowflake.py
[2026-07-15T12:43:46.483+0000] {processor.py:840} INFO - DAG(s) 'minio_to_snowflake_banking' retrieved from /opt/airflow/dags/minio_to_snowflake.py
[2026-07-15T12:43:46.512+0000] {logging_mixin.py:188} INFO - [2026-07-15T12:43:46.511+0000] {dag.py:3089} INFO - Sync 1 DAGs
[2026-07-15T12:43:46.537+0000] {logging_mixin.py:188} INFO - [2026-07-15T12:43:46.537+0000] {dag.py:3947} INFO - Setting next_dagrun for minio_to_snowflake_banking to 2026-07-15 12:42:00+00:00, run_after=2026-07-15 12:43:00+00:00
[2026-07-15T12:43:46.565+0000] {processor.py:183} INFO - Processing /opt/airflow/dags/minio_to_snowflake.py took 0.835 seconds
[2026-07-15T12:44:16.836+0000] {processor.py:161} INFO - Started process (PID=593) to work on /opt/airflow/dags/minio_to_snowflake.py
[2026-07-15T12:44:16.838+0000] {processor.py:830} INFO - Processing file /opt/airflow/dags/minio_to_snowflake.py for tasks to queue
[2026-07-15T12:44:16.841+0000] {logging_mixin.py:188} INFO - [2026-07-15T12:44:16.840+0000] {dagbag.py:545} INFO - Filling up the DagBag from /opt/airflow/dags/minio_to_snowflake.py
[2026-07-15T12:44:17.726+0000] {processor.py:840} INFO - DAG(s) 'minio_to_snowflake_banking' retrieved from /opt/airflow/dags/minio_to_snowflake.py
[2026-07-15T12:44:17.755+0000] {logging_mixin.py:188} INFO - [2026-07-15T12:44:17.754+0000] {dag.py:3089} INFO - Sync 1 DAGs
[2026-07-15T12:44:17.781+0000] {logging_mixin.py:188} INFO - [2026-07-15T12:44:17.781+0000] {dag.py:3947} INFO - Setting next_dagrun for minio_to_snowflake_banking to 2026-07-15 12:43:00+00:00, run_after=2026-07-15 12:44:00+00:00
[2026-07-15T12:44:17.803+0000] {processor.py:183} INFO - Processing /opt/airflow/dags/minio_to_snowflake.py took 0.976 seconds
[2026-07-15T12:44:48.070+0000] {processor.py:161} INFO - Started process (PID=597) to work on /opt/airflow/dags/minio_to_snowflake.py
[2026-07-15T12:44:48.072+0000] {processor.py:830} INFO - Processing file /opt/airflow/dags/minio_to_snowflake.py for tasks to queue
[2026-07-15T12:44:48.074+0000] {logging_mixin.py:188} INFO - [2026-07-15T12:44:48.074+0000] {dagbag.py:545} INFO - Filling up the DagBag from /opt/airflow/dags/minio_to_snowflake.py
[2026-07-15T12:44:48.932+0000] {processor.py:840} INFO - DAG(s) 'minio_to_snowflake_banking' retrieved from /opt/airflow/dags/minio_to_snowflake.py
[2026-07-15T12:44:48.961+0000] {logging_mixin.py:188} INFO - [2026-07-15T12:44:48.961+0000] {dag.py:3089} INFO - Sync 1 DAGs
[2026-07-15T12:44:48.983+0000] {logging_mixin.py:188} INFO - [2026-07-15T12:44:48.983+0000] {dag.py:3947} INFO - Setting next_dagrun for minio_to_snowflake_banking to 2026-07-15 12:43:00+00:00, run_after=2026-07-15 12:44:00+00:00
[2026-07-15T12:44:49.010+0000] {processor.py:183} INFO - Processing /opt/airflow/dags/minio_to_snowflake.py took 0.947 seconds
[2026-07-15T12:45:19.229+0000] {processor.py:161} INFO - Started process (PID=601) to work on /opt/airflow/dags/minio_to_snowflake.py
[2026-07-15T12:45:19.230+0000] {processor.py:830} INFO - Processing file /opt/airflow/dags/minio_to_snowflake.py for tasks to queue
[2026-07-15T12:45:19.233+0000] {logging_mixin.py:188} INFO - [2026-07-15T12:45:19.232+0000] {dagbag.py:545} INFO - Filling up the DagBag from /opt/airflow/dags/minio_to_snowflake.py
[2026-07-15T12:45:20.073+0000] {processor.py:840} INFO - DAG(s) 'minio_to_snowflake_banking' retrieved from /opt/airflow/dags/minio_to_snowflake.py
[2026-07-15T12:45:20.105+0000] {logging_mixin.py:188} INFO - [2026-07-15T12:45:20.105+0000] {dag.py:3089} INFO - Sync 1 DAGs
[2026-07-15T12:45:20.129+0000] {logging_mixin.py:188} INFO - [2026-07-15T12:45:20.129+0000] {dag.py:3947} INFO - Setting next_dagrun for minio_to_snowflake_banking to 2026-07-15 12:44:00+00:00, run_after=2026-07-15 12:45:00+00:00
[2026-07-15T12:45:20.151+0000] {processor.py:183} INFO - Processing /opt/airflow/dags/minio_to_snowflake.py took 0.931 seconds
[2026-07-15T12:45:50.452+0000] {processor.py:161} INFO - Started process (PID=605) to work on /opt/airflow/dags/minio_to_snowflake.py
[2026-07-15T12:45:50.454+0000] {processor.py:830} INFO - Processing file /opt/airflow/dags/minio_to_snowflake.py for tasks to queue
[2026-07-15T12:45:50.456+0000] {logging_mixin.py:188} INFO - [2026-07-15T12:45:50.455+0000] {dagbag.py:545} INFO - Filling up the DagBag from /opt/airflow/dags/minio_to_snowflake.py
[2026-07-15T12:45:51.215+0000] {processor.py:840} INFO - DAG(s) 'minio_to_snowflake_banking' retrieved from /opt/airflow/dags/minio_to_snowflake.py
[2026-07-15T12:45:51.250+0000] {logging_mixin.py:188} INFO - [2026-07-15T12:45:51.249+0000] {dag.py:3089} INFO - Sync 1 DAGs
[2026-07-15T12:45:51.281+0000] {logging_mixin.py:188} INFO - [2026-07-15T12:45:51.281+0000] {dag.py:3947} INFO - Setting next_dagrun for minio_to_snowflake_banking to 2026-07-15 12:44:00+00:00, run_after=2026-07-15 12:45:00+00:00
[2026-07-15T12:45:51.304+0000] {processor.py:183} INFO - Processing /opt/airflow/dags/minio_to_snowflake.py took 0.860 seconds
[2026-07-15T12:46:21.584+0000] {processor.py:161} INFO - Started process (PID=609) to work on /opt/airflow/dags/minio_to_snowflake.py
[2026-07-15T12:46:21.586+0000] {processor.py:830} INFO - Processing file /opt/airflow/dags/minio_to_snowflake.py for tasks to queue
[2026-07-15T12:46:21.589+0000] {logging_mixin.py:188} INFO - [2026-07-15T12:46:21.588+0000] {dagbag.py:545} INFO - Filling up the DagBag from /opt/airflow/dags/minio_to_snowflake.py
[2026-07-15T12:46:22.347+0000] {processor.py:840} INFO - DAG(s) 'minio_to_snowflake_banking' retrieved from /opt/airflow/dags/minio_to_snowflake.py
[2026-07-15T12:46:22.375+0000] {logging_mixin.py:188} INFO - [2026-07-15T12:46:22.375+0000] {dag.py:3089} INFO - Sync 1 DAGs
[2026-07-15T12:46:22.397+0000] {logging_mixin.py:188} INFO - [2026-07-15T12:46:22.397+0000] {dag.py:3947} INFO - Setting next_dagrun for minio_to_snowflake_banking to 2026-07-15 12:45:00+00:00, run_after=2026-07-15 12:46:00+00:00
[2026-07-15T12:46:22.420+0000] {processor.py:183} INFO - Processing /opt/airflow/dags/minio_to_snowflake.py took 0.847 seconds
[2026-07-15T12:46:52.704+0000] {processor.py:161} INFO - Started process (PID=613) to work on /opt/airflow/dags/minio_to_snowflake.py
[2026-07-15T12:46:52.706+0000] {processor.py:830} INFO - Processing file /opt/airflow/dags/minio_to_snowflake.py for tasks to queue
[2026-07-15T12:46:52.708+0000] {logging_mixin.py:188} INFO - [2026-07-15T12:46:52.708+0000] {dagbag.py:545} INFO - Filling up the DagBag from /opt/airflow/dags/minio_to_snowflake.py
[2026-07-15T12:46:53.531+0000] {processor.py:840} INFO - DAG(s) 'minio_to_snowflake_banking' retrieved from /opt/airflow/dags/minio_to_snowflake.py
[2026-07-15T12:46:53.559+0000] {logging_mixin.py:188} INFO - [2026-07-15T12:46:53.559+0000] {dag.py:3089} INFO - Sync 1 DAGs
[2026-07-15T12:46:53.582+0000] {logging_mixin.py:188} INFO - [2026-07-15T12:46:53.582+0000] {dag.py:3947} INFO - Setting next_dagrun for minio_to_snowflake_banking to 2026-07-15 12:45:00+00:00, run_after=2026-07-15 12:46:00+00:00
[2026-07-15T12:46:53.605+0000] {processor.py:183} INFO - Processing /opt/airflow/dags/minio_to_snowflake.py took 0.907 seconds
[2026-07-15T12:47:23.899+0000] {processor.py:161} INFO - Started process (PID=617) to work on /opt/airflow/dags/minio_to_snowflake.py
[2026-07-15T12:47:23.901+0000] {processor.py:830} INFO - Processing file /opt/airflow/dags/minio_to_snowflake.py for tasks to queue
[2026-07-15T12:47:23.903+0000] {logging_mixin.py:188} INFO - [2026-07-15T12:47:23.903+0000] {dagbag.py:545} INFO - Filling up the DagBag from /opt/airflow/dags/minio_to_snowflake.py
[2026-07-15T12:47:24.704+0000] {processor.py:840} INFO - DAG(s) 'minio_to_snowflake_banking' retrieved from /opt/airflow/dags/minio_to_snowflake.py
[2026-07-15T12:47:24.739+0000] {logging_mixin.py:188} INFO - [2026-07-15T12:47:24.739+0000] {dag.py:3089} INFO - Sync 1 DAGs
[2026-07-15T12:47:24.763+0000] {logging_mixin.py:188} INFO - [2026-07-15T12:47:24.763+0000] {dag.py:3947} INFO - Setting next_dagrun for minio_to_snowflake_banking to 2026-07-15 12:46:00+00:00, run_after=2026-07-15 12:47:00+00:00
[2026-07-15T12:47:24.782+0000] {processor.py:183} INFO - Processing /opt/airflow/dags/minio_to_snowflake.py took 0.890 seconds
[2026-07-15T12:47:55.050+0000] {processor.py:161} INFO - Started process (PID=621) to work on /opt/airflow/dags/minio_to_snowflake.py
[2026-07-15T12:47:55.052+0000] {processor.py:830} INFO - Processing file /opt/airflow/dags/minio_to_snowflake.py for tasks to queue
[2026-07-15T12:47:55.055+0000] {logging_mixin.py:188} INFO - [2026-07-15T12:47:55.055+0000] {dagbag.py:545} INFO - Filling up the DagBag from /opt/airflow/dags/minio_to_snowflake.py
[2026-07-15T12:47:55.888+0000] {processor.py:840} INFO - DAG(s) 'minio_to_snowflake_banking' retrieved from /opt/airflow/dags/minio_to_snowflake.py
[2026-07-15T12:47:55.916+0000] {logging_mixin.py:188} INFO - [2026-07-15T12:47:55.916+0000] {dag.py:3089} INFO - Sync 1 DAGs
[2026-07-15T12:47:55.939+0000] {logging_mixin.py:188} INFO - [2026-07-15T12:47:55.939+0000] {dag.py:3947} INFO - Setting next_dagrun for minio_to_snowflake_banking to 2026-07-15 12:46:00+00:00, run_after=2026-07-15 12:47:00+00:00
[2026-07-15T12:47:55.959+0000] {processor.py:183} INFO - Processing /opt/airflow/dags/minio_to_snowflake.py took 0.919 seconds
[2026-07-15T12:48:26.232+0000] {processor.py:161} INFO - Started process (PID=625) to work on /opt/airflow/dags/minio_to_snowflake.py
[2026-07-15T12:48:26.235+0000] {processor.py:830} INFO - Processing file /opt/airflow/dags/minio_to_snowflake.py for tasks to queue
[2026-07-15T12:48:26.237+0000] {logging_mixin.py:188} INFO - [2026-07-15T12:48:26.237+0000] {dagbag.py:545} INFO - Filling up the DagBag from /opt/airflow/dags/minio_to_snowflake.py
[2026-07-15T12:48:27.005+0000] {processor.py:840} INFO - DAG(s) 'minio_to_snowflake_banking' retrieved from /opt/airflow/dags/minio_to_snowflake.py
[2026-07-15T12:48:27.032+0000] {logging_mixin.py:188} INFO - [2026-07-15T12:48:27.032+0000] {dag.py:3089} INFO - Sync 1 DAGs
[2026-07-15T12:48:27.054+0000] {logging_mixin.py:188} INFO - [2026-07-15T12:48:27.054+0000] {dag.py:3947} INFO - Setting next_dagrun for minio_to_snowflake_banking to 2026-07-15 12:47:00+00:00, run_after=2026-07-15 12:48:00+00:00
[2026-07-15T12:48:27.075+0000] {processor.py:183} INFO - Processing /opt/airflow/dags/minio_to_snowflake.py took 0.850 seconds
[2026-07-15T12:48:57.363+0000] {processor.py:161} INFO - Started process (PID=629) to work on /opt/airflow/dags/minio_to_snowflake.py
[2026-07-15T12:48:57.365+0000] {processor.py:830} INFO - Processing file /opt/airflow/dags/minio_to_snowflake.py for tasks to queue
[2026-07-15T12:48:57.367+0000] {logging_mixin.py:188} INFO - [2026-07-15T12:48:57.367+0000] {dagbag.py:545} INFO - Filling up the DagBag from /opt/airflow/dags/minio_to_snowflake.py
[2026-07-15T12:48:58.279+0000] {processor.py:840} INFO - DAG(s) 'minio_to_snowflake_banking' retrieved from /opt/airflow/dags/minio_to_snowflake.py
[2026-07-15T12:48:58.306+0000] {logging_mixin.py:188} INFO - [2026-07-15T12:48:58.306+0000] {dag.py:3089} INFO - Sync 1 DAGs
[2026-07-15T12:48:58.328+0000] {logging_mixin.py:188} INFO - [2026-07-15T12:48:58.328+0000] {dag.py:3947} INFO - Setting next_dagrun for minio_to_snowflake_banking to 2026-07-15 12:47:00+00:00, run_after=2026-07-15 12:48:00+00:00
[2026-07-15T12:48:58.347+0000] {processor.py:183} INFO - Processing /opt/airflow/dags/minio_to_snowflake.py took 0.995 seconds
[2026-07-15T12:49:28.581+0000] {processor.py:161} INFO - Started process (PID=633) to work on /opt/airflow/dags/minio_to_snowflake.py
[2026-07-15T12:49:28.583+0000] {processor.py:830} INFO - Processing file /opt/airflow/dags/minio_to_snowflake.py for tasks to queue
[2026-07-15T12:49:28.585+0000] {logging_mixin.py:188} INFO - [2026-07-15T12:49:28.585+0000] {dagbag.py:545} INFO - Filling up the DagBag from /opt/airflow/dags/minio_to_snowflake.py
[2026-07-15T12:49:29.395+0000] {processor.py:840} INFO - DAG(s) 'minio_to_snowflake_banking' retrieved from /opt/airflow/dags/minio_to_snowflake.py
[2026-07-15T12:49:29.423+0000] {logging_mixin.py:188} INFO - [2026-07-15T12:49:29.423+0000] {dag.py:3089} INFO - Sync 1 DAGs
[2026-07-15T12:49:29.445+0000] {logging_mixin.py:188} INFO - [2026-07-15T12:49:29.445+0000] {dag.py:3947} INFO - Setting next_dagrun for minio_to_snowflake_banking to 2026-07-15 12:48:00+00:00, run_after=2026-07-15 12:49:00+00:00
[2026-07-15T12:49:29.466+0000] {processor.py:183} INFO - Processing /opt/airflow/dags/minio_to_snowflake.py took 0.893 seconds
[2026-07-15T12:49:59.808+0000] {processor.py:161} INFO - Started process (PID=637) to work on /opt/airflow/dags/minio_to_snowflake.py
[2026-07-15T12:49:59.811+0000] {processor.py:830} INFO - Processing file /opt/airflow/dags/minio_to_snowflake.py for tasks to queue
[2026-07-15T12:49:59.815+0000] {logging_mixin.py:188} INFO - [2026-07-15T12:49:59.815+0000] {dagbag.py:545} INFO - Filling up the DagBag from /opt/airflow/dags/minio_to_snowflake.py
[2026-07-15T12:50:00.610+0000] {processor.py:840} INFO - DAG(s) 'minio_to_snowflake_banking' retrieved from /opt/airflow/dags/minio_to_snowflake.py
[2026-07-15T12:50:00.641+0000] {logging_mixin.py:188} INFO - [2026-07-15T12:50:00.641+0000] {dag.py:3089} INFO - Sync 1 DAGs
[2026-07-15T12:50:00.662+0000] {logging_mixin.py:188} INFO - [2026-07-15T12:50:00.661+0000] {dag.py:3947} INFO - Setting next_dagrun for minio_to_snowflake_banking to 2026-07-15 12:49:00+00:00, run_after=2026-07-15 12:50:00+00:00
[2026-07-15T12:50:00.680+0000] {processor.py:183} INFO - Processing /opt/airflow/dags/minio_to_snowflake.py took 0.889 seconds
[2026-07-15T12:50:31.003+0000] {processor.py:161} INFO - Started process (PID=641) to work on /opt/airflow/dags/minio_to_snowflake.py
[2026-07-15T12:50:31.005+0000] {processor.py:830} INFO - Processing file /opt/airflow/dags/minio_to_snowflake.py for tasks to queue
[2026-07-15T12:50:31.008+0000] {logging_mixin.py:188} INFO - [2026-07-15T12:50:31.007+0000] {dagbag.py:545} INFO - Filling up the DagBag from /opt/airflow/dags/minio_to_snowflake.py
[2026-07-15T12:50:31.798+0000] {processor.py:840} INFO - DAG(s) 'minio_to_snowflake_banking' retrieved from /opt/airflow/dags/minio_to_snowflake.py
[2026-07-15T12:50:31.831+0000] {logging_mixin.py:188} INFO - [2026-07-15T12:50:31.830+0000] {dag.py:3089} INFO - Sync 1 DAGs
[2026-07-15T12:50:31.853+0000] {logging_mixin.py:188} INFO - [2026-07-15T12:50:31.853+0000] {dag.py:3947} INFO - Setting next_dagrun for minio_to_snowflake_banking to 2026-07-15 12:49:00+00:00, run_after=2026-07-15 12:50:00+00:00
[2026-07-15T12:50:31.876+0000] {processor.py:183} INFO - Processing /opt/airflow/dags/minio_to_snowflake.py took 0.883 seconds
[2026-07-15T12:51:02.202+0000] {processor.py:161} INFO - Started process (PID=645) to work on /opt/airflow/dags/minio_to_snowflake.py
[2026-07-15T12:51:02.203+0000] {processor.py:830} INFO - Processing file /opt/airflow/dags/minio_to_snowflake.py for tasks to queue
[2026-07-15T12:51:02.205+0000] {logging_mixin.py:188} INFO - [2026-07-15T12:51:02.205+0000] {dagbag.py:545} INFO - Filling up the DagBag from /opt/airflow/dags/minio_to_snowflake.py
[2026-07-15T12:51:02.949+0000] {processor.py:840} INFO - DAG(s) 'minio_to_snowflake_banking' retrieved from /opt/airflow/dags/minio_to_snowflake.py
[2026-07-15T12:51:02.984+0000] {logging_mixin.py:188} INFO - [2026-07-15T12:51:02.984+0000] {dag.py:3089} INFO - Sync 1 DAGs
[2026-07-15T12:51:03.008+0000] {logging_mixin.py:188} INFO - [2026-07-15T12:51:03.008+0000] {dag.py:3947} INFO - Setting next_dagrun for minio_to_snowflake_banking to 2026-07-15 12:50:00+00:00, run_after=2026-07-15 12:51:00+00:00
[2026-07-15T12:51:03.028+0000] {processor.py:183} INFO - Processing /opt/airflow/dags/minio_to_snowflake.py took 0.835 seconds
[2026-07-15T12:51:33.322+0000] {processor.py:161} INFO - Started process (PID=649) to work on /opt/airflow/dags/minio_to_snowflake.py
[2026-07-15T12:51:33.323+0000] {processor.py:830} INFO - Processing file /opt/airflow/dags/minio_to_snowflake.py for tasks to queue
[2026-07-15T12:51:33.326+0000] {logging_mixin.py:188} INFO - [2026-07-15T12:51:33.325+0000] {dagbag.py:545} INFO - Filling up the DagBag from /opt/airflow/dags/minio_to_snowflake.py
[2026-07-15T12:51:34.049+0000] {processor.py:840} INFO - DAG(s) 'minio_to_snowflake_banking' retrieved from /opt/airflow/dags/minio_to_snowflake.py
[2026-07-15T12:51:34.092+0000] {logging_mixin.py:188} INFO - [2026-07-15T12:51:34.092+0000] {dag.py:3089} INFO - Sync 1 DAGs
[2026-07-15T12:51:34.120+0000] {logging_mixin.py:188} INFO - [2026-07-15T12:51:34.120+0000] {dag.py:3947} INFO - Setting next_dagrun for minio_to_snowflake_banking to 2026-07-15 12:50:00+00:00, run_after=2026-07-15 12:51:00+00:00
[2026-07-15T12:51:34.144+0000] {processor.py:183} INFO - Processing /opt/airflow/dags/minio_to_snowflake.py took 0.829 seconds
[2026-07-15T12:52:04.388+0000] {processor.py:161} INFO - Started process (PID=653) to work on /opt/airflow/dags/minio_to_snowflake.py
[2026-07-15T12:52:04.390+0000] {processor.py:830} INFO - Processing file /opt/airflow/dags/minio_to_snowflake.py for tasks to queue
[2026-07-15T12:52:04.393+0000] {logging_mixin.py:188} INFO - [2026-07-15T12:52:04.392+0000] {dagbag.py:545} INFO - Filling up the DagBag from /opt/airflow/dags/minio_to_snowflake.py
[2026-07-15T12:52:05.155+0000] {processor.py:840} INFO - DAG(s) 'minio_to_snowflake_banking' retrieved from /opt/airflow/dags/minio_to_snowflake.py
[2026-07-15T12:52:05.197+0000] {logging_mixin.py:188} INFO - [2026-07-15T12:52:05.197+0000] {dag.py:3089} INFO - Sync 1 DAGs
[2026-07-15T12:52:05.218+0000] {logging_mixin.py:188} INFO - [2026-07-15T12:52:05.218+0000] {dag.py:3947} INFO - Setting next_dagrun for minio_to_snowflake_banking to 2026-07-15 12:51:00+00:00, run_after=2026-07-15 12:52:00+00:00
[2026-07-15T12:52:05.237+0000] {processor.py:183} INFO - Processing /opt/airflow/dags/minio_to_snowflake.py took 0.856 seconds
[2026-07-15T12:52:35.519+0000] {processor.py:161} INFO - Started process (PID=657) to work on /opt/airflow/dags/minio_to_snowflake.py
[2026-07-15T12:52:35.521+0000] {processor.py:830} INFO - Processing file /opt/airflow/dags/minio_to_snowflake.py for tasks to queue
[2026-07-15T12:52:35.523+0000] {logging_mixin.py:188} INFO - [2026-07-15T12:52:35.523+0000] {dagbag.py:545} INFO - Filling up the DagBag from /opt/airflow/dags/minio_to_snowflake.py
[2026-07-15T12:52:36.341+0000] {processor.py:840} INFO - DAG(s) 'minio_to_snowflake_banking' retrieved from /opt/airflow/dags/minio_to_snowflake.py
[2026-07-15T12:52:36.379+0000] {logging_mixin.py:188} INFO - [2026-07-15T12:52:36.378+0000] {dag.py:3089} INFO - Sync 1 DAGs
[2026-07-15T12:52:36.406+0000] {logging_mixin.py:188} INFO - [2026-07-15T12:52:36.406+0000] {dag.py:3947} INFO - Setting next_dagrun for minio_to_snowflake_banking to 2026-07-15 12:51:00+00:00, run_after=2026-07-15 12:52:00+00:00
[2026-07-15T12:52:36.429+0000] {processor.py:183} INFO - Processing /opt/airflow/dags/minio_to_snowflake.py took 0.917 seconds
[2026-07-15T12:53:06.711+0000] {processor.py:161} INFO - Started process (PID=661) to work on /opt/airflow/dags/minio_to_snowflake.py
[2026-07-15T12:53:06.712+0000] {processor.py:830} INFO - Processing file /opt/airflow/dags/minio_to_snowflake.py for tasks to queue
[2026-07-15T12:53:06.715+0000] {logging_mixin.py:188} INFO - [2026-07-15T12:53:06.714+0000] {dagbag.py:545} INFO - Filling up the DagBag from /opt/airflow/dags/minio_to_snowflake.py
[2026-07-15T12:53:07.447+0000] {processor.py:840} INFO - DAG(s) 'minio_to_snowflake_banking' retrieved from /opt/airflow/dags/minio_to_snowflake.py
[2026-07-15T12:53:07.477+0000] {logging_mixin.py:188} INFO - [2026-07-15T12:53:07.476+0000] {dag.py:3089} INFO - Sync 1 DAGs
[2026-07-15T12:53:07.500+0000] {logging_mixin.py:188} INFO - [2026-07-15T12:53:07.500+0000] {dag.py:3947} INFO - Setting next_dagrun for minio_to_snowflake_banking to 2026-07-15 12:52:00+00:00, run_after=2026-07-15 12:53:00+00:00
[2026-07-15T12:53:07.521+0000] {processor.py:183} INFO - Processing /opt/airflow/dags/minio_to_snowflake.py took 0.818 seconds
[2026-07-15T12:53:37.758+0000] {processor.py:161} INFO - Started process (PID=665) to work on /opt/airflow/dags/minio_to_snowflake.py
[2026-07-15T12:53:37.760+0000] {processor.py:830} INFO - Processing file /opt/airflow/dags/minio_to_snowflake.py for tasks to queue
[2026-07-15T12:53:37.764+0000] {logging_mixin.py:188} INFO - [2026-07-15T12:53:37.763+0000] {dagbag.py:545} INFO - Filling up the DagBag from /opt/airflow/dags/minio_to_snowflake.py
[2026-07-15T12:53:38.679+0000] {processor.py:840} INFO - DAG(s) 'minio_to_snowflake_banking' retrieved from /opt/airflow/dags/minio_to_snowflake.py
[2026-07-15T12:53:38.709+0000] {logging_mixin.py:188} INFO - [2026-07-15T12:53:38.708+0000] {dag.py:3089} INFO - Sync 1 DAGs
[2026-07-15T12:53:38.733+0000] {logging_mixin.py:188} INFO - [2026-07-15T12:53:38.733+0000] {dag.py:3947} INFO - Setting next_dagrun for minio_to_snowflake_banking to 2026-07-15 12:52:00+00:00, run_after=2026-07-15 12:53:00+00:00
[2026-07-15T12:53:38.756+0000] {processor.py:183} INFO - Processing /opt/airflow/dags/minio_to_snowflake.py took 1.008 seconds
[2026-07-15T12:54:09.007+0000] {processor.py:161} INFO - Started process (PID=669) to work on /opt/airflow/dags/minio_to_snowflake.py
[2026-07-15T12:54:09.009+0000] {processor.py:830} INFO - Processing file /opt/airflow/dags/minio_to_snowflake.py for tasks to queue
[2026-07-15T12:54:09.013+0000] {logging_mixin.py:188} INFO - [2026-07-15T12:54:09.012+0000] {dagbag.py:545} INFO - Filling up the DagBag from /opt/airflow/dags/minio_to_snowflake.py
[2026-07-15T12:54:09.839+0000] {processor.py:840} INFO - DAG(s) 'minio_to_snowflake_banking' retrieved from /opt/airflow/dags/minio_to_snowflake.py
[2026-07-15T12:54:09.868+0000] {logging_mixin.py:188} INFO - [2026-07-15T12:54:09.867+0000] {dag.py:3089} INFO - Sync 1 DAGs
[2026-07-15T12:54:09.889+0000] {logging_mixin.py:188} INFO - [2026-07-15T12:54:09.889+0000] {dag.py:3947} INFO - Setting next_dagrun for minio_to_snowflake_banking to 2026-07-15 12:53:00+00:00, run_after=2026-07-15 12:54:00+00:00
[2026-07-15T12:54:09.910+0000] {processor.py:183} INFO - Processing /opt/airflow/dags/minio_to_snowflake.py took 0.914 seconds
[2026-07-15T12:54:40.174+0000] {processor.py:161} INFO - Started process (PID=673) to work on /opt/airflow/dags/minio_to_snowflake.py
[2026-07-15T12:54:40.176+0000] {processor.py:830} INFO - Processing file /opt/airflow/dags/minio_to_snowflake.py for tasks to queue
[2026-07-15T12:54:40.179+0000] {logging_mixin.py:188} INFO - [2026-07-15T12:54:40.178+0000] {dagbag.py:545} INFO - Filling up the DagBag from /opt/airflow/dags/minio_to_snowflake.py
[2026-07-15T12:54:41.001+0000] {processor.py:840} INFO - DAG(s) 'minio_to_snowflake_banking' retrieved from /opt/airflow/dags/minio_to_snowflake.py
[2026-07-15T12:54:41.034+0000] {logging_mixin.py:188} INFO - [2026-07-15T12:54:41.033+0000] {dag.py:3089} INFO - Sync 1 DAGs
[2026-07-15T12:54:41.056+0000] {logging_mixin.py:188} INFO - [2026-07-15T12:54:41.056+0000] {dag.py:3947} INFO - Setting next_dagrun for minio_to_snowflake_banking to 2026-07-15 12:53:00+00:00, run_after=2026-07-15 12:54:00+00:00
[2026-07-15T12:54:41.077+0000] {processor.py:183} INFO - Processing /opt/airflow/dags/minio_to_snowflake.py took 0.911 seconds
[2026-07-15T12:55:11.353+0000] {processor.py:161} INFO - Started process (PID=677) to work on /opt/airflow/dags/minio_to_snowflake.py
[2026-07-15T12:55:11.354+0000] {processor.py:830} INFO - Processing file /opt/airflow/dags/minio_to_snowflake.py for tasks to queue
[2026-07-15T12:55:11.356+0000] {logging_mixin.py:188} INFO - [2026-07-15T12:55:11.356+0000] {dagbag.py:545} INFO - Filling up the DagBag from /opt/airflow/dags/minio_to_snowflake.py
[2026-07-15T12:55:12.096+0000] {processor.py:840} INFO - DAG(s) 'minio_to_snowflake_banking' retrieved from /opt/airflow/dags/minio_to_snowflake.py
[2026-07-15T12:55:12.125+0000] {logging_mixin.py:188} INFO - [2026-07-15T12:55:12.124+0000] {dag.py:3089} INFO - Sync 1 DAGs
[2026-07-15T12:55:12.147+0000] {logging_mixin.py:188} INFO - [2026-07-15T12:55:12.147+0000] {dag.py:3947} INFO - Setting next_dagrun for minio_to_snowflake_banking to 2026-07-15 12:54:00+00:00, run_after=2026-07-15 12:55:00+00:00
[2026-07-15T12:55:12.173+0000] {processor.py:183} INFO - Processing /opt/airflow/dags/minio_to_snowflake.py took 0.828 seconds
[2026-07-15T12:55:42.484+0000] {processor.py:161} INFO - Started process (PID=681) to work on /opt/airflow/dags/minio_to_snowflake.py
[2026-07-15T12:55:42.486+0000] {processor.py:830} INFO - Processing file /opt/airflow/dags/minio_to_snowflake.py for tasks to queue
[2026-07-15T12:55:42.489+0000] {logging_mixin.py:188} INFO - [2026-07-15T12:55:42.489+0000] {dagbag.py:545} INFO - Filling up the DagBag from /opt/airflow/dags/minio_to_snowflake.py
[2026-07-15T12:55:43.241+0000] {processor.py:840} INFO - DAG(s) 'minio_to_snowflake_banking' retrieved from /opt/airflow/dags/minio_to_snowflake.py
[2026-07-15T12:55:43.276+0000] {logging_mixin.py:188} INFO - [2026-07-15T12:55:43.275+0000] {dag.py:3089} INFO - Sync 1 DAGs
[2026-07-15T12:55:43.307+0000] {logging_mixin.py:188} INFO - [2026-07-15T12:55:43.307+0000] {dag.py:3947} INFO - Setting next_dagrun for minio_to_snowflake_banking to 2026-07-15 12:54:00+00:00, run_after=2026-07-15 12:55:00+00:00
[2026-07-15T12:55:43.330+0000] {processor.py:183} INFO - Processing /opt/airflow/dags/minio_to_snowflake.py took 0.855 seconds
[2026-07-15T12:56:13.623+0000] {processor.py:161} INFO - Started process (PID=685) to work on /opt/airflow/dags/minio_to_snowflake.py
[2026-07-15T12:56:13.625+0000] {processor.py:830} INFO - Processing file /opt/airflow/dags/minio_to_snowflake.py for tasks to queue
[2026-07-15T12:56:13.627+0000] {logging_mixin.py:188} INFO - [2026-07-15T12:56:13.627+0000] {dagbag.py:545} INFO - Filling up the DagBag from /opt/airflow/dags/minio_to_snowflake.py
[2026-07-15T12:56:14.383+0000] {processor.py:840} INFO - DAG(s) 'minio_to_snowflake_banking' retrieved from /opt/airflow/dags/minio_to_snowflake.py
[2026-07-15T12:56:14.412+0000] {logging_mixin.py:188} INFO - [2026-07-15T12:56:14.411+0000] {dag.py:3089} INFO - Sync 1 DAGs
[2026-07-15T12:56:14.434+0000] {logging_mixin.py:188} INFO - [2026-07-15T12:56:14.434+0000] {dag.py:3947} INFO - Setting next_dagrun for minio_to_snowflake_banking to 2026-07-15 12:55:00+00:00, run_after=2026-07-15 12:56:00+00:00
[2026-07-15T12:56:14.458+0000] {processor.py:183} INFO - Processing /opt/airflow/dags/minio_to_snowflake.py took 0.843 seconds
[2026-07-15T12:56:44.735+0000] {processor.py:161} INFO - Started process (PID=689) to work on /opt/airflow/dags/minio_to_snowflake.py
[2026-07-15T12:56:44.737+0000] {processor.py:830} INFO - Processing file /opt/airflow/dags/minio_to_snowflake.py for tasks to queue
[2026-07-15T12:56:44.739+0000] {logging_mixin.py:188} INFO - [2026-07-15T12:56:44.739+0000] {dagbag.py:545} INFO - Filling up the DagBag from /opt/airflow/dags/minio_to_snowflake.py
[2026-07-15T12:56:45.503+0000] {processor.py:840} INFO - DAG(s) 'minio_to_snowflake_banking' retrieved from /opt/airflow/dags/minio_to_snowflake.py
[2026-07-15T12:56:45.532+0000] {logging_mixin.py:188} INFO - [2026-07-15T12:56:45.532+0000] {dag.py:3089} INFO - Sync 1 DAGs
[2026-07-15T12:56:45.553+0000] {logging_mixin.py:188} INFO - [2026-07-15T12:56:45.553+0000] {dag.py:3947} INFO - Setting next_dagrun for minio_to_snowflake_banking to 2026-07-15 12:55:00+00:00, run_after=2026-07-15 12:56:00+00:00
[2026-07-15T12:56:45.571+0000] {processor.py:183} INFO - Processing /opt/airflow/dags/minio_to_snowflake.py took 0.843 seconds
[2026-07-15T12:57:15.837+0000] {processor.py:161} INFO - Started process (PID=693) to work on /opt/airflow/dags/minio_to_snowflake.py
[2026-07-15T12:57:15.839+0000] {processor.py:830} INFO - Processing file /opt/airflow/dags/minio_to_snowflake.py for tasks to queue
[2026-07-15T12:57:15.841+0000] {logging_mixin.py:188} INFO - [2026-07-15T12:57:15.841+0000] {dagbag.py:545} INFO - Filling up the DagBag from /opt/airflow/dags/minio_to_snowflake.py
[2026-07-15T12:57:16.575+0000] {processor.py:840} INFO - DAG(s) 'minio_to_snowflake_banking' retrieved from /opt/airflow/dags/minio_to_snowflake.py
[2026-07-15T12:57:16.603+0000] {logging_mixin.py:188} INFO - [2026-07-15T12:57:16.603+0000] {dag.py:3089} INFO - Sync 1 DAGs
[2026-07-15T12:57:16.625+0000] {logging_mixin.py:188} INFO - [2026-07-15T12:57:16.625+0000] {dag.py:3947} INFO - Setting next_dagrun for minio_to_snowflake_banking to 2026-07-15 12:56:00+00:00, run_after=2026-07-15 12:57:00+00:00
[2026-07-15T12:57:16.646+0000] {processor.py:183} INFO - Processing /opt/airflow/dags/minio_to_snowflake.py took 0.821 seconds
[2026-07-15T12:57:46.915+0000] {processor.py:161} INFO - Started process (PID=697) to work on /opt/airflow/dags/minio_to_snowflake.py
[2026-07-15T12:57:46.917+0000] {processor.py:830} INFO - Processing file /opt/airflow/dags/minio_to_snowflake.py for tasks to queue
[2026-07-15T12:57:46.919+0000] {logging_mixin.py:188} INFO - [2026-07-15T12:57:46.919+0000] {dagbag.py:545} INFO - Filling up the DagBag from /opt/airflow/dags/minio_to_snowflake.py
[2026-07-15T12:57:47.670+0000] {processor.py:840} INFO - DAG(s) 'minio_to_snowflake_banking' retrieved from /opt/airflow/dags/minio_to_snowflake.py
[2026-07-15T12:57:47.701+0000] {logging_mixin.py:188} INFO - [2026-07-15T12:57:47.701+0000] {dag.py:3089} INFO - Sync 1 DAGs
[2026-07-15T12:57:47.724+0000] {logging_mixin.py:188} INFO - [2026-07-15T12:57:47.723+0000] {dag.py:3947} INFO - Setting next_dagrun for minio_to_snowflake_banking to 2026-07-15 12:56:00+00:00, run_after=2026-07-15 12:57:00+00:00
[2026-07-15T12:57:47.745+0000] {processor.py:183} INFO - Processing /opt/airflow/dags/minio_to_snowflake.py took 0.840 seconds
[2026-07-15T12:58:18.009+0000] {processor.py:161} INFO - Started process (PID=701) to work on /opt/airflow/dags/minio_to_snowflake.py
[2026-07-15T12:58:18.011+0000] {processor.py:830} INFO - Processing file /opt/airflow/dags/minio_to_snowflake.py for tasks to queue
[2026-07-15T12:58:18.014+0000] {logging_mixin.py:188} INFO - [2026-07-15T12:58:18.013+0000] {dagbag.py:545} INFO - Filling up the DagBag from /opt/airflow/dags/minio_to_snowflake.py
[2026-07-15T12:58:18.858+0000] {processor.py:840} INFO - DAG(s) 'minio_to_snowflake_banking' retrieved from /opt/airflow/dags/minio_to_snowflake.py
[2026-07-15T12:58:18.896+0000] {logging_mixin.py:188} INFO - [2026-07-15T12:58:18.896+0000] {dag.py:3089} INFO - Sync 1 DAGs
[2026-07-15T12:58:18.927+0000] {logging_mixin.py:188} INFO - [2026-07-15T12:58:18.927+0000] {dag.py:3947} INFO - Setting next_dagrun for minio_to_snowflake_banking to 2026-07-15 12:57:00+00:00, run_after=2026-07-15 12:58:00+00:00
[2026-07-15T12:58:18.951+0000] {processor.py:183} INFO - Processing /opt/airflow/dags/minio_to_snowflake.py took 0.952 seconds
[2026-07-15T12:58:49.236+0000] {processor.py:161} INFO - Started process (PID=705) to work on /opt/airflow/dags/minio_to_snowflake.py
[2026-07-15T12:58:49.239+0000] {processor.py:830} INFO - Processing file /opt/airflow/dags/minio_to_snowflake.py for tasks to queue
[2026-07-15T12:58:49.243+0000] {logging_mixin.py:188} INFO - [2026-07-15T12:58:49.243+0000] {dagbag.py:545} INFO - Filling up the DagBag from /opt/airflow/dags/minio_to_snowflake.py
[2026-07-15T12:58:50.028+0000] {processor.py:840} INFO - DAG(s) 'minio_to_snowflake_banking' retrieved from /opt/airflow/dags/minio_to_snowflake.py
[2026-07-15T12:58:50.059+0000] {logging_mixin.py:188} INFO - [2026-07-15T12:58:50.058+0000] {dag.py:3089} INFO - Sync 1 DAGs
[2026-07-15T12:58:50.081+0000] {logging_mixin.py:188} INFO - [2026-07-15T12:58:50.081+0000] {dag.py:3947} INFO - Setting next_dagrun for minio_to_snowflake_banking to 2026-07-15 12:57:00+00:00, run_after=2026-07-15 12:58:00+00:00
[2026-07-15T12:58:50.098+0000] {processor.py:183} INFO - Processing /opt/airflow/dags/minio_to_snowflake.py took 0.876 seconds
[2026-07-15T12:59:20.327+0000] {processor.py:161} INFO - Started process (PID=709) to work on /opt/airflow/dags/minio_to_snowflake.py
[2026-07-15T12:59:20.329+0000] {processor.py:830} INFO - Processing file /opt/airflow/dags/minio_to_snowflake.py for tasks to queue
[2026-07-15T12:59:20.331+0000] {logging_mixin.py:188} INFO - [2026-07-15T12:59:20.331+0000] {dagbag.py:545} INFO - Filling up the DagBag from /opt/airflow/dags/minio_to_snowflake.py
[2026-07-15T12:59:21.149+0000] {processor.py:840} INFO - DAG(s) 'minio_to_snowflake_banking' retrieved from /opt/airflow/dags/minio_to_snowflake.py
[2026-07-15T12:59:21.183+0000] {logging_mixin.py:188} INFO - [2026-07-15T12:59:21.182+0000] {dag.py:3089} INFO - Sync 1 DAGs
[2026-07-15T12:59:21.204+0000] {logging_mixin.py:188} INFO - [2026-07-15T12:59:21.203+0000] {dag.py:3947} INFO - Setting next_dagrun for minio_to_snowflake_banking to 2026-07-15 12:58:00+00:00, run_after=2026-07-15 12:59:00+00:00
[2026-07-15T12:59:21.225+0000] {processor.py:183} INFO - Processing /opt/airflow/dags/minio_to_snowflake.py took 0.906 seconds
[2026-07-15T12:59:51.482+0000] {processor.py:161} INFO - Started process (PID=713) to work on /opt/airflow/dags/minio_to_snowflake.py
[2026-07-15T12:59:51.484+0000] {processor.py:830} INFO - Processing file /opt/airflow/dags/minio_to_snowflake.py for tasks to queue
[2026-07-15T12:59:51.486+0000] {logging_mixin.py:188} INFO - [2026-07-15T12:59:51.486+0000] {dagbag.py:545} INFO - Filling up the DagBag from /opt/airflow/dags/minio_to_snowflake.py
[2026-07-15T12:59:52.254+0000] {processor.py:840} INFO - DAG(s) 'minio_to_snowflake_banking' retrieved from /opt/airflow/dags/minio_to_snowflake.py
[2026-07-15T12:59:52.281+0000] {logging_mixin.py:188} INFO - [2026-07-15T12:59:52.281+0000] {dag.py:3089} INFO - Sync 1 DAGs
[2026-07-15T12:59:52.305+0000] {logging_mixin.py:188} INFO - [2026-07-15T12:59:52.305+0000] {dag.py:3947} INFO - Setting next_dagrun for minio_to_snowflake_banking to 2026-07-15 12:58:00+00:00, run_after=2026-07-15 12:59:00+00:00
[2026-07-15T12:59:52.325+0000] {processor.py:183} INFO - Processing /opt/airflow/dags/minio_to_snowflake.py took 0.852 seconds
[2026-07-15T13:00:22.409+0000] {processor.py:161} INFO - Started process (PID=717) to work on /opt/airflow/dags/minio_to_snowflake.py
[2026-07-15T13:00:22.411+0000] {processor.py:830} INFO - Processing file /opt/airflow/dags/minio_to_snowflake.py for tasks to queue
[2026-07-15T13:00:22.414+0000] {logging_mixin.py:188} INFO - [2026-07-15T13:00:22.413+0000] {dagbag.py:545} INFO - Filling up the DagBag from /opt/airflow/dags/minio_to_snowflake.py
[2026-07-15T13:00:23.180+0000] {processor.py:840} INFO - DAG(s) 'minio_to_snowflake_banking' retrieved from /opt/airflow/dags/minio_to_snowflake.py
[2026-07-15T13:00:23.211+0000] {logging_mixin.py:188} INFO - [2026-07-15T13:00:23.211+0000] {dag.py:3089} INFO - Sync 1 DAGs
[2026-07-15T13:00:23.234+0000] {logging_mixin.py:188} INFO - [2026-07-15T13:00:23.234+0000] {dag.py:3947} INFO - Setting next_dagrun for minio_to_snowflake_banking to 2026-07-15 12:59:00+00:00, run_after=2026-07-15 13:00:00+00:00
[2026-07-15T13:00:23.255+0000] {processor.py:183} INFO - Processing /opt/airflow/dags/minio_to_snowflake.py took 0.855 seconds
[2026-07-15T13:00:53.541+0000] {processor.py:161} INFO - Started process (PID=721) to work on /opt/airflow/dags/minio_to_snowflake.py
[2026-07-15T13:00:53.543+0000] {processor.py:830} INFO - Processing file /opt/airflow/dags/minio_to_snowflake.py for tasks to queue
[2026-07-15T13:00:53.545+0000] {logging_mixin.py:188} INFO - [2026-07-15T13:00:53.545+0000] {dagbag.py:545} INFO - Filling up the DagBag from /opt/airflow/dags/minio_to_snowflake.py
[2026-07-15T13:00:54.352+0000] {processor.py:840} INFO - DAG(s) 'minio_to_snowflake_banking' retrieved from /opt/airflow/dags/minio_to_snowflake.py
[2026-07-15T13:00:54.382+0000] {logging_mixin.py:188} INFO - [2026-07-15T13:00:54.382+0000] {dag.py:3089} INFO - Sync 1 DAGs
[2026-07-15T13:00:54.404+0000] {logging_mixin.py:188} INFO - [2026-07-15T13:00:54.403+0000] {dag.py:3947} INFO - Setting next_dagrun for minio_to_snowflake_banking to 2026-07-15 12:59:00+00:00, run_after=2026-07-15 13:00:00+00:00
[2026-07-15T13:00:54.425+0000] {processor.py:183} INFO - Processing /opt/airflow/dags/minio_to_snowflake.py took 0.892 seconds
[2026-07-15T13:01:24.701+0000] {processor.py:161} INFO - Started process (PID=725) to work on /opt/airflow/dags/minio_to_snowflake.py
[2026-07-15T13:01:24.703+0000] {processor.py:830} INFO - Processing file /opt/airflow/dags/minio_to_snowflake.py for tasks to queue
[2026-07-15T13:01:24.705+0000] {logging_mixin.py:188} INFO - [2026-07-15T13:01:24.705+0000] {dagbag.py:545} INFO - Filling up the DagBag from /opt/airflow/dags/minio_to_snowflake.py
[2026-07-15T13:01:25.463+0000] {processor.py:840} INFO - DAG(s) 'minio_to_snowflake_banking' retrieved from /opt/airflow/dags/minio_to_snowflake.py
[2026-07-15T13:01:25.492+0000] {logging_mixin.py:188} INFO - [2026-07-15T13:01:25.492+0000] {dag.py:3089} INFO - Sync 1 DAGs
[2026-07-15T13:01:25.514+0000] {logging_mixin.py:188} INFO - [2026-07-15T13:01:25.514+0000] {dag.py:3947} INFO - Setting next_dagrun for minio_to_snowflake_banking to 2026-07-15 13:00:00+00:00, run_after=2026-07-15 13:01:00+00:00
[2026-07-15T13:01:25.538+0000] {processor.py:183} INFO - Processing /opt/airflow/dags/minio_to_snowflake.py took 0.844 seconds
[2026-07-15T13:01:55.792+0000] {processor.py:161} INFO - Started process (PID=729) to work on /opt/airflow/dags/minio_to_snowflake.py
[2026-07-15T13:01:55.794+0000] {processor.py:830} INFO - Processing file /opt/airflow/dags/minio_to_snowflake.py for tasks to queue
[2026-07-15T13:01:55.797+0000] {logging_mixin.py:188} INFO - [2026-07-15T13:01:55.796+0000] {dagbag.py:545} INFO - Filling up the DagBag from /opt/airflow/dags/minio_to_snowflake.py
[2026-07-15T13:01:56.605+0000] {processor.py:840} INFO - DAG(s) 'minio_to_snowflake_banking' retrieved from /opt/airflow/dags/minio_to_snowflake.py
[2026-07-15T13:01:56.635+0000] {logging_mixin.py:188} INFO - [2026-07-15T13:01:56.634+0000] {dag.py:3089} INFO - Sync 1 DAGs
[2026-07-15T13:01:56.656+0000] {logging_mixin.py:188} INFO - [2026-07-15T13:01:56.655+0000] {dag.py:3947} INFO - Setting next_dagrun for minio_to_snowflake_banking to 2026-07-15 13:00:00+00:00, run_after=2026-07-15 13:01:00+00:00
[2026-07-15T13:01:56.677+0000] {processor.py:183} INFO - Processing /opt/airflow/dags/minio_to_snowflake.py took 0.892 seconds
[2026-07-15T13:02:26.980+0000] {processor.py:161} INFO - Started process (PID=733) to work on /opt/airflow/dags/minio_to_snowflake.py
[2026-07-15T13:02:26.982+0000] {processor.py:830} INFO - Processing file /opt/airflow/dags/minio_to_snowflake.py for tasks to queue
[2026-07-15T13:02:26.985+0000] {logging_mixin.py:188} INFO - [2026-07-15T13:02:26.984+0000] {dagbag.py:545} INFO - Filling up the DagBag from /opt/airflow/dags/minio_to_snowflake.py
[2026-07-15T13:02:27.713+0000] {processor.py:840} INFO - DAG(s) 'minio_to_snowflake_banking' retrieved from /opt/airflow/dags/minio_to_snowflake.py
[2026-07-15T13:02:27.743+0000] {logging_mixin.py:188} INFO - [2026-07-15T13:02:27.742+0000] {dag.py:3089} INFO - Sync 1 DAGs
[2026-07-15T13:02:27.764+0000] {logging_mixin.py:188} INFO - [2026-07-15T13:02:27.764+0000] {dag.py:3947} INFO - Setting next_dagrun for minio_to_snowflake_banking to 2026-07-15 13:01:00+00:00, run_after=2026-07-15 13:02:00+00:00
[2026-07-15T13:02:27.782+0000] {processor.py:183} INFO - Processing /opt/airflow/dags/minio_to_snowflake.py took 0.812 seconds
[2026-07-15T13:02:58.053+0000] {processor.py:161} INFO - Started process (PID=737) to work on /opt/airflow/dags/minio_to_snowflake.py
[2026-07-15T13:02:58.054+0000] {processor.py:830} INFO - Processing file /opt/airflow/dags/minio_to_snowflake.py for tasks to queue
[2026-07-15T13:02:58.056+0000] {logging_mixin.py:188} INFO - [2026-07-15T13:02:58.056+0000] {dagbag.py:545} INFO - Filling up the DagBag from /opt/airflow/dags/minio_to_snowflake.py
[2026-07-15T13:02:58.960+0000] {processor.py:840} INFO - DAG(s) 'minio_to_snowflake_banking' retrieved from /opt/airflow/dags/minio_to_snowflake.py
[2026-07-15T13:02:58.990+0000] {logging_mixin.py:188} INFO - [2026-07-15T13:02:58.989+0000] {dag.py:3089} INFO - Sync 1 DAGs
[2026-07-15T13:02:59.010+0000] {logging_mixin.py:188} INFO - [2026-07-15T13:02:59.010+0000] {dag.py:3947} INFO - Setting next_dagrun for minio_to_snowflake_banking to 2026-07-15 13:01:00+00:00, run_after=2026-07-15 13:02:00+00:00
[2026-07-15T13:02:59.029+0000] {processor.py:183} INFO - Processing /opt/airflow/dags/minio_to_snowflake.py took 0.984 seconds
[2026-07-15T13:03:29.284+0000] {processor.py:161} INFO - Started process (PID=741) to work on /opt/airflow/dags/minio_to_snowflake.py
[2026-07-15T13:03:29.285+0000] {processor.py:830} INFO - Processing file /opt/airflow/dags/minio_to_snowflake.py for tasks to queue
[2026-07-15T13:03:29.287+0000] {logging_mixin.py:188} INFO - [2026-07-15T13:03:29.287+0000] {dagbag.py:545} INFO - Filling up the DagBag from /opt/airflow/dags/minio_to_snowflake.py
[2026-07-15T13:03:30.086+0000] {processor.py:840} INFO - DAG(s) 'minio_to_snowflake_banking' retrieved from /opt/airflow/dags/minio_to_snowflake.py
[2026-07-15T13:03:30.123+0000] {logging_mixin.py:188} INFO - [2026-07-15T13:03:30.122+0000] {dag.py:3089} INFO - Sync 1 DAGs
[2026-07-15T13:03:30.156+0000] {logging_mixin.py:188} INFO - [2026-07-15T13:03:30.156+0000] {dag.py:3947} INFO - Setting next_dagrun for minio_to_snowflake_banking to 2026-07-15 13:02:00+00:00, run_after=2026-07-15 13:03:00+00:00
[2026-07-15T13:03:30.185+0000] {processor.py:183} INFO - Processing /opt/airflow/dags/minio_to_snowflake.py took 0.908 seconds
[2026-07-15T13:04:00.462+0000] {processor.py:161} INFO - Started process (PID=745) to work on /opt/airflow/dags/minio_to_snowflake.py
[2026-07-15T13:04:00.464+0000] {processor.py:830} INFO - Processing file /opt/airflow/dags/minio_to_snowflake.py for tasks to queue
[2026-07-15T13:04:00.467+0000] {logging_mixin.py:188} INFO - [2026-07-15T13:04:00.467+0000] {dagbag.py:545} INFO - Filling up the DagBag from /opt/airflow/dags/minio_to_snowflake.py
[2026-07-15T13:04:01.300+0000] {processor.py:840} INFO - DAG(s) 'minio_to_snowflake_banking' retrieved from /opt/airflow/dags/minio_to_snowflake.py
[2026-07-15T13:04:01.332+0000] {logging_mixin.py:188} INFO - [2026-07-15T13:04:01.331+0000] {dag.py:3089} INFO - Sync 1 DAGs
[2026-07-15T13:04:01.358+0000] {logging_mixin.py:188} INFO - [2026-07-15T13:04:01.357+0000] {dag.py:3947} INFO - Setting next_dagrun for minio_to_snowflake_banking to 2026-07-15 13:03:00+00:00, run_after=2026-07-15 13:04:00+00:00
[2026-07-15T13:04:01.388+0000] {processor.py:183} INFO - Processing /opt/airflow/dags/minio_to_snowflake.py took 0.935 seconds
[2026-07-15T13:04:31.710+0000] {processor.py:161} INFO - Started process (PID=749) to work on /opt/airflow/dags/minio_to_snowflake.py
[2026-07-15T13:04:31.713+0000] {processor.py:830} INFO - Processing file /opt/airflow/dags/minio_to_snowflake.py for tasks to queue
[2026-07-15T13:04:31.722+0000] {logging_mixin.py:188} INFO - [2026-07-15T13:04:31.721+0000] {dagbag.py:545} INFO - Filling up the DagBag from /opt/airflow/dags/minio_to_snowflake.py
[2026-07-15T13:04:32.676+0000] {processor.py:840} INFO - DAG(s) 'minio_to_snowflake_banking' retrieved from /opt/airflow/dags/minio_to_snowflake.py
[2026-07-15T13:04:32.722+0000] {logging_mixin.py:188} INFO - [2026-07-15T13:04:32.722+0000] {dag.py:3089} INFO - Sync 1 DAGs
[2026-07-15T13:04:32.745+0000] {logging_mixin.py:188} INFO - [2026-07-15T13:04:32.745+0000] {dag.py:3947} INFO - Setting next_dagrun for minio_to_snowflake_banking to 2026-07-15 13:03:00+00:00, run_after=2026-07-15 13:04:00+00:00
[2026-07-15T13:04:32.763+0000] {processor.py:183} INFO - Processing /opt/airflow/dags/minio_to_snowflake.py took 1.072 seconds
[2026-07-15T13:05:02.949+0000] {processor.py:161} INFO - Started process (PID=753) to work on /opt/airflow/dags/minio_to_snowflake.py
[2026-07-15T13:05:02.951+0000] {processor.py:830} INFO - Processing file /opt/airflow/dags/minio_to_snowflake.py for tasks to queue
[2026-07-15T13:05:02.954+0000] {logging_mixin.py:188} INFO - [2026-07-15T13:05:02.954+0000] {dagbag.py:545} INFO - Filling up the DagBag from /opt/airflow/dags/minio_to_snowflake.py
[2026-07-15T13:05:03.731+0000] {processor.py:840} INFO - DAG(s) 'minio_to_snowflake_banking' retrieved from /opt/airflow/dags/minio_to_snowflake.py
[2026-07-15T13:05:03.759+0000] {logging_mixin.py:188} INFO - [2026-07-15T13:05:03.758+0000] {dag.py:3089} INFO - Sync 1 DAGs
[2026-07-15T13:05:03.780+0000] {logging_mixin.py:188} INFO - [2026-07-15T13:05:03.780+0000] {dag.py:3947} INFO - Setting next_dagrun for minio_to_snowflake_banking to 2026-07-15 13:04:00+00:00, run_after=2026-07-15 13:05:00+00:00
[2026-07-15T13:05:03.802+0000] {processor.py:183} INFO - Processing /opt/airflow/dags/minio_to_snowflake.py took 0.863 seconds
[2026-07-15T13:05:34.151+0000] {processor.py:161} INFO - Started process (PID=757) to work on /opt/airflow/dags/minio_to_snowflake.py
[2026-07-15T13:05:34.153+0000] {processor.py:830} INFO - Processing file /opt/airflow/dags/minio_to_snowflake.py for tasks to queue
[2026-07-15T13:05:34.156+0000] {logging_mixin.py:188} INFO - [2026-07-15T13:05:34.156+0000] {dagbag.py:545} INFO - Filling up the DagBag from /opt/airflow/dags/minio_to_snowflake.py
[2026-07-15T13:05:34.957+0000] {processor.py:840} INFO - DAG(s) 'minio_to_snowflake_banking' retrieved from /opt/airflow/dags/minio_to_snowflake.py
[2026-07-15T13:05:34.988+0000] {logging_mixin.py:188} INFO - [2026-07-15T13:05:34.987+0000] {dag.py:3089} INFO - Sync 1 DAGs
[2026-07-15T13:05:35.010+0000] {logging_mixin.py:188} INFO - [2026-07-15T13:05:35.010+0000] {dag.py:3947} INFO - Setting next_dagrun for minio_to_snowflake_banking to 2026-07-15 13:04:00+00:00, run_after=2026-07-15 13:05:00+00:00
[2026-07-15T13:05:35.030+0000] {processor.py:183} INFO - Processing /opt/airflow/dags/minio_to_snowflake.py took 0.891 seconds
[2026-07-15T13:06:05.369+0000] {processor.py:161} INFO - Started process (PID=761) to work on /opt/airflow/dags/minio_to_snowflake.py
[2026-07-15T13:06:05.371+0000] {processor.py:830} INFO - Processing file /opt/airflow/dags/minio_to_snowflake.py for tasks to queue
[2026-07-15T13:06:05.374+0000] {logging_mixin.py:188} INFO - [2026-07-15T13:06:05.373+0000] {dagbag.py:545} INFO - Filling up the DagBag from /opt/airflow/dags/minio_to_snowflake.py
[2026-07-15T13:06:06.142+0000] {processor.py:840} INFO - DAG(s) 'minio_to_snowflake_banking' retrieved from /opt/airflow/dags/minio_to_snowflake.py
[2026-07-15T13:06:06.173+0000] {logging_mixin.py:188} INFO - [2026-07-15T13:06:06.173+0000] {dag.py:3089} INFO - Sync 1 DAGs
[2026-07-15T13:06:06.194+0000] {logging_mixin.py:188} INFO - [2026-07-15T13:06:06.194+0000] {dag.py:3947} INFO - Setting next_dagrun for minio_to_snowflake_banking to 2026-07-15 13:05:00+00:00, run_after=2026-07-15 13:06:00+00:00
[2026-07-15T13:06:06.214+0000] {processor.py:183} INFO - Processing /opt/airflow/dags/minio_to_snowflake.py took 0.854 seconds
[2026-07-15T13:06:36.490+0000] {processor.py:161} INFO - Started process (PID=765) to work on /opt/airflow/dags/minio_to_snowflake.py
[2026-07-15T13:06:36.492+0000] {processor.py:830} INFO - Processing file /opt/airflow/dags/minio_to_snowflake.py for tasks to queue
[2026-07-15T13:06:36.494+0000] {logging_mixin.py:188} INFO - [2026-07-15T13:06:36.494+0000] {dagbag.py:545} INFO - Filling up the DagBag from /opt/airflow/dags/minio_to_snowflake.py
[2026-07-15T13:06:37.218+0000] {processor.py:840} INFO - DAG(s) 'minio_to_snowflake_banking' retrieved from /opt/airflow/dags/minio_to_snowflake.py
[2026-07-15T13:06:37.246+0000] {logging_mixin.py:188} INFO - [2026-07-15T13:06:37.245+0000] {dag.py:3089} INFO - Sync 1 DAGs
[2026-07-15T13:06:37.269+0000] {logging_mixin.py:188} INFO - [2026-07-15T13:06:37.269+0000] {dag.py:3947} INFO - Setting next_dagrun for minio_to_snowflake_banking to 2026-07-15 13:05:00+00:00, run_after=2026-07-15 13:06:00+00:00
[2026-07-15T13:06:37.288+0000] {processor.py:183} INFO - Processing /opt/airflow/dags/minio_to_snowflake.py took 0.807 seconds
[2026-07-15T13:07:07.643+0000] {processor.py:161} INFO - Started process (PID=769) to work on /opt/airflow/dags/minio_to_snowflake.py
[2026-07-15T13:07:07.645+0000] {processor.py:830} INFO - Processing file /opt/airflow/dags/minio_to_snowflake.py for tasks to queue
[2026-07-15T13:07:07.647+0000] {logging_mixin.py:188} INFO - [2026-07-15T13:07:07.647+0000] {dagbag.py:545} INFO - Filling up the DagBag from /opt/airflow/dags/minio_to_snowflake.py
[2026-07-15T13:07:08.412+0000] {processor.py:840} INFO - DAG(s) 'minio_to_snowflake_banking' retrieved from /opt/airflow/dags/minio_to_snowflake.py
[2026-07-15T13:07:08.452+0000] {logging_mixin.py:188} INFO - [2026-07-15T13:07:08.451+0000] {dag.py:3089} INFO - Sync 1 DAGs
[2026-07-15T13:07:08.484+0000] {logging_mixin.py:188} INFO - [2026-07-15T13:07:08.483+0000] {dag.py:3947} INFO - Setting next_dagrun for minio_to_snowflake_banking to 2026-07-15 13:06:00+00:00, run_after=2026-07-15 13:07:00+00:00
[2026-07-15T13:07:08.511+0000] {processor.py:183} INFO - Processing /opt/airflow/dags/minio_to_snowflake.py took 0.879 seconds
[2026-07-15T13:07:38.782+0000] {processor.py:161} INFO - Started process (PID=773) to work on /opt/airflow/dags/minio_to_snowflake.py
[2026-07-15T13:07:38.783+0000] {processor.py:830} INFO - Processing file /opt/airflow/dags/minio_to_snowflake.py for tasks to queue
[2026-07-15T13:07:38.786+0000] {logging_mixin.py:188} INFO - [2026-07-15T13:07:38.786+0000] {dagbag.py:545} INFO - Filling up the DagBag from /opt/airflow/dags/minio_to_snowflake.py
[2026-07-15T13:07:39.561+0000] {processor.py:840} INFO - DAG(s) 'minio_to_snowflake_banking' retrieved from /opt/airflow/dags/minio_to_snowflake.py
[2026-07-15T13:07:39.596+0000] {logging_mixin.py:188} INFO - [2026-07-15T13:07:39.595+0000] {dag.py:3089} INFO - Sync 1 DAGs
[2026-07-15T13:07:39.619+0000] {logging_mixin.py:188} INFO - [2026-07-15T13:07:39.618+0000] {dag.py:3947} INFO - Setting next_dagrun for minio_to_snowflake_banking to 2026-07-15 13:06:00+00:00, run_after=2026-07-15 13:07:00+00:00
[2026-07-15T13:07:39.644+0000] {processor.py:183} INFO - Processing /opt/airflow/dags/minio_to_snowflake.py took 0.873 seconds
[2026-07-15T13:08:09.938+0000] {processor.py:161} INFO - Started process (PID=777) to work on /opt/airflow/dags/minio_to_snowflake.py
[2026-07-15T13:08:09.939+0000] {processor.py:830} INFO - Processing file /opt/airflow/dags/minio_to_snowflake.py for tasks to queue
[2026-07-15T13:08:09.941+0000] {logging_mixin.py:188} INFO - [2026-07-15T13:08:09.941+0000] {dagbag.py:545} INFO - Filling up the DagBag from /opt/airflow/dags/minio_to_snowflake.py
[2026-07-15T13:08:10.686+0000] {processor.py:840} INFO - DAG(s) 'minio_to_snowflake_banking' retrieved from /opt/airflow/dags/minio_to_snowflake.py
[2026-07-15T13:08:10.716+0000] {logging_mixin.py:188} INFO - [2026-07-15T13:08:10.716+0000] {dag.py:3089} INFO - Sync 1 DAGs
[2026-07-15T13:08:10.750+0000] {logging_mixin.py:188} INFO - [2026-07-15T13:08:10.748+0000] {dag.py:3947} INFO - Setting next_dagrun for minio_to_snowflake_banking to 2026-07-15 13:07:00+00:00, run_after=2026-07-15 13:08:00+00:00
[2026-07-15T13:08:10.787+0000] {processor.py:183} INFO - Processing /opt/airflow/dags/minio_to_snowflake.py took 0.857 seconds
[2026-07-15T13:08:41.079+0000] {processor.py:161} INFO - Started process (PID=781) to work on /opt/airflow/dags/minio_to_snowflake.py
[2026-07-15T13:08:41.080+0000] {processor.py:830} INFO - Processing file /opt/airflow/dags/minio_to_snowflake.py for tasks to queue
[2026-07-15T13:08:41.083+0000] {logging_mixin.py:188} INFO - [2026-07-15T13:08:41.082+0000] {dagbag.py:545} INFO - Filling up the DagBag from /opt/airflow/dags/minio_to_snowflake.py
[2026-07-15T13:08:41.891+0000] {processor.py:840} INFO - DAG(s) 'minio_to_snowflake_banking' retrieved from /opt/airflow/dags/minio_to_snowflake.py
[2026-07-15T13:08:41.920+0000] {logging_mixin.py:188} INFO - [2026-07-15T13:08:41.919+0000] {dag.py:3089} INFO - Sync 1 DAGs
[2026-07-15T13:08:41.943+0000] {logging_mixin.py:188} INFO - [2026-07-15T13:08:41.943+0000] {dag.py:3947} INFO - Setting next_dagrun for minio_to_snowflake_banking to 2026-07-15 13:07:00+00:00, run_after=2026-07-15 13:08:00+00:00
[2026-07-15T13:08:41.963+0000] {processor.py:183} INFO - Processing /opt/airflow/dags/minio_to_snowflake.py took 0.894 seconds
[2026-07-15T13:09:12.266+0000] {processor.py:161} INFO - Started process (PID=785) to work on /opt/airflow/dags/minio_to_snowflake.py
[2026-07-15T13:09:12.268+0000] {processor.py:830} INFO - Processing file /opt/airflow/dags/minio_to_snowflake.py for tasks to queue
[2026-07-15T13:09:12.271+0000] {logging_mixin.py:188} INFO - [2026-07-15T13:09:12.271+0000] {dagbag.py:545} INFO - Filling up the DagBag from /opt/airflow/dags/minio_to_snowflake.py
[2026-07-15T13:09:13.038+0000] {processor.py:840} INFO - DAG(s) 'minio_to_snowflake_banking' retrieved from /opt/airflow/dags/minio_to_snowflake.py
[2026-07-15T13:09:13.069+0000] {logging_mixin.py:188} INFO - [2026-07-15T13:09:13.069+0000] {dag.py:3089} INFO - Sync 1 DAGs
[2026-07-15T13:09:13.092+0000] {logging_mixin.py:188} INFO - [2026-07-15T13:09:13.092+0000] {dag.py:3947} INFO - Setting next_dagrun for minio_to_snowflake_banking to 2026-07-15 13:08:00+00:00, run_after=2026-07-15 13:09:00+00:00
[2026-07-15T13:09:13.112+0000] {processor.py:183} INFO - Processing /opt/airflow/dags/minio_to_snowflake.py took 0.854 seconds
[2026-07-15T13:09:43.385+0000] {processor.py:161} INFO - Started process (PID=789) to work on /opt/airflow/dags/minio_to_snowflake.py
[2026-07-15T13:09:43.388+0000] {processor.py:830} INFO - Processing file /opt/airflow/dags/minio_to_snowflake.py for tasks to queue
[2026-07-15T13:09:43.390+0000] {logging_mixin.py:188} INFO - [2026-07-15T13:09:43.390+0000] {dagbag.py:545} INFO - Filling up the DagBag from /opt/airflow/dags/minio_to_snowflake.py
[2026-07-15T13:09:44.120+0000] {processor.py:840} INFO - DAG(s) 'minio_to_snowflake_banking' retrieved from /opt/airflow/dags/minio_to_snowflake.py
[2026-07-15T13:09:44.151+0000] {logging_mixin.py:188} INFO - [2026-07-15T13:09:44.151+0000] {dag.py:3089} INFO - Sync 1 DAGs
[2026-07-15T13:09:44.172+0000] {logging_mixin.py:188} INFO - [2026-07-15T13:09:44.172+0000] {dag.py:3947} INFO - Setting next_dagrun for minio_to_snowflake_banking to 2026-07-15 13:08:00+00:00, run_after=2026-07-15 13:09:00+00:00
[2026-07-15T13:09:44.191+0000] {processor.py:183} INFO - Processing /opt/airflow/dags/minio_to_snowflake.py took 0.815 seconds
[2026-07-15T13:10:14.420+0000] {processor.py:161} INFO - Started process (PID=793) to work on /opt/airflow/dags/minio_to_snowflake.py
[2026-07-15T13:10:14.422+0000] {processor.py:830} INFO - Processing file /opt/airflow/dags/minio_to_snowflake.py for tasks to queue
[2026-07-15T13:10:14.424+0000] {logging_mixin.py:188} INFO - [2026-07-15T13:10:14.423+0000] {dagbag.py:545} INFO - Filling up the DagBag from /opt/airflow/dags/minio_to_snowflake.py
[2026-07-15T13:10:15.181+0000] {processor.py:840} INFO - DAG(s) 'minio_to_snowflake_banking' retrieved from /opt/airflow/dags/minio_to_snowflake.py
[2026-07-15T13:10:15.209+0000] {logging_mixin.py:188} INFO - [2026-07-15T13:10:15.209+0000] {dag.py:3089} INFO - Sync 1 DAGs
[2026-07-15T13:10:15.232+0000] {logging_mixin.py:188} INFO - [2026-07-15T13:10:15.231+0000] {dag.py:3947} INFO - Setting next_dagrun for minio_to_snowflake_banking to 2026-07-15 13:09:00+00:00, run_after=2026-07-15 13:10:00+00:00
[2026-07-15T13:10:15.252+0000] {processor.py:183} INFO - Processing /opt/airflow/dags/minio_to_snowflake.py took 0.840 seconds
[2026-07-15T13:10:45.512+0000] {processor.py:161} INFO - Started process (PID=797) to work on /opt/airflow/dags/minio_to_snowflake.py
[2026-07-15T13:10:45.513+0000] {processor.py:830} INFO - Processing file /opt/airflow/dags/minio_to_snowflake.py for tasks to queue
[2026-07-15T13:10:45.516+0000] {logging_mixin.py:188} INFO - [2026-07-15T13:10:45.515+0000] {dagbag.py:545} INFO - Filling up the DagBag from /opt/airflow/dags/minio_to_snowflake.py
[2026-07-15T13:10:46.278+0000] {processor.py:840} INFO - DAG(s) 'minio_to_snowflake_banking' retrieved from /opt/airflow/dags/minio_to_snowflake.py
[2026-07-15T13:10:46.307+0000] {logging_mixin.py:188} INFO - [2026-07-15T13:10:46.306+0000] {dag.py:3089} INFO - Sync 1 DAGs
[2026-07-15T13:10:46.329+0000] {logging_mixin.py:188} INFO - [2026-07-15T13:10:46.328+0000] {dag.py:3947} INFO - Setting next_dagrun for minio_to_snowflake_banking to 2026-07-15 13:09:00+00:00, run_after=2026-07-15 13:10:00+00:00
[2026-07-15T13:10:46.348+0000] {processor.py:183} INFO - Processing /opt/airflow/dags/minio_to_snowflake.py took 0.847 seconds
[2026-07-15T13:11:16.468+0000] {processor.py:161} INFO - Started process (PID=801) to work on /opt/airflow/dags/minio_to_snowflake.py
[2026-07-15T13:11:16.470+0000] {processor.py:830} INFO - Processing file /opt/airflow/dags/minio_to_snowflake.py for tasks to queue
[2026-07-15T13:11:16.472+0000] {logging_mixin.py:188} INFO - [2026-07-15T13:11:16.472+0000] {dagbag.py:545} INFO - Filling up the DagBag from /opt/airflow/dags/minio_to_snowflake.py
[2026-07-15T13:11:17.206+0000] {processor.py:840} INFO - DAG(s) 'minio_to_snowflake_banking' retrieved from /opt/airflow/dags/minio_to_snowflake.py
[2026-07-15T13:11:17.238+0000] {logging_mixin.py:188} INFO - [2026-07-15T13:11:17.238+0000] {dag.py:3089} INFO - Sync 1 DAGs
[2026-07-15T13:11:17.262+0000] {logging_mixin.py:188} INFO - [2026-07-15T13:11:17.262+0000] {dag.py:3947} INFO - Setting next_dagrun for minio_to_snowflake_banking to 2026-07-15 13:10:00+00:00, run_after=2026-07-15 13:11:00+00:00
[2026-07-15T13:11:17.282+0000] {processor.py:183} INFO - Processing /opt/airflow/dags/minio_to_snowflake.py took 0.822 seconds
[2026-07-15T13:11:47.576+0000] {processor.py:161} INFO - Started process (PID=805) to work on /opt/airflow/dags/minio_to_snowflake.py
[2026-07-15T13:11:47.578+0000] {processor.py:830} INFO - Processing file /opt/airflow/dags/minio_to_snowflake.py for tasks to queue
[2026-07-15T13:11:47.580+0000] {logging_mixin.py:188} INFO - [2026-07-15T13:11:47.580+0000] {dagbag.py:545} INFO - Filling up the DagBag from /opt/airflow/dags/minio_to_snowflake.py
[2026-07-15T13:11:48.306+0000] {processor.py:840} INFO - DAG(s) 'minio_to_snowflake_banking' retrieved from /opt/airflow/dags/minio_to_snowflake.py
[2026-07-15T13:11:48.343+0000] {logging_mixin.py:188} INFO - [2026-07-15T13:11:48.342+0000] {dag.py:3089} INFO - Sync 1 DAGs
[2026-07-15T13:11:48.371+0000] {logging_mixin.py:188} INFO - [2026-07-15T13:11:48.371+0000] {dag.py:3947} INFO - Setting next_dagrun for minio_to_snowflake_banking to 2026-07-15 13:10:00+00:00, run_after=2026-07-15 13:11:00+00:00
[2026-07-15T13:11:48.398+0000] {processor.py:183} INFO - Processing /opt/airflow/dags/minio_to_snowflake.py took 0.831 seconds
[2026-07-15T13:12:18.651+0000] {processor.py:161} INFO - Started process (PID=809) to work on /opt/airflow/dags/minio_to_snowflake.py
[2026-07-15T13:12:18.653+0000] {processor.py:830} INFO - Processing file /opt/airflow/dags/minio_to_snowflake.py for tasks to queue
[2026-07-15T13:12:18.656+0000] {logging_mixin.py:188} INFO - [2026-07-15T13:12:18.655+0000] {dagbag.py:545} INFO - Filling up the DagBag from /opt/airflow/dags/minio_to_snowflake.py
[2026-07-15T13:12:19.523+0000] {processor.py:840} INFO - DAG(s) 'minio_to_snowflake_banking' retrieved from /opt/airflow/dags/minio_to_snowflake.py
[2026-07-15T13:12:19.555+0000] {logging_mixin.py:188} INFO - [2026-07-15T13:12:19.554+0000] {dag.py:3089} INFO - Sync 1 DAGs
[2026-07-15T13:12:19.578+0000] {logging_mixin.py:188} INFO - [2026-07-15T13:12:19.577+0000] {dag.py:3947} INFO - Setting next_dagrun for minio_to_snowflake_banking to 2026-07-15 13:11:00+00:00, run_after=2026-07-15 13:12:00+00:00
[2026-07-15T13:12:19.599+0000] {processor.py:183} INFO - Processing /opt/airflow/dags/minio_to_snowflake.py took 0.959 seconds
[2026-07-15T13:12:49.875+0000] {processor.py:161} INFO - Started process (PID=813) to work on /opt/airflow/dags/minio_to_snowflake.py
[2026-07-15T13:12:49.877+0000] {processor.py:830} INFO - Processing file /opt/airflow/dags/minio_to_snowflake.py for tasks to queue
[2026-07-15T13:12:49.879+0000] {logging_mixin.py:188} INFO - [2026-07-15T13:12:49.879+0000] {dagbag.py:545} INFO - Filling up the DagBag from /opt/airflow/dags/minio_to_snowflake.py
[2026-07-15T13:12:50.708+0000] {processor.py:840} INFO - DAG(s) 'minio_to_snowflake_banking' retrieved from /opt/airflow/dags/minio_to_snowflake.py
[2026-07-15T13:12:50.738+0000] {logging_mixin.py:188} INFO - [2026-07-15T13:12:50.737+0000] {dag.py:3089} INFO - Sync 1 DAGs
[2026-07-15T13:12:50.760+0000] {logging_mixin.py:188} INFO - [2026-07-15T13:12:50.760+0000] {dag.py:3947} INFO - Setting next_dagrun for minio_to_snowflake_banking to 2026-07-15 13:11:00+00:00, run_after=2026-07-15 13:12:00+00:00
[2026-07-15T13:12:50.782+0000] {processor.py:183} INFO - Processing /opt/airflow/dags/minio_to_snowflake.py took 0.917 seconds
[2026-07-15T13:13:21.084+0000] {processor.py:161} INFO - Started process (PID=817) to work on /opt/airflow/dags/minio_to_snowflake.py
[2026-07-15T13:13:21.086+0000] {processor.py:830} INFO - Processing file /opt/airflow/dags/minio_to_snowflake.py for tasks to queue
[2026-07-15T13:13:21.089+0000] {logging_mixin.py:188} INFO - [2026-07-15T13:13:21.088+0000] {dagbag.py:545} INFO - Filling up the DagBag from /opt/airflow/dags/minio_to_snowflake.py
[2026-07-15T13:13:21.945+0000] {processor.py:840} INFO - DAG(s) 'minio_to_snowflake_banking' retrieved from /opt/airflow/dags/minio_to_snowflake.py
[2026-07-15T13:13:21.975+0000] {logging_mixin.py:188} INFO - [2026-07-15T13:13:21.975+0000] {dag.py:3089} INFO - Sync 1 DAGs
[2026-07-15T13:13:21.997+0000] {logging_mixin.py:188} INFO - [2026-07-15T13:13:21.997+0000] {dag.py:3947} INFO - Setting next_dagrun for minio_to_snowflake_banking to 2026-07-15 13:12:00+00:00, run_after=2026-07-15 13:13:00+00:00
[2026-07-15T13:13:22.019+0000] {processor.py:183} INFO - Processing /opt/airflow/dags/minio_to_snowflake.py took 0.947 seconds
[2026-07-15T13:13:52.251+0000] {processor.py:161} INFO - Started process (PID=821) to work on /opt/airflow/dags/minio_to_snowflake.py
[2026-07-15T13:13:52.253+0000] {processor.py:830} INFO - Processing file /opt/airflow/dags/minio_to_snowflake.py for tasks to queue
[2026-07-15T13:13:52.255+0000] {logging_mixin.py:188} INFO - [2026-07-15T13:13:52.255+0000] {dagbag.py:545} INFO - Filling up the DagBag from /opt/airflow/dags/minio_to_snowflake.py
[2026-07-15T13:13:53.021+0000] {processor.py:840} INFO - DAG(s) 'minio_to_snowflake_banking' retrieved from /opt/airflow/dags/minio_to_snowflake.py
[2026-07-15T13:13:53.050+0000] {logging_mixin.py:188} INFO - [2026-07-15T13:13:53.050+0000] {dag.py:3089} INFO - Sync 1 DAGs
[2026-07-15T13:13:53.073+0000] {logging_mixin.py:188} INFO - [2026-07-15T13:13:53.073+0000] {dag.py:3947} INFO - Setting next_dagrun for minio_to_snowflake_banking to 2026-07-15 13:12:00+00:00, run_after=2026-07-15 13:13:00+00:00
[2026-07-15T13:13:53.095+0000] {processor.py:183} INFO - Processing /opt/airflow/dags/minio_to_snowflake.py took 0.851 seconds
[2026-07-15T13:14:23.326+0000] {processor.py:161} INFO - Started process (PID=825) to work on /opt/airflow/dags/minio_to_snowflake.py
[2026-07-15T13:14:23.328+0000] {processor.py:830} INFO - Processing file /opt/airflow/dags/minio_to_snowflake.py for tasks to queue
[2026-07-15T13:14:23.330+0000] {logging_mixin.py:188} INFO - [2026-07-15T13:14:23.330+0000] {dagbag.py:545} INFO - Filling up the DagBag from /opt/airflow/dags/minio_to_snowflake.py
[2026-07-15T13:14:24.089+0000] {processor.py:840} INFO - DAG(s) 'minio_to_snowflake_banking' retrieved from /opt/airflow/dags/minio_to_snowflake.py
[2026-07-15T13:14:24.120+0000] {logging_mixin.py:188} INFO - [2026-07-15T13:14:24.119+0000] {dag.py:3089} INFO - Sync 1 DAGs
[2026-07-15T13:14:24.141+0000] {logging_mixin.py:188} INFO - [2026-07-15T13:14:24.141+0000] {dag.py:3947} INFO - Setting next_dagrun for minio_to_snowflake_banking to 2026-07-15 13:13:00+00:00, run_after=2026-07-15 13:14:00+00:00
[2026-07-15T13:14:24.162+0000] {processor.py:183} INFO - Processing /opt/airflow/dags/minio_to_snowflake.py took 0.844 seconds
[2026-07-15T13:14:54.467+0000] {processor.py:161} INFO - Started process (PID=829) to work on /opt/airflow/dags/minio_to_snowflake.py
[2026-07-15T13:14:54.469+0000] {processor.py:830} INFO - Processing file /opt/airflow/dags/minio_to_snowflake.py for tasks to queue
[2026-07-15T13:14:54.471+0000] {logging_mixin.py:188} INFO - [2026-07-15T13:14:54.470+0000] {dagbag.py:545} INFO - Filling up the DagBag from /opt/airflow/dags/minio_to_snowflake.py
[2026-07-15T13:14:55.231+0000] {processor.py:840} INFO - DAG(s) 'minio_to_snowflake_banking' retrieved from /opt/airflow/dags/minio_to_snowflake.py
[2026-07-15T13:14:55.258+0000] {logging_mixin.py:188} INFO - [2026-07-15T13:14:55.258+0000] {dag.py:3089} INFO - Sync 1 DAGs
[2026-07-15T13:14:55.283+0000] {logging_mixin.py:188} INFO - [2026-07-15T13:14:55.283+0000] {dag.py:3947} INFO - Setting next_dagrun for minio_to_snowflake_banking to 2026-07-15 13:13:00+00:00, run_after=2026-07-15 13:14:00+00:00
[2026-07-15T13:14:55.304+0000] {processor.py:183} INFO - Processing /opt/airflow/dags/minio_to_snowflake.py took 0.845 seconds
[2026-07-15T13:15:25.567+0000] {processor.py:161} INFO - Started process (PID=833) to work on /opt/airflow/dags/minio_to_snowflake.py
[2026-07-15T13:15:25.569+0000] {processor.py:830} INFO - Processing file /opt/airflow/dags/minio_to_snowflake.py for tasks to queue
[2026-07-15T13:15:25.573+0000] {logging_mixin.py:188} INFO - [2026-07-15T13:15:25.573+0000] {dagbag.py:545} INFO - Filling up the DagBag from /opt/airflow/dags/minio_to_snowflake.py
[2026-07-15T13:15:26.436+0000] {processor.py:840} INFO - DAG(s) 'minio_to_snowflake_banking' retrieved from /opt/airflow/dags/minio_to_snowflake.py
[2026-07-15T13:15:26.465+0000] {logging_mixin.py:188} INFO - [2026-07-15T13:15:26.464+0000] {dag.py:3089} INFO - Sync 1 DAGs
[2026-07-15T13:15:26.487+0000] {logging_mixin.py:188} INFO - [2026-07-15T13:15:26.487+0000] {dag.py:3947} INFO - Setting next_dagrun for minio_to_snowflake_banking to 2026-07-15 13:14:00+00:00, run_after=2026-07-15 13:15:00+00:00
[2026-07-15T13:15:26.507+0000] {processor.py:183} INFO - Processing /opt/airflow/dags/minio_to_snowflake.py took 0.951 seconds
[2026-07-15T13:15:56.797+0000] {processor.py:161} INFO - Started process (PID=837) to work on /opt/airflow/dags/minio_to_snowflake.py
[2026-07-15T13:15:56.798+0000] {processor.py:830} INFO - Processing file /opt/airflow/dags/minio_to_snowflake.py for tasks to queue
[2026-07-15T13:15:56.801+0000] {logging_mixin.py:188} INFO - [2026-07-15T13:15:56.801+0000] {dagbag.py:545} INFO - Filling up the DagBag from /opt/airflow/dags/minio_to_snowflake.py
[2026-07-15T13:15:57.538+0000] {processor.py:840} INFO - DAG(s) 'minio_to_snowflake_banking' retrieved from /opt/airflow/dags/minio_to_snowflake.py
[2026-07-15T13:15:57.567+0000] {logging_mixin.py:188} INFO - [2026-07-15T13:15:57.567+0000] {dag.py:3089} INFO - Sync 1 DAGs
[2026-07-15T13:15:57.587+0000] {logging_mixin.py:188} INFO - [2026-07-15T13:15:57.587+0000] {dag.py:3947} INFO - Setting next_dagrun for minio_to_snowflake_banking to 2026-07-15 13:14:00+00:00, run_after=2026-07-15 13:15:00+00:00
[2026-07-15T13:15:57.610+0000] {processor.py:183} INFO - Processing /opt/airflow/dags/minio_to_snowflake.py took 0.820 seconds
[2026-07-15T13:16:27.746+0000] {processor.py:161} INFO - Started process (PID=841) to work on /opt/airflow/dags/minio_to_snowflake.py
[2026-07-15T13:16:27.748+0000] {processor.py:830} INFO - Processing file /opt/airflow/dags/minio_to_snowflake.py for tasks to queue
[2026-07-15T13:16:27.751+0000] {logging_mixin.py:188} INFO - [2026-07-15T13:16:27.751+0000] {dagbag.py:545} INFO - Filling up the DagBag from /opt/airflow/dags/minio_to_snowflake.py
[2026-07-15T13:16:28.469+0000] {processor.py:840} INFO - DAG(s) 'minio_to_snowflake_banking' retrieved from /opt/airflow/dags/minio_to_snowflake.py
[2026-07-15T13:16:28.499+0000] {logging_mixin.py:188} INFO - [2026-07-15T13:16:28.498+0000] {dag.py:3089} INFO - Sync 1 DAGs
[2026-07-15T13:16:28.520+0000] {logging_mixin.py:188} INFO - [2026-07-15T13:16:28.520+0000] {dag.py:3947} INFO - Setting next_dagrun for minio_to_snowflake_banking to 2026-07-15 13:15:00+00:00, run_after=2026-07-15 13:16:00+00:00
[2026-07-15T13:16:28.541+0000] {processor.py:183} INFO - Processing /opt/airflow/dags/minio_to_snowflake.py took 0.803 seconds
[2026-07-15T13:16:58.821+0000] {processor.py:161} INFO - Started process (PID=845) to work on /opt/airflow/dags/minio_to_snowflake.py
[2026-07-15T13:16:58.822+0000] {processor.py:830} INFO - Processing file /opt/airflow/dags/minio_to_snowflake.py for tasks to queue
[2026-07-15T13:16:58.824+0000] {logging_mixin.py:188} INFO - [2026-07-15T13:16:58.824+0000] {dagbag.py:545} INFO - Filling up the DagBag from /opt/airflow/dags/minio_to_snowflake.py
[2026-07-15T13:16:59.830+0000] {processor.py:840} INFO - DAG(s) 'minio_to_snowflake_banking' retrieved from /opt/airflow/dags/minio_to_snowflake.py
[2026-07-15T13:16:59.858+0000] {logging_mixin.py:188} INFO - [2026-07-15T13:16:59.858+0000] {dag.py:3089} INFO - Sync 1 DAGs
[2026-07-15T13:16:59.880+0000] {logging_mixin.py:188} INFO - [2026-07-15T13:16:59.880+0000] {dag.py:3947} INFO - Setting next_dagrun for minio_to_snowflake_banking to 2026-07-15 13:15:00+00:00, run_after=2026-07-15 13:16:00+00:00
[2026-07-15T13:16:59.900+0000] {processor.py:183} INFO - Processing /opt/airflow/dags/minio_to_snowflake.py took 1.087 seconds
[2026-07-15T13:17:30.064+0000] {processor.py:161} INFO - Started process (PID=849) to work on /opt/airflow/dags/minio_to_snowflake.py
[2026-07-15T13:17:30.066+0000] {processor.py:830} INFO - Processing file /opt/airflow/dags/minio_to_snowflake.py for tasks to queue
[2026-07-15T13:17:30.069+0000] {logging_mixin.py:188} INFO - [2026-07-15T13:17:30.068+0000] {dagbag.py:545} INFO - Filling up the DagBag from /opt/airflow/dags/minio_to_snowflake.py
[2026-07-15T13:17:30.859+0000] {processor.py:840} INFO - DAG(s) 'minio_to_snowflake_banking' retrieved from /opt/airflow/dags/minio_to_snowflake.py
[2026-07-15T13:17:30.890+0000] {logging_mixin.py:188} INFO - [2026-07-15T13:17:30.889+0000] {dag.py:3089} INFO - Sync 1 DAGs
[2026-07-15T13:17:30.919+0000] {logging_mixin.py:188} INFO - [2026-07-15T13:17:30.919+0000] {dag.py:3947} INFO - Setting next_dagrun for minio_to_snowflake_banking to 2026-07-15 13:16:00+00:00, run_after=2026-07-15 13:17:00+00:00
[2026-07-15T13:17:30.948+0000] {processor.py:183} INFO - Processing /opt/airflow/dags/minio_to_snowflake.py took 0.892 seconds
[2026-07-15T13:18:01.210+0000] {processor.py:161} INFO - Started process (PID=853) to work on /opt/airflow/dags/minio_to_snowflake.py
[2026-07-15T13:18:01.212+0000] {processor.py:830} INFO - Processing file /opt/airflow/dags/minio_to_snowflake.py for tasks to queue
[2026-07-15T13:18:01.214+0000] {logging_mixin.py:188} INFO - [2026-07-15T13:18:01.214+0000] {dagbag.py:545} INFO - Filling up the DagBag from /opt/airflow/dags/minio_to_snowflake.py
[2026-07-15T13:18:02.021+0000] {processor.py:840} INFO - DAG(s) 'minio_to_snowflake_banking' retrieved from /opt/airflow/dags/minio_to_snowflake.py
[2026-07-15T13:18:02.051+0000] {logging_mixin.py:188} INFO - [2026-07-15T13:18:02.050+0000] {dag.py:3089} INFO - Sync 1 DAGs
[2026-07-15T13:18:02.072+0000] {logging_mixin.py:188} INFO - [2026-07-15T13:18:02.071+0000] {dag.py:3947} INFO - Setting next_dagrun for minio_to_snowflake_banking to 2026-07-15 13:17:00+00:00, run_after=2026-07-15 13:18:00+00:00
[2026-07-15T13:18:02.091+0000] {processor.py:183} INFO - Processing /opt/airflow/dags/minio_to_snowflake.py took 0.889 seconds
[2026-07-15T13:18:32.349+0000] {processor.py:161} INFO - Started process (PID=857) to work on /opt/airflow/dags/minio_to_snowflake.py
[2026-07-15T13:18:32.351+0000] {processor.py:830} INFO - Processing file /opt/airflow/dags/minio_to_snowflake.py for tasks to queue
[2026-07-15T13:18:32.353+0000] {logging_mixin.py:188} INFO - [2026-07-15T13:18:32.353+0000] {dagbag.py:545} INFO - Filling up the DagBag from /opt/airflow/dags/minio_to_snowflake.py
[2026-07-15T13:18:33.141+0000] {processor.py:840} INFO - DAG(s) 'minio_to_snowflake_banking' retrieved from /opt/airflow/dags/minio_to_snowflake.py
[2026-07-15T13:18:33.169+0000] {logging_mixin.py:188} INFO - [2026-07-15T13:18:33.168+0000] {dag.py:3089} INFO - Sync 1 DAGs
[2026-07-15T13:18:33.191+0000] {logging_mixin.py:188} INFO - [2026-07-15T13:18:33.191+0000] {dag.py:3947} INFO - Setting next_dagrun for minio_to_snowflake_banking to 2026-07-15 13:17:00+00:00, run_after=2026-07-15 13:18:00+00:00
[2026-07-15T13:18:33.210+0000] {processor.py:183} INFO - Processing /opt/airflow/dags/minio_to_snowflake.py took 0.868 seconds
[2026-07-15T13:19:03.480+0000] {processor.py:161} INFO - Started process (PID=861) to work on /opt/airflow/dags/minio_to_snowflake.py
[2026-07-15T13:19:03.481+0000] {processor.py:830} INFO - Processing file /opt/airflow/dags/minio_to_snowflake.py for tasks to queue
[2026-07-15T13:19:03.484+0000] {logging_mixin.py:188} INFO - [2026-07-15T13:19:03.483+0000] {dagbag.py:545} INFO - Filling up the DagBag from /opt/airflow/dags/minio_to_snowflake.py
[2026-07-15T13:19:04.216+0000] {processor.py:840} INFO - DAG(s) 'minio_to_snowflake_banking' retrieved from /opt/airflow/dags/minio_to_snowflake.py
[2026-07-15T13:19:04.243+0000] {logging_mixin.py:188} INFO - [2026-07-15T13:19:04.243+0000] {dag.py:3089} INFO - Sync 1 DAGs
[2026-07-15T13:19:04.265+0000] {logging_mixin.py:188} INFO - [2026-07-15T13:19:04.265+0000] {dag.py:3947} INFO - Setting next_dagrun for minio_to_snowflake_banking to 2026-07-15 13:18:00+00:00, run_after=2026-07-15 13:19:00+00:00
[2026-07-15T13:19:04.287+0000] {processor.py:183} INFO - Processing /opt/airflow/dags/minio_to_snowflake.py took 0.816 seconds
[2026-07-15T13:19:34.578+0000] {processor.py:161} INFO - Started process (PID=865) to work on /opt/airflow/dags/minio_to_snowflake.py
[2026-07-15T13:19:34.579+0000] {processor.py:830} INFO - Processing file /opt/airflow/dags/minio_to_snowflake.py for tasks to queue
[2026-07-15T13:19:34.583+0000] {logging_mixin.py:188} INFO - [2026-07-15T13:19:34.582+0000] {dagbag.py:545} INFO - Filling up the DagBag from /opt/airflow/dags/minio_to_snowflake.py
[2026-07-15T13:19:35.331+0000] {processor.py:840} INFO - DAG(s) 'minio_to_snowflake_banking' retrieved from /opt/airflow/dags/minio_to_snowflake.py
[2026-07-15T13:19:35.358+0000] {logging_mixin.py:188} INFO - [2026-07-15T13:19:35.358+0000] {dag.py:3089} INFO - Sync 1 DAGs
[2026-07-15T13:19:35.381+0000] {logging_mixin.py:188} INFO - [2026-07-15T13:19:35.381+0000] {dag.py:3947} INFO - Setting next_dagrun for minio_to_snowflake_banking to 2026-07-15 13:18:00+00:00, run_after=2026-07-15 13:19:00+00:00
[2026-07-15T13:19:35.402+0000] {processor.py:183} INFO - Processing /opt/airflow/dags/minio_to_snowflake.py took 0.833 seconds
[2026-07-15T13:20:05.676+0000] {processor.py:161} INFO - Started process (PID=869) to work on /opt/airflow/dags/minio_to_snowflake.py
[2026-07-15T13:20:05.678+0000] {processor.py:830} INFO - Processing file /opt/airflow/dags/minio_to_snowflake.py for tasks to queue
[2026-07-15T13:20:05.680+0000] {logging_mixin.py:188} INFO - [2026-07-15T13:20:05.680+0000] {dagbag.py:545} INFO - Filling up the DagBag from /opt/airflow/dags/minio_to_snowflake.py
[2026-07-15T13:20:06.420+0000] {processor.py:840} INFO - DAG(s) 'minio_to_snowflake_banking' retrieved from /opt/airflow/dags/minio_to_snowflake.py
[2026-07-15T13:20:06.450+0000] {logging_mixin.py:188} INFO - [2026-07-15T13:20:06.450+0000] {dag.py:3089} INFO - Sync 1 DAGs
[2026-07-15T13:20:06.476+0000] {logging_mixin.py:188} INFO - [2026-07-15T13:20:06.475+0000] {dag.py:3947} INFO - Setting next_dagrun for minio_to_snowflake_banking to 2026-07-15 13:19:00+00:00, run_after=2026-07-15 13:20:00+00:00
[2026-07-15T13:20:06.503+0000] {processor.py:183} INFO - Processing /opt/airflow/dags/minio_to_snowflake.py took 0.834 seconds
[2026-07-15T13:20:36.824+0000] {processor.py:161} INFO - Started process (PID=873) to work on /opt/airflow/dags/minio_to_snowflake.py
[2026-07-15T13:20:36.826+0000] {processor.py:830} INFO - Processing file /opt/airflow/dags/minio_to_snowflake.py for tasks to queue
[2026-07-15T13:20:36.830+0000] {logging_mixin.py:188} INFO - [2026-07-15T13:20:36.829+0000] {dagbag.py:545} INFO - Filling up the DagBag from /opt/airflow/dags/minio_to_snowflake.py
[2026-07-15T13:20:37.616+0000] {processor.py:840} INFO - DAG(s) 'minio_to_snowflake_banking' retrieved from /opt/airflow/dags/minio_to_snowflake.py
[2026-07-15T13:20:37.651+0000] {logging_mixin.py:188} INFO - [2026-07-15T13:20:37.650+0000] {dag.py:3089} INFO - Sync 1 DAGs
[2026-07-15T13:20:37.673+0000] {logging_mixin.py:188} INFO - [2026-07-15T13:20:37.673+0000] {dag.py:3947} INFO - Setting next_dagrun for minio_to_snowflake_banking to 2026-07-15 13:19:00+00:00, run_after=2026-07-15 13:20:00+00:00
[2026-07-15T13:20:37.695+0000] {processor.py:183} INFO - Processing /opt/airflow/dags/minio_to_snowflake.py took 0.883 seconds
[2026-07-15T13:21:07.967+0000] {processor.py:161} INFO - Started process (PID=877) to work on /opt/airflow/dags/minio_to_snowflake.py
[2026-07-15T13:21:07.968+0000] {processor.py:830} INFO - Processing file /opt/airflow/dags/minio_to_snowflake.py for tasks to queue
[2026-07-15T13:21:07.971+0000] {logging_mixin.py:188} INFO - [2026-07-15T13:21:07.970+0000] {dagbag.py:545} INFO - Filling up the DagBag from /opt/airflow/dags/minio_to_snowflake.py
[2026-07-15T13:21:08.757+0000] {processor.py:840} INFO - DAG(s) 'minio_to_snowflake_banking' retrieved from /opt/airflow/dags/minio_to_snowflake.py
[2026-07-15T13:21:08.785+0000] {logging_mixin.py:188} INFO - [2026-07-15T13:21:08.785+0000] {dag.py:3089} INFO - Sync 1 DAGs
[2026-07-15T13:21:08.808+0000] {logging_mixin.py:188} INFO - [2026-07-15T13:21:08.808+0000] {dag.py:3947} INFO - Setting next_dagrun for minio_to_snowflake_banking to 2026-07-15 13:20:00+00:00, run_after=2026-07-15 13:21:00+00:00
[2026-07-15T13:21:08.829+0000] {processor.py:183} INFO - Processing /opt/airflow/dags/minio_to_snowflake.py took 0.871 seconds
[2026-07-15T13:21:39.082+0000] {processor.py:161} INFO - Started process (PID=881) to work on /opt/airflow/dags/minio_to_snowflake.py
[2026-07-15T13:21:39.084+0000] {processor.py:830} INFO - Processing file /opt/airflow/dags/minio_to_snowflake.py for tasks to queue
[2026-07-15T13:21:39.086+0000] {logging_mixin.py:188} INFO - [2026-07-15T13:21:39.085+0000] {dagbag.py:545} INFO - Filling up the DagBag from /opt/airflow/dags/minio_to_snowflake.py
[2026-07-15T13:21:39.971+0000] {processor.py:840} INFO - DAG(s) 'minio_to_snowflake_banking' retrieved from /opt/airflow/dags/minio_to_snowflake.py
[2026-07-15T13:21:40.002+0000] {logging_mixin.py:188} INFO - [2026-07-15T13:21:40.002+0000] {dag.py:3089} INFO - Sync 1 DAGs
[2026-07-15T13:21:40.025+0000] {logging_mixin.py:188} INFO - [2026-07-15T13:21:40.025+0000] {dag.py:3947} INFO - Setting next_dagrun for minio_to_snowflake_banking to 2026-07-15 13:20:00+00:00, run_after=2026-07-15 13:21:00+00:00
[2026-07-15T13:21:40.044+0000] {processor.py:183} INFO - Processing /opt/airflow/dags/minio_to_snowflake.py took 0.969 seconds
[2026-07-15T13:22:10.265+0000] {processor.py:161} INFO - Started process (PID=885) to work on /opt/airflow/dags/minio_to_snowflake.py
[2026-07-15T13:22:10.267+0000] {processor.py:830} INFO - Processing file /opt/airflow/dags/minio_to_snowflake.py for tasks to queue
[2026-07-15T13:22:10.269+0000] {logging_mixin.py:188} INFO - [2026-07-15T13:22:10.269+0000] {dagbag.py:545} INFO - Filling up the DagBag from /opt/airflow/dags/minio_to_snowflake.py
[2026-07-15T13:22:11.115+0000] {processor.py:840} INFO - DAG(s) 'minio_to_snowflake_banking' retrieved from /opt/airflow/dags/minio_to_snowflake.py
[2026-07-15T13:22:11.146+0000] {logging_mixin.py:188} INFO - [2026-07-15T13:22:11.146+0000] {dag.py:3089} INFO - Sync 1 DAGs
[2026-07-15T13:22:11.168+0000] {logging_mixin.py:188} INFO - [2026-07-15T13:22:11.167+0000] {dag.py:3947} INFO - Setting next_dagrun for minio_to_snowflake_banking to 2026-07-15 13:21:00+00:00, run_after=2026-07-15 13:22:00+00:00
[2026-07-15T13:22:11.186+0000] {processor.py:183} INFO - Processing /opt/airflow/dags/minio_to_snowflake.py took 0.929 seconds
[2026-07-15T13:22:41.406+0000] {processor.py:161} INFO - Started process (PID=889) to work on /opt/airflow/dags/minio_to_snowflake.py
[2026-07-15T13:22:41.407+0000] {processor.py:830} INFO - Processing file /opt/airflow/dags/minio_to_snowflake.py for tasks to queue
[2026-07-15T13:22:41.410+0000] {logging_mixin.py:188} INFO - [2026-07-15T13:22:41.409+0000] {dagbag.py:545} INFO - Filling up the DagBag from /opt/airflow/dags/minio_to_snowflake.py
[2026-07-15T13:22:42.248+0000] {processor.py:840} INFO - DAG(s) 'minio_to_snowflake_banking' retrieved from /opt/airflow/dags/minio_to_snowflake.py
[2026-07-15T13:22:42.276+0000] {logging_mixin.py:188} INFO - [2026-07-15T13:22:42.276+0000] {dag.py:3089} INFO - Sync 1 DAGs
[2026-07-15T13:22:42.297+0000] {logging_mixin.py:188} INFO - [2026-07-15T13:22:42.297+0000] {dag.py:3947} INFO - Setting next_dagrun for minio_to_snowflake_banking to 2026-07-15 13:21:00+00:00, run_after=2026-07-15 13:22:00+00:00
[2026-07-15T13:22:42.317+0000] {processor.py:183} INFO - Processing /opt/airflow/dags/minio_to_snowflake.py took 0.919 seconds
[2026-07-15T13:23:12.617+0000] {processor.py:161} INFO - Started process (PID=893) to work on /opt/airflow/dags/minio_to_snowflake.py
[2026-07-15T13:23:12.620+0000] {processor.py:830} INFO - Processing file /opt/airflow/dags/minio_to_snowflake.py for tasks to queue
[2026-07-15T13:23:12.622+0000] {logging_mixin.py:188} INFO - [2026-07-15T13:23:12.622+0000] {dagbag.py:545} INFO - Filling up the DagBag from /opt/airflow/dags/minio_to_snowflake.py
[2026-07-15T13:23:13.369+0000] {processor.py:840} INFO - DAG(s) 'minio_to_snowflake_banking' retrieved from /opt/airflow/dags/minio_to_snowflake.py
[2026-07-15T13:23:13.398+0000] {logging_mixin.py:188} INFO - [2026-07-15T13:23:13.398+0000] {dag.py:3089} INFO - Sync 1 DAGs
[2026-07-15T13:23:13.425+0000] {logging_mixin.py:188} INFO - [2026-07-15T13:23:13.424+0000] {dag.py:3947} INFO - Setting next_dagrun for minio_to_snowflake_banking to 2026-07-15 13:22:00+00:00, run_after=2026-07-15 13:23:00+00:00
[2026-07-15T13:23:13.452+0000] {processor.py:183} INFO - Processing /opt/airflow/dags/minio_to_snowflake.py took 0.848 seconds
[2026-07-15T13:23:43.573+0000] {processor.py:161} INFO - Started process (PID=897) to work on /opt/airflow/dags/minio_to_snowflake.py
[2026-07-15T13:23:43.574+0000] {processor.py:830} INFO - Processing file /opt/airflow/dags/minio_to_snowflake.py for tasks to queue
[2026-07-15T13:23:43.577+0000] {logging_mixin.py:188} INFO - [2026-07-15T13:23:43.576+0000] {dagbag.py:545} INFO - Filling up the DagBag from /opt/airflow/dags/minio_to_snowflake.py
[2026-07-15T13:23:44.512+0000] {processor.py:840} INFO - DAG(s) 'minio_to_snowflake_banking' retrieved from /opt/airflow/dags/minio_to_snowflake.py
[2026-07-15T13:23:44.559+0000] {logging_mixin.py:188} INFO - [2026-07-15T13:23:44.558+0000] {dag.py:3089} INFO - Sync 1 DAGs
[2026-07-15T13:23:44.588+0000] {logging_mixin.py:188} INFO - [2026-07-15T13:23:44.588+0000] {dag.py:3947} INFO - Setting next_dagrun for minio_to_snowflake_banking to 2026-07-15 13:22:00+00:00, run_after=2026-07-15 13:23:00+00:00
[2026-07-15T13:23:44.612+0000] {processor.py:183} INFO - Processing /opt/airflow/dags/minio_to_snowflake.py took 1.048 seconds
[2026-07-15T13:24:14.788+0000] {processor.py:161} INFO - Started process (PID=901) to work on /opt/airflow/dags/minio_to_snowflake.py
[2026-07-15T13:24:14.790+0000] {processor.py:830} INFO - Processing file /opt/airflow/dags/minio_to_snowflake.py for tasks to queue
[2026-07-15T13:24:14.792+0000] {logging_mixin.py:188} INFO - [2026-07-15T13:24:14.792+0000] {dagbag.py:545} INFO - Filling up the DagBag from /opt/airflow/dags/minio_to_snowflake.py
[2026-07-15T13:24:15.550+0000] {processor.py:840} INFO - DAG(s) 'minio_to_snowflake_banking' retrieved from /opt/airflow/dags/minio_to_snowflake.py
[2026-07-15T13:24:15.583+0000] {logging_mixin.py:188} INFO - [2026-07-15T13:24:15.582+0000] {dag.py:3089} INFO - Sync 1 DAGs
[2026-07-15T13:24:15.615+0000] {logging_mixin.py:188} INFO - [2026-07-15T13:24:15.615+0000] {dag.py:3947} INFO - Setting next_dagrun for minio_to_snowflake_banking to 2026-07-15 13:23:00+00:00, run_after=2026-07-15 13:24:00+00:00
[2026-07-15T13:24:15.644+0000] {processor.py:183} INFO - Processing /opt/airflow/dags/minio_to_snowflake.py took 0.864 seconds
[2026-07-15T13:24:45.925+0000] {processor.py:161} INFO - Started process (PID=905) to work on /opt/airflow/dags/minio_to_snowflake.py
[2026-07-15T13:24:45.926+0000] {processor.py:830} INFO - Processing file /opt/airflow/dags/minio_to_snowflake.py for tasks to queue
[2026-07-15T13:24:45.929+0000] {logging_mixin.py:188} INFO - [2026-07-15T13:24:45.928+0000] {dagbag.py:545} INFO - Filling up the DagBag from /opt/airflow/dags/minio_to_snowflake.py
[2026-07-15T13:24:46.666+0000] {processor.py:840} INFO - DAG(s) 'minio_to_snowflake_banking' retrieved from /opt/airflow/dags/minio_to_snowflake.py
[2026-07-15T13:24:46.698+0000] {logging_mixin.py:188} INFO - [2026-07-15T13:24:46.698+0000] {dag.py:3089} INFO - Sync 1 DAGs
[2026-07-15T13:24:46.722+0000] {logging_mixin.py:188} INFO - [2026-07-15T13:24:46.722+0000] {dag.py:3947} INFO - Setting next_dagrun for minio_to_snowflake_banking to 2026-07-15 13:23:00+00:00, run_after=2026-07-15 13:24:00+00:00
[2026-07-15T13:24:46.746+0000] {processor.py:183} INFO - Processing /opt/airflow/dags/minio_to_snowflake.py took 0.830 seconds
[2026-07-15T13:25:17.054+0000] {processor.py:161} INFO - Started process (PID=909) to work on /opt/airflow/dags/minio_to_snowflake.py
[2026-07-15T13:25:17.056+0000] {processor.py:830} INFO - Processing file /opt/airflow/dags/minio_to_snowflake.py for tasks to queue
[2026-07-15T13:25:17.058+0000] {logging_mixin.py:188} INFO - [2026-07-15T13:25:17.058+0000] {dagbag.py:545} INFO - Filling up the DagBag from /opt/airflow/dags/minio_to_snowflake.py
[2026-07-15T13:25:17.803+0000] {processor.py:840} INFO - DAG(s) 'minio_to_snowflake_banking' retrieved from /opt/airflow/dags/minio_to_snowflake.py
[2026-07-15T13:25:17.843+0000] {logging_mixin.py:188} INFO - [2026-07-15T13:25:17.842+0000] {dag.py:3089} INFO - Sync 1 DAGs
[2026-07-15T13:25:17.874+0000] {logging_mixin.py:188} INFO - [2026-07-15T13:25:17.874+0000] {dag.py:3947} INFO - Setting next_dagrun for minio_to_snowflake_banking to 2026-07-15 13:24:00+00:00, run_after=2026-07-15 13:25:00+00:00
[2026-07-15T13:25:17.897+0000] {processor.py:183} INFO - Processing /opt/airflow/dags/minio_to_snowflake.py took 0.853 seconds
[2026-07-15T13:25:48.171+0000] {processor.py:161} INFO - Started process (PID=913) to work on /opt/airflow/dags/minio_to_snowflake.py
[2026-07-15T13:25:48.173+0000] {processor.py:830} INFO - Processing file /opt/airflow/dags/minio_to_snowflake.py for tasks to queue
[2026-07-15T13:25:48.175+0000] {logging_mixin.py:188} INFO - [2026-07-15T13:25:48.175+0000] {dagbag.py:545} INFO - Filling up the DagBag from /opt/airflow/dags/minio_to_snowflake.py
[2026-07-15T13:25:48.905+0000] {processor.py:840} INFO - DAG(s) 'minio_to_snowflake_banking' retrieved from /opt/airflow/dags/minio_to_snowflake.py
[2026-07-15T13:25:48.933+0000] {logging_mixin.py:188} INFO - [2026-07-15T13:25:48.932+0000] {dag.py:3089} INFO - Sync 1 DAGs
[2026-07-15T13:25:48.960+0000] {logging_mixin.py:188} INFO - [2026-07-15T13:25:48.960+0000] {dag.py:3947} INFO - Setting next_dagrun for minio_to_snowflake_banking to 2026-07-15 13:24:00+00:00, run_after=2026-07-15 13:25:00+00:00
[2026-07-15T13:25:48.989+0000] {processor.py:183} INFO - Processing /opt/airflow/dags/minio_to_snowflake.py took 0.826 seconds
[2026-07-15T13:26:19.271+0000] {processor.py:161} INFO - Started process (PID=917) to work on /opt/airflow/dags/minio_to_snowflake.py
[2026-07-15T13:26:19.272+0000] {processor.py:830} INFO - Processing file /opt/airflow/dags/minio_to_snowflake.py for tasks to queue
[2026-07-15T13:26:19.275+0000] {logging_mixin.py:188} INFO - [2026-07-15T13:26:19.274+0000] {dagbag.py:545} INFO - Filling up the DagBag from /opt/airflow/dags/minio_to_snowflake.py
[2026-07-15T13:26:20.138+0000] {processor.py:840} INFO - DAG(s) 'minio_to_snowflake_banking' retrieved from /opt/airflow/dags/minio_to_snowflake.py
[2026-07-15T13:26:20.175+0000] {logging_mixin.py:188} INFO - [2026-07-15T13:26:20.174+0000] {dag.py:3089} INFO - Sync 1 DAGs
[2026-07-15T13:26:20.200+0000] {logging_mixin.py:188} INFO - [2026-07-15T13:26:20.199+0000] {dag.py:3947} INFO - Setting next_dagrun for minio_to_snowflake_banking to 2026-07-15 13:25:00+00:00, run_after=2026-07-15 13:26:00+00:00
[2026-07-15T13:26:20.220+0000] {processor.py:183} INFO - Processing /opt/airflow/dags/minio_to_snowflake.py took 0.960 seconds
[2026-07-15T13:26:50.446+0000] {processor.py:161} INFO - Started process (PID=921) to work on /opt/airflow/dags/minio_to_snowflake.py
[2026-07-15T13:26:50.447+0000] {processor.py:830} INFO - Processing file /opt/airflow/dags/minio_to_snowflake.py for tasks to queue
[2026-07-15T13:26:50.449+0000] {logging_mixin.py:188} INFO - [2026-07-15T13:26:50.449+0000] {dagbag.py:545} INFO - Filling up the DagBag from /opt/airflow/dags/minio_to_snowflake.py
[2026-07-15T13:26:51.282+0000] {processor.py:840} INFO - DAG(s) 'minio_to_snowflake_banking' retrieved from /opt/airflow/dags/minio_to_snowflake.py
[2026-07-15T13:26:51.311+0000] {logging_mixin.py:188} INFO - [2026-07-15T13:26:51.311+0000] {dag.py:3089} INFO - Sync 1 DAGs
[2026-07-15T13:26:51.334+0000] {logging_mixin.py:188} INFO - [2026-07-15T13:26:51.334+0000] {dag.py:3947} INFO - Setting next_dagrun for minio_to_snowflake_banking to 2026-07-15 13:25:00+00:00, run_after=2026-07-15 13:26:00+00:00
[2026-07-15T13:26:51.354+0000] {processor.py:183} INFO - Processing /opt/airflow/dags/minio_to_snowflake.py took 0.917 seconds
[2026-07-15T13:27:21.617+0000] {processor.py:161} INFO - Started process (PID=925) to work on /opt/airflow/dags/minio_to_snowflake.py
[2026-07-15T13:27:21.619+0000] {processor.py:830} INFO - Processing file /opt/airflow/dags/minio_to_snowflake.py for tasks to queue
[2026-07-15T13:27:21.621+0000] {logging_mixin.py:188} INFO - [2026-07-15T13:27:21.621+0000] {dagbag.py:545} INFO - Filling up the DagBag from /opt/airflow/dags/minio_to_snowflake.py
[2026-07-15T13:27:22.416+0000] {processor.py:840} INFO - DAG(s) 'minio_to_snowflake_banking' retrieved from /opt/airflow/dags/minio_to_snowflake.py
[2026-07-15T13:27:22.444+0000] {logging_mixin.py:188} INFO - [2026-07-15T13:27:22.444+0000] {dag.py:3089} INFO - Sync 1 DAGs
[2026-07-15T13:27:22.467+0000] {logging_mixin.py:188} INFO - [2026-07-15T13:27:22.467+0000] {dag.py:3947} INFO - Setting next_dagrun for minio_to_snowflake_banking to 2026-07-15 13:26:00+00:00, run_after=2026-07-15 13:27:00+00:00
[2026-07-15T13:27:22.492+0000] {processor.py:183} INFO - Processing /opt/airflow/dags/minio_to_snowflake.py took 0.883 seconds
[2026-07-15T13:27:52.778+0000] {processor.py:161} INFO - Started process (PID=929) to work on /opt/airflow/dags/minio_to_snowflake.py
[2026-07-15T13:27:52.779+0000] {processor.py:830} INFO - Processing file /opt/airflow/dags/minio_to_snowflake.py for tasks to queue
[2026-07-15T13:27:52.781+0000] {logging_mixin.py:188} INFO - [2026-07-15T13:27:52.781+0000] {dagbag.py:545} INFO - Filling up the DagBag from /opt/airflow/dags/minio_to_snowflake.py
[2026-07-15T13:27:53.508+0000] {processor.py:840} INFO - DAG(s) 'minio_to_snowflake_banking' retrieved from /opt/airflow/dags/minio_to_snowflake.py
[2026-07-15T13:27:53.536+0000] {logging_mixin.py:188} INFO - [2026-07-15T13:27:53.535+0000] {dag.py:3089} INFO - Sync 1 DAGs
[2026-07-15T13:27:53.558+0000] {logging_mixin.py:188} INFO - [2026-07-15T13:27:53.558+0000] {dag.py:3947} INFO - Setting next_dagrun for minio_to_snowflake_banking to 2026-07-15 13:26:00+00:00, run_after=2026-07-15 13:27:00+00:00
[2026-07-15T13:27:53.577+0000] {processor.py:183} INFO - Processing /opt/airflow/dags/minio_to_snowflake.py took 0.808 seconds
[2026-07-15T13:28:23.804+0000] {processor.py:161} INFO - Started process (PID=933) to work on /opt/airflow/dags/minio_to_snowflake.py
[2026-07-15T13:28:23.806+0000] {processor.py:830} INFO - Processing file /opt/airflow/dags/minio_to_snowflake.py for tasks to queue
[2026-07-15T13:28:23.808+0000] {logging_mixin.py:188} INFO - [2026-07-15T13:28:23.808+0000] {dagbag.py:545} INFO - Filling up the DagBag from /opt/airflow/dags/minio_to_snowflake.py
[2026-07-15T13:28:24.589+0000] {processor.py:840} INFO - DAG(s) 'minio_to_snowflake_banking' retrieved from /opt/airflow/dags/minio_to_snowflake.py
[2026-07-15T13:28:24.621+0000] {logging_mixin.py:188} INFO - [2026-07-15T13:28:24.621+0000] {dag.py:3089} INFO - Sync 1 DAGs
[2026-07-15T13:28:24.643+0000] {logging_mixin.py:188} INFO - [2026-07-15T13:28:24.643+0000] {dag.py:3947} INFO - Setting next_dagrun for minio_to_snowflake_banking to 2026-07-15 13:27:00+00:00, run_after=2026-07-15 13:28:00+00:00
[2026-07-15T13:28:24.668+0000] {processor.py:183} INFO - Processing /opt/airflow/dags/minio_to_snowflake.py took 0.872 seconds
[2026-07-15T13:28:54.936+0000] {processor.py:161} INFO - Started process (PID=937) to work on /opt/airflow/dags/minio_to_snowflake.py
[2026-07-15T13:28:54.938+0000] {processor.py:830} INFO - Processing file /opt/airflow/dags/minio_to_snowflake.py for tasks to queue
[2026-07-15T13:28:54.941+0000] {logging_mixin.py:188} INFO - [2026-07-15T13:28:54.941+0000] {dagbag.py:545} INFO - Filling up the DagBag from /opt/airflow/dags/minio_to_snowflake.py
[2026-07-15T13:28:55.818+0000] {processor.py:840} INFO - DAG(s) 'minio_to_snowflake_banking' retrieved from /opt/airflow/dags/minio_to_snowflake.py
[2026-07-15T13:28:55.852+0000] {logging_mixin.py:188} INFO - [2026-07-15T13:28:55.852+0000] {dag.py:3089} INFO - Sync 1 DAGs
[2026-07-15T13:28:55.881+0000] {logging_mixin.py:188} INFO - [2026-07-15T13:28:55.880+0000] {dag.py:3947} INFO - Setting next_dagrun for minio_to_snowflake_banking to 2026-07-15 13:27:00+00:00, run_after=2026-07-15 13:28:00+00:00
[2026-07-15T13:28:55.905+0000] {processor.py:183} INFO - Processing /opt/airflow/dags/minio_to_snowflake.py took 0.975 seconds
[2026-07-15T13:29:26.163+0000] {processor.py:161} INFO - Started process (PID=941) to work on /opt/airflow/dags/minio_to_snowflake.py
[2026-07-15T13:29:26.164+0000] {processor.py:830} INFO - Processing file /opt/airflow/dags/minio_to_snowflake.py for tasks to queue
[2026-07-15T13:29:26.167+0000] {logging_mixin.py:188} INFO - [2026-07-15T13:29:26.166+0000] {dagbag.py:545} INFO - Filling up the DagBag from /opt/airflow/dags/minio_to_snowflake.py
[2026-07-15T13:29:26.961+0000] {processor.py:840} INFO - DAG(s) 'minio_to_snowflake_banking' retrieved from /opt/airflow/dags/minio_to_snowflake.py
[2026-07-15T13:29:26.990+0000] {logging_mixin.py:188} INFO - [2026-07-15T13:29:26.989+0000] {dag.py:3089} INFO - Sync 1 DAGs
[2026-07-15T13:29:27.012+0000] {logging_mixin.py:188} INFO - [2026-07-15T13:29:27.012+0000] {dag.py:3947} INFO - Setting next_dagrun for minio_to_snowflake_banking to 2026-07-15 13:28:00+00:00, run_after=2026-07-15 13:29:00+00:00
[2026-07-15T13:29:27.032+0000] {processor.py:183} INFO - Processing /opt/airflow/dags/minio_to_snowflake.py took 0.876 seconds
[2026-07-15T13:29:57.299+0000] {processor.py:161} INFO - Started process (PID=945) to work on /opt/airflow/dags/minio_to_snowflake.py
[2026-07-15T13:29:57.300+0000] {processor.py:830} INFO - Processing file /opt/airflow/dags/minio_to_snowflake.py for tasks to queue
[2026-07-15T13:29:57.302+0000] {logging_mixin.py:188} INFO - [2026-07-15T13:29:57.302+0000] {dagbag.py:545} INFO - Filling up the DagBag from /opt/airflow/dags/minio_to_snowflake.py
[2026-07-15T13:29:58.050+0000] {processor.py:840} INFO - DAG(s) 'minio_to_snowflake_banking' retrieved from /opt/airflow/dags/minio_to_snowflake.py
[2026-07-15T13:29:58.078+0000] {logging_mixin.py:188} INFO - [2026-07-15T13:29:58.077+0000] {dag.py:3089} INFO - Sync 1 DAGs
[2026-07-15T13:29:58.101+0000] {logging_mixin.py:188} INFO - [2026-07-15T13:29:58.101+0000] {dag.py:3947} INFO - Setting next_dagrun for minio_to_snowflake_banking to 2026-07-15 13:28:00+00:00, run_after=2026-07-15 13:29:00+00:00
[2026-07-15T13:29:58.124+0000] {processor.py:183} INFO - Processing /opt/airflow/dags/minio_to_snowflake.py took 0.833 seconds
[2026-07-15T13:30:28.458+0000] {processor.py:161} INFO - Started process (PID=949) to work on /opt/airflow/dags/minio_to_snowflake.py
[2026-07-15T13:30:28.459+0000] {processor.py:830} INFO - Processing file /opt/airflow/dags/minio_to_snowflake.py for tasks to queue
[2026-07-15T13:30:28.462+0000] {logging_mixin.py:188} INFO - [2026-07-15T13:30:28.461+0000] {dagbag.py:545} INFO - Filling up the DagBag from /opt/airflow/dags/minio_to_snowflake.py
[2026-07-15T13:30:29.200+0000] {processor.py:840} INFO - DAG(s) 'minio_to_snowflake_banking' retrieved from /opt/airflow/dags/minio_to_snowflake.py
[2026-07-15T13:30:29.236+0000] {logging_mixin.py:188} INFO - [2026-07-15T13:30:29.236+0000] {dag.py:3089} INFO - Sync 1 DAGs
[2026-07-15T13:30:29.263+0000] {logging_mixin.py:188} INFO - [2026-07-15T13:30:29.263+0000] {dag.py:3947} INFO - Setting next_dagrun for minio_to_snowflake_banking to 2026-07-15 13:29:00+00:00, run_after=2026-07-15 13:30:00+00:00
[2026-07-15T13:30:29.284+0000] {processor.py:183} INFO - Processing /opt/airflow/dags/minio_to_snowflake.py took 0.834 seconds
[2026-07-15T13:30:59.575+0000] {processor.py:161} INFO - Started process (PID=953) to work on /opt/airflow/dags/minio_to_snowflake.py
[2026-07-15T13:30:59.577+0000] {processor.py:830} INFO - Processing file /opt/airflow/dags/minio_to_snowflake.py for tasks to queue
[2026-07-15T13:30:59.579+0000] {logging_mixin.py:188} INFO - [2026-07-15T13:30:59.579+0000] {dagbag.py:545} INFO - Filling up the DagBag from /opt/airflow/dags/minio_to_snowflake.py
[2026-07-15T13:31:00.486+0000] {processor.py:840} INFO - DAG(s) 'minio_to_snowflake_banking' retrieved from /opt/airflow/dags/minio_to_snowflake.py
[2026-07-15T13:31:00.515+0000] {logging_mixin.py:188} INFO - [2026-07-15T13:31:00.514+0000] {dag.py:3089} INFO - Sync 1 DAGs
[2026-07-15T13:31:00.536+0000] {logging_mixin.py:188} INFO - [2026-07-15T13:31:00.536+0000] {dag.py:3947} INFO - Setting next_dagrun for minio_to_snowflake_banking to 2026-07-15 13:30:00+00:00, run_after=2026-07-15 13:31:00+00:00
[2026-07-15T13:31:00.556+0000] {processor.py:183} INFO - Processing /opt/airflow/dags/minio_to_snowflake.py took 0.990 seconds
[2026-07-15T13:31:30.788+0000] {processor.py:161} INFO - Started process (PID=957) to work on /opt/airflow/dags/minio_to_snowflake.py
[2026-07-15T13:31:30.790+0000] {processor.py:830} INFO - Processing file /opt/airflow/dags/minio_to_snowflake.py for tasks to queue
[2026-07-15T13:31:30.792+0000] {logging_mixin.py:188} INFO - [2026-07-15T13:31:30.792+0000] {dagbag.py:545} INFO - Filling up the DagBag from /opt/airflow/dags/minio_to_snowflake.py
[2026-07-15T13:31:31.655+0000] {processor.py:840} INFO - DAG(s) 'minio_to_snowflake_banking' retrieved from /opt/airflow/dags/minio_to_snowflake.py
[2026-07-15T13:31:31.684+0000] {logging_mixin.py:188} INFO - [2026-07-15T13:31:31.683+0000] {dag.py:3089} INFO - Sync 1 DAGs
[2026-07-15T13:31:31.706+0000] {logging_mixin.py:188} INFO - [2026-07-15T13:31:31.706+0000] {dag.py:3947} INFO - Setting next_dagrun for minio_to_snowflake_banking to 2026-07-15 13:30:00+00:00, run_after=2026-07-15 13:31:00+00:00
[2026-07-15T13:31:31.729+0000] {processor.py:183} INFO - Processing /opt/airflow/dags/minio_to_snowflake.py took 0.948 seconds
[2026-07-15T13:32:02.013+0000] {processor.py:161} INFO - Started process (PID=961) to work on /opt/airflow/dags/minio_to_snowflake.py
[2026-07-15T13:32:02.016+0000] {processor.py:830} INFO - Processing file /opt/airflow/dags/minio_to_snowflake.py for tasks to queue
[2026-07-15T13:32:02.019+0000] {logging_mixin.py:188} INFO - [2026-07-15T13:32:02.019+0000] {dagbag.py:545} INFO - Filling up the DagBag from /opt/airflow/dags/minio_to_snowflake.py
[2026-07-15T13:32:02.779+0000] {processor.py:840} INFO - DAG(s) 'minio_to_snowflake_banking' retrieved from /opt/airflow/dags/minio_to_snowflake.py
[2026-07-15T13:32:02.811+0000] {logging_mixin.py:188} INFO - [2026-07-15T13:32:02.810+0000] {dag.py:3089} INFO - Sync 1 DAGs
[2026-07-15T13:32:02.837+0000] {logging_mixin.py:188} INFO - [2026-07-15T13:32:02.837+0000] {dag.py:3947} INFO - Setting next_dagrun for minio_to_snowflake_banking to 2026-07-15 13:31:00+00:00, run_after=2026-07-15 13:32:00+00:00
[2026-07-15T13:32:02.864+0000] {processor.py:183} INFO - Processing /opt/airflow/dags/minio_to_snowflake.py took 0.858 seconds
[2026-07-15T13:32:33.154+0000] {processor.py:161} INFO - Started process (PID=965) to work on /opt/airflow/dags/minio_to_snowflake.py
[2026-07-15T13:32:33.157+0000] {processor.py:830} INFO - Processing file /opt/airflow/dags/minio_to_snowflake.py for tasks to queue
[2026-07-15T13:32:33.159+0000] {logging_mixin.py:188} INFO - [2026-07-15T13:32:33.159+0000] {dagbag.py:545} INFO - Filling up the DagBag from /opt/airflow/dags/minio_to_snowflake.py
[2026-07-15T13:32:33.895+0000] {processor.py:840} INFO - DAG(s) 'minio_to_snowflake_banking' retrieved from /opt/airflow/dags/minio_to_snowflake.py
[2026-07-15T13:32:33.925+0000] {logging_mixin.py:188} INFO - [2026-07-15T13:32:33.924+0000] {dag.py:3089} INFO - Sync 1 DAGs
[2026-07-15T13:32:33.947+0000] {logging_mixin.py:188} INFO - [2026-07-15T13:32:33.947+0000] {dag.py:3947} INFO - Setting next_dagrun for minio_to_snowflake_banking to 2026-07-15 13:31:00+00:00, run_after=2026-07-15 13:32:00+00:00
[2026-07-15T13:32:33.967+0000] {processor.py:183} INFO - Processing /opt/airflow/dags/minio_to_snowflake.py took 0.822 seconds
[2026-07-15T13:33:04.218+0000] {processor.py:161} INFO - Started process (PID=969) to work on /opt/airflow/dags/minio_to_snowflake.py
[2026-07-15T13:33:04.220+0000] {processor.py:830} INFO - Processing file /opt/airflow/dags/minio_to_snowflake.py for tasks to queue
[2026-07-15T13:33:04.223+0000] {logging_mixin.py:188} INFO - [2026-07-15T13:33:04.223+0000] {dagbag.py:545} INFO - Filling up the DagBag from /opt/airflow/dags/minio_to_snowflake.py
[2026-07-15T13:33:04.966+0000] {processor.py:840} INFO - DAG(s) 'minio_to_snowflake_banking' retrieved from /opt/airflow/dags/minio_to_snowflake.py
[2026-07-15T13:33:04.994+0000] {logging_mixin.py:188} INFO - [2026-07-15T13:33:04.993+0000] {dag.py:3089} INFO - Sync 1 DAGs
[2026-07-15T13:33:05.014+0000] {logging_mixin.py:188} INFO - [2026-07-15T13:33:05.014+0000] {dag.py:3947} INFO - Setting next_dagrun for minio_to_snowflake_banking to 2026-07-15 13:32:00+00:00, run_after=2026-07-15 13:33:00+00:00
[2026-07-15T13:33:05.033+0000] {processor.py:183} INFO - Processing /opt/airflow/dags/minio_to_snowflake.py took 0.824 seconds
[2026-07-15T13:33:35.322+0000] {processor.py:161} INFO - Started process (PID=973) to work on /opt/airflow/dags/minio_to_snowflake.py
[2026-07-15T13:33:35.324+0000] {processor.py:830} INFO - Processing file /opt/airflow/dags/minio_to_snowflake.py for tasks to queue
[2026-07-15T13:33:35.327+0000] {logging_mixin.py:188} INFO - [2026-07-15T13:33:35.326+0000] {dagbag.py:545} INFO - Filling up the DagBag from /opt/airflow/dags/minio_to_snowflake.py
[2026-07-15T13:33:36.077+0000] {processor.py:840} INFO - DAG(s) 'minio_to_snowflake_banking' retrieved from /opt/airflow/dags/minio_to_snowflake.py
[2026-07-15T13:33:36.105+0000] {logging_mixin.py:188} INFO - [2026-07-15T13:33:36.105+0000] {dag.py:3089} INFO - Sync 1 DAGs
[2026-07-15T13:33:36.129+0000] {logging_mixin.py:188} INFO - [2026-07-15T13:33:36.129+0000] {dag.py:3947} INFO - Setting next_dagrun for minio_to_snowflake_banking to 2026-07-15 13:32:00+00:00, run_after=2026-07-15 13:33:00+00:00
[2026-07-15T13:33:36.150+0000] {processor.py:183} INFO - Processing /opt/airflow/dags/minio_to_snowflake.py took 0.835 seconds
[2026-07-15T13:34:06.391+0000] {processor.py:161} INFO - Started process (PID=977) to work on /opt/airflow/dags/minio_to_snowflake.py
[2026-07-15T13:34:06.392+0000] {processor.py:830} INFO - Processing file /opt/airflow/dags/minio_to_snowflake.py for tasks to queue
[2026-07-15T13:34:06.394+0000] {logging_mixin.py:188} INFO - [2026-07-15T13:34:06.394+0000] {dagbag.py:545} INFO - Filling up the DagBag from /opt/airflow/dags/minio_to_snowflake.py
[2026-07-15T13:34:07.148+0000] {processor.py:840} INFO - DAG(s) 'minio_to_snowflake_banking' retrieved from /opt/airflow/dags/minio_to_snowflake.py
[2026-07-15T13:34:07.177+0000] {logging_mixin.py:188} INFO - [2026-07-15T13:34:07.176+0000] {dag.py:3089} INFO - Sync 1 DAGs
[2026-07-15T13:34:07.199+0000] {logging_mixin.py:188} INFO - [2026-07-15T13:34:07.199+0000] {dag.py:3947} INFO - Setting next_dagrun for minio_to_snowflake_banking to 2026-07-15 13:33:00+00:00, run_after=2026-07-15 13:34:00+00:00
[2026-07-15T13:34:07.219+0000] {processor.py:183} INFO - Processing /opt/airflow/dags/minio_to_snowflake.py took 0.836 seconds
[2026-07-15T13:34:37.505+0000] {processor.py:161} INFO - Started process (PID=981) to work on /opt/airflow/dags/minio_to_snowflake.py
[2026-07-15T13:34:37.507+0000] {processor.py:830} INFO - Processing file /opt/airflow/dags/minio_to_snowflake.py for tasks to queue
[2026-07-15T13:34:37.509+0000] {logging_mixin.py:188} INFO - [2026-07-15T13:34:37.509+0000] {dagbag.py:545} INFO - Filling up the DagBag from /opt/airflow/dags/minio_to_snowflake.py
[2026-07-15T13:34:38.288+0000] {processor.py:840} INFO - DAG(s) 'minio_to_snowflake_banking' retrieved from /opt/airflow/dags/minio_to_snowflake.py
[2026-07-15T13:34:38.317+0000] {logging_mixin.py:188} INFO - [2026-07-15T13:34:38.317+0000] {dag.py:3089} INFO - Sync 1 DAGs
[2026-07-15T13:34:38.338+0000] {logging_mixin.py:188} INFO - [2026-07-15T13:34:38.338+0000] {dag.py:3947} INFO - Setting next_dagrun for minio_to_snowflake_banking to 2026-07-15 13:33:00+00:00, run_after=2026-07-15 13:34:00+00:00
[2026-07-15T13:34:38.358+0000] {processor.py:183} INFO - Processing /opt/airflow/dags/minio_to_snowflake.py took 0.863 seconds
[2026-07-15T13:35:08.639+0000] {processor.py:161} INFO - Started process (PID=985) to work on /opt/airflow/dags/minio_to_snowflake.py
[2026-07-15T13:35:08.640+0000] {processor.py:830} INFO - Processing file /opt/airflow/dags/minio_to_snowflake.py for tasks to queue
[2026-07-15T13:35:08.643+0000] {logging_mixin.py:188} INFO - [2026-07-15T13:35:08.642+0000] {dagbag.py:545} INFO - Filling up the DagBag from /opt/airflow/dags/minio_to_snowflake.py
[2026-07-15T13:35:09.360+0000] {processor.py:840} INFO - DAG(s) 'minio_to_snowflake_banking' retrieved from /opt/airflow/dags/minio_to_snowflake.py
[2026-07-15T13:35:09.388+0000] {logging_mixin.py:188} INFO - [2026-07-15T13:35:09.388+0000] {dag.py:3089} INFO - Sync 1 DAGs
[2026-07-15T13:35:09.413+0000] {logging_mixin.py:188} INFO - [2026-07-15T13:35:09.413+0000] {dag.py:3947} INFO - Setting next_dagrun for minio_to_snowflake_banking to 2026-07-15 13:34:00+00:00, run_after=2026-07-15 13:35:00+00:00
[2026-07-15T13:35:09.439+0000] {processor.py:183} INFO - Processing /opt/airflow/dags/minio_to_snowflake.py took 0.807 seconds
[2026-07-15T13:35:39.742+0000] {processor.py:161} INFO - Started process (PID=989) to work on /opt/airflow/dags/minio_to_snowflake.py
[2026-07-15T13:35:39.744+0000] {processor.py:830} INFO - Processing file /opt/airflow/dags/minio_to_snowflake.py for tasks to queue
[2026-07-15T13:35:39.748+0000] {logging_mixin.py:188} INFO - [2026-07-15T13:35:39.747+0000] {dagbag.py:545} INFO - Filling up the DagBag from /opt/airflow/dags/minio_to_snowflake.py
[2026-07-15T13:35:40.620+0000] {processor.py:840} INFO - DAG(s) 'minio_to_snowflake_banking' retrieved from /opt/airflow/dags/minio_to_snowflake.py
[2026-07-15T13:35:40.649+0000] {logging_mixin.py:188} INFO - [2026-07-15T13:35:40.648+0000] {dag.py:3089} INFO - Sync 1 DAGs
[2026-07-15T13:35:40.674+0000] {logging_mixin.py:188} INFO - [2026-07-15T13:35:40.673+0000] {dag.py:3947} INFO - Setting next_dagrun for minio_to_snowflake_banking to 2026-07-15 13:34:00+00:00, run_after=2026-07-15 13:35:00+00:00
[2026-07-15T13:35:40.693+0000] {processor.py:183} INFO - Processing /opt/airflow/dags/minio_to_snowflake.py took 0.959 seconds
[2026-07-15T13:36:10.934+0000] {processor.py:161} INFO - Started process (PID=993) to work on /opt/airflow/dags/minio_to_snowflake.py
[2026-07-15T13:36:10.935+0000] {processor.py:830} INFO - Processing file /opt/airflow/dags/minio_to_snowflake.py for tasks to queue
[2026-07-15T13:36:10.938+0000] {logging_mixin.py:188} INFO - [2026-07-15T13:36:10.937+0000] {dagbag.py:545} INFO - Filling up the DagBag from /opt/airflow/dags/minio_to_snowflake.py
[2026-07-15T13:36:11.838+0000] {processor.py:840} INFO - DAG(s) 'minio_to_snowflake_banking' retrieved from /opt/airflow/dags/minio_to_snowflake.py
[2026-07-15T13:36:11.866+0000] {logging_mixin.py:188} INFO - [2026-07-15T13:36:11.866+0000] {dag.py:3089} INFO - Sync 1 DAGs
[2026-07-15T13:36:11.889+0000] {logging_mixin.py:188} INFO - [2026-07-15T13:36:11.889+0000] {dag.py:3947} INFO - Setting next_dagrun for minio_to_snowflake_banking to 2026-07-15 13:35:00+00:00, run_after=2026-07-15 13:36:00+00:00
[2026-07-15T13:36:11.909+0000] {processor.py:183} INFO - Processing /opt/airflow/dags/minio_to_snowflake.py took 0.984 seconds
[2026-07-15T13:36:42.189+0000] {processor.py:161} INFO - Started process (PID=997) to work on /opt/airflow/dags/minio_to_snowflake.py
[2026-07-15T13:36:42.191+0000] {processor.py:830} INFO - Processing file /opt/airflow/dags/minio_to_snowflake.py for tasks to queue
[2026-07-15T13:36:42.195+0000] {logging_mixin.py:188} INFO - [2026-07-15T13:36:42.195+0000] {dagbag.py:545} INFO - Filling up the DagBag from /opt/airflow/dags/minio_to_snowflake.py
[2026-07-15T13:36:43.034+0000] {processor.py:840} INFO - DAG(s) 'minio_to_snowflake_banking' retrieved from /opt/airflow/dags/minio_to_snowflake.py
[2026-07-15T13:36:43.067+0000] {logging_mixin.py:188} INFO - [2026-07-15T13:36:43.067+0000] {dag.py:3089} INFO - Sync 1 DAGs
[2026-07-15T13:36:43.093+0000] {logging_mixin.py:188} INFO - [2026-07-15T13:36:43.093+0000] {dag.py:3947} INFO - Setting next_dagrun for minio_to_snowflake_banking to 2026-07-15 13:35:00+00:00, run_after=2026-07-15 13:36:00+00:00
[2026-07-15T13:36:43.113+0000] {processor.py:183} INFO - Processing /opt/airflow/dags/minio_to_snowflake.py took 0.934 seconds
[2026-07-15T13:37:13.373+0000] {processor.py:161} INFO - Started process (PID=1001) to work on /opt/airflow/dags/minio_to_snowflake.py
[2026-07-15T13:37:13.375+0000] {processor.py:830} INFO - Processing file /opt/airflow/dags/minio_to_snowflake.py for tasks to queue
[2026-07-15T13:37:13.377+0000] {logging_mixin.py:188} INFO - [2026-07-15T13:37:13.376+0000] {dagbag.py:545} INFO - Filling up the DagBag from /opt/airflow/dags/minio_to_snowflake.py
[2026-07-15T13:37:14.119+0000] {processor.py:840} INFO - DAG(s) 'minio_to_snowflake_banking' retrieved from /opt/airflow/dags/minio_to_snowflake.py
[2026-07-15T13:37:14.147+0000] {logging_mixin.py:188} INFO - [2026-07-15T13:37:14.147+0000] {dag.py:3089} INFO - Sync 1 DAGs
[2026-07-15T13:37:14.168+0000] {logging_mixin.py:188} INFO - [2026-07-15T13:37:14.168+0000] {dag.py:3947} INFO - Setting next_dagrun for minio_to_snowflake_banking to 2026-07-15 13:36:00+00:00, run_after=2026-07-15 13:37:00+00:00
[2026-07-15T13:37:14.190+0000] {processor.py:183} INFO - Processing /opt/airflow/dags/minio_to_snowflake.py took 0.824 seconds
[2026-07-15T13:37:44.526+0000] {processor.py:161} INFO - Started process (PID=1005) to work on /opt/airflow/dags/minio_to_snowflake.py
[2026-07-15T13:37:44.528+0000] {processor.py:830} INFO - Processing file /opt/airflow/dags/minio_to_snowflake.py for tasks to queue
[2026-07-15T13:37:44.531+0000] {logging_mixin.py:188} INFO - [2026-07-15T13:37:44.531+0000] {dagbag.py:545} INFO - Filling up the DagBag from /opt/airflow/dags/minio_to_snowflake.py
[2026-07-15T13:37:45.272+0000] {processor.py:840} INFO - DAG(s) 'minio_to_snowflake_banking' retrieved from /opt/airflow/dags/minio_to_snowflake.py
[2026-07-15T13:37:45.313+0000] {logging_mixin.py:188} INFO - [2026-07-15T13:37:45.313+0000] {dag.py:3089} INFO - Sync 1 DAGs
[2026-07-15T13:37:45.347+0000] {logging_mixin.py:188} INFO - [2026-07-15T13:37:45.347+0000] {dag.py:3947} INFO - Setting next_dagrun for minio_to_snowflake_banking to 2026-07-15 13:36:00+00:00, run_after=2026-07-15 13:37:00+00:00
[2026-07-15T13:37:45.377+0000] {processor.py:183} INFO - Processing /opt/airflow/dags/minio_to_snowflake.py took 0.860 seconds
[2026-07-15T13:38:15.649+0000] {processor.py:161} INFO - Started process (PID=1009) to work on /opt/airflow/dags/minio_to_snowflake.py
[2026-07-15T13:38:15.650+0000] {processor.py:830} INFO - Processing file /opt/airflow/dags/minio_to_snowflake.py for tasks to queue
[2026-07-15T13:38:15.653+0000] {logging_mixin.py:188} INFO - [2026-07-15T13:38:15.652+0000] {dagbag.py:545} INFO - Filling up the DagBag from /opt/airflow/dags/minio_to_snowflake.py
[2026-07-15T13:38:16.395+0000] {processor.py:840} INFO - DAG(s) 'minio_to_snowflake_banking' retrieved from /opt/airflow/dags/minio_to_snowflake.py
[2026-07-15T13:38:16.424+0000] {logging_mixin.py:188} INFO - [2026-07-15T13:38:16.423+0000] {dag.py:3089} INFO - Sync 1 DAGs
[2026-07-15T13:38:16.447+0000] {logging_mixin.py:188} INFO - [2026-07-15T13:38:16.447+0000] {dag.py:3947} INFO - Setting next_dagrun for minio_to_snowflake_banking to 2026-07-15 13:37:00+00:00, run_after=2026-07-15 13:38:00+00:00
[2026-07-15T13:38:16.468+0000] {processor.py:183} INFO - Processing /opt/airflow/dags/minio_to_snowflake.py took 0.829 seconds
[2026-07-15T13:38:46.750+0000] {processor.py:161} INFO - Started process (PID=1013) to work on /opt/airflow/dags/minio_to_snowflake.py
[2026-07-15T13:38:46.751+0000] {processor.py:830} INFO - Processing file /opt/airflow/dags/minio_to_snowflake.py for tasks to queue
[2026-07-15T13:38:46.754+0000] {logging_mixin.py:188} INFO - [2026-07-15T13:38:46.753+0000] {dagbag.py:545} INFO - Filling up the DagBag from /opt/airflow/dags/minio_to_snowflake.py
[2026-07-15T13:38:47.530+0000] {processor.py:840} INFO - DAG(s) 'minio_to_snowflake_banking' retrieved from /opt/airflow/dags/minio_to_snowflake.py
[2026-07-15T13:38:47.565+0000] {logging_mixin.py:188} INFO - [2026-07-15T13:38:47.564+0000] {dag.py:3089} INFO - Sync 1 DAGs
[2026-07-15T13:38:47.591+0000] {logging_mixin.py:188} INFO - [2026-07-15T13:38:47.590+0000] {dag.py:3947} INFO - Setting next_dagrun for minio_to_snowflake_banking to 2026-07-15 13:37:00+00:00, run_after=2026-07-15 13:38:00+00:00
[2026-07-15T13:38:47.618+0000] {processor.py:183} INFO - Processing /opt/airflow/dags/minio_to_snowflake.py took 0.878 seconds
[2026-07-15T13:39:17.874+0000] {processor.py:161} INFO - Started process (PID=1017) to work on /opt/airflow/dags/minio_to_snowflake.py
[2026-07-15T13:39:17.875+0000] {processor.py:830} INFO - Processing file /opt/airflow/dags/minio_to_snowflake.py for tasks to queue
[2026-07-15T13:39:17.877+0000] {logging_mixin.py:188} INFO - [2026-07-15T13:39:17.877+0000] {dagbag.py:545} INFO - Filling up the DagBag from /opt/airflow/dags/minio_to_snowflake.py
[2026-07-15T13:39:18.601+0000] {processor.py:840} INFO - DAG(s) 'minio_to_snowflake_banking' retrieved from /opt/airflow/dags/minio_to_snowflake.py
[2026-07-15T13:39:18.629+0000] {logging_mixin.py:188} INFO - [2026-07-15T13:39:18.628+0000] {dag.py:3089} INFO - Sync 1 DAGs
[2026-07-15T13:39:18.653+0000] {logging_mixin.py:188} INFO - [2026-07-15T13:39:18.653+0000] {dag.py:3947} INFO - Setting next_dagrun for minio_to_snowflake_banking to 2026-07-15 13:38:00+00:00, run_after=2026-07-15 13:39:00+00:00
[2026-07-15T13:39:18.679+0000] {processor.py:183} INFO - Processing /opt/airflow/dags/minio_to_snowflake.py took 0.812 seconds
[2026-07-15T13:39:48.972+0000] {processor.py:161} INFO - Started process (PID=1021) to work on /opt/airflow/dags/minio_to_snowflake.py
[2026-07-15T13:39:48.974+0000] {processor.py:830} INFO - Processing file /opt/airflow/dags/minio_to_snowflake.py for tasks to queue
[2026-07-15T13:39:48.976+0000] {logging_mixin.py:188} INFO - [2026-07-15T13:39:48.976+0000] {dagbag.py:545} INFO - Filling up the DagBag from /opt/airflow/dags/minio_to_snowflake.py
[2026-07-15T13:39:49.720+0000] {processor.py:840} INFO - DAG(s) 'minio_to_snowflake_banking' retrieved from /opt/airflow/dags/minio_to_snowflake.py
[2026-07-15T13:39:49.748+0000] {logging_mixin.py:188} INFO - [2026-07-15T13:39:49.748+0000] {dag.py:3089} INFO - Sync 1 DAGs
[2026-07-15T13:39:49.771+0000] {logging_mixin.py:188} INFO - [2026-07-15T13:39:49.770+0000] {dag.py:3947} INFO - Setting next_dagrun for minio_to_snowflake_banking to 2026-07-15 13:38:00+00:00, run_after=2026-07-15 13:39:00+00:00
[2026-07-15T13:39:49.791+0000] {processor.py:183} INFO - Processing /opt/airflow/dags/minio_to_snowflake.py took 0.826 seconds
[2026-07-15T13:40:20.034+0000] {processor.py:161} INFO - Started process (PID=1025) to work on /opt/airflow/dags/minio_to_snowflake.py
[2026-07-15T13:40:20.035+0000] {processor.py:830} INFO - Processing file /opt/airflow/dags/minio_to_snowflake.py for tasks to queue
[2026-07-15T13:40:20.037+0000] {logging_mixin.py:188} INFO - [2026-07-15T13:40:20.037+0000] {dagbag.py:545} INFO - Filling up the DagBag from /opt/airflow/dags/minio_to_snowflake.py
[2026-07-15T13:40:20.915+0000] {processor.py:840} INFO - DAG(s) 'minio_to_snowflake_banking' retrieved from /opt/airflow/dags/minio_to_snowflake.py
[2026-07-15T13:40:20.949+0000] {logging_mixin.py:188} INFO - [2026-07-15T13:40:20.948+0000] {dag.py:3089} INFO - Sync 1 DAGs
[2026-07-15T13:40:20.975+0000] {logging_mixin.py:188} INFO - [2026-07-15T13:40:20.975+0000] {dag.py:3947} INFO - Setting next_dagrun for minio_to_snowflake_banking to 2026-07-15 13:39:00+00:00, run_after=2026-07-15 13:40:00+00:00
[2026-07-15T13:40:20.996+0000] {processor.py:183} INFO - Processing /opt/airflow/dags/minio_to_snowflake.py took 0.970 seconds
[2026-07-15T13:40:51.318+0000] {processor.py:161} INFO - Started process (PID=1029) to work on /opt/airflow/dags/minio_to_snowflake.py
[2026-07-15T13:40:51.320+0000] {processor.py:830} INFO - Processing file /opt/airflow/dags/minio_to_snowflake.py for tasks to queue
[2026-07-15T13:40:51.322+0000] {logging_mixin.py:188} INFO - [2026-07-15T13:40:51.322+0000] {dagbag.py:545} INFO - Filling up the DagBag from /opt/airflow/dags/minio_to_snowflake.py
[2026-07-15T13:40:52.119+0000] {processor.py:840} INFO - DAG(s) 'minio_to_snowflake_banking' retrieved from /opt/airflow/dags/minio_to_snowflake.py
[2026-07-15T13:40:52.148+0000] {logging_mixin.py:188} INFO - [2026-07-15T13:40:52.148+0000] {dag.py:3089} INFO - Sync 1 DAGs
[2026-07-15T13:40:52.170+0000] {logging_mixin.py:188} INFO - [2026-07-15T13:40:52.169+0000] {dag.py:3947} INFO - Setting next_dagrun for minio_to_snowflake_banking to 2026-07-15 13:39:00+00:00, run_after=2026-07-15 13:40:00+00:00
[2026-07-15T13:40:52.189+0000] {processor.py:183} INFO - Processing /opt/airflow/dags/minio_to_snowflake.py took 0.878 seconds
[2026-07-15T13:41:22.447+0000] {processor.py:161} INFO - Started process (PID=1033) to work on /opt/airflow/dags/minio_to_snowflake.py
[2026-07-15T13:41:22.449+0000] {processor.py:830} INFO - Processing file /opt/airflow/dags/minio_to_snowflake.py for tasks to queue
[2026-07-15T13:41:22.451+0000] {logging_mixin.py:188} INFO - [2026-07-15T13:41:22.451+0000] {dagbag.py:545} INFO - Filling up the DagBag from /opt/airflow/dags/minio_to_snowflake.py
[2026-07-15T13:41:23.197+0000] {processor.py:840} INFO - DAG(s) 'minio_to_snowflake_banking' retrieved from /opt/airflow/dags/minio_to_snowflake.py
[2026-07-15T13:41:23.223+0000] {logging_mixin.py:188} INFO - [2026-07-15T13:41:23.222+0000] {dag.py:3089} INFO - Sync 1 DAGs
[2026-07-15T13:41:23.244+0000] {logging_mixin.py:188} INFO - [2026-07-15T13:41:23.244+0000] {dag.py:3947} INFO - Setting next_dagrun for minio_to_snowflake_banking to 2026-07-15 13:40:00+00:00, run_after=2026-07-15 13:41:00+00:00
[2026-07-15T13:41:23.265+0000] {processor.py:183} INFO - Processing /opt/airflow/dags/minio_to_snowflake.py took 0.826 seconds
[2026-07-15T13:41:53.498+0000] {processor.py:161} INFO - Started process (PID=1037) to work on /opt/airflow/dags/minio_to_snowflake.py
[2026-07-15T13:41:53.500+0000] {processor.py:830} INFO - Processing file /opt/airflow/dags/minio_to_snowflake.py for tasks to queue
[2026-07-15T13:41:53.503+0000] {logging_mixin.py:188} INFO - [2026-07-15T13:41:53.502+0000] {dagbag.py:545} INFO - Filling up the DagBag from /opt/airflow/dags/minio_to_snowflake.py
[2026-07-15T13:41:54.232+0000] {processor.py:840} INFO - DAG(s) 'minio_to_snowflake_banking' retrieved from /opt/airflow/dags/minio_to_snowflake.py
[2026-07-15T13:41:54.263+0000] {logging_mixin.py:188} INFO - [2026-07-15T13:41:54.262+0000] {dag.py:3089} INFO - Sync 1 DAGs
[2026-07-15T13:41:54.288+0000] {logging_mixin.py:188} INFO - [2026-07-15T13:41:54.288+0000] {dag.py:3947} INFO - Setting next_dagrun for minio_to_snowflake_banking to 2026-07-15 13:40:00+00:00, run_after=2026-07-15 13:41:00+00:00
[2026-07-15T13:41:54.314+0000] {processor.py:183} INFO - Processing /opt/airflow/dags/minio_to_snowflake.py took 0.823 seconds
[2026-07-15T13:42:24.579+0000] {processor.py:161} INFO - Started process (PID=1041) to work on /opt/airflow/dags/minio_to_snowflake.py
[2026-07-15T13:42:24.581+0000] {processor.py:830} INFO - Processing file /opt/airflow/dags/minio_to_snowflake.py for tasks to queue
[2026-07-15T13:42:24.584+0000] {logging_mixin.py:188} INFO - [2026-07-15T13:42:24.583+0000] {dagbag.py:545} INFO - Filling up the DagBag from /opt/airflow/dags/minio_to_snowflake.py
[2026-07-15T13:42:25.314+0000] {processor.py:840} INFO - DAG(s) 'minio_to_snowflake_banking' retrieved from /opt/airflow/dags/minio_to_snowflake.py
[2026-07-15T13:42:25.340+0000] {logging_mixin.py:188} INFO - [2026-07-15T13:42:25.340+0000] {dag.py:3089} INFO - Sync 1 DAGs
[2026-07-15T13:42:25.363+0000] {logging_mixin.py:188} INFO - [2026-07-15T13:42:25.363+0000] {dag.py:3947} INFO - Setting next_dagrun for minio_to_snowflake_banking to 2026-07-15 13:41:00+00:00, run_after=2026-07-15 13:42:00+00:00
[2026-07-15T13:42:25.383+0000] {processor.py:183} INFO - Processing /opt/airflow/dags/minio_to_snowflake.py took 0.812 seconds
[2026-07-15T13:42:55.638+0000] {processor.py:161} INFO - Started process (PID=1045) to work on /opt/airflow/dags/minio_to_snowflake.py
[2026-07-15T13:42:55.639+0000] {processor.py:830} INFO - Processing file /opt/airflow/dags/minio_to_snowflake.py for tasks to queue
[2026-07-15T13:42:55.642+0000] {logging_mixin.py:188} INFO - [2026-07-15T13:42:55.641+0000] {dagbag.py:545} INFO - Filling up the DagBag from /opt/airflow/dags/minio_to_snowflake.py
[2026-07-15T13:42:56.378+0000] {processor.py:840} INFO - DAG(s) 'minio_to_snowflake_banking' retrieved from /opt/airflow/dags/minio_to_snowflake.py
[2026-07-15T13:42:56.409+0000] {logging_mixin.py:188} INFO - [2026-07-15T13:42:56.408+0000] {dag.py:3089} INFO - Sync 1 DAGs
[2026-07-15T13:42:56.430+0000] {logging_mixin.py:188} INFO - [2026-07-15T13:42:56.430+0000] {dag.py:3947} INFO - Setting next_dagrun for minio_to_snowflake_banking to 2026-07-15 13:41:00+00:00, run_after=2026-07-15 13:42:00+00:00
[2026-07-15T13:42:56.450+0000] {processor.py:183} INFO - Processing /opt/airflow/dags/minio_to_snowflake.py took 0.822 seconds
[2026-07-15T13:43:26.675+0000] {processor.py:161} INFO - Started process (PID=1049) to work on /opt/airflow/dags/minio_to_snowflake.py
[2026-07-15T13:43:26.676+0000] {processor.py:830} INFO - Processing file /opt/airflow/dags/minio_to_snowflake.py for tasks to queue
[2026-07-15T13:43:26.679+0000] {logging_mixin.py:188} INFO - [2026-07-15T13:43:26.679+0000] {dagbag.py:545} INFO - Filling up the DagBag from /opt/airflow/dags/minio_to_snowflake.py
[2026-07-15T13:43:27.399+0000] {processor.py:840} INFO - DAG(s) 'minio_to_snowflake_banking' retrieved from /opt/airflow/dags/minio_to_snowflake.py
[2026-07-15T13:43:27.427+0000] {logging_mixin.py:188} INFO - [2026-07-15T13:43:27.426+0000] {dag.py:3089} INFO - Sync 1 DAGs
[2026-07-15T13:43:27.449+0000] {logging_mixin.py:188} INFO - [2026-07-15T13:43:27.448+0000] {dag.py:3947} INFO - Setting next_dagrun for minio_to_snowflake_banking to 2026-07-15 13:42:00+00:00, run_after=2026-07-15 13:43:00+00:00
[2026-07-15T13:43:27.471+0000] {processor.py:183} INFO - Processing /opt/airflow/dags/minio_to_snowflake.py took 0.803 seconds
[2026-07-15T13:43:57.732+0000] {processor.py:161} INFO - Started process (PID=1053) to work on /opt/airflow/dags/minio_to_snowflake.py
[2026-07-15T13:43:57.734+0000] {processor.py:830} INFO - Processing file /opt/airflow/dags/minio_to_snowflake.py for tasks to queue
[2026-07-15T13:43:57.737+0000] {logging_mixin.py:188} INFO - [2026-07-15T13:43:57.736+0000] {dagbag.py:545} INFO - Filling up the DagBag from /opt/airflow/dags/minio_to_snowflake.py
[2026-07-15T13:43:58.515+0000] {processor.py:840} INFO - DAG(s) 'minio_to_snowflake_banking' retrieved from /opt/airflow/dags/minio_to_snowflake.py
[2026-07-15T13:43:58.544+0000] {logging_mixin.py:188} INFO - [2026-07-15T13:43:58.543+0000] {dag.py:3089} INFO - Sync 1 DAGs
[2026-07-15T13:43:58.566+0000] {logging_mixin.py:188} INFO - [2026-07-15T13:43:58.566+0000] {dag.py:3947} INFO - Setting next_dagrun for minio_to_snowflake_banking to 2026-07-15 13:42:00+00:00, run_after=2026-07-15 13:43:00+00:00
[2026-07-15T13:43:58.587+0000] {processor.py:183} INFO - Processing /opt/airflow/dags/minio_to_snowflake.py took 0.864 seconds
[2026-07-15T13:44:28.818+0000] {processor.py:161} INFO - Started process (PID=1057) to work on /opt/airflow/dags/minio_to_snowflake.py
[2026-07-15T13:44:28.820+0000] {processor.py:830} INFO - Processing file /opt/airflow/dags/minio_to_snowflake.py for tasks to queue
[2026-07-15T13:44:28.822+0000] {logging_mixin.py:188} INFO - [2026-07-15T13:44:28.822+0000] {dagbag.py:545} INFO - Filling up the DagBag from /opt/airflow/dags/minio_to_snowflake.py
[2026-07-15T13:44:29.590+0000] {processor.py:840} INFO - DAG(s) 'minio_to_snowflake_banking' retrieved from /opt/airflow/dags/minio_to_snowflake.py
[2026-07-15T13:44:29.619+0000] {logging_mixin.py:188} INFO - [2026-07-15T13:44:29.619+0000] {dag.py:3089} INFO - Sync 1 DAGs
[2026-07-15T13:44:29.641+0000] {logging_mixin.py:188} INFO - [2026-07-15T13:44:29.641+0000] {dag.py:3947} INFO - Setting next_dagrun for minio_to_snowflake_banking to 2026-07-15 13:43:00+00:00, run_after=2026-07-15 13:44:00+00:00
[2026-07-15T13:44:29.661+0000] {processor.py:183} INFO - Processing /opt/airflow/dags/minio_to_snowflake.py took 0.851 seconds
[2026-07-15T13:44:59.954+0000] {processor.py:161} INFO - Started process (PID=1061) to work on /opt/airflow/dags/minio_to_snowflake.py
[2026-07-15T13:44:59.955+0000] {processor.py:830} INFO - Processing file /opt/airflow/dags/minio_to_snowflake.py for tasks to queue
[2026-07-15T13:44:59.958+0000] {logging_mixin.py:188} INFO - [2026-07-15T13:44:59.957+0000] {dagbag.py:545} INFO - Filling up the DagBag from /opt/airflow/dags/minio_to_snowflake.py
[2026-07-15T13:45:00.883+0000] {processor.py:840} INFO - DAG(s) 'minio_to_snowflake_banking' retrieved from /opt/airflow/dags/minio_to_snowflake.py
[2026-07-15T13:45:00.912+0000] {logging_mixin.py:188} INFO - [2026-07-15T13:45:00.912+0000] {dag.py:3089} INFO - Sync 1 DAGs
[2026-07-15T13:45:00.933+0000] {logging_mixin.py:188} INFO - [2026-07-15T13:45:00.933+0000] {dag.py:3947} INFO - Setting next_dagrun for minio_to_snowflake_banking to 2026-07-15 13:44:00+00:00, run_after=2026-07-15 13:45:00+00:00
[2026-07-15T13:45:00.953+0000] {processor.py:183} INFO - Processing /opt/airflow/dags/minio_to_snowflake.py took 1.008 seconds
[2026-07-15T13:45:31.194+0000] {processor.py:161} INFO - Started process (PID=1065) to work on /opt/airflow/dags/minio_to_snowflake.py
[2026-07-15T13:45:31.195+0000] {processor.py:830} INFO - Processing file /opt/airflow/dags/minio_to_snowflake.py for tasks to queue
[2026-07-15T13:45:31.198+0000] {logging_mixin.py:188} INFO - [2026-07-15T13:45:31.197+0000] {dagbag.py:545} INFO - Filling up the DagBag from /opt/airflow/dags/minio_to_snowflake.py
[2026-07-15T13:45:32.013+0000] {processor.py:840} INFO - DAG(s) 'minio_to_snowflake_banking' retrieved from /opt/airflow/dags/minio_to_snowflake.py
[2026-07-15T13:45:32.039+0000] {logging_mixin.py:188} INFO - [2026-07-15T13:45:32.038+0000] {dag.py:3089} INFO - Sync 1 DAGs
[2026-07-15T13:45:32.060+0000] {logging_mixin.py:188} INFO - [2026-07-15T13:45:32.060+0000] {dag.py:3947} INFO - Setting next_dagrun for minio_to_snowflake_banking to 2026-07-15 13:44:00+00:00, run_after=2026-07-15 13:45:00+00:00
[2026-07-15T13:45:32.078+0000] {processor.py:183} INFO - Processing /opt/airflow/dags/minio_to_snowflake.py took 0.891 seconds
[2026-07-15T13:46:02.373+0000] {processor.py:161} INFO - Started process (PID=1069) to work on /opt/airflow/dags/minio_to_snowflake.py
[2026-07-15T13:46:02.375+0000] {processor.py:830} INFO - Processing file /opt/airflow/dags/minio_to_snowflake.py for tasks to queue
[2026-07-15T13:46:02.378+0000] {logging_mixin.py:188} INFO - [2026-07-15T13:46:02.377+0000] {dagbag.py:545} INFO - Filling up the DagBag from /opt/airflow/dags/minio_to_snowflake.py
[2026-07-15T13:46:03.190+0000] {processor.py:840} INFO - DAG(s) 'minio_to_snowflake_banking' retrieved from /opt/airflow/dags/minio_to_snowflake.py
[2026-07-15T13:46:03.221+0000] {logging_mixin.py:188} INFO - [2026-07-15T13:46:03.220+0000] {dag.py:3089} INFO - Sync 1 DAGs
[2026-07-15T13:46:03.244+0000] {logging_mixin.py:188} INFO - [2026-07-15T13:46:03.244+0000] {dag.py:3947} INFO - Setting next_dagrun for minio_to_snowflake_banking to 2026-07-15 13:45:00+00:00, run_after=2026-07-15 13:46:00+00:00
[2026-07-15T13:46:03.264+0000] {processor.py:183} INFO - Processing /opt/airflow/dags/minio_to_snowflake.py took 0.899 seconds
[2026-07-15T13:46:33.531+0000] {processor.py:161} INFO - Started process (PID=1073) to work on /opt/airflow/dags/minio_to_snowflake.py
[2026-07-15T13:46:33.533+0000] {processor.py:830} INFO - Processing file /opt/airflow/dags/minio_to_snowflake.py for tasks to queue
[2026-07-15T13:46:33.535+0000] {logging_mixin.py:188} INFO - [2026-07-15T13:46:33.534+0000] {dagbag.py:545} INFO - Filling up the DagBag from /opt/airflow/dags/minio_to_snowflake.py
[2026-07-15T13:46:34.316+0000] {processor.py:840} INFO - DAG(s) 'minio_to_snowflake_banking' retrieved from /opt/airflow/dags/minio_to_snowflake.py
[2026-07-15T13:46:34.344+0000] {logging_mixin.py:188} INFO - [2026-07-15T13:46:34.344+0000] {dag.py:3089} INFO - Sync 1 DAGs
[2026-07-15T13:46:34.367+0000] {logging_mixin.py:188} INFO - [2026-07-15T13:46:34.367+0000] {dag.py:3947} INFO - Setting next_dagrun for minio_to_snowflake_banking to 2026-07-15 13:45:00+00:00, run_after=2026-07-15 13:46:00+00:00
[2026-07-15T13:46:34.389+0000] {processor.py:183} INFO - Processing /opt/airflow/dags/minio_to_snowflake.py took 0.865 seconds
[2026-07-15T13:47:04.659+0000] {processor.py:161} INFO - Started process (PID=1077) to work on /opt/airflow/dags/minio_to_snowflake.py
[2026-07-15T13:47:04.661+0000] {processor.py:830} INFO - Processing file /opt/airflow/dags/minio_to_snowflake.py for tasks to queue
[2026-07-15T13:47:04.663+0000] {logging_mixin.py:188} INFO - [2026-07-15T13:47:04.663+0000] {dagbag.py:545} INFO - Filling up the DagBag from /opt/airflow/dags/minio_to_snowflake.py
[2026-07-15T13:47:05.399+0000] {processor.py:840} INFO - DAG(s) 'minio_to_snowflake_banking' retrieved from /opt/airflow/dags/minio_to_snowflake.py
[2026-07-15T13:47:05.429+0000] {logging_mixin.py:188} INFO - [2026-07-15T13:47:05.428+0000] {dag.py:3089} INFO - Sync 1 DAGs
[2026-07-15T13:47:05.450+0000] {logging_mixin.py:188} INFO - [2026-07-15T13:47:05.450+0000] {dag.py:3947} INFO - Setting next_dagrun for minio_to_snowflake_banking to 2026-07-15 13:46:00+00:00, run_after=2026-07-15 13:47:00+00:00
[2026-07-15T13:47:05.472+0000] {processor.py:183} INFO - Processing /opt/airflow/dags/minio_to_snowflake.py took 0.822 seconds
[2026-07-15T13:47:35.730+0000] {processor.py:161} INFO - Started process (PID=1081) to work on /opt/airflow/dags/minio_to_snowflake.py
[2026-07-15T13:47:35.732+0000] {processor.py:830} INFO - Processing file /opt/airflow/dags/minio_to_snowflake.py for tasks to queue
[2026-07-15T13:47:35.734+0000] {logging_mixin.py:188} INFO - [2026-07-15T13:47:35.734+0000] {dagbag.py:545} INFO - Filling up the DagBag from /opt/airflow/dags/minio_to_snowflake.py
[2026-07-15T13:47:36.488+0000] {processor.py:840} INFO - DAG(s) 'minio_to_snowflake_banking' retrieved from /opt/airflow/dags/minio_to_snowflake.py
[2026-07-15T13:47:36.516+0000] {logging_mixin.py:188} INFO - [2026-07-15T13:47:36.515+0000] {dag.py:3089} INFO - Sync 1 DAGs
[2026-07-15T13:47:36.537+0000] {logging_mixin.py:188} INFO - [2026-07-15T13:47:36.537+0000] {dag.py:3947} INFO - Setting next_dagrun for minio_to_snowflake_banking to 2026-07-15 13:46:00+00:00, run_after=2026-07-15 13:47:00+00:00
[2026-07-15T13:47:36.555+0000] {processor.py:183} INFO - Processing /opt/airflow/dags/minio_to_snowflake.py took 0.833 seconds
[2026-07-15T13:48:06.837+0000] {processor.py:161} INFO - Started process (PID=1085) to work on /opt/airflow/dags/minio_to_snowflake.py
[2026-07-15T13:48:06.839+0000] {processor.py:830} INFO - Processing file /opt/airflow/dags/minio_to_snowflake.py for tasks to queue
[2026-07-15T13:48:06.841+0000] {logging_mixin.py:188} INFO - [2026-07-15T13:48:06.841+0000] {dagbag.py:545} INFO - Filling up the DagBag from /opt/airflow/dags/minio_to_snowflake.py
[2026-07-15T13:48:07.577+0000] {processor.py:840} INFO - DAG(s) 'minio_to_snowflake_banking' retrieved from /opt/airflow/dags/minio_to_snowflake.py
[2026-07-15T13:48:07.606+0000] {logging_mixin.py:188} INFO - [2026-07-15T13:48:07.606+0000] {dag.py:3089} INFO - Sync 1 DAGs
[2026-07-15T13:48:07.629+0000] {logging_mixin.py:188} INFO - [2026-07-15T13:48:07.629+0000] {dag.py:3947} INFO - Setting next_dagrun for minio_to_snowflake_banking to 2026-07-15 13:47:00+00:00, run_after=2026-07-15 13:48:00+00:00
[2026-07-15T13:48:07.651+0000] {processor.py:183} INFO - Processing /opt/airflow/dags/minio_to_snowflake.py took 0.822 seconds
[2026-07-15T13:48:37.888+0000] {processor.py:161} INFO - Started process (PID=1089) to work on /opt/airflow/dags/minio_to_snowflake.py
[2026-07-15T13:48:37.890+0000] {processor.py:830} INFO - Processing file /opt/airflow/dags/minio_to_snowflake.py for tasks to queue
[2026-07-15T13:48:37.892+0000] {logging_mixin.py:188} INFO - [2026-07-15T13:48:37.892+0000] {dagbag.py:545} INFO - Filling up the DagBag from /opt/airflow/dags/minio_to_snowflake.py
[2026-07-15T13:48:38.659+0000] {processor.py:840} INFO - DAG(s) 'minio_to_snowflake_banking' retrieved from /opt/airflow/dags/minio_to_snowflake.py
[2026-07-15T13:48:38.686+0000] {logging_mixin.py:188} INFO - [2026-07-15T13:48:38.685+0000] {dag.py:3089} INFO - Sync 1 DAGs
[2026-07-15T13:48:38.710+0000] {logging_mixin.py:188} INFO - [2026-07-15T13:48:38.710+0000] {dag.py:3947} INFO - Setting next_dagrun for minio_to_snowflake_banking to 2026-07-15 13:47:00+00:00, run_after=2026-07-15 13:48:00+00:00
[2026-07-15T13:48:38.730+0000] {processor.py:183} INFO - Processing /opt/airflow/dags/minio_to_snowflake.py took 0.849 seconds
[2026-07-15T13:49:09.017+0000] {processor.py:161} INFO - Started process (PID=1093) to work on /opt/airflow/dags/minio_to_snowflake.py
[2026-07-15T13:49:09.018+0000] {processor.py:830} INFO - Processing file /opt/airflow/dags/minio_to_snowflake.py for tasks to queue
[2026-07-15T13:49:09.020+0000] {logging_mixin.py:188} INFO - [2026-07-15T13:49:09.020+0000] {dagbag.py:545} INFO - Filling up the DagBag from /opt/airflow/dags/minio_to_snowflake.py
[2026-07-15T13:49:09.804+0000] {processor.py:840} INFO - DAG(s) 'minio_to_snowflake_banking' retrieved from /opt/airflow/dags/minio_to_snowflake.py
[2026-07-15T13:49:09.832+0000] {logging_mixin.py:188} INFO - [2026-07-15T13:49:09.832+0000] {dag.py:3089} INFO - Sync 1 DAGs
[2026-07-15T13:49:09.853+0000] {logging_mixin.py:188} INFO - [2026-07-15T13:49:09.853+0000] {dag.py:3947} INFO - Setting next_dagrun for minio_to_snowflake_banking to 2026-07-15 13:48:00+00:00, run_after=2026-07-15 13:49:00+00:00
[2026-07-15T13:49:09.874+0000] {processor.py:183} INFO - Processing /opt/airflow/dags/minio_to_snowflake.py took 0.865 seconds
[2026-07-15T13:49:40.124+0000] {processor.py:161} INFO - Started process (PID=1097) to work on /opt/airflow/dags/minio_to_snowflake.py
[2026-07-15T13:49:40.126+0000] {processor.py:830} INFO - Processing file /opt/airflow/dags/minio_to_snowflake.py for tasks to queue
[2026-07-15T13:49:40.129+0000] {logging_mixin.py:188} INFO - [2026-07-15T13:49:40.128+0000] {dagbag.py:545} INFO - Filling up the DagBag from /opt/airflow/dags/minio_to_snowflake.py
[2026-07-15T13:49:41.025+0000] {processor.py:840} INFO - DAG(s) 'minio_to_snowflake_banking' retrieved from /opt/airflow/dags/minio_to_snowflake.py
[2026-07-15T13:49:41.053+0000] {logging_mixin.py:188} INFO - [2026-07-15T13:49:41.053+0000] {dag.py:3089} INFO - Sync 1 DAGs
[2026-07-15T13:49:41.075+0000] {logging_mixin.py:188} INFO - [2026-07-15T13:49:41.075+0000] {dag.py:3947} INFO - Setting next_dagrun for minio_to_snowflake_banking to 2026-07-15 13:48:00+00:00, run_after=2026-07-15 13:49:00+00:00
[2026-07-15T13:49:41.096+0000] {processor.py:183} INFO - Processing /opt/airflow/dags/minio_to_snowflake.py took 0.979 seconds
[2026-07-15T13:50:11.353+0000] {processor.py:161} INFO - Started process (PID=1101) to work on /opt/airflow/dags/minio_to_snowflake.py
[2026-07-15T13:50:11.354+0000] {processor.py:830} INFO - Processing file /opt/airflow/dags/minio_to_snowflake.py for tasks to queue
[2026-07-15T13:50:11.357+0000] {logging_mixin.py:188} INFO - [2026-07-15T13:50:11.356+0000] {dagbag.py:545} INFO - Filling up the DagBag from /opt/airflow/dags/minio_to_snowflake.py
[2026-07-15T13:50:12.151+0000] {processor.py:840} INFO - DAG(s) 'minio_to_snowflake_banking' retrieved from /opt/airflow/dags/minio_to_snowflake.py
[2026-07-15T13:50:12.193+0000] {logging_mixin.py:188} INFO - [2026-07-15T13:50:12.192+0000] {dag.py:3089} INFO - Sync 1 DAGs
[2026-07-15T13:50:12.227+0000] {logging_mixin.py:188} INFO - [2026-07-15T13:50:12.227+0000] {dag.py:3947} INFO - Setting next_dagrun for minio_to_snowflake_banking to 2026-07-15 13:49:00+00:00, run_after=2026-07-15 13:50:00+00:00
[2026-07-15T13:50:12.246+0000] {processor.py:183} INFO - Processing /opt/airflow/dags/minio_to_snowflake.py took 0.900 seconds
[2026-07-15T13:50:42.551+0000] {processor.py:161} INFO - Started process (PID=1105) to work on /opt/airflow/dags/minio_to_snowflake.py
[2026-07-15T13:50:42.553+0000] {processor.py:830} INFO - Processing file /opt/airflow/dags/minio_to_snowflake.py for tasks to queue
[2026-07-15T13:50:42.556+0000] {logging_mixin.py:188} INFO - [2026-07-15T13:50:42.555+0000] {dagbag.py:545} INFO - Filling up the DagBag from /opt/airflow/dags/minio_to_snowflake.py
[2026-07-15T13:50:43.410+0000] {processor.py:840} INFO - DAG(s) 'minio_to_snowflake_banking' retrieved from /opt/airflow/dags/minio_to_snowflake.py
[2026-07-15T13:50:43.439+0000] {logging_mixin.py:188} INFO - [2026-07-15T13:50:43.438+0000] {dag.py:3089} INFO - Sync 1 DAGs
[2026-07-15T13:50:43.460+0000] {logging_mixin.py:188} INFO - [2026-07-15T13:50:43.460+0000] {dag.py:3947} INFO - Setting next_dagrun for minio_to_snowflake_banking to 2026-07-15 13:49:00+00:00, run_after=2026-07-15 13:50:00+00:00
[2026-07-15T13:50:43.479+0000] {processor.py:183} INFO - Processing /opt/airflow/dags/minio_to_snowflake.py took 0.937 seconds
[2026-07-15T13:51:13.777+0000] {processor.py:161} INFO - Started process (PID=1109) to work on /opt/airflow/dags/minio_to_snowflake.py
[2026-07-15T13:51:13.779+0000] {processor.py:830} INFO - Processing file /opt/airflow/dags/minio_to_snowflake.py for tasks to queue
[2026-07-15T13:51:13.781+0000] {logging_mixin.py:188} INFO - [2026-07-15T13:51:13.781+0000] {dagbag.py:545} INFO - Filling up the DagBag from /opt/airflow/dags/minio_to_snowflake.py
[2026-07-15T13:51:14.559+0000] {processor.py:840} INFO - DAG(s) 'minio_to_snowflake_banking' retrieved from /opt/airflow/dags/minio_to_snowflake.py
[2026-07-15T13:51:14.589+0000] {logging_mixin.py:188} INFO - [2026-07-15T13:51:14.589+0000] {dag.py:3089} INFO - Sync 1 DAGs
[2026-07-15T13:51:14.613+0000] {logging_mixin.py:188} INFO - [2026-07-15T13:51:14.613+0000] {dag.py:3947} INFO - Setting next_dagrun for minio_to_snowflake_banking to 2026-07-15 13:50:00+00:00, run_after=2026-07-15 13:51:00+00:00
[2026-07-15T13:51:14.634+0000] {processor.py:183} INFO - Processing /opt/airflow/dags/minio_to_snowflake.py took 0.863 seconds
[2026-07-15T13:51:44.908+0000] {processor.py:161} INFO - Started process (PID=1113) to work on /opt/airflow/dags/minio_to_snowflake.py
[2026-07-15T13:51:44.910+0000] {processor.py:830} INFO - Processing file /opt/airflow/dags/minio_to_snowflake.py for tasks to queue
[2026-07-15T13:51:44.912+0000] {logging_mixin.py:188} INFO - [2026-07-15T13:51:44.912+0000] {dagbag.py:545} INFO - Filling up the DagBag from /opt/airflow/dags/minio_to_snowflake.py
[2026-07-15T13:51:45.650+0000] {processor.py:840} INFO - DAG(s) 'minio_to_snowflake_banking' retrieved from /opt/airflow/dags/minio_to_snowflake.py
[2026-07-15T13:51:45.685+0000] {logging_mixin.py:188} INFO - [2026-07-15T13:51:45.684+0000] {dag.py:3089} INFO - Sync 1 DAGs
[2026-07-15T13:51:45.712+0000] {logging_mixin.py:188} INFO - [2026-07-15T13:51:45.712+0000] {dag.py:3947} INFO - Setting next_dagrun for minio_to_snowflake_banking to 2026-07-15 13:50:00+00:00, run_after=2026-07-15 13:51:00+00:00
[2026-07-15T13:51:45.739+0000] {processor.py:183} INFO - Processing /opt/airflow/dags/minio_to_snowflake.py took 0.839 seconds
[2026-07-15T13:52:15.988+0000] {processor.py:161} INFO - Started process (PID=1117) to work on /opt/airflow/dags/minio_to_snowflake.py
[2026-07-15T13:52:15.990+0000] {processor.py:830} INFO - Processing file /opt/airflow/dags/minio_to_snowflake.py for tasks to queue
[2026-07-15T13:52:15.992+0000] {logging_mixin.py:188} INFO - [2026-07-15T13:52:15.992+0000] {dagbag.py:545} INFO - Filling up the DagBag from /opt/airflow/dags/minio_to_snowflake.py
[2026-07-15T13:52:16.719+0000] {processor.py:840} INFO - DAG(s) 'minio_to_snowflake_banking' retrieved from /opt/airflow/dags/minio_to_snowflake.py
[2026-07-15T13:52:16.747+0000] {logging_mixin.py:188} INFO - [2026-07-15T13:52:16.746+0000] {dag.py:3089} INFO - Sync 1 DAGs
[2026-07-15T13:52:16.768+0000] {logging_mixin.py:188} INFO - [2026-07-15T13:52:16.768+0000] {dag.py:3947} INFO - Setting next_dagrun for minio_to_snowflake_banking to 2026-07-15 13:51:00+00:00, run_after=2026-07-15 13:52:00+00:00
[2026-07-15T13:52:16.791+0000] {processor.py:183} INFO - Processing /opt/airflow/dags/minio_to_snowflake.py took 0.812 seconds
[2026-07-15T13:52:47.062+0000] {processor.py:161} INFO - Started process (PID=1121) to work on /opt/airflow/dags/minio_to_snowflake.py
[2026-07-15T13:52:47.064+0000] {processor.py:830} INFO - Processing file /opt/airflow/dags/minio_to_snowflake.py for tasks to queue
[2026-07-15T13:52:47.067+0000] {logging_mixin.py:188} INFO - [2026-07-15T13:52:47.066+0000] {dagbag.py:545} INFO - Filling up the DagBag from /opt/airflow/dags/minio_to_snowflake.py
[2026-07-15T13:52:47.826+0000] {processor.py:840} INFO - DAG(s) 'minio_to_snowflake_banking' retrieved from /opt/airflow/dags/minio_to_snowflake.py
[2026-07-15T13:52:47.854+0000] {logging_mixin.py:188} INFO - [2026-07-15T13:52:47.854+0000] {dag.py:3089} INFO - Sync 1 DAGs
[2026-07-15T13:52:47.875+0000] {logging_mixin.py:188} INFO - [2026-07-15T13:52:47.875+0000] {dag.py:3947} INFO - Setting next_dagrun for minio_to_snowflake_banking to 2026-07-15 13:51:00+00:00, run_after=2026-07-15 13:52:00+00:00
[2026-07-15T13:52:47.898+0000] {processor.py:183} INFO - Processing /opt/airflow/dags/minio_to_snowflake.py took 0.845 seconds
[2026-07-15T13:53:18.188+0000] {processor.py:161} INFO - Started process (PID=1125) to work on /opt/airflow/dags/minio_to_snowflake.py
[2026-07-15T13:53:18.190+0000] {processor.py:830} INFO - Processing file /opt/airflow/dags/minio_to_snowflake.py for tasks to queue
[2026-07-15T13:53:18.192+0000] {logging_mixin.py:188} INFO - [2026-07-15T13:53:18.192+0000] {dagbag.py:545} INFO - Filling up the DagBag from /opt/airflow/dags/minio_to_snowflake.py
[2026-07-15T13:53:18.952+0000] {processor.py:840} INFO - DAG(s) 'minio_to_snowflake_banking' retrieved from /opt/airflow/dags/minio_to_snowflake.py
[2026-07-15T13:53:18.981+0000] {logging_mixin.py:188} INFO - [2026-07-15T13:53:18.981+0000] {dag.py:3089} INFO - Sync 1 DAGs
[2026-07-15T13:53:19.003+0000] {logging_mixin.py:188} INFO - [2026-07-15T13:53:19.002+0000] {dag.py:3947} INFO - Setting next_dagrun for minio_to_snowflake_banking to 2026-07-15 13:52:00+00:00, run_after=2026-07-15 13:53:00+00:00
[2026-07-15T13:53:19.025+0000] {processor.py:183} INFO - Processing /opt/airflow/dags/minio_to_snowflake.py took 0.844 seconds
[2026-07-15T13:53:49.287+0000] {processor.py:161} INFO - Started process (PID=1129) to work on /opt/airflow/dags/minio_to_snowflake.py
[2026-07-15T13:53:49.289+0000] {processor.py:830} INFO - Processing file /opt/airflow/dags/minio_to_snowflake.py for tasks to queue
[2026-07-15T13:53:49.291+0000] {logging_mixin.py:188} INFO - [2026-07-15T13:53:49.290+0000] {dagbag.py:545} INFO - Filling up the DagBag from /opt/airflow/dags/minio_to_snowflake.py
[2026-07-15T13:53:50.053+0000] {processor.py:840} INFO - DAG(s) 'minio_to_snowflake_banking' retrieved from /opt/airflow/dags/minio_to_snowflake.py
[2026-07-15T13:53:50.082+0000] {logging_mixin.py:188} INFO - [2026-07-15T13:53:50.081+0000] {dag.py:3089} INFO - Sync 1 DAGs
[2026-07-15T13:53:50.103+0000] {logging_mixin.py:188} INFO - [2026-07-15T13:53:50.103+0000] {dag.py:3947} INFO - Setting next_dagrun for minio_to_snowflake_banking to 2026-07-15 13:52:00+00:00, run_after=2026-07-15 13:53:00+00:00
[2026-07-15T13:53:50.123+0000] {processor.py:183} INFO - Processing /opt/airflow/dags/minio_to_snowflake.py took 0.843 seconds
[2026-07-15T13:54:20.358+0000] {processor.py:161} INFO - Started process (PID=1133) to work on /opt/airflow/dags/minio_to_snowflake.py
[2026-07-15T13:54:20.359+0000] {processor.py:830} INFO - Processing file /opt/airflow/dags/minio_to_snowflake.py for tasks to queue
[2026-07-15T13:54:20.361+0000] {logging_mixin.py:188} INFO - [2026-07-15T13:54:20.361+0000] {dagbag.py:545} INFO - Filling up the DagBag from /opt/airflow/dags/minio_to_snowflake.py
[2026-07-15T13:54:21.251+0000] {processor.py:840} INFO - DAG(s) 'minio_to_snowflake_banking' retrieved from /opt/airflow/dags/minio_to_snowflake.py
[2026-07-15T13:54:21.279+0000] {logging_mixin.py:188} INFO - [2026-07-15T13:54:21.279+0000] {dag.py:3089} INFO - Sync 1 DAGs
[2026-07-15T13:54:21.302+0000] {logging_mixin.py:188} INFO - [2026-07-15T13:54:21.302+0000] {dag.py:3947} INFO - Setting next_dagrun for minio_to_snowflake_banking to 2026-07-15 13:53:00+00:00, run_after=2026-07-15 13:54:00+00:00
[2026-07-15T13:54:21.321+0000] {processor.py:183} INFO - Processing /opt/airflow/dags/minio_to_snowflake.py took 0.970 seconds
[2026-07-15T13:54:51.572+0000] {processor.py:161} INFO - Started process (PID=1137) to work on /opt/airflow/dags/minio_to_snowflake.py
[2026-07-15T13:54:51.574+0000] {processor.py:830} INFO - Processing file /opt/airflow/dags/minio_to_snowflake.py for tasks to queue
[2026-07-15T13:54:51.576+0000] {logging_mixin.py:188} INFO - [2026-07-15T13:54:51.576+0000] {dagbag.py:545} INFO - Filling up the DagBag from /opt/airflow/dags/minio_to_snowflake.py
[2026-07-15T13:54:52.399+0000] {processor.py:840} INFO - DAG(s) 'minio_to_snowflake_banking' retrieved from /opt/airflow/dags/minio_to_snowflake.py
[2026-07-15T13:54:52.439+0000] {logging_mixin.py:188} INFO - [2026-07-15T13:54:52.439+0000] {dag.py:3089} INFO - Sync 1 DAGs
[2026-07-15T13:54:52.478+0000] {logging_mixin.py:188} INFO - [2026-07-15T13:54:52.477+0000] {dag.py:3947} INFO - Setting next_dagrun for minio_to_snowflake_banking to 2026-07-15 13:53:00+00:00, run_after=2026-07-15 13:54:00+00:00
[2026-07-15T13:54:52.506+0000] {processor.py:183} INFO - Processing /opt/airflow/dags/minio_to_snowflake.py took 0.943 seconds
[2026-07-15T13:55:22.790+0000] {processor.py:161} INFO - Started process (PID=1141) to work on /opt/airflow/dags/minio_to_snowflake.py
[2026-07-15T13:55:22.792+0000] {processor.py:830} INFO - Processing file /opt/airflow/dags/minio_to_snowflake.py for tasks to queue
[2026-07-15T13:55:22.795+0000] {logging_mixin.py:188} INFO - [2026-07-15T13:55:22.794+0000] {dagbag.py:545} INFO - Filling up the DagBag from /opt/airflow/dags/minio_to_snowflake.py
[2026-07-15T13:55:23.700+0000] {processor.py:840} INFO - DAG(s) 'minio_to_snowflake_banking' retrieved from /opt/airflow/dags/minio_to_snowflake.py
[2026-07-15T13:55:23.741+0000] {logging_mixin.py:188} INFO - [2026-07-15T13:55:23.741+0000] {dag.py:3089} INFO - Sync 1 DAGs
[2026-07-15T13:55:23.767+0000] {logging_mixin.py:188} INFO - [2026-07-15T13:55:23.767+0000] {dag.py:3947} INFO - Setting next_dagrun for minio_to_snowflake_banking to 2026-07-15 13:54:00+00:00, run_after=2026-07-15 13:55:00+00:00
[2026-07-15T13:55:23.796+0000] {processor.py:183} INFO - Processing /opt/airflow/dags/minio_to_snowflake.py took 1.014 seconds
[2026-07-15T13:55:54.068+0000] {processor.py:161} INFO - Started process (PID=1145) to work on /opt/airflow/dags/minio_to_snowflake.py
[2026-07-15T13:55:54.070+0000] {processor.py:830} INFO - Processing file /opt/airflow/dags/minio_to_snowflake.py for tasks to queue
[2026-07-15T13:55:54.072+0000] {logging_mixin.py:188} INFO - [2026-07-15T13:55:54.071+0000] {dagbag.py:545} INFO - Filling up the DagBag from /opt/airflow/dags/minio_to_snowflake.py
[2026-07-15T13:55:54.842+0000] {processor.py:840} INFO - DAG(s) 'minio_to_snowflake_banking' retrieved from /opt/airflow/dags/minio_to_snowflake.py
[2026-07-15T13:55:54.881+0000] {logging_mixin.py:188} INFO - [2026-07-15T13:55:54.880+0000] {dag.py:3089} INFO - Sync 1 DAGs
[2026-07-15T13:55:54.909+0000] {logging_mixin.py:188} INFO - [2026-07-15T13:55:54.909+0000] {dag.py:3947} INFO - Setting next_dagrun for minio_to_snowflake_banking to 2026-07-15 13:54:00+00:00, run_after=2026-07-15 13:55:00+00:00
[2026-07-15T13:55:54.934+0000] {processor.py:183} INFO - Processing /opt/airflow/dags/minio_to_snowflake.py took 0.873 seconds
[2026-07-15T13:56:25.206+0000] {processor.py:161} INFO - Started process (PID=1149) to work on /opt/airflow/dags/minio_to_snowflake.py
[2026-07-15T13:56:25.208+0000] {processor.py:830} INFO - Processing file /opt/airflow/dags/minio_to_snowflake.py for tasks to queue
[2026-07-15T13:56:25.210+0000] {logging_mixin.py:188} INFO - [2026-07-15T13:56:25.210+0000] {dagbag.py:545} INFO - Filling up the DagBag from /opt/airflow/dags/minio_to_snowflake.py
[2026-07-15T13:56:25.964+0000] {processor.py:840} INFO - DAG(s) 'minio_to_snowflake_banking' retrieved from /opt/airflow/dags/minio_to_snowflake.py
[2026-07-15T13:56:26.003+0000] {logging_mixin.py:188} INFO - [2026-07-15T13:56:26.002+0000] {dag.py:3089} INFO - Sync 1 DAGs
[2026-07-15T13:56:26.029+0000] {logging_mixin.py:188} INFO - [2026-07-15T13:56:26.029+0000] {dag.py:3947} INFO - Setting next_dagrun for minio_to_snowflake_banking to 2026-07-15 13:55:00+00:00, run_after=2026-07-15 13:56:00+00:00
[2026-07-15T13:56:26.053+0000] {processor.py:183} INFO - Processing /opt/airflow/dags/minio_to_snowflake.py took 0.854 seconds
[2026-07-15T13:56:56.311+0000] {processor.py:161} INFO - Started process (PID=1153) to work on /opt/airflow/dags/minio_to_snowflake.py
[2026-07-15T13:56:56.312+0000] {processor.py:830} INFO - Processing file /opt/airflow/dags/minio_to_snowflake.py for tasks to queue
[2026-07-15T13:56:56.315+0000] {logging_mixin.py:188} INFO - [2026-07-15T13:56:56.314+0000] {dagbag.py:545} INFO - Filling up the DagBag from /opt/airflow/dags/minio_to_snowflake.py
[2026-07-15T13:56:57.045+0000] {processor.py:840} INFO - DAG(s) 'minio_to_snowflake_banking' retrieved from /opt/airflow/dags/minio_to_snowflake.py
[2026-07-15T13:56:57.075+0000] {logging_mixin.py:188} INFO - [2026-07-15T13:56:57.074+0000] {dag.py:3089} INFO - Sync 1 DAGs
[2026-07-15T13:56:57.097+0000] {logging_mixin.py:188} INFO - [2026-07-15T13:56:57.097+0000] {dag.py:3947} INFO - Setting next_dagrun for minio_to_snowflake_banking to 2026-07-15 13:55:00+00:00, run_after=2026-07-15 13:56:00+00:00
[2026-07-15T13:56:57.117+0000] {processor.py:183} INFO - Processing /opt/airflow/dags/minio_to_snowflake.py took 0.813 seconds
[2026-07-15T13:57:27.456+0000] {processor.py:161} INFO - Started process (PID=1157) to work on /opt/airflow/dags/minio_to_snowflake.py
[2026-07-15T13:57:27.458+0000] {processor.py:830} INFO - Processing file /opt/airflow/dags/minio_to_snowflake.py for tasks to queue
[2026-07-15T13:57:27.460+0000] {logging_mixin.py:188} INFO - [2026-07-15T13:57:27.459+0000] {dagbag.py:545} INFO - Filling up the DagBag from /opt/airflow/dags/minio_to_snowflake.py
[2026-07-15T13:57:28.233+0000] {processor.py:840} INFO - DAG(s) 'minio_to_snowflake_banking' retrieved from /opt/airflow/dags/minio_to_snowflake.py
[2026-07-15T13:57:28.262+0000] {logging_mixin.py:188} INFO - [2026-07-15T13:57:28.261+0000] {dag.py:3089} INFO - Sync 1 DAGs
[2026-07-15T13:57:28.283+0000] {logging_mixin.py:188} INFO - [2026-07-15T13:57:28.283+0000] {dag.py:3947} INFO - Setting next_dagrun for minio_to_snowflake_banking to 2026-07-15 13:56:00+00:00, run_after=2026-07-15 13:57:00+00:00
[2026-07-15T13:57:28.304+0000] {processor.py:183} INFO - Processing /opt/airflow/dags/minio_to_snowflake.py took 0.855 seconds
[2026-07-15T13:57:58.622+0000] {processor.py:161} INFO - Started process (PID=1161) to work on /opt/airflow/dags/minio_to_snowflake.py
[2026-07-15T13:57:58.624+0000] {processor.py:830} INFO - Processing file /opt/airflow/dags/minio_to_snowflake.py for tasks to queue
[2026-07-15T13:57:58.626+0000] {logging_mixin.py:188} INFO - [2026-07-15T13:57:58.626+0000] {dagbag.py:545} INFO - Filling up the DagBag from /opt/airflow/dags/minio_to_snowflake.py
[2026-07-15T13:57:59.539+0000] {processor.py:840} INFO - DAG(s) 'minio_to_snowflake_banking' retrieved from /opt/airflow/dags/minio_to_snowflake.py
[2026-07-15T13:57:59.566+0000] {logging_mixin.py:188} INFO - [2026-07-15T13:57:59.565+0000] {dag.py:3089} INFO - Sync 1 DAGs
[2026-07-15T13:57:59.587+0000] {logging_mixin.py:188} INFO - [2026-07-15T13:57:59.586+0000] {dag.py:3947} INFO - Setting next_dagrun for minio_to_snowflake_banking to 2026-07-15 13:56:00+00:00, run_after=2026-07-15 13:57:00+00:00
[2026-07-15T13:57:59.606+0000] {processor.py:183} INFO - Processing /opt/airflow/dags/minio_to_snowflake.py took 0.990 seconds
[2026-07-15T13:58:29.866+0000] {processor.py:161} INFO - Started process (PID=1165) to work on /opt/airflow/dags/minio_to_snowflake.py
[2026-07-15T13:58:29.867+0000] {processor.py:830} INFO - Processing file /opt/airflow/dags/minio_to_snowflake.py for tasks to queue
[2026-07-15T13:58:29.869+0000] {logging_mixin.py:188} INFO - [2026-07-15T13:58:29.869+0000] {dagbag.py:545} INFO - Filling up the DagBag from /opt/airflow/dags/minio_to_snowflake.py
[2026-07-15T13:58:30.653+0000] {processor.py:840} INFO - DAG(s) 'minio_to_snowflake_banking' retrieved from /opt/airflow/dags/minio_to_snowflake.py
[2026-07-15T13:58:30.680+0000] {logging_mixin.py:188} INFO - [2026-07-15T13:58:30.680+0000] {dag.py:3089} INFO - Sync 1 DAGs
[2026-07-15T13:58:30.703+0000] {logging_mixin.py:188} INFO - [2026-07-15T13:58:30.703+0000] {dag.py:3947} INFO - Setting next_dagrun for minio_to_snowflake_banking to 2026-07-15 13:57:00+00:00, run_after=2026-07-15 13:58:00+00:00
[2026-07-15T13:58:30.725+0000] {processor.py:183} INFO - Processing /opt/airflow/dags/minio_to_snowflake.py took 0.867 seconds
[2026-07-15T13:59:01.018+0000] {processor.py:161} INFO - Started process (PID=1169) to work on /opt/airflow/dags/minio_to_snowflake.py
[2026-07-15T13:59:01.020+0000] {processor.py:830} INFO - Processing file /opt/airflow/dags/minio_to_snowflake.py for tasks to queue
[2026-07-15T13:59:01.024+0000] {logging_mixin.py:188} INFO - [2026-07-15T13:59:01.023+0000] {dagbag.py:545} INFO - Filling up the DagBag from /opt/airflow/dags/minio_to_snowflake.py
[2026-07-15T13:59:01.902+0000] {processor.py:840} INFO - DAG(s) 'minio_to_snowflake_banking' retrieved from /opt/airflow/dags/minio_to_snowflake.py
[2026-07-15T13:59:01.931+0000] {logging_mixin.py:188} INFO - [2026-07-15T13:59:01.930+0000] {dag.py:3089} INFO - Sync 1 DAGs
[2026-07-15T13:59:01.952+0000] {logging_mixin.py:188} INFO - [2026-07-15T13:59:01.952+0000] {dag.py:3947} INFO - Setting next_dagrun for minio_to_snowflake_banking to 2026-07-15 13:58:00+00:00, run_after=2026-07-15 13:59:00+00:00
[2026-07-15T13:59:01.972+0000] {processor.py:183} INFO - Processing /opt/airflow/dags/minio_to_snowflake.py took 0.965 seconds
[2026-07-15T13:59:32.241+0000] {processor.py:161} INFO - Started process (PID=1173) to work on /opt/airflow/dags/minio_to_snowflake.py
[2026-07-15T13:59:32.243+0000] {processor.py:830} INFO - Processing file /opt/airflow/dags/minio_to_snowflake.py for tasks to queue
[2026-07-15T13:59:32.246+0000] {logging_mixin.py:188} INFO - [2026-07-15T13:59:32.245+0000] {dagbag.py:545} INFO - Filling up the DagBag from /opt/airflow/dags/minio_to_snowflake.py
[2026-07-15T13:59:33.187+0000] {processor.py:840} INFO - DAG(s) 'minio_to_snowflake_banking' retrieved from /opt/airflow/dags/minio_to_snowflake.py
[2026-07-15T13:59:33.214+0000] {logging_mixin.py:188} INFO - [2026-07-15T13:59:33.214+0000] {dag.py:3089} INFO - Sync 1 DAGs
[2026-07-15T13:59:33.235+0000] {logging_mixin.py:188} INFO - [2026-07-15T13:59:33.235+0000] {dag.py:3947} INFO - Setting next_dagrun for minio_to_snowflake_banking to 2026-07-15 13:58:00+00:00, run_after=2026-07-15 13:59:00+00:00
[2026-07-15T13:59:33.253+0000] {processor.py:183} INFO - Processing /opt/airflow/dags/minio_to_snowflake.py took 1.019 seconds
[2026-07-15T14:00:03.519+0000] {processor.py:161} INFO - Started process (PID=1177) to work on /opt/airflow/dags/minio_to_snowflake.py
[2026-07-15T14:00:03.521+0000] {processor.py:830} INFO - Processing file /opt/airflow/dags/minio_to_snowflake.py for tasks to queue
[2026-07-15T14:00:03.525+0000] {logging_mixin.py:188} INFO - [2026-07-15T14:00:03.524+0000] {dagbag.py:545} INFO - Filling up the DagBag from /opt/airflow/dags/minio_to_snowflake.py
[2026-07-15T14:00:04.355+0000] {processor.py:840} INFO - DAG(s) 'minio_to_snowflake_banking' retrieved from /opt/airflow/dags/minio_to_snowflake.py
[2026-07-15T14:00:04.398+0000] {logging_mixin.py:188} INFO - [2026-07-15T14:00:04.397+0000] {dag.py:3089} INFO - Sync 1 DAGs
[2026-07-15T14:00:04.429+0000] {logging_mixin.py:188} INFO - [2026-07-15T14:00:04.428+0000] {dag.py:3947} INFO - Setting next_dagrun for minio_to_snowflake_banking to 2026-07-15 13:59:00+00:00, run_after=2026-07-15 14:00:00+00:00
[2026-07-15T14:00:04.451+0000] {processor.py:183} INFO - Processing /opt/airflow/dags/minio_to_snowflake.py took 0.939 seconds
[2026-07-15T14:00:34.793+0000] {processor.py:161} INFO - Started process (PID=1181) to work on /opt/airflow/dags/minio_to_snowflake.py
[2026-07-15T14:00:34.795+0000] {processor.py:830} INFO - Processing file /opt/airflow/dags/minio_to_snowflake.py for tasks to queue
[2026-07-15T14:00:34.798+0000] {logging_mixin.py:188} INFO - [2026-07-15T14:00:34.798+0000] {dagbag.py:545} INFO - Filling up the DagBag from /opt/airflow/dags/minio_to_snowflake.py
[2026-07-15T14:00:35.549+0000] {processor.py:840} INFO - DAG(s) 'minio_to_snowflake_banking' retrieved from /opt/airflow/dags/minio_to_snowflake.py
[2026-07-15T14:00:35.577+0000] {logging_mixin.py:188} INFO - [2026-07-15T14:00:35.576+0000] {dag.py:3089} INFO - Sync 1 DAGs
[2026-07-15T14:00:35.602+0000] {logging_mixin.py:188} INFO - [2026-07-15T14:00:35.601+0000] {dag.py:3947} INFO - Setting next_dagrun for minio_to_snowflake_banking to 2026-07-15 13:59:00+00:00, run_after=2026-07-15 14:00:00+00:00
[2026-07-15T14:00:35.624+0000] {processor.py:183} INFO - Processing /opt/airflow/dags/minio_to_snowflake.py took 0.839 seconds
[2026-07-15T14:01:05.950+0000] {processor.py:161} INFO - Started process (PID=1185) to work on /opt/airflow/dags/minio_to_snowflake.py
[2026-07-15T14:01:05.952+0000] {processor.py:830} INFO - Processing file /opt/airflow/dags/minio_to_snowflake.py for tasks to queue
[2026-07-15T14:01:05.954+0000] {logging_mixin.py:188} INFO - [2026-07-15T14:01:05.954+0000] {dagbag.py:545} INFO - Filling up the DagBag from /opt/airflow/dags/minio_to_snowflake.py
[2026-07-15T14:01:06.695+0000] {processor.py:840} INFO - DAG(s) 'minio_to_snowflake_banking' retrieved from /opt/airflow/dags/minio_to_snowflake.py
[2026-07-15T14:01:06.722+0000] {logging_mixin.py:188} INFO - [2026-07-15T14:01:06.722+0000] {dag.py:3089} INFO - Sync 1 DAGs
[2026-07-15T14:01:06.745+0000] {logging_mixin.py:188} INFO - [2026-07-15T14:01:06.745+0000] {dag.py:3947} INFO - Setting next_dagrun for minio_to_snowflake_banking to 2026-07-15 14:00:00+00:00, run_after=2026-07-15 14:01:00+00:00
[2026-07-15T14:01:06.765+0000] {processor.py:183} INFO - Processing /opt/airflow/dags/minio_to_snowflake.py took 0.823 seconds
[2026-07-15T14:01:37.045+0000] {processor.py:161} INFO - Started process (PID=1189) to work on /opt/airflow/dags/minio_to_snowflake.py
[2026-07-15T14:01:37.046+0000] {processor.py:830} INFO - Processing file /opt/airflow/dags/minio_to_snowflake.py for tasks to queue
[2026-07-15T14:01:37.049+0000] {logging_mixin.py:188} INFO - [2026-07-15T14:01:37.048+0000] {dagbag.py:545} INFO - Filling up the DagBag from /opt/airflow/dags/minio_to_snowflake.py
[2026-07-15T14:01:37.806+0000] {processor.py:840} INFO - DAG(s) 'minio_to_snowflake_banking' retrieved from /opt/airflow/dags/minio_to_snowflake.py
[2026-07-15T14:01:37.835+0000] {logging_mixin.py:188} INFO - [2026-07-15T14:01:37.835+0000] {dag.py:3089} INFO - Sync 1 DAGs
[2026-07-15T14:01:37.855+0000] {logging_mixin.py:188} INFO - [2026-07-15T14:01:37.855+0000] {dag.py:3947} INFO - Setting next_dagrun for minio_to_snowflake_banking to 2026-07-15 14:00:00+00:00, run_after=2026-07-15 14:01:00+00:00
[2026-07-15T14:01:37.875+0000] {processor.py:183} INFO - Processing /opt/airflow/dags/minio_to_snowflake.py took 0.838 seconds
[2026-07-15T14:02:08.145+0000] {processor.py:161} INFO - Started process (PID=1193) to work on /opt/airflow/dags/minio_to_snowflake.py
[2026-07-15T14:02:08.147+0000] {processor.py:830} INFO - Processing file /opt/airflow/dags/minio_to_snowflake.py for tasks to queue
[2026-07-15T14:02:08.150+0000] {logging_mixin.py:188} INFO - [2026-07-15T14:02:08.149+0000] {dagbag.py:545} INFO - Filling up the DagBag from /opt/airflow/dags/minio_to_snowflake.py
[2026-07-15T14:02:08.899+0000] {processor.py:840} INFO - DAG(s) 'minio_to_snowflake_banking' retrieved from /opt/airflow/dags/minio_to_snowflake.py
[2026-07-15T14:02:08.928+0000] {logging_mixin.py:188} INFO - [2026-07-15T14:02:08.928+0000] {dag.py:3089} INFO - Sync 1 DAGs
[2026-07-15T14:02:08.950+0000] {logging_mixin.py:188} INFO - [2026-07-15T14:02:08.949+0000] {dag.py:3947} INFO - Setting next_dagrun for minio_to_snowflake_banking to 2026-07-15 14:01:00+00:00, run_after=2026-07-15 14:02:00+00:00
[2026-07-15T14:02:08.971+0000] {processor.py:183} INFO - Processing /opt/airflow/dags/minio_to_snowflake.py took 0.836 seconds
[2026-07-15T14:02:39.250+0000] {processor.py:161} INFO - Started process (PID=1197) to work on /opt/airflow/dags/minio_to_snowflake.py
[2026-07-15T14:02:39.252+0000] {processor.py:830} INFO - Processing file /opt/airflow/dags/minio_to_snowflake.py for tasks to queue
[2026-07-15T14:02:39.255+0000] {logging_mixin.py:188} INFO - [2026-07-15T14:02:39.254+0000] {dagbag.py:545} INFO - Filling up the DagBag from /opt/airflow/dags/minio_to_snowflake.py
[2026-07-15T14:02:40.005+0000] {processor.py:840} INFO - DAG(s) 'minio_to_snowflake_banking' retrieved from /opt/airflow/dags/minio_to_snowflake.py
[2026-07-15T14:02:40.033+0000] {logging_mixin.py:188} INFO - [2026-07-15T14:02:40.033+0000] {dag.py:3089} INFO - Sync 1 DAGs
[2026-07-15T14:02:40.056+0000] {logging_mixin.py:188} INFO - [2026-07-15T14:02:40.056+0000] {dag.py:3947} INFO - Setting next_dagrun for minio_to_snowflake_banking to 2026-07-15 14:01:00+00:00, run_after=2026-07-15 14:02:00+00:00
[2026-07-15T14:02:40.077+0000] {processor.py:183} INFO - Processing /opt/airflow/dags/minio_to_snowflake.py took 0.836 seconds
[2026-07-15T14:03:10.385+0000] {processor.py:161} INFO - Started process (PID=1201) to work on /opt/airflow/dags/minio_to_snowflake.py
[2026-07-15T14:03:10.387+0000] {processor.py:830} INFO - Processing file /opt/airflow/dags/minio_to_snowflake.py for tasks to queue
[2026-07-15T14:03:10.390+0000] {logging_mixin.py:188} INFO - [2026-07-15T14:03:10.389+0000] {dagbag.py:545} INFO - Filling up the DagBag from /opt/airflow/dags/minio_to_snowflake.py
[2026-07-15T14:03:11.145+0000] {processor.py:840} INFO - DAG(s) 'minio_to_snowflake_banking' retrieved from /opt/airflow/dags/minio_to_snowflake.py
[2026-07-15T14:03:11.174+0000] {logging_mixin.py:188} INFO - [2026-07-15T14:03:11.173+0000] {dag.py:3089} INFO - Sync 1 DAGs
[2026-07-15T14:03:11.197+0000] {logging_mixin.py:188} INFO - [2026-07-15T14:03:11.197+0000] {dag.py:3947} INFO - Setting next_dagrun for minio_to_snowflake_banking to 2026-07-15 14:02:00+00:00, run_after=2026-07-15 14:03:00+00:00
[2026-07-15T14:03:11.218+0000] {processor.py:183} INFO - Processing /opt/airflow/dags/minio_to_snowflake.py took 0.841 seconds
[2026-07-15T14:03:41.492+0000] {processor.py:161} INFO - Started process (PID=1205) to work on /opt/airflow/dags/minio_to_snowflake.py
[2026-07-15T14:03:41.494+0000] {processor.py:830} INFO - Processing file /opt/airflow/dags/minio_to_snowflake.py for tasks to queue
[2026-07-15T14:03:41.499+0000] {logging_mixin.py:188} INFO - [2026-07-15T14:03:41.498+0000] {dagbag.py:545} INFO - Filling up the DagBag from /opt/airflow/dags/minio_to_snowflake.py
[2026-07-15T14:03:42.311+0000] {processor.py:840} INFO - DAG(s) 'minio_to_snowflake_banking' retrieved from /opt/airflow/dags/minio_to_snowflake.py
[2026-07-15T14:03:42.339+0000] {logging_mixin.py:188} INFO - [2026-07-15T14:03:42.339+0000] {dag.py:3089} INFO - Sync 1 DAGs
[2026-07-15T14:03:42.361+0000] {logging_mixin.py:188} INFO - [2026-07-15T14:03:42.361+0000] {dag.py:3947} INFO - Setting next_dagrun for minio_to_snowflake_banking to 2026-07-15 14:02:00+00:00, run_after=2026-07-15 14:03:00+00:00
[2026-07-15T14:03:42.381+0000] {processor.py:183} INFO - Processing /opt/airflow/dags/minio_to_snowflake.py took 0.902 seconds
[2026-07-15T14:04:12.662+0000] {processor.py:161} INFO - Started process (PID=1209) to work on /opt/airflow/dags/minio_to_snowflake.py
[2026-07-15T14:04:12.664+0000] {processor.py:830} INFO - Processing file /opt/airflow/dags/minio_to_snowflake.py for tasks to queue
[2026-07-15T14:04:12.667+0000] {logging_mixin.py:188} INFO - [2026-07-15T14:04:12.666+0000] {dagbag.py:545} INFO - Filling up the DagBag from /opt/airflow/dags/minio_to_snowflake.py
[2026-07-15T14:04:13.627+0000] {processor.py:840} INFO - DAG(s) 'minio_to_snowflake_banking' retrieved from /opt/airflow/dags/minio_to_snowflake.py
[2026-07-15T14:04:13.659+0000] {logging_mixin.py:188} INFO - [2026-07-15T14:04:13.659+0000] {dag.py:3089} INFO - Sync 1 DAGs
[2026-07-15T14:04:13.684+0000] {logging_mixin.py:188} INFO - [2026-07-15T14:04:13.684+0000] {dag.py:3947} INFO - Setting next_dagrun for minio_to_snowflake_banking to 2026-07-15 14:03:00+00:00, run_after=2026-07-15 14:04:00+00:00
[2026-07-15T14:04:13.707+0000] {processor.py:183} INFO - Processing /opt/airflow/dags/minio_to_snowflake.py took 1.052 seconds
[2026-07-15T14:04:43.859+0000] {processor.py:161} INFO - Started process (PID=1213) to work on /opt/airflow/dags/minio_to_snowflake.py
[2026-07-15T14:04:43.860+0000] {processor.py:830} INFO - Processing file /opt/airflow/dags/minio_to_snowflake.py for tasks to queue
[2026-07-15T14:04:43.863+0000] {logging_mixin.py:188} INFO - [2026-07-15T14:04:43.862+0000] {dagbag.py:545} INFO - Filling up the DagBag from /opt/airflow/dags/minio_to_snowflake.py
[2026-07-15T14:04:44.679+0000] {processor.py:840} INFO - DAG(s) 'minio_to_snowflake_banking' retrieved from /opt/airflow/dags/minio_to_snowflake.py
[2026-07-15T14:04:44.709+0000] {logging_mixin.py:188} INFO - [2026-07-15T14:04:44.709+0000] {dag.py:3089} INFO - Sync 1 DAGs
[2026-07-15T14:04:44.731+0000] {logging_mixin.py:188} INFO - [2026-07-15T14:04:44.731+0000] {dag.py:3947} INFO - Setting next_dagrun for minio_to_snowflake_banking to 2026-07-15 14:03:00+00:00, run_after=2026-07-15 14:04:00+00:00
[2026-07-15T14:04:44.750+0000] {processor.py:183} INFO - Processing /opt/airflow/dags/minio_to_snowflake.py took 0.899 seconds
[2026-07-15T14:05:14.978+0000] {processor.py:161} INFO - Started process (PID=1217) to work on /opt/airflow/dags/minio_to_snowflake.py
[2026-07-15T14:05:14.980+0000] {processor.py:830} INFO - Processing file /opt/airflow/dags/minio_to_snowflake.py for tasks to queue
[2026-07-15T14:05:14.982+0000] {logging_mixin.py:188} INFO - [2026-07-15T14:05:14.982+0000] {dagbag.py:545} INFO - Filling up the DagBag from /opt/airflow/dags/minio_to_snowflake.py
[2026-07-15T14:05:15.777+0000] {processor.py:840} INFO - DAG(s) 'minio_to_snowflake_banking' retrieved from /opt/airflow/dags/minio_to_snowflake.py
[2026-07-15T14:05:15.814+0000] {logging_mixin.py:188} INFO - [2026-07-15T14:05:15.814+0000] {dag.py:3089} INFO - Sync 1 DAGs
[2026-07-15T14:05:15.837+0000] {logging_mixin.py:188} INFO - [2026-07-15T14:05:15.836+0000] {dag.py:3947} INFO - Setting next_dagrun for minio_to_snowflake_banking to 2026-07-15 14:04:00+00:00, run_after=2026-07-15 14:05:00+00:00
[2026-07-15T14:05:15.855+0000] {processor.py:183} INFO - Processing /opt/airflow/dags/minio_to_snowflake.py took 0.886 seconds
[2026-07-15T14:05:46.140+0000] {processor.py:161} INFO - Started process (PID=1221) to work on /opt/airflow/dags/minio_to_snowflake.py
[2026-07-15T14:05:46.142+0000] {processor.py:830} INFO - Processing file /opt/airflow/dags/minio_to_snowflake.py for tasks to queue
[2026-07-15T14:05:46.145+0000] {logging_mixin.py:188} INFO - [2026-07-15T14:05:46.144+0000] {dagbag.py:545} INFO - Filling up the DagBag from /opt/airflow/dags/minio_to_snowflake.py
[2026-07-15T14:05:46.966+0000] {processor.py:840} INFO - DAG(s) 'minio_to_snowflake_banking' retrieved from /opt/airflow/dags/minio_to_snowflake.py
[2026-07-15T14:05:46.997+0000] {logging_mixin.py:188} INFO - [2026-07-15T14:05:46.996+0000] {dag.py:3089} INFO - Sync 1 DAGs
[2026-07-15T14:05:47.020+0000] {logging_mixin.py:188} INFO - [2026-07-15T14:05:47.020+0000] {dag.py:3947} INFO - Setting next_dagrun for minio_to_snowflake_banking to 2026-07-15 14:04:00+00:00, run_after=2026-07-15 14:05:00+00:00
[2026-07-15T14:05:47.041+0000] {processor.py:183} INFO - Processing /opt/airflow/dags/minio_to_snowflake.py took 0.917 seconds
[2026-07-15T14:06:17.266+0000] {processor.py:161} INFO - Started process (PID=1225) to work on /opt/airflow/dags/minio_to_snowflake.py
[2026-07-15T14:06:17.268+0000] {processor.py:830} INFO - Processing file /opt/airflow/dags/minio_to_snowflake.py for tasks to queue
[2026-07-15T14:06:17.270+0000] {logging_mixin.py:188} INFO - [2026-07-15T14:06:17.270+0000] {dagbag.py:545} INFO - Filling up the DagBag from /opt/airflow/dags/minio_to_snowflake.py
[2026-07-15T14:06:18.100+0000] {processor.py:840} INFO - DAG(s) 'minio_to_snowflake_banking' retrieved from /opt/airflow/dags/minio_to_snowflake.py
[2026-07-15T14:06:18.127+0000] {logging_mixin.py:188} INFO - [2026-07-15T14:06:18.126+0000] {dag.py:3089} INFO - Sync 1 DAGs
[2026-07-15T14:06:18.149+0000] {logging_mixin.py:188} INFO - [2026-07-15T14:06:18.149+0000] {dag.py:3947} INFO - Setting next_dagrun for minio_to_snowflake_banking to 2026-07-15 14:05:00+00:00, run_after=2026-07-15 14:06:00+00:00
[2026-07-15T14:06:18.168+0000] {processor.py:183} INFO - Processing /opt/airflow/dags/minio_to_snowflake.py took 0.910 seconds
[2026-07-15T14:06:48.395+0000] {processor.py:161} INFO - Started process (PID=1229) to work on /opt/airflow/dags/minio_to_snowflake.py
[2026-07-15T14:06:48.397+0000] {processor.py:830} INFO - Processing file /opt/airflow/dags/minio_to_snowflake.py for tasks to queue
[2026-07-15T14:06:48.399+0000] {logging_mixin.py:188} INFO - [2026-07-15T14:06:48.399+0000] {dagbag.py:545} INFO - Filling up the DagBag from /opt/airflow/dags/minio_to_snowflake.py
[2026-07-15T14:06:49.206+0000] {processor.py:840} INFO - DAG(s) 'minio_to_snowflake_banking' retrieved from /opt/airflow/dags/minio_to_snowflake.py
[2026-07-15T14:06:49.236+0000] {logging_mixin.py:188} INFO - [2026-07-15T14:06:49.236+0000] {dag.py:3089} INFO - Sync 1 DAGs
[2026-07-15T14:06:49.259+0000] {logging_mixin.py:188} INFO - [2026-07-15T14:06:49.259+0000] {dag.py:3947} INFO - Setting next_dagrun for minio_to_snowflake_banking to 2026-07-15 14:05:00+00:00, run_after=2026-07-15 14:06:00+00:00
[2026-07-15T14:06:49.280+0000] {processor.py:183} INFO - Processing /opt/airflow/dags/minio_to_snowflake.py took 0.893 seconds
[2026-07-15T14:07:19.487+0000] {processor.py:161} INFO - Started process (PID=1233) to work on /opt/airflow/dags/minio_to_snowflake.py
[2026-07-15T14:07:19.490+0000] {processor.py:830} INFO - Processing file /opt/airflow/dags/minio_to_snowflake.py for tasks to queue
[2026-07-15T14:07:19.492+0000] {logging_mixin.py:188} INFO - [2026-07-15T14:07:19.492+0000] {dagbag.py:545} INFO - Filling up the DagBag from /opt/airflow/dags/minio_to_snowflake.py
[2026-07-15T14:07:20.307+0000] {processor.py:840} INFO - DAG(s) 'minio_to_snowflake_banking' retrieved from /opt/airflow/dags/minio_to_snowflake.py
[2026-07-15T14:07:20.336+0000] {logging_mixin.py:188} INFO - [2026-07-15T14:07:20.336+0000] {dag.py:3089} INFO - Sync 1 DAGs
[2026-07-15T14:07:20.361+0000] {logging_mixin.py:188} INFO - [2026-07-15T14:07:20.360+0000] {dag.py:3947} INFO - Setting next_dagrun for minio_to_snowflake_banking to 2026-07-15 14:06:00+00:00, run_after=2026-07-15 14:07:00+00:00
[2026-07-15T14:07:20.382+0000] {processor.py:183} INFO - Processing /opt/airflow/dags/minio_to_snowflake.py took 0.902 seconds
[2026-07-15T14:07:50.609+0000] {processor.py:161} INFO - Started process (PID=1237) to work on /opt/airflow/dags/minio_to_snowflake.py
[2026-07-15T14:07:50.611+0000] {processor.py:830} INFO - Processing file /opt/airflow/dags/minio_to_snowflake.py for tasks to queue
[2026-07-15T14:07:50.615+0000] {logging_mixin.py:188} INFO - [2026-07-15T14:07:50.614+0000] {dagbag.py:545} INFO - Filling up the DagBag from /opt/airflow/dags/minio_to_snowflake.py
[2026-07-15T14:07:51.435+0000] {processor.py:840} INFO - DAG(s) 'minio_to_snowflake_banking' retrieved from /opt/airflow/dags/minio_to_snowflake.py
[2026-07-15T14:07:51.468+0000] {logging_mixin.py:188} INFO - [2026-07-15T14:07:51.468+0000] {dag.py:3089} INFO - Sync 1 DAGs
[2026-07-15T14:07:51.496+0000] {logging_mixin.py:188} INFO - [2026-07-15T14:07:51.496+0000] {dag.py:3947} INFO - Setting next_dagrun for minio_to_snowflake_banking to 2026-07-15 14:06:00+00:00, run_after=2026-07-15 14:07:00+00:00
[2026-07-15T14:07:51.516+0000] {processor.py:183} INFO - Processing /opt/airflow/dags/minio_to_snowflake.py took 0.916 seconds
[2026-07-15T14:08:21.780+0000] {processor.py:161} INFO - Started process (PID=1241) to work on /opt/airflow/dags/minio_to_snowflake.py
[2026-07-15T14:08:21.785+0000] {processor.py:830} INFO - Processing file /opt/airflow/dags/minio_to_snowflake.py for tasks to queue
[2026-07-15T14:08:21.790+0000] {logging_mixin.py:188} INFO - [2026-07-15T14:08:21.789+0000] {dagbag.py:545} INFO - Filling up the DagBag from /opt/airflow/dags/minio_to_snowflake.py
[2026-07-15T14:08:22.688+0000] {processor.py:840} INFO - DAG(s) 'minio_to_snowflake_banking' retrieved from /opt/airflow/dags/minio_to_snowflake.py
[2026-07-15T14:08:22.719+0000] {logging_mixin.py:188} INFO - [2026-07-15T14:08:22.718+0000] {dag.py:3089} INFO - Sync 1 DAGs
[2026-07-15T14:08:22.740+0000] {logging_mixin.py:188} INFO - [2026-07-15T14:08:22.740+0000] {dag.py:3947} INFO - Setting next_dagrun for minio_to_snowflake_banking to 2026-07-15 14:07:00+00:00, run_after=2026-07-15 14:08:00+00:00
[2026-07-15T14:08:22.762+0000] {processor.py:183} INFO - Processing /opt/airflow/dags/minio_to_snowflake.py took 1.002 seconds
[2026-07-15T14:08:52.934+0000] {processor.py:161} INFO - Started process (PID=1245) to work on /opt/airflow/dags/minio_to_snowflake.py
[2026-07-15T14:08:52.936+0000] {processor.py:830} INFO - Processing file /opt/airflow/dags/minio_to_snowflake.py for tasks to queue
[2026-07-15T14:08:52.938+0000] {logging_mixin.py:188} INFO - [2026-07-15T14:08:52.938+0000] {dagbag.py:545} INFO - Filling up the DagBag from /opt/airflow/dags/minio_to_snowflake.py
[2026-07-15T14:08:53.817+0000] {processor.py:840} INFO - DAG(s) 'minio_to_snowflake_banking' retrieved from /opt/airflow/dags/minio_to_snowflake.py
[2026-07-15T14:08:53.853+0000] {logging_mixin.py:188} INFO - [2026-07-15T14:08:53.852+0000] {dag.py:3089} INFO - Sync 1 DAGs
[2026-07-15T14:08:53.902+0000] {logging_mixin.py:188} INFO - [2026-07-15T14:08:53.902+0000] {dag.py:3947} INFO - Setting next_dagrun for minio_to_snowflake_banking to 2026-07-15 14:07:00+00:00, run_after=2026-07-15 14:08:00+00:00
[2026-07-15T14:08:53.926+0000] {processor.py:183} INFO - Processing /opt/airflow/dags/minio_to_snowflake.py took 0.999 seconds
[2026-07-15T14:09:24.122+0000] {processor.py:161} INFO - Started process (PID=1249) to work on /opt/airflow/dags/minio_to_snowflake.py
[2026-07-15T14:09:24.123+0000] {processor.py:830} INFO - Processing file /opt/airflow/dags/minio_to_snowflake.py for tasks to queue
[2026-07-15T14:09:24.127+0000] {logging_mixin.py:188} INFO - [2026-07-15T14:09:24.125+0000] {dagbag.py:545} INFO - Filling up the DagBag from /opt/airflow/dags/minio_to_snowflake.py
[2026-07-15T14:09:25.000+0000] {processor.py:840} INFO - DAG(s) 'minio_to_snowflake_banking' retrieved from /opt/airflow/dags/minio_to_snowflake.py
[2026-07-15T14:09:25.045+0000] {logging_mixin.py:188} INFO - [2026-07-15T14:09:25.044+0000] {dag.py:3089} INFO - Sync 1 DAGs
[2026-07-15T14:09:25.068+0000] {logging_mixin.py:188} INFO - [2026-07-15T14:09:25.068+0000] {dag.py:3947} INFO - Setting next_dagrun for minio_to_snowflake_banking to 2026-07-15 14:08:00+00:00, run_after=2026-07-15 14:09:00+00:00
[2026-07-15T14:09:25.088+0000] {processor.py:183} INFO - Processing /opt/airflow/dags/minio_to_snowflake.py took 0.974 seconds
[2026-07-15T14:09:55.327+0000] {processor.py:161} INFO - Started process (PID=1253) to work on /opt/airflow/dags/minio_to_snowflake.py
[2026-07-15T14:09:55.329+0000] {processor.py:830} INFO - Processing file /opt/airflow/dags/minio_to_snowflake.py for tasks to queue
[2026-07-15T14:09:55.331+0000] {logging_mixin.py:188} INFO - [2026-07-15T14:09:55.331+0000] {dagbag.py:545} INFO - Filling up the DagBag from /opt/airflow/dags/minio_to_snowflake.py
[2026-07-15T14:09:56.143+0000] {processor.py:840} INFO - DAG(s) 'minio_to_snowflake_banking' retrieved from /opt/airflow/dags/minio_to_snowflake.py
[2026-07-15T14:09:56.172+0000] {logging_mixin.py:188} INFO - [2026-07-15T14:09:56.171+0000] {dag.py:3089} INFO - Sync 1 DAGs
[2026-07-15T14:09:56.192+0000] {logging_mixin.py:188} INFO - [2026-07-15T14:09:56.192+0000] {dag.py:3947} INFO - Setting next_dagrun for minio_to_snowflake_banking to 2026-07-15 14:08:00+00:00, run_after=2026-07-15 14:09:00+00:00
[2026-07-15T14:09:56.212+0000] {processor.py:183} INFO - Processing /opt/airflow/dags/minio_to_snowflake.py took 0.893 seconds
[2026-07-15T14:10:26.532+0000] {processor.py:161} INFO - Started process (PID=1257) to work on /opt/airflow/dags/minio_to_snowflake.py
[2026-07-15T14:10:26.533+0000] {processor.py:830} INFO - Processing file /opt/airflow/dags/minio_to_snowflake.py for tasks to queue
[2026-07-15T14:10:26.535+0000] {logging_mixin.py:188} INFO - [2026-07-15T14:10:26.535+0000] {dagbag.py:545} INFO - Filling up the DagBag from /opt/airflow/dags/minio_to_snowflake.py
[2026-07-15T14:10:27.310+0000] {processor.py:840} INFO - DAG(s) 'minio_to_snowflake_banking' retrieved from /opt/airflow/dags/minio_to_snowflake.py
[2026-07-15T14:10:27.338+0000] {logging_mixin.py:188} INFO - [2026-07-15T14:10:27.337+0000] {dag.py:3089} INFO - Sync 1 DAGs
[2026-07-15T14:10:27.359+0000] {logging_mixin.py:188} INFO - [2026-07-15T14:10:27.359+0000] {dag.py:3947} INFO - Setting next_dagrun for minio_to_snowflake_banking to 2026-07-15 14:09:00+00:00, run_after=2026-07-15 14:10:00+00:00
[2026-07-15T14:10:27.379+0000] {processor.py:183} INFO - Processing /opt/airflow/dags/minio_to_snowflake.py took 0.854 seconds
[2026-07-15T14:10:57.683+0000] {processor.py:161} INFO - Started process (PID=1261) to work on /opt/airflow/dags/minio_to_snowflake.py
[2026-07-15T14:10:57.685+0000] {processor.py:830} INFO - Processing file /opt/airflow/dags/minio_to_snowflake.py for tasks to queue
[2026-07-15T14:10:57.687+0000] {logging_mixin.py:188} INFO - [2026-07-15T14:10:57.687+0000] {dagbag.py:545} INFO - Filling up the DagBag from /opt/airflow/dags/minio_to_snowflake.py
[2026-07-15T14:10:58.461+0000] {processor.py:840} INFO - DAG(s) 'minio_to_snowflake_banking' retrieved from /opt/airflow/dags/minio_to_snowflake.py
[2026-07-15T14:10:58.491+0000] {logging_mixin.py:188} INFO - [2026-07-15T14:10:58.491+0000] {dag.py:3089} INFO - Sync 1 DAGs
[2026-07-15T14:10:58.513+0000] {logging_mixin.py:188} INFO - [2026-07-15T14:10:58.512+0000] {dag.py:3947} INFO - Setting next_dagrun for minio_to_snowflake_banking to 2026-07-15 14:09:00+00:00, run_after=2026-07-15 14:10:00+00:00
[2026-07-15T14:10:58.533+0000] {processor.py:183} INFO - Processing /opt/airflow/dags/minio_to_snowflake.py took 0.857 seconds
[2026-07-15T14:11:28.857+0000] {processor.py:161} INFO - Started process (PID=1265) to work on /opt/airflow/dags/minio_to_snowflake.py
[2026-07-15T14:11:28.860+0000] {processor.py:830} INFO - Processing file /opt/airflow/dags/minio_to_snowflake.py for tasks to queue
[2026-07-15T14:11:28.864+0000] {logging_mixin.py:188} INFO - [2026-07-15T14:11:28.864+0000] {dagbag.py:545} INFO - Filling up the DagBag from /opt/airflow/dags/minio_to_snowflake.py
[2026-07-15T14:11:29.620+0000] {processor.py:840} INFO - DAG(s) 'minio_to_snowflake_banking' retrieved from /opt/airflow/dags/minio_to_snowflake.py
[2026-07-15T14:11:29.648+0000] {logging_mixin.py:188} INFO - [2026-07-15T14:11:29.648+0000] {dag.py:3089} INFO - Sync 1 DAGs
[2026-07-15T14:11:29.671+0000] {logging_mixin.py:188} INFO - [2026-07-15T14:11:29.671+0000] {dag.py:3947} INFO - Setting next_dagrun for minio_to_snowflake_banking to 2026-07-15 14:10:00+00:00, run_after=2026-07-15 14:11:00+00:00
[2026-07-15T14:11:29.693+0000] {processor.py:183} INFO - Processing /opt/airflow/dags/minio_to_snowflake.py took 0.851 seconds
[2026-07-15T14:11:59.978+0000] {processor.py:161} INFO - Started process (PID=1269) to work on /opt/airflow/dags/minio_to_snowflake.py
[2026-07-15T14:11:59.979+0000] {processor.py:830} INFO - Processing file /opt/airflow/dags/minio_to_snowflake.py for tasks to queue
[2026-07-15T14:11:59.981+0000] {logging_mixin.py:188} INFO - [2026-07-15T14:11:59.981+0000] {dagbag.py:545} INFO - Filling up the DagBag from /opt/airflow/dags/minio_to_snowflake.py
[2026-07-15T14:12:00.791+0000] {processor.py:840} INFO - DAG(s) 'minio_to_snowflake_banking' retrieved from /opt/airflow/dags/minio_to_snowflake.py
[2026-07-15T14:12:00.819+0000] {logging_mixin.py:188} INFO - [2026-07-15T14:12:00.819+0000] {dag.py:3089} INFO - Sync 1 DAGs
[2026-07-15T14:12:00.842+0000] {logging_mixin.py:188} INFO - [2026-07-15T14:12:00.842+0000] {dag.py:3947} INFO - Setting next_dagrun for minio_to_snowflake_banking to 2026-07-15 14:11:00+00:00, run_after=2026-07-15 14:12:00+00:00
[2026-07-15T14:12:00.864+0000] {processor.py:183} INFO - Processing /opt/airflow/dags/minio_to_snowflake.py took 0.894 seconds
[2026-07-15T14:12:31.140+0000] {processor.py:161} INFO - Started process (PID=1273) to work on /opt/airflow/dags/minio_to_snowflake.py
[2026-07-15T14:12:31.142+0000] {processor.py:830} INFO - Processing file /opt/airflow/dags/minio_to_snowflake.py for tasks to queue
[2026-07-15T14:12:31.145+0000] {logging_mixin.py:188} INFO - [2026-07-15T14:12:31.144+0000] {dagbag.py:545} INFO - Filling up the DagBag from /opt/airflow/dags/minio_to_snowflake.py
[2026-07-15T14:12:32.043+0000] {processor.py:840} INFO - DAG(s) 'minio_to_snowflake_banking' retrieved from /opt/airflow/dags/minio_to_snowflake.py
[2026-07-15T14:12:32.076+0000] {logging_mixin.py:188} INFO - [2026-07-15T14:12:32.075+0000] {dag.py:3089} INFO - Sync 1 DAGs
[2026-07-15T14:12:32.111+0000] {logging_mixin.py:188} INFO - [2026-07-15T14:12:32.110+0000] {dag.py:3947} INFO - Setting next_dagrun for minio_to_snowflake_banking to 2026-07-15 14:11:00+00:00, run_after=2026-07-15 14:12:00+00:00
[2026-07-15T14:12:32.140+0000] {processor.py:183} INFO - Processing /opt/airflow/dags/minio_to_snowflake.py took 1.009 seconds
[2026-07-15T14:13:02.431+0000] {processor.py:161} INFO - Started process (PID=1277) to work on /opt/airflow/dags/minio_to_snowflake.py
[2026-07-15T14:13:02.433+0000] {processor.py:830} INFO - Processing file /opt/airflow/dags/minio_to_snowflake.py for tasks to queue
[2026-07-15T14:13:02.436+0000] {logging_mixin.py:188} INFO - [2026-07-15T14:13:02.435+0000] {dagbag.py:545} INFO - Filling up the DagBag from /opt/airflow/dags/minio_to_snowflake.py
[2026-07-15T14:13:03.189+0000] {processor.py:840} INFO - DAG(s) 'minio_to_snowflake_banking' retrieved from /opt/airflow/dags/minio_to_snowflake.py
[2026-07-15T14:13:03.221+0000] {logging_mixin.py:188} INFO - [2026-07-15T14:13:03.220+0000] {dag.py:3089} INFO - Sync 1 DAGs
[2026-07-15T14:13:03.244+0000] {logging_mixin.py:188} INFO - [2026-07-15T14:13:03.244+0000] {dag.py:3947} INFO - Setting next_dagrun for minio_to_snowflake_banking to 2026-07-15 14:12:00+00:00, run_after=2026-07-15 14:13:00+00:00
[2026-07-15T14:13:03.269+0000] {processor.py:183} INFO - Processing /opt/airflow/dags/minio_to_snowflake.py took 0.846 seconds
[2026-07-15T14:13:33.538+0000] {processor.py:161} INFO - Started process (PID=1281) to work on /opt/airflow/dags/minio_to_snowflake.py
[2026-07-15T14:13:33.539+0000] {processor.py:830} INFO - Processing file /opt/airflow/dags/minio_to_snowflake.py for tasks to queue
[2026-07-15T14:13:33.542+0000] {logging_mixin.py:188} INFO - [2026-07-15T14:13:33.541+0000] {dagbag.py:545} INFO - Filling up the DagBag from /opt/airflow/dags/minio_to_snowflake.py
[2026-07-15T14:13:34.378+0000] {processor.py:840} INFO - DAG(s) 'minio_to_snowflake_banking' retrieved from /opt/airflow/dags/minio_to_snowflake.py
[2026-07-15T14:13:34.407+0000] {logging_mixin.py:188} INFO - [2026-07-15T14:13:34.406+0000] {dag.py:3089} INFO - Sync 1 DAGs
[2026-07-15T14:13:34.429+0000] {logging_mixin.py:188} INFO - [2026-07-15T14:13:34.429+0000] {dag.py:3947} INFO - Setting next_dagrun for minio_to_snowflake_banking to 2026-07-15 14:12:00+00:00, run_after=2026-07-15 14:13:00+00:00
[2026-07-15T14:13:34.448+0000] {processor.py:183} INFO - Processing /opt/airflow/dags/minio_to_snowflake.py took 0.918 seconds
[2026-07-15T14:14:04.721+0000] {processor.py:161} INFO - Started process (PID=1285) to work on /opt/airflow/dags/minio_to_snowflake.py
[2026-07-15T14:14:04.722+0000] {processor.py:830} INFO - Processing file /opt/airflow/dags/minio_to_snowflake.py for tasks to queue
[2026-07-15T14:14:04.725+0000] {logging_mixin.py:188} INFO - [2026-07-15T14:14:04.724+0000] {dagbag.py:545} INFO - Filling up the DagBag from /opt/airflow/dags/minio_to_snowflake.py
[2026-07-15T14:14:05.521+0000] {processor.py:840} INFO - DAG(s) 'minio_to_snowflake_banking' retrieved from /opt/airflow/dags/minio_to_snowflake.py
[2026-07-15T14:14:05.550+0000] {logging_mixin.py:188} INFO - [2026-07-15T14:14:05.550+0000] {dag.py:3089} INFO - Sync 1 DAGs
[2026-07-15T14:14:05.572+0000] {logging_mixin.py:188} INFO - [2026-07-15T14:14:05.572+0000] {dag.py:3947} INFO - Setting next_dagrun for minio_to_snowflake_banking to 2026-07-15 14:13:00+00:00, run_after=2026-07-15 14:14:00+00:00
[2026-07-15T14:14:05.593+0000] {processor.py:183} INFO - Processing /opt/airflow/dags/minio_to_snowflake.py took 0.882 seconds
[2026-07-15T14:14:35.840+0000] {processor.py:161} INFO - Started process (PID=1289) to work on /opt/airflow/dags/minio_to_snowflake.py
[2026-07-15T14:14:35.842+0000] {processor.py:830} INFO - Processing file /opt/airflow/dags/minio_to_snowflake.py for tasks to queue
[2026-07-15T14:14:35.844+0000] {logging_mixin.py:188} INFO - [2026-07-15T14:14:35.844+0000] {dagbag.py:545} INFO - Filling up the DagBag from /opt/airflow/dags/minio_to_snowflake.py
[2026-07-15T14:14:36.589+0000] {processor.py:840} INFO - DAG(s) 'minio_to_snowflake_banking' retrieved from /opt/airflow/dags/minio_to_snowflake.py
[2026-07-15T14:14:36.617+0000] {logging_mixin.py:188} INFO - [2026-07-15T14:14:36.617+0000] {dag.py:3089} INFO - Sync 1 DAGs
[2026-07-15T14:14:36.639+0000] {logging_mixin.py:188} INFO - [2026-07-15T14:14:36.639+0000] {dag.py:3947} INFO - Setting next_dagrun for minio_to_snowflake_banking to 2026-07-15 14:13:00+00:00, run_after=2026-07-15 14:14:00+00:00
[2026-07-15T14:14:36.662+0000] {processor.py:183} INFO - Processing /opt/airflow/dags/minio_to_snowflake.py took 0.829 seconds
[2026-07-15T14:15:06.959+0000] {processor.py:161} INFO - Started process (PID=1293) to work on /opt/airflow/dags/minio_to_snowflake.py
[2026-07-15T14:15:06.961+0000] {processor.py:830} INFO - Processing file /opt/airflow/dags/minio_to_snowflake.py for tasks to queue
[2026-07-15T14:15:06.963+0000] {logging_mixin.py:188} INFO - [2026-07-15T14:15:06.962+0000] {dagbag.py:545} INFO - Filling up the DagBag from /opt/airflow/dags/minio_to_snowflake.py
[2026-07-15T14:15:07.701+0000] {processor.py:840} INFO - DAG(s) 'minio_to_snowflake_banking' retrieved from /opt/airflow/dags/minio_to_snowflake.py
[2026-07-15T14:15:07.729+0000] {logging_mixin.py:188} INFO - [2026-07-15T14:15:07.728+0000] {dag.py:3089} INFO - Sync 1 DAGs
[2026-07-15T14:15:07.751+0000] {logging_mixin.py:188} INFO - [2026-07-15T14:15:07.751+0000] {dag.py:3947} INFO - Setting next_dagrun for minio_to_snowflake_banking to 2026-07-15 14:14:00+00:00, run_after=2026-07-15 14:15:00+00:00
[2026-07-15T14:15:07.772+0000] {processor.py:183} INFO - Processing /opt/airflow/dags/minio_to_snowflake.py took 0.820 seconds
[2026-07-15T14:15:38.073+0000] {processor.py:161} INFO - Started process (PID=1297) to work on /opt/airflow/dags/minio_to_snowflake.py
[2026-07-15T14:15:38.075+0000] {processor.py:830} INFO - Processing file /opt/airflow/dags/minio_to_snowflake.py for tasks to queue
[2026-07-15T14:15:38.079+0000] {logging_mixin.py:188} INFO - [2026-07-15T14:15:38.078+0000] {dagbag.py:545} INFO - Filling up the DagBag from /opt/airflow/dags/minio_to_snowflake.py
[2026-07-15T14:15:38.822+0000] {processor.py:840} INFO - DAG(s) 'minio_to_snowflake_banking' retrieved from /opt/airflow/dags/minio_to_snowflake.py
[2026-07-15T14:15:38.851+0000] {logging_mixin.py:188} INFO - [2026-07-15T14:15:38.851+0000] {dag.py:3089} INFO - Sync 1 DAGs
[2026-07-15T14:15:38.874+0000] {logging_mixin.py:188} INFO - [2026-07-15T14:15:38.874+0000] {dag.py:3947} INFO - Setting next_dagrun for minio_to_snowflake_banking to 2026-07-15 14:14:00+00:00, run_after=2026-07-15 14:15:00+00:00
[2026-07-15T14:15:38.897+0000] {processor.py:183} INFO - Processing /opt/airflow/dags/minio_to_snowflake.py took 0.837 seconds
[2026-07-15T14:16:09.173+0000] {processor.py:161} INFO - Started process (PID=1301) to work on /opt/airflow/dags/minio_to_snowflake.py
[2026-07-15T14:16:09.175+0000] {processor.py:830} INFO - Processing file /opt/airflow/dags/minio_to_snowflake.py for tasks to queue
[2026-07-15T14:16:09.177+0000] {logging_mixin.py:188} INFO - [2026-07-15T14:16:09.177+0000] {dagbag.py:545} INFO - Filling up the DagBag from /opt/airflow/dags/minio_to_snowflake.py
[2026-07-15T14:16:09.944+0000] {processor.py:840} INFO - DAG(s) 'minio_to_snowflake_banking' retrieved from /opt/airflow/dags/minio_to_snowflake.py
[2026-07-15T14:16:09.975+0000] {logging_mixin.py:188} INFO - [2026-07-15T14:16:09.975+0000] {dag.py:3089} INFO - Sync 1 DAGs
[2026-07-15T14:16:09.996+0000] {logging_mixin.py:188} INFO - [2026-07-15T14:16:09.996+0000] {dag.py:3947} INFO - Setting next_dagrun for minio_to_snowflake_banking to 2026-07-15 14:15:00+00:00, run_after=2026-07-15 14:16:00+00:00
[2026-07-15T14:16:10.017+0000] {processor.py:183} INFO - Processing /opt/airflow/dags/minio_to_snowflake.py took 0.853 seconds
[2026-07-15T14:16:40.272+0000] {processor.py:161} INFO - Started process (PID=1305) to work on /opt/airflow/dags/minio_to_snowflake.py
[2026-07-15T14:16:40.274+0000] {processor.py:830} INFO - Processing file /opt/airflow/dags/minio_to_snowflake.py for tasks to queue
[2026-07-15T14:16:40.276+0000] {logging_mixin.py:188} INFO - [2026-07-15T14:16:40.276+0000] {dagbag.py:545} INFO - Filling up the DagBag from /opt/airflow/dags/minio_to_snowflake.py
[2026-07-15T14:16:41.032+0000] {processor.py:840} INFO - DAG(s) 'minio_to_snowflake_banking' retrieved from /opt/airflow/dags/minio_to_snowflake.py
[2026-07-15T14:16:41.065+0000] {logging_mixin.py:188} INFO - [2026-07-15T14:16:41.065+0000] {dag.py:3089} INFO - Sync 1 DAGs
[2026-07-15T14:16:41.086+0000] {logging_mixin.py:188} INFO - [2026-07-15T14:16:41.086+0000] {dag.py:3947} INFO - Setting next_dagrun for minio_to_snowflake_banking to 2026-07-15 14:15:00+00:00, run_after=2026-07-15 14:16:00+00:00
[2026-07-15T14:16:41.107+0000] {processor.py:183} INFO - Processing /opt/airflow/dags/minio_to_snowflake.py took 0.843 seconds
[2026-07-15T14:17:11.371+0000] {processor.py:161} INFO - Started process (PID=1309) to work on /opt/airflow/dags/minio_to_snowflake.py
[2026-07-15T14:17:11.373+0000] {processor.py:830} INFO - Processing file /opt/airflow/dags/minio_to_snowflake.py for tasks to queue
[2026-07-15T14:17:11.375+0000] {logging_mixin.py:188} INFO - [2026-07-15T14:17:11.375+0000] {dagbag.py:545} INFO - Filling up the DagBag from /opt/airflow/dags/minio_to_snowflake.py
[2026-07-15T14:17:12.201+0000] {processor.py:840} INFO - DAG(s) 'minio_to_snowflake_banking' retrieved from /opt/airflow/dags/minio_to_snowflake.py
[2026-07-15T14:17:12.250+0000] {logging_mixin.py:188} INFO - [2026-07-15T14:17:12.248+0000] {dag.py:3089} INFO - Sync 1 DAGs
[2026-07-15T14:17:12.290+0000] {logging_mixin.py:188} INFO - [2026-07-15T14:17:12.290+0000] {dag.py:3947} INFO - Setting next_dagrun for minio_to_snowflake_banking to 2026-07-15 14:16:00+00:00, run_after=2026-07-15 14:17:00+00:00
[2026-07-15T14:17:12.317+0000] {processor.py:183} INFO - Processing /opt/airflow/dags/minio_to_snowflake.py took 0.955 seconds
[2026-07-15T14:17:42.596+0000] {processor.py:161} INFO - Started process (PID=1313) to work on /opt/airflow/dags/minio_to_snowflake.py
[2026-07-15T14:17:42.598+0000] {processor.py:830} INFO - Processing file /opt/airflow/dags/minio_to_snowflake.py for tasks to queue
[2026-07-15T14:17:42.600+0000] {logging_mixin.py:188} INFO - [2026-07-15T14:17:42.600+0000] {dagbag.py:545} INFO - Filling up the DagBag from /opt/airflow/dags/minio_to_snowflake.py
[2026-07-15T14:17:43.366+0000] {processor.py:840} INFO - DAG(s) 'minio_to_snowflake_banking' retrieved from /opt/airflow/dags/minio_to_snowflake.py
[2026-07-15T14:17:43.396+0000] {logging_mixin.py:188} INFO - [2026-07-15T14:17:43.396+0000] {dag.py:3089} INFO - Sync 1 DAGs
[2026-07-15T14:17:43.421+0000] {logging_mixin.py:188} INFO - [2026-07-15T14:17:43.421+0000] {dag.py:3947} INFO - Setting next_dagrun for minio_to_snowflake_banking to 2026-07-15 14:16:00+00:00, run_after=2026-07-15 14:17:00+00:00
[2026-07-15T14:17:43.442+0000] {processor.py:183} INFO - Processing /opt/airflow/dags/minio_to_snowflake.py took 0.854 seconds
[2026-07-15T14:18:13.724+0000] {processor.py:161} INFO - Started process (PID=1317) to work on /opt/airflow/dags/minio_to_snowflake.py
[2026-07-15T14:18:13.725+0000] {processor.py:830} INFO - Processing file /opt/airflow/dags/minio_to_snowflake.py for tasks to queue
[2026-07-15T14:18:13.728+0000] {logging_mixin.py:188} INFO - [2026-07-15T14:18:13.727+0000] {dagbag.py:545} INFO - Filling up the DagBag from /opt/airflow/dags/minio_to_snowflake.py
[2026-07-15T14:18:14.577+0000] {processor.py:840} INFO - DAG(s) 'minio_to_snowflake_banking' retrieved from /opt/airflow/dags/minio_to_snowflake.py
[2026-07-15T14:18:14.611+0000] {logging_mixin.py:188} INFO - [2026-07-15T14:18:14.610+0000] {dag.py:3089} INFO - Sync 1 DAGs
[2026-07-15T14:18:14.640+0000] {logging_mixin.py:188} INFO - [2026-07-15T14:18:14.639+0000] {dag.py:3947} INFO - Setting next_dagrun for minio_to_snowflake_banking to 2026-07-15 14:17:00+00:00, run_after=2026-07-15 14:18:00+00:00
[2026-07-15T14:18:14.663+0000] {processor.py:183} INFO - Processing /opt/airflow/dags/minio_to_snowflake.py took 0.949 seconds
[2026-07-15T14:18:44.950+0000] {processor.py:161} INFO - Started process (PID=1321) to work on /opt/airflow/dags/minio_to_snowflake.py
[2026-07-15T14:18:44.952+0000] {processor.py:830} INFO - Processing file /opt/airflow/dags/minio_to_snowflake.py for tasks to queue
[2026-07-15T14:18:44.954+0000] {logging_mixin.py:188} INFO - [2026-07-15T14:18:44.954+0000] {dagbag.py:545} INFO - Filling up the DagBag from /opt/airflow/dags/minio_to_snowflake.py
[2026-07-15T14:18:45.761+0000] {processor.py:840} INFO - DAG(s) 'minio_to_snowflake_banking' retrieved from /opt/airflow/dags/minio_to_snowflake.py
[2026-07-15T14:18:45.788+0000] {logging_mixin.py:188} INFO - [2026-07-15T14:18:45.787+0000] {dag.py:3089} INFO - Sync 1 DAGs
[2026-07-15T14:18:45.808+0000] {logging_mixin.py:188} INFO - [2026-07-15T14:18:45.808+0000] {dag.py:3947} INFO - Setting next_dagrun for minio_to_snowflake_banking to 2026-07-15 14:17:00+00:00, run_after=2026-07-15 14:18:00+00:00
[2026-07-15T14:18:45.830+0000] {processor.py:183} INFO - Processing /opt/airflow/dags/minio_to_snowflake.py took 0.888 seconds
[2026-07-15T14:19:16.059+0000] {processor.py:161} INFO - Started process (PID=1325) to work on /opt/airflow/dags/minio_to_snowflake.py
[2026-07-15T14:19:16.060+0000] {processor.py:830} INFO - Processing file /opt/airflow/dags/minio_to_snowflake.py for tasks to queue
[2026-07-15T14:19:16.063+0000] {logging_mixin.py:188} INFO - [2026-07-15T14:19:16.063+0000] {dagbag.py:545} INFO - Filling up the DagBag from /opt/airflow/dags/minio_to_snowflake.py
[2026-07-15T14:19:16.788+0000] {processor.py:840} INFO - DAG(s) 'minio_to_snowflake_banking' retrieved from /opt/airflow/dags/minio_to_snowflake.py
[2026-07-15T14:19:16.822+0000] {logging_mixin.py:188} INFO - [2026-07-15T14:19:16.821+0000] {dag.py:3089} INFO - Sync 1 DAGs
[2026-07-15T14:19:16.849+0000] {logging_mixin.py:188} INFO - [2026-07-15T14:19:16.849+0000] {dag.py:3947} INFO - Setting next_dagrun for minio_to_snowflake_banking to 2026-07-15 14:18:00+00:00, run_after=2026-07-15 14:19:00+00:00
[2026-07-15T14:19:16.878+0000] {processor.py:183} INFO - Processing /opt/airflow/dags/minio_to_snowflake.py took 0.828 seconds
[2026-07-15T14:19:46.998+0000] {processor.py:161} INFO - Started process (PID=1329) to work on /opt/airflow/dags/minio_to_snowflake.py
[2026-07-15T14:19:47.000+0000] {processor.py:830} INFO - Processing file /opt/airflow/dags/minio_to_snowflake.py for tasks to queue
[2026-07-15T14:19:47.002+0000] {logging_mixin.py:188} INFO - [2026-07-15T14:19:47.002+0000] {dagbag.py:545} INFO - Filling up the DagBag from /opt/airflow/dags/minio_to_snowflake.py
[2026-07-15T14:19:47.735+0000] {processor.py:840} INFO - DAG(s) 'minio_to_snowflake_banking' retrieved from /opt/airflow/dags/minio_to_snowflake.py
[2026-07-15T14:19:47.764+0000] {logging_mixin.py:188} INFO - [2026-07-15T14:19:47.764+0000] {dag.py:3089} INFO - Sync 1 DAGs
[2026-07-15T14:19:47.787+0000] {logging_mixin.py:188} INFO - [2026-07-15T14:19:47.787+0000] {dag.py:3947} INFO - Setting next_dagrun for minio_to_snowflake_banking to 2026-07-15 14:18:00+00:00, run_after=2026-07-15 14:19:00+00:00
[2026-07-15T14:19:47.809+0000] {processor.py:183} INFO - Processing /opt/airflow/dags/minio_to_snowflake.py took 0.818 seconds
[2026-07-15T14:20:18.090+0000] {processor.py:161} INFO - Started process (PID=1333) to work on /opt/airflow/dags/minio_to_snowflake.py
[2026-07-15T14:20:18.092+0000] {processor.py:830} INFO - Processing file /opt/airflow/dags/minio_to_snowflake.py for tasks to queue
[2026-07-15T14:20:18.094+0000] {logging_mixin.py:188} INFO - [2026-07-15T14:20:18.094+0000] {dagbag.py:545} INFO - Filling up the DagBag from /opt/airflow/dags/minio_to_snowflake.py
[2026-07-15T14:20:18.850+0000] {processor.py:840} INFO - DAG(s) 'minio_to_snowflake_banking' retrieved from /opt/airflow/dags/minio_to_snowflake.py
[2026-07-15T14:20:18.880+0000] {logging_mixin.py:188} INFO - [2026-07-15T14:20:18.880+0000] {dag.py:3089} INFO - Sync 1 DAGs
[2026-07-15T14:20:18.902+0000] {logging_mixin.py:188} INFO - [2026-07-15T14:20:18.902+0000] {dag.py:3947} INFO - Setting next_dagrun for minio_to_snowflake_banking to 2026-07-15 14:19:00+00:00, run_after=2026-07-15 14:20:00+00:00
[2026-07-15T14:20:18.921+0000] {processor.py:183} INFO - Processing /opt/airflow/dags/minio_to_snowflake.py took 0.839 seconds
[2026-07-15T14:20:49.235+0000] {processor.py:161} INFO - Started process (PID=1337) to work on /opt/airflow/dags/minio_to_snowflake.py
[2026-07-15T14:20:49.238+0000] {processor.py:830} INFO - Processing file /opt/airflow/dags/minio_to_snowflake.py for tasks to queue
[2026-07-15T14:20:49.241+0000] {logging_mixin.py:188} INFO - [2026-07-15T14:20:49.241+0000] {dagbag.py:545} INFO - Filling up the DagBag from /opt/airflow/dags/minio_to_snowflake.py
[2026-07-15T14:20:50.008+0000] {processor.py:840} INFO - DAG(s) 'minio_to_snowflake_banking' retrieved from /opt/airflow/dags/minio_to_snowflake.py
[2026-07-15T14:20:50.037+0000] {logging_mixin.py:188} INFO - [2026-07-15T14:20:50.037+0000] {dag.py:3089} INFO - Sync 1 DAGs
[2026-07-15T14:20:50.058+0000] {logging_mixin.py:188} INFO - [2026-07-15T14:20:50.058+0000] {dag.py:3947} INFO - Setting next_dagrun for minio_to_snowflake_banking to 2026-07-15 14:19:00+00:00, run_after=2026-07-15 14:20:00+00:00
[2026-07-15T14:20:50.077+0000] {processor.py:183} INFO - Processing /opt/airflow/dags/minio_to_snowflake.py took 0.858 seconds
[2026-07-15T14:21:20.322+0000] {processor.py:161} INFO - Started process (PID=1341) to work on /opt/airflow/dags/minio_to_snowflake.py
[2026-07-15T14:21:20.324+0000] {processor.py:830} INFO - Processing file /opt/airflow/dags/minio_to_snowflake.py for tasks to queue
[2026-07-15T14:21:20.327+0000] {logging_mixin.py:188} INFO - [2026-07-15T14:21:20.326+0000] {dagbag.py:545} INFO - Filling up the DagBag from /opt/airflow/dags/minio_to_snowflake.py
[2026-07-15T14:21:21.080+0000] {processor.py:840} INFO - DAG(s) 'minio_to_snowflake_banking' retrieved from /opt/airflow/dags/minio_to_snowflake.py
[2026-07-15T14:21:21.109+0000] {logging_mixin.py:188} INFO - [2026-07-15T14:21:21.108+0000] {dag.py:3089} INFO - Sync 1 DAGs
[2026-07-15T14:21:21.130+0000] {logging_mixin.py:188} INFO - [2026-07-15T14:21:21.130+0000] {dag.py:3947} INFO - Setting next_dagrun for minio_to_snowflake_banking to 2026-07-15 14:20:00+00:00, run_after=2026-07-15 14:21:00+00:00
[2026-07-15T14:21:21.151+0000] {processor.py:183} INFO - Processing /opt/airflow/dags/minio_to_snowflake.py took 0.839 seconds
[2026-07-15T14:21:51.404+0000] {processor.py:161} INFO - Started process (PID=1345) to work on /opt/airflow/dags/minio_to_snowflake.py
[2026-07-15T14:21:51.406+0000] {processor.py:830} INFO - Processing file /opt/airflow/dags/minio_to_snowflake.py for tasks to queue
[2026-07-15T14:21:51.408+0000] {logging_mixin.py:188} INFO - [2026-07-15T14:21:51.407+0000] {dagbag.py:545} INFO - Filling up the DagBag from /opt/airflow/dags/minio_to_snowflake.py
[2026-07-15T14:21:52.147+0000] {processor.py:840} INFO - DAG(s) 'minio_to_snowflake_banking' retrieved from /opt/airflow/dags/minio_to_snowflake.py
[2026-07-15T14:21:52.176+0000] {logging_mixin.py:188} INFO - [2026-07-15T14:21:52.175+0000] {dag.py:3089} INFO - Sync 1 DAGs
[2026-07-15T14:21:52.198+0000] {logging_mixin.py:188} INFO - [2026-07-15T14:21:52.198+0000] {dag.py:3947} INFO - Setting next_dagrun for minio_to_snowflake_banking to 2026-07-15 14:20:00+00:00, run_after=2026-07-15 14:21:00+00:00
[2026-07-15T14:21:52.218+0000] {processor.py:183} INFO - Processing /opt/airflow/dags/minio_to_snowflake.py took 0.822 seconds
[2026-07-15T14:22:22.465+0000] {processor.py:161} INFO - Started process (PID=1349) to work on /opt/airflow/dags/minio_to_snowflake.py
[2026-07-15T14:22:22.467+0000] {processor.py:830} INFO - Processing file /opt/airflow/dags/minio_to_snowflake.py for tasks to queue
[2026-07-15T14:22:22.470+0000] {logging_mixin.py:188} INFO - [2026-07-15T14:22:22.469+0000] {dagbag.py:545} INFO - Filling up the DagBag from /opt/airflow/dags/minio_to_snowflake.py
[2026-07-15T14:22:23.316+0000] {processor.py:840} INFO - DAG(s) 'minio_to_snowflake_banking' retrieved from /opt/airflow/dags/minio_to_snowflake.py
[2026-07-15T14:22:23.344+0000] {logging_mixin.py:188} INFO - [2026-07-15T14:22:23.343+0000] {dag.py:3089} INFO - Sync 1 DAGs
[2026-07-15T14:22:23.365+0000] {logging_mixin.py:188} INFO - [2026-07-15T14:22:23.365+0000] {dag.py:3947} INFO - Setting next_dagrun for minio_to_snowflake_banking to 2026-07-15 14:21:00+00:00, run_after=2026-07-15 14:22:00+00:00
[2026-07-15T14:22:23.388+0000] {processor.py:183} INFO - Processing /opt/airflow/dags/minio_to_snowflake.py took 0.933 seconds
[2026-07-15T14:22:53.631+0000] {processor.py:161} INFO - Started process (PID=1353) to work on /opt/airflow/dags/minio_to_snowflake.py
[2026-07-15T14:22:53.632+0000] {processor.py:830} INFO - Processing file /opt/airflow/dags/minio_to_snowflake.py for tasks to queue
[2026-07-15T14:22:53.636+0000] {logging_mixin.py:188} INFO - [2026-07-15T14:22:53.635+0000] {dagbag.py:545} INFO - Filling up the DagBag from /opt/airflow/dags/minio_to_snowflake.py
[2026-07-15T14:22:54.465+0000] {processor.py:840} INFO - DAG(s) 'minio_to_snowflake_banking' retrieved from /opt/airflow/dags/minio_to_snowflake.py
[2026-07-15T14:22:54.493+0000] {logging_mixin.py:188} INFO - [2026-07-15T14:22:54.493+0000] {dag.py:3089} INFO - Sync 1 DAGs
[2026-07-15T14:22:54.515+0000] {logging_mixin.py:188} INFO - [2026-07-15T14:22:54.515+0000] {dag.py:3947} INFO - Setting next_dagrun for minio_to_snowflake_banking to 2026-07-15 14:21:00+00:00, run_after=2026-07-15 14:22:00+00:00
[2026-07-15T14:22:54.537+0000] {processor.py:183} INFO - Processing /opt/airflow/dags/minio_to_snowflake.py took 0.914 seconds
[2026-07-15T14:23:24.773+0000] {processor.py:161} INFO - Started process (PID=1357) to work on /opt/airflow/dags/minio_to_snowflake.py
[2026-07-15T14:23:24.775+0000] {processor.py:830} INFO - Processing file /opt/airflow/dags/minio_to_snowflake.py for tasks to queue
[2026-07-15T14:23:24.778+0000] {logging_mixin.py:188} INFO - [2026-07-15T14:23:24.777+0000] {dagbag.py:545} INFO - Filling up the DagBag from /opt/airflow/dags/minio_to_snowflake.py
[2026-07-15T14:23:25.572+0000] {processor.py:840} INFO - DAG(s) 'minio_to_snowflake_banking' retrieved from /opt/airflow/dags/minio_to_snowflake.py
[2026-07-15T14:23:25.601+0000] {logging_mixin.py:188} INFO - [2026-07-15T14:23:25.601+0000] {dag.py:3089} INFO - Sync 1 DAGs
[2026-07-15T14:23:25.633+0000] {logging_mixin.py:188} INFO - [2026-07-15T14:23:25.632+0000] {dag.py:3947} INFO - Setting next_dagrun for minio_to_snowflake_banking to 2026-07-15 14:22:00+00:00, run_after=2026-07-15 14:23:00+00:00
[2026-07-15T14:23:25.658+0000] {processor.py:183} INFO - Processing /opt/airflow/dags/minio_to_snowflake.py took 0.893 seconds
[2026-07-15T14:23:55.856+0000] {processor.py:161} INFO - Started process (PID=1361) to work on /opt/airflow/dags/minio_to_snowflake.py
[2026-07-15T14:23:55.858+0000] {processor.py:830} INFO - Processing file /opt/airflow/dags/minio_to_snowflake.py for tasks to queue
[2026-07-15T14:23:55.861+0000] {logging_mixin.py:188} INFO - [2026-07-15T14:23:55.860+0000] {dagbag.py:545} INFO - Filling up the DagBag from /opt/airflow/dags/minio_to_snowflake.py
[2026-07-15T14:23:56.627+0000] {processor.py:840} INFO - DAG(s) 'minio_to_snowflake_banking' retrieved from /opt/airflow/dags/minio_to_snowflake.py
[2026-07-15T14:23:56.658+0000] {logging_mixin.py:188} INFO - [2026-07-15T14:23:56.657+0000] {dag.py:3089} INFO - Sync 1 DAGs
[2026-07-15T14:23:56.680+0000] {logging_mixin.py:188} INFO - [2026-07-15T14:23:56.679+0000] {dag.py:3947} INFO - Setting next_dagrun for minio_to_snowflake_banking to 2026-07-15 14:22:00+00:00, run_after=2026-07-15 14:23:00+00:00
[2026-07-15T14:23:56.702+0000] {processor.py:183} INFO - Processing /opt/airflow/dags/minio_to_snowflake.py took 0.854 seconds
[2026-07-15T14:24:26.953+0000] {processor.py:161} INFO - Started process (PID=1365) to work on /opt/airflow/dags/minio_to_snowflake.py
[2026-07-15T14:24:26.955+0000] {processor.py:830} INFO - Processing file /opt/airflow/dags/minio_to_snowflake.py for tasks to queue
[2026-07-15T14:24:26.958+0000] {logging_mixin.py:188} INFO - [2026-07-15T14:24:26.957+0000] {dagbag.py:545} INFO - Filling up the DagBag from /opt/airflow/dags/minio_to_snowflake.py
[2026-07-15T14:24:27.759+0000] {processor.py:840} INFO - DAG(s) 'minio_to_snowflake_banking' retrieved from /opt/airflow/dags/minio_to_snowflake.py
[2026-07-15T14:24:27.794+0000] {logging_mixin.py:188} INFO - [2026-07-15T14:24:27.794+0000] {dag.py:3089} INFO - Sync 1 DAGs
[2026-07-15T14:24:27.821+0000] {logging_mixin.py:188} INFO - [2026-07-15T14:24:27.821+0000] {dag.py:3947} INFO - Setting next_dagrun for minio_to_snowflake_banking to 2026-07-15 14:23:00+00:00, run_after=2026-07-15 14:24:00+00:00
[2026-07-15T14:24:27.847+0000] {processor.py:183} INFO - Processing /opt/airflow/dags/minio_to_snowflake.py took 0.902 seconds
[2026-07-15T14:24:58.118+0000] {processor.py:161} INFO - Started process (PID=1369) to work on /opt/airflow/dags/minio_to_snowflake.py
[2026-07-15T14:24:58.120+0000] {processor.py:830} INFO - Processing file /opt/airflow/dags/minio_to_snowflake.py for tasks to queue
[2026-07-15T14:24:58.123+0000] {logging_mixin.py:188} INFO - [2026-07-15T14:24:58.123+0000] {dagbag.py:545} INFO - Filling up the DagBag from /opt/airflow/dags/minio_to_snowflake.py
[2026-07-15T14:24:58.889+0000] {processor.py:840} INFO - DAG(s) 'minio_to_snowflake_banking' retrieved from /opt/airflow/dags/minio_to_snowflake.py
[2026-07-15T14:24:58.931+0000] {logging_mixin.py:188} INFO - [2026-07-15T14:24:58.930+0000] {dag.py:3089} INFO - Sync 1 DAGs
[2026-07-15T14:24:58.968+0000] {logging_mixin.py:188} INFO - [2026-07-15T14:24:58.968+0000] {dag.py:3947} INFO - Setting next_dagrun for minio_to_snowflake_banking to 2026-07-15 14:23:00+00:00, run_after=2026-07-15 14:24:00+00:00
[2026-07-15T14:24:59.010+0000] {processor.py:183} INFO - Processing /opt/airflow/dags/minio_to_snowflake.py took 0.899 seconds
[2026-07-15T14:25:29.363+0000] {processor.py:161} INFO - Started process (PID=1373) to work on /opt/airflow/dags/minio_to_snowflake.py
[2026-07-15T14:25:29.365+0000] {processor.py:830} INFO - Processing file /opt/airflow/dags/minio_to_snowflake.py for tasks to queue
[2026-07-15T14:25:29.367+0000] {logging_mixin.py:188} INFO - [2026-07-15T14:25:29.367+0000] {dagbag.py:545} INFO - Filling up the DagBag from /opt/airflow/dags/minio_to_snowflake.py
[2026-07-15T14:25:30.107+0000] {processor.py:840} INFO - DAG(s) 'minio_to_snowflake_banking' retrieved from /opt/airflow/dags/minio_to_snowflake.py
[2026-07-15T14:25:30.135+0000] {logging_mixin.py:188} INFO - [2026-07-15T14:25:30.135+0000] {dag.py:3089} INFO - Sync 1 DAGs
[2026-07-15T14:25:30.157+0000] {logging_mixin.py:188} INFO - [2026-07-15T14:25:30.157+0000] {dag.py:3947} INFO - Setting next_dagrun for minio_to_snowflake_banking to 2026-07-15 14:24:00+00:00, run_after=2026-07-15 14:25:00+00:00
[2026-07-15T14:25:30.186+0000] {processor.py:183} INFO - Processing /opt/airflow/dags/minio_to_snowflake.py took 0.830 seconds
[2026-07-15T14:26:00.439+0000] {processor.py:161} INFO - Started process (PID=1377) to work on /opt/airflow/dags/minio_to_snowflake.py
[2026-07-15T14:26:00.440+0000] {processor.py:830} INFO - Processing file /opt/airflow/dags/minio_to_snowflake.py for tasks to queue
[2026-07-15T14:26:00.442+0000] {logging_mixin.py:188} INFO - [2026-07-15T14:26:00.442+0000] {dagbag.py:545} INFO - Filling up the DagBag from /opt/airflow/dags/minio_to_snowflake.py
[2026-07-15T14:26:01.377+0000] {processor.py:840} INFO - DAG(s) 'minio_to_snowflake_banking' retrieved from /opt/airflow/dags/minio_to_snowflake.py
[2026-07-15T14:26:01.406+0000] {logging_mixin.py:188} INFO - [2026-07-15T14:26:01.405+0000] {dag.py:3089} INFO - Sync 1 DAGs
[2026-07-15T14:26:01.429+0000] {logging_mixin.py:188} INFO - [2026-07-15T14:26:01.429+0000] {dag.py:3947} INFO - Setting next_dagrun for minio_to_snowflake_banking to 2026-07-15 14:25:00+00:00, run_after=2026-07-15 14:26:00+00:00
[2026-07-15T14:26:01.450+0000] {processor.py:183} INFO - Processing /opt/airflow/dags/minio_to_snowflake.py took 1.019 seconds
[2026-07-15T14:26:31.671+0000] {processor.py:161} INFO - Started process (PID=1381) to work on /opt/airflow/dags/minio_to_snowflake.py
[2026-07-15T14:26:31.672+0000] {processor.py:830} INFO - Processing file /opt/airflow/dags/minio_to_snowflake.py for tasks to queue
[2026-07-15T14:26:31.676+0000] {logging_mixin.py:188} INFO - [2026-07-15T14:26:31.675+0000] {dagbag.py:545} INFO - Filling up the DagBag from /opt/airflow/dags/minio_to_snowflake.py
[2026-07-15T14:26:32.511+0000] {processor.py:840} INFO - DAG(s) 'minio_to_snowflake_banking' retrieved from /opt/airflow/dags/minio_to_snowflake.py
[2026-07-15T14:26:32.557+0000] {logging_mixin.py:188} INFO - [2026-07-15T14:26:32.556+0000] {dag.py:3089} INFO - Sync 1 DAGs
[2026-07-15T14:26:32.610+0000] {logging_mixin.py:188} INFO - [2026-07-15T14:26:32.609+0000] {dag.py:3947} INFO - Setting next_dagrun for minio_to_snowflake_banking to 2026-07-15 14:25:00+00:00, run_after=2026-07-15 14:26:00+00:00
[2026-07-15T14:26:32.644+0000] {processor.py:183} INFO - Processing /opt/airflow/dags/minio_to_snowflake.py took 0.980 seconds
[2026-07-15T14:27:02.916+0000] {processor.py:161} INFO - Started process (PID=1385) to work on /opt/airflow/dags/minio_to_snowflake.py
[2026-07-15T14:27:02.919+0000] {processor.py:830} INFO - Processing file /opt/airflow/dags/minio_to_snowflake.py for tasks to queue
[2026-07-15T14:27:02.924+0000] {logging_mixin.py:188} INFO - [2026-07-15T14:27:02.923+0000] {dagbag.py:545} INFO - Filling up the DagBag from /opt/airflow/dags/minio_to_snowflake.py
[2026-07-15T14:27:03.748+0000] {processor.py:840} INFO - DAG(s) 'minio_to_snowflake_banking' retrieved from /opt/airflow/dags/minio_to_snowflake.py
[2026-07-15T14:27:03.778+0000] {logging_mixin.py:188} INFO - [2026-07-15T14:27:03.777+0000] {dag.py:3089} INFO - Sync 1 DAGs
[2026-07-15T14:27:03.799+0000] {logging_mixin.py:188} INFO - [2026-07-15T14:27:03.799+0000] {dag.py:3947} INFO - Setting next_dagrun for minio_to_snowflake_banking to 2026-07-15 14:26:00+00:00, run_after=2026-07-15 14:27:00+00:00
[2026-07-15T14:27:03.821+0000] {processor.py:183} INFO - Processing /opt/airflow/dags/minio_to_snowflake.py took 0.917 seconds
[2026-07-15T14:27:34.165+0000] {processor.py:161} INFO - Started process (PID=1389) to work on /opt/airflow/dags/minio_to_snowflake.py
[2026-07-15T14:27:34.168+0000] {processor.py:830} INFO - Processing file /opt/airflow/dags/minio_to_snowflake.py for tasks to queue
[2026-07-15T14:27:34.173+0000] {logging_mixin.py:188} INFO - [2026-07-15T14:27:34.172+0000] {dagbag.py:545} INFO - Filling up the DagBag from /opt/airflow/dags/minio_to_snowflake.py
[2026-07-15T14:27:35.042+0000] {processor.py:840} INFO - DAG(s) 'minio_to_snowflake_banking' retrieved from /opt/airflow/dags/minio_to_snowflake.py
[2026-07-15T14:27:35.073+0000] {logging_mixin.py:188} INFO - [2026-07-15T14:27:35.072+0000] {dag.py:3089} INFO - Sync 1 DAGs
[2026-07-15T14:27:35.098+0000] {logging_mixin.py:188} INFO - [2026-07-15T14:27:35.097+0000] {dag.py:3947} INFO - Setting next_dagrun for minio_to_snowflake_banking to 2026-07-15 14:26:00+00:00, run_after=2026-07-15 14:27:00+00:00
[2026-07-15T14:27:35.124+0000] {processor.py:183} INFO - Processing /opt/airflow/dags/minio_to_snowflake.py took 0.974 seconds
[2026-07-15T14:28:05.393+0000] {processor.py:161} INFO - Started process (PID=1393) to work on /opt/airflow/dags/minio_to_snowflake.py
[2026-07-15T14:28:05.394+0000] {processor.py:830} INFO - Processing file /opt/airflow/dags/minio_to_snowflake.py for tasks to queue
[2026-07-15T14:28:05.397+0000] {logging_mixin.py:188} INFO - [2026-07-15T14:28:05.396+0000] {dagbag.py:545} INFO - Filling up the DagBag from /opt/airflow/dags/minio_to_snowflake.py
[2026-07-15T14:28:06.194+0000] {processor.py:840} INFO - DAG(s) 'minio_to_snowflake_banking' retrieved from /opt/airflow/dags/minio_to_snowflake.py
[2026-07-15T14:28:06.221+0000] {logging_mixin.py:188} INFO - [2026-07-15T14:28:06.221+0000] {dag.py:3089} INFO - Sync 1 DAGs
[2026-07-15T14:28:06.243+0000] {logging_mixin.py:188} INFO - [2026-07-15T14:28:06.243+0000] {dag.py:3947} INFO - Setting next_dagrun for minio_to_snowflake_banking to 2026-07-15 14:27:00+00:00, run_after=2026-07-15 14:28:00+00:00
[2026-07-15T14:28:06.267+0000] {processor.py:183} INFO - Processing /opt/airflow/dags/minio_to_snowflake.py took 0.881 seconds
[2026-07-15T14:28:36.544+0000] {processor.py:161} INFO - Started process (PID=1397) to work on /opt/airflow/dags/minio_to_snowflake.py
[2026-07-15T14:28:36.546+0000] {processor.py:830} INFO - Processing file /opt/airflow/dags/minio_to_snowflake.py for tasks to queue
[2026-07-15T14:28:36.548+0000] {logging_mixin.py:188} INFO - [2026-07-15T14:28:36.547+0000] {dagbag.py:545} INFO - Filling up the DagBag from /opt/airflow/dags/minio_to_snowflake.py
[2026-07-15T14:28:37.309+0000] {processor.py:840} INFO - DAG(s) 'minio_to_snowflake_banking' retrieved from /opt/airflow/dags/minio_to_snowflake.py
[2026-07-15T14:28:37.340+0000] {logging_mixin.py:188} INFO - [2026-07-15T14:28:37.340+0000] {dag.py:3089} INFO - Sync 1 DAGs
[2026-07-15T14:28:37.362+0000] {logging_mixin.py:188} INFO - [2026-07-15T14:28:37.361+0000] {dag.py:3947} INFO - Setting next_dagrun for minio_to_snowflake_banking to 2026-07-15 14:27:00+00:00, run_after=2026-07-15 14:28:00+00:00
[2026-07-15T14:28:37.384+0000] {processor.py:183} INFO - Processing /opt/airflow/dags/minio_to_snowflake.py took 0.847 seconds
[2026-07-15T14:29:07.684+0000] {processor.py:161} INFO - Started process (PID=1401) to work on /opt/airflow/dags/minio_to_snowflake.py
[2026-07-15T14:29:07.685+0000] {processor.py:830} INFO - Processing file /opt/airflow/dags/minio_to_snowflake.py for tasks to queue
[2026-07-15T14:29:07.688+0000] {logging_mixin.py:188} INFO - [2026-07-15T14:29:07.687+0000] {dagbag.py:545} INFO - Filling up the DagBag from /opt/airflow/dags/minio_to_snowflake.py
[2026-07-15T14:29:08.473+0000] {processor.py:840} INFO - DAG(s) 'minio_to_snowflake_banking' retrieved from /opt/airflow/dags/minio_to_snowflake.py
[2026-07-15T14:29:08.502+0000] {logging_mixin.py:188} INFO - [2026-07-15T14:29:08.502+0000] {dag.py:3089} INFO - Sync 1 DAGs
[2026-07-15T14:29:08.523+0000] {logging_mixin.py:188} INFO - [2026-07-15T14:29:08.523+0000] {dag.py:3947} INFO - Setting next_dagrun for minio_to_snowflake_banking to 2026-07-15 14:28:00+00:00, run_after=2026-07-15 14:29:00+00:00
[2026-07-15T14:29:08.545+0000] {processor.py:183} INFO - Processing /opt/airflow/dags/minio_to_snowflake.py took 0.869 seconds
[2026-07-15T14:29:38.827+0000] {processor.py:161} INFO - Started process (PID=1405) to work on /opt/airflow/dags/minio_to_snowflake.py
[2026-07-15T14:29:38.828+0000] {processor.py:830} INFO - Processing file /opt/airflow/dags/minio_to_snowflake.py for tasks to queue
[2026-07-15T14:29:38.831+0000] {logging_mixin.py:188} INFO - [2026-07-15T14:29:38.830+0000] {dagbag.py:545} INFO - Filling up the DagBag from /opt/airflow/dags/minio_to_snowflake.py
[2026-07-15T14:29:39.595+0000] {processor.py:840} INFO - DAG(s) 'minio_to_snowflake_banking' retrieved from /opt/airflow/dags/minio_to_snowflake.py
[2026-07-15T14:29:39.623+0000] {logging_mixin.py:188} INFO - [2026-07-15T14:29:39.622+0000] {dag.py:3089} INFO - Sync 1 DAGs
[2026-07-15T14:29:39.645+0000] {logging_mixin.py:188} INFO - [2026-07-15T14:29:39.644+0000] {dag.py:3947} INFO - Setting next_dagrun for minio_to_snowflake_banking to 2026-07-15 14:28:00+00:00, run_after=2026-07-15 14:29:00+00:00
[2026-07-15T14:29:39.673+0000] {processor.py:183} INFO - Processing /opt/airflow/dags/minio_to_snowflake.py took 0.854 seconds
[2026-07-15T14:30:09.951+0000] {processor.py:161} INFO - Started process (PID=1409) to work on /opt/airflow/dags/minio_to_snowflake.py
[2026-07-15T14:30:09.952+0000] {processor.py:830} INFO - Processing file /opt/airflow/dags/minio_to_snowflake.py for tasks to queue
[2026-07-15T14:30:09.955+0000] {logging_mixin.py:188} INFO - [2026-07-15T14:30:09.954+0000] {dagbag.py:545} INFO - Filling up the DagBag from /opt/airflow/dags/minio_to_snowflake.py
[2026-07-15T14:30:10.720+0000] {processor.py:840} INFO - DAG(s) 'minio_to_snowflake_banking' retrieved from /opt/airflow/dags/minio_to_snowflake.py
[2026-07-15T14:30:10.748+0000] {logging_mixin.py:188} INFO - [2026-07-15T14:30:10.747+0000] {dag.py:3089} INFO - Sync 1 DAGs
[2026-07-15T14:30:10.770+0000] {logging_mixin.py:188} INFO - [2026-07-15T14:30:10.769+0000] {dag.py:3947} INFO - Setting next_dagrun for minio_to_snowflake_banking to 2026-07-15 14:29:00+00:00, run_after=2026-07-15 14:30:00+00:00
[2026-07-15T14:30:10.793+0000] {processor.py:183} INFO - Processing /opt/airflow/dags/minio_to_snowflake.py took 0.851 seconds
[2026-07-15T14:30:41.073+0000] {processor.py:161} INFO - Started process (PID=1413) to work on /opt/airflow/dags/minio_to_snowflake.py
[2026-07-15T14:30:41.075+0000] {processor.py:830} INFO - Processing file /opt/airflow/dags/minio_to_snowflake.py for tasks to queue
[2026-07-15T14:30:41.077+0000] {logging_mixin.py:188} INFO - [2026-07-15T14:30:41.077+0000] {dagbag.py:545} INFO - Filling up the DagBag from /opt/airflow/dags/minio_to_snowflake.py
[2026-07-15T14:30:41.813+0000] {processor.py:840} INFO - DAG(s) 'minio_to_snowflake_banking' retrieved from /opt/airflow/dags/minio_to_snowflake.py
[2026-07-15T14:30:41.842+0000] {logging_mixin.py:188} INFO - [2026-07-15T14:30:41.842+0000] {dag.py:3089} INFO - Sync 1 DAGs
[2026-07-15T14:30:41.867+0000] {logging_mixin.py:188} INFO - [2026-07-15T14:30:41.867+0000] {dag.py:3947} INFO - Setting next_dagrun for minio_to_snowflake_banking to 2026-07-15 14:29:00+00:00, run_after=2026-07-15 14:30:00+00:00
[2026-07-15T14:30:41.891+0000] {processor.py:183} INFO - Processing /opt/airflow/dags/minio_to_snowflake.py took 0.827 seconds
[2026-07-15T14:31:12.133+0000] {processor.py:161} INFO - Started process (PID=1417) to work on /opt/airflow/dags/minio_to_snowflake.py
[2026-07-15T14:31:12.135+0000] {processor.py:830} INFO - Processing file /opt/airflow/dags/minio_to_snowflake.py for tasks to queue
[2026-07-15T14:31:12.137+0000] {logging_mixin.py:188} INFO - [2026-07-15T14:31:12.137+0000] {dagbag.py:545} INFO - Filling up the DagBag from /opt/airflow/dags/minio_to_snowflake.py
[2026-07-15T14:31:12.912+0000] {processor.py:840} INFO - DAG(s) 'minio_to_snowflake_banking' retrieved from /opt/airflow/dags/minio_to_snowflake.py
[2026-07-15T14:31:12.965+0000] {logging_mixin.py:188} INFO - [2026-07-15T14:31:12.965+0000] {dag.py:3089} INFO - Sync 1 DAGs
[2026-07-15T14:31:13.010+0000] {logging_mixin.py:188} INFO - [2026-07-15T14:31:13.009+0000] {dag.py:3947} INFO - Setting next_dagrun for minio_to_snowflake_banking to 2026-07-15 14:30:00+00:00, run_after=2026-07-15 14:31:00+00:00
[2026-07-15T14:31:13.048+0000] {processor.py:183} INFO - Processing /opt/airflow/dags/minio_to_snowflake.py took 0.922 seconds
[2026-07-15T14:31:43.300+0000] {processor.py:161} INFO - Started process (PID=1421) to work on /opt/airflow/dags/minio_to_snowflake.py
[2026-07-15T14:31:43.302+0000] {processor.py:830} INFO - Processing file /opt/airflow/dags/minio_to_snowflake.py for tasks to queue
[2026-07-15T14:31:43.305+0000] {logging_mixin.py:188} INFO - [2026-07-15T14:31:43.304+0000] {dagbag.py:545} INFO - Filling up the DagBag from /opt/airflow/dags/minio_to_snowflake.py
[2026-07-15T14:31:44.077+0000] {processor.py:840} INFO - DAG(s) 'minio_to_snowflake_banking' retrieved from /opt/airflow/dags/minio_to_snowflake.py
[2026-07-15T14:31:44.105+0000] {logging_mixin.py:188} INFO - [2026-07-15T14:31:44.105+0000] {dag.py:3089} INFO - Sync 1 DAGs
[2026-07-15T14:31:44.127+0000] {logging_mixin.py:188} INFO - [2026-07-15T14:31:44.127+0000] {dag.py:3947} INFO - Setting next_dagrun for minio_to_snowflake_banking to 2026-07-15 14:30:00+00:00, run_after=2026-07-15 14:31:00+00:00
[2026-07-15T14:31:44.151+0000] {processor.py:183} INFO - Processing /opt/airflow/dags/minio_to_snowflake.py took 0.860 seconds
[2026-07-15T14:32:14.415+0000] {processor.py:161} INFO - Started process (PID=1425) to work on /opt/airflow/dags/minio_to_snowflake.py
[2026-07-15T14:32:14.417+0000] {processor.py:830} INFO - Processing file /opt/airflow/dags/minio_to_snowflake.py for tasks to queue
[2026-07-15T14:32:14.420+0000] {logging_mixin.py:188} INFO - [2026-07-15T14:32:14.419+0000] {dagbag.py:545} INFO - Filling up the DagBag from /opt/airflow/dags/minio_to_snowflake.py
[2026-07-15T14:32:15.261+0000] {processor.py:840} INFO - DAG(s) 'minio_to_snowflake_banking' retrieved from /opt/airflow/dags/minio_to_snowflake.py
[2026-07-15T14:32:15.290+0000] {logging_mixin.py:188} INFO - [2026-07-15T14:32:15.290+0000] {dag.py:3089} INFO - Sync 1 DAGs
[2026-07-15T14:32:15.316+0000] {logging_mixin.py:188} INFO - [2026-07-15T14:32:15.316+0000] {dag.py:3947} INFO - Setting next_dagrun for minio_to_snowflake_banking to 2026-07-15 14:31:00+00:00, run_after=2026-07-15 14:32:00+00:00
[2026-07-15T14:32:15.337+0000] {processor.py:183} INFO - Processing /opt/airflow/dags/minio_to_snowflake.py took 0.930 seconds
[2026-07-15T14:32:45.613+0000] {processor.py:161} INFO - Started process (PID=1429) to work on /opt/airflow/dags/minio_to_snowflake.py
[2026-07-15T14:32:45.615+0000] {processor.py:830} INFO - Processing file /opt/airflow/dags/minio_to_snowflake.py for tasks to queue
[2026-07-15T14:32:45.617+0000] {logging_mixin.py:188} INFO - [2026-07-15T14:32:45.617+0000] {dagbag.py:545} INFO - Filling up the DagBag from /opt/airflow/dags/minio_to_snowflake.py
[2026-07-15T14:32:46.380+0000] {processor.py:840} INFO - DAG(s) 'minio_to_snowflake_banking' retrieved from /opt/airflow/dags/minio_to_snowflake.py
[2026-07-15T14:32:46.409+0000] {logging_mixin.py:188} INFO - [2026-07-15T14:32:46.408+0000] {dag.py:3089} INFO - Sync 1 DAGs
[2026-07-15T14:32:46.429+0000] {logging_mixin.py:188} INFO - [2026-07-15T14:32:46.429+0000] {dag.py:3947} INFO - Setting next_dagrun for minio_to_snowflake_banking to 2026-07-15 14:31:00+00:00, run_after=2026-07-15 14:32:00+00:00
[2026-07-15T14:32:46.449+0000] {processor.py:183} INFO - Processing /opt/airflow/dags/minio_to_snowflake.py took 0.850 seconds
[2026-07-15T14:33:16.683+0000] {processor.py:161} INFO - Started process (PID=1433) to work on /opt/airflow/dags/minio_to_snowflake.py
[2026-07-15T14:33:16.684+0000] {processor.py:830} INFO - Processing file /opt/airflow/dags/minio_to_snowflake.py for tasks to queue
[2026-07-15T14:33:16.687+0000] {logging_mixin.py:188} INFO - [2026-07-15T14:33:16.687+0000] {dagbag.py:545} INFO - Filling up the DagBag from /opt/airflow/dags/minio_to_snowflake.py
[2026-07-15T14:33:17.462+0000] {processor.py:840} INFO - DAG(s) 'minio_to_snowflake_banking' retrieved from /opt/airflow/dags/minio_to_snowflake.py
[2026-07-15T14:33:17.490+0000] {logging_mixin.py:188} INFO - [2026-07-15T14:33:17.490+0000] {dag.py:3089} INFO - Sync 1 DAGs
[2026-07-15T14:33:17.511+0000] {logging_mixin.py:188} INFO - [2026-07-15T14:33:17.511+0000] {dag.py:3947} INFO - Setting next_dagrun for minio_to_snowflake_banking to 2026-07-15 14:32:00+00:00, run_after=2026-07-15 14:33:00+00:00
[2026-07-15T14:33:17.534+0000] {processor.py:183} INFO - Processing /opt/airflow/dags/minio_to_snowflake.py took 0.858 seconds
[2026-07-15T14:33:47.706+0000] {processor.py:161} INFO - Started process (PID=1437) to work on /opt/airflow/dags/minio_to_snowflake.py
[2026-07-15T14:33:47.708+0000] {processor.py:830} INFO - Processing file /opt/airflow/dags/minio_to_snowflake.py for tasks to queue
[2026-07-15T14:33:47.710+0000] {logging_mixin.py:188} INFO - [2026-07-15T14:33:47.710+0000] {dagbag.py:545} INFO - Filling up the DagBag from /opt/airflow/dags/minio_to_snowflake.py
[2026-07-15T14:33:48.461+0000] {processor.py:840} INFO - DAG(s) 'minio_to_snowflake_banking' retrieved from /opt/airflow/dags/minio_to_snowflake.py
[2026-07-15T14:33:48.493+0000] {logging_mixin.py:188} INFO - [2026-07-15T14:33:48.492+0000] {dag.py:3089} INFO - Sync 1 DAGs
[2026-07-15T14:33:48.515+0000] {logging_mixin.py:188} INFO - [2026-07-15T14:33:48.515+0000] {dag.py:3947} INFO - Setting next_dagrun for minio_to_snowflake_banking to 2026-07-15 14:32:00+00:00, run_after=2026-07-15 14:33:00+00:00
[2026-07-15T14:33:48.537+0000] {processor.py:183} INFO - Processing /opt/airflow/dags/minio_to_snowflake.py took 0.841 seconds
[2026-07-15T14:34:18.819+0000] {processor.py:161} INFO - Started process (PID=1441) to work on /opt/airflow/dags/minio_to_snowflake.py
[2026-07-15T14:34:18.821+0000] {processor.py:830} INFO - Processing file /opt/airflow/dags/minio_to_snowflake.py for tasks to queue
[2026-07-15T14:34:18.824+0000] {logging_mixin.py:188} INFO - [2026-07-15T14:34:18.824+0000] {dagbag.py:545} INFO - Filling up the DagBag from /opt/airflow/dags/minio_to_snowflake.py
[2026-07-15T14:34:19.584+0000] {processor.py:840} INFO - DAG(s) 'minio_to_snowflake_banking' retrieved from /opt/airflow/dags/minio_to_snowflake.py
[2026-07-15T14:34:19.613+0000] {logging_mixin.py:188} INFO - [2026-07-15T14:34:19.612+0000] {dag.py:3089} INFO - Sync 1 DAGs
[2026-07-15T14:34:19.635+0000] {logging_mixin.py:188} INFO - [2026-07-15T14:34:19.635+0000] {dag.py:3947} INFO - Setting next_dagrun for minio_to_snowflake_banking to 2026-07-15 14:33:00+00:00, run_after=2026-07-15 14:34:00+00:00
[2026-07-15T14:34:19.654+0000] {processor.py:183} INFO - Processing /opt/airflow/dags/minio_to_snowflake.py took 0.844 seconds
[2026-07-15T14:34:49.946+0000] {processor.py:161} INFO - Started process (PID=1445) to work on /opt/airflow/dags/minio_to_snowflake.py
[2026-07-15T14:34:49.947+0000] {processor.py:830} INFO - Processing file /opt/airflow/dags/minio_to_snowflake.py for tasks to queue
[2026-07-15T14:34:49.950+0000] {logging_mixin.py:188} INFO - [2026-07-15T14:34:49.949+0000] {dagbag.py:545} INFO - Filling up the DagBag from /opt/airflow/dags/minio_to_snowflake.py
[2026-07-15T14:34:50.709+0000] {processor.py:840} INFO - DAG(s) 'minio_to_snowflake_banking' retrieved from /opt/airflow/dags/minio_to_snowflake.py
[2026-07-15T14:34:50.739+0000] {logging_mixin.py:188} INFO - [2026-07-15T14:34:50.738+0000] {dag.py:3089} INFO - Sync 1 DAGs
[2026-07-15T14:34:50.759+0000] {logging_mixin.py:188} INFO - [2026-07-15T14:34:50.759+0000] {dag.py:3947} INFO - Setting next_dagrun for minio_to_snowflake_banking to 2026-07-15 14:33:00+00:00, run_after=2026-07-15 14:34:00+00:00
[2026-07-15T14:34:50.780+0000] {processor.py:183} INFO - Processing /opt/airflow/dags/minio_to_snowflake.py took 0.842 seconds
[2026-07-15T14:35:21.031+0000] {processor.py:161} INFO - Started process (PID=1449) to work on /opt/airflow/dags/minio_to_snowflake.py
[2026-07-15T14:35:21.033+0000] {processor.py:830} INFO - Processing file /opt/airflow/dags/minio_to_snowflake.py for tasks to queue
[2026-07-15T14:35:21.036+0000] {logging_mixin.py:188} INFO - [2026-07-15T14:35:21.035+0000] {dagbag.py:545} INFO - Filling up the DagBag from /opt/airflow/dags/minio_to_snowflake.py
[2026-07-15T14:35:21.762+0000] {processor.py:840} INFO - DAG(s) 'minio_to_snowflake_banking' retrieved from /opt/airflow/dags/minio_to_snowflake.py
[2026-07-15T14:35:21.789+0000] {logging_mixin.py:188} INFO - [2026-07-15T14:35:21.789+0000] {dag.py:3089} INFO - Sync 1 DAGs
[2026-07-15T14:35:21.812+0000] {logging_mixin.py:188} INFO - [2026-07-15T14:35:21.811+0000] {dag.py:3947} INFO - Setting next_dagrun for minio_to_snowflake_banking to 2026-07-15 14:34:00+00:00, run_after=2026-07-15 14:35:00+00:00
[2026-07-15T14:35:21.834+0000] {processor.py:183} INFO - Processing /opt/airflow/dags/minio_to_snowflake.py took 0.810 seconds
[2026-07-15T14:35:52.113+0000] {processor.py:161} INFO - Started process (PID=1453) to work on /opt/airflow/dags/minio_to_snowflake.py
[2026-07-15T14:35:52.115+0000] {processor.py:830} INFO - Processing file /opt/airflow/dags/minio_to_snowflake.py for tasks to queue
[2026-07-15T14:35:52.118+0000] {logging_mixin.py:188} INFO - [2026-07-15T14:35:52.117+0000] {dagbag.py:545} INFO - Filling up the DagBag from /opt/airflow/dags/minio_to_snowflake.py
[2026-07-15T14:35:52.906+0000] {processor.py:840} INFO - DAG(s) 'minio_to_snowflake_banking' retrieved from /opt/airflow/dags/minio_to_snowflake.py
[2026-07-15T14:35:52.933+0000] {logging_mixin.py:188} INFO - [2026-07-15T14:35:52.933+0000] {dag.py:3089} INFO - Sync 1 DAGs
[2026-07-15T14:35:52.956+0000] {logging_mixin.py:188} INFO - [2026-07-15T14:35:52.956+0000] {dag.py:3947} INFO - Setting next_dagrun for minio_to_snowflake_banking to 2026-07-15 14:34:00+00:00, run_after=2026-07-15 14:35:00+00:00
[2026-07-15T14:35:52.979+0000] {processor.py:183} INFO - Processing /opt/airflow/dags/minio_to_snowflake.py took 0.878 seconds
[2026-07-15T14:36:23.293+0000] {processor.py:161} INFO - Started process (PID=1457) to work on /opt/airflow/dags/minio_to_snowflake.py
[2026-07-15T14:36:23.294+0000] {processor.py:830} INFO - Processing file /opt/airflow/dags/minio_to_snowflake.py for tasks to queue
[2026-07-15T14:36:23.297+0000] {logging_mixin.py:188} INFO - [2026-07-15T14:36:23.297+0000] {dagbag.py:545} INFO - Filling up the DagBag from /opt/airflow/dags/minio_to_snowflake.py
[2026-07-15T14:36:24.109+0000] {processor.py:840} INFO - DAG(s) 'minio_to_snowflake_banking' retrieved from /opt/airflow/dags/minio_to_snowflake.py
[2026-07-15T14:36:24.139+0000] {logging_mixin.py:188} INFO - [2026-07-15T14:36:24.139+0000] {dag.py:3089} INFO - Sync 1 DAGs
[2026-07-15T14:36:24.162+0000] {logging_mixin.py:188} INFO - [2026-07-15T14:36:24.162+0000] {dag.py:3947} INFO - Setting next_dagrun for minio_to_snowflake_banking to 2026-07-15 14:35:00+00:00, run_after=2026-07-15 14:36:00+00:00
[2026-07-15T14:36:24.181+0000] {processor.py:183} INFO - Processing /opt/airflow/dags/minio_to_snowflake.py took 0.902 seconds
[2026-07-15T14:36:54.462+0000] {processor.py:161} INFO - Started process (PID=1461) to work on /opt/airflow/dags/minio_to_snowflake.py
[2026-07-15T14:36:54.463+0000] {processor.py:830} INFO - Processing file /opt/airflow/dags/minio_to_snowflake.py for tasks to queue
[2026-07-15T14:36:54.466+0000] {logging_mixin.py:188} INFO - [2026-07-15T14:36:54.465+0000] {dagbag.py:545} INFO - Filling up the DagBag from /opt/airflow/dags/minio_to_snowflake.py
[2026-07-15T14:36:55.306+0000] {processor.py:840} INFO - DAG(s) 'minio_to_snowflake_banking' retrieved from /opt/airflow/dags/minio_to_snowflake.py
[2026-07-15T14:36:55.337+0000] {logging_mixin.py:188} INFO - [2026-07-15T14:36:55.336+0000] {dag.py:3089} INFO - Sync 1 DAGs
[2026-07-15T14:36:55.386+0000] {logging_mixin.py:188} INFO - [2026-07-15T14:36:55.385+0000] {dag.py:3947} INFO - Setting next_dagrun for minio_to_snowflake_banking to 2026-07-15 14:35:00+00:00, run_after=2026-07-15 14:36:00+00:00
[2026-07-15T14:36:55.412+0000] {processor.py:183} INFO - Processing /opt/airflow/dags/minio_to_snowflake.py took 0.958 seconds
[2026-07-15T14:37:25.709+0000] {processor.py:161} INFO - Started process (PID=1465) to work on /opt/airflow/dags/minio_to_snowflake.py
[2026-07-15T14:37:25.711+0000] {processor.py:830} INFO - Processing file /opt/airflow/dags/minio_to_snowflake.py for tasks to queue
[2026-07-15T14:37:25.714+0000] {logging_mixin.py:188} INFO - [2026-07-15T14:37:25.713+0000] {dagbag.py:545} INFO - Filling up the DagBag from /opt/airflow/dags/minio_to_snowflake.py
[2026-07-15T14:37:26.480+0000] {processor.py:840} INFO - DAG(s) 'minio_to_snowflake_banking' retrieved from /opt/airflow/dags/minio_to_snowflake.py
[2026-07-15T14:37:26.509+0000] {logging_mixin.py:188} INFO - [2026-07-15T14:37:26.509+0000] {dag.py:3089} INFO - Sync 1 DAGs
[2026-07-15T14:37:26.531+0000] {logging_mixin.py:188} INFO - [2026-07-15T14:37:26.530+0000] {dag.py:3947} INFO - Setting next_dagrun for minio_to_snowflake_banking to 2026-07-15 14:36:00+00:00, run_after=2026-07-15 14:37:00+00:00
[2026-07-15T14:37:26.552+0000] {processor.py:183} INFO - Processing /opt/airflow/dags/minio_to_snowflake.py took 0.851 seconds
[2026-07-15T14:37:56.818+0000] {processor.py:161} INFO - Started process (PID=1469) to work on /opt/airflow/dags/minio_to_snowflake.py
[2026-07-15T14:37:56.819+0000] {processor.py:830} INFO - Processing file /opt/airflow/dags/minio_to_snowflake.py for tasks to queue
[2026-07-15T14:37:56.822+0000] {logging_mixin.py:188} INFO - [2026-07-15T14:37:56.821+0000] {dagbag.py:545} INFO - Filling up the DagBag from /opt/airflow/dags/minio_to_snowflake.py
[2026-07-15T14:37:57.574+0000] {processor.py:840} INFO - DAG(s) 'minio_to_snowflake_banking' retrieved from /opt/airflow/dags/minio_to_snowflake.py
[2026-07-15T14:37:57.602+0000] {logging_mixin.py:188} INFO - [2026-07-15T14:37:57.602+0000] {dag.py:3089} INFO - Sync 1 DAGs
[2026-07-15T14:37:57.625+0000] {logging_mixin.py:188} INFO - [2026-07-15T14:37:57.625+0000] {dag.py:3947} INFO - Setting next_dagrun for minio_to_snowflake_banking to 2026-07-15 14:36:00+00:00, run_after=2026-07-15 14:37:00+00:00
[2026-07-15T14:37:57.646+0000] {processor.py:183} INFO - Processing /opt/airflow/dags/minio_to_snowflake.py took 0.836 seconds
[2026-07-15T14:38:27.932+0000] {processor.py:161} INFO - Started process (PID=1473) to work on /opt/airflow/dags/minio_to_snowflake.py
[2026-07-15T14:38:27.933+0000] {processor.py:830} INFO - Processing file /opt/airflow/dags/minio_to_snowflake.py for tasks to queue
[2026-07-15T14:38:27.936+0000] {logging_mixin.py:188} INFO - [2026-07-15T14:38:27.936+0000] {dagbag.py:545} INFO - Filling up the DagBag from /opt/airflow/dags/minio_to_snowflake.py
[2026-07-15T14:38:28.717+0000] {processor.py:840} INFO - DAG(s) 'minio_to_snowflake_banking' retrieved from /opt/airflow/dags/minio_to_snowflake.py
[2026-07-15T14:38:28.745+0000] {logging_mixin.py:188} INFO - [2026-07-15T14:38:28.745+0000] {dag.py:3089} INFO - Sync 1 DAGs
[2026-07-15T14:38:28.767+0000] {logging_mixin.py:188} INFO - [2026-07-15T14:38:28.767+0000] {dag.py:3947} INFO - Setting next_dagrun for minio_to_snowflake_banking to 2026-07-15 14:37:00+00:00, run_after=2026-07-15 14:38:00+00:00
[2026-07-15T14:38:28.788+0000] {processor.py:183} INFO - Processing /opt/airflow/dags/minio_to_snowflake.py took 0.866 seconds
[2026-07-15T14:38:59.047+0000] {processor.py:161} INFO - Started process (PID=1477) to work on /opt/airflow/dags/minio_to_snowflake.py
[2026-07-15T14:38:59.050+0000] {processor.py:830} INFO - Processing file /opt/airflow/dags/minio_to_snowflake.py for tasks to queue
[2026-07-15T14:38:59.054+0000] {logging_mixin.py:188} INFO - [2026-07-15T14:38:59.053+0000] {dagbag.py:545} INFO - Filling up the DagBag from /opt/airflow/dags/minio_to_snowflake.py
[2026-07-15T14:38:59.863+0000] {processor.py:840} INFO - DAG(s) 'minio_to_snowflake_banking' retrieved from /opt/airflow/dags/minio_to_snowflake.py
[2026-07-15T14:38:59.892+0000] {logging_mixin.py:188} INFO - [2026-07-15T14:38:59.892+0000] {dag.py:3089} INFO - Sync 1 DAGs
[2026-07-15T14:38:59.913+0000] {logging_mixin.py:188} INFO - [2026-07-15T14:38:59.913+0000] {dag.py:3947} INFO - Setting next_dagrun for minio_to_snowflake_banking to 2026-07-15 14:37:00+00:00, run_after=2026-07-15 14:38:00+00:00
[2026-07-15T14:38:59.936+0000] {processor.py:183} INFO - Processing /opt/airflow/dags/minio_to_snowflake.py took 0.903 seconds
[2026-07-15T14:39:30.018+0000] {processor.py:161} INFO - Started process (PID=1481) to work on /opt/airflow/dags/minio_to_snowflake.py
[2026-07-15T14:39:30.020+0000] {processor.py:830} INFO - Processing file /opt/airflow/dags/minio_to_snowflake.py for tasks to queue
[2026-07-15T14:39:30.023+0000] {logging_mixin.py:188} INFO - [2026-07-15T14:39:30.023+0000] {dagbag.py:545} INFO - Filling up the DagBag from /opt/airflow/dags/minio_to_snowflake.py
[2026-07-15T14:39:30.786+0000] {processor.py:840} INFO - DAG(s) 'minio_to_snowflake_banking' retrieved from /opt/airflow/dags/minio_to_snowflake.py
[2026-07-15T14:39:30.815+0000] {logging_mixin.py:188} INFO - [2026-07-15T14:39:30.814+0000] {dag.py:3089} INFO - Sync 1 DAGs
[2026-07-15T14:39:30.836+0000] {logging_mixin.py:188} INFO - [2026-07-15T14:39:30.836+0000] {dag.py:3947} INFO - Setting next_dagrun for minio_to_snowflake_banking to 2026-07-15 14:38:00+00:00, run_after=2026-07-15 14:39:00+00:00
[2026-07-15T14:39:30.861+0000] {processor.py:183} INFO - Processing /opt/airflow/dags/minio_to_snowflake.py took 0.851 seconds
[2026-07-15T14:40:01.161+0000] {processor.py:161} INFO - Started process (PID=1485) to work on /opt/airflow/dags/minio_to_snowflake.py
[2026-07-15T14:40:01.163+0000] {processor.py:830} INFO - Processing file /opt/airflow/dags/minio_to_snowflake.py for tasks to queue
[2026-07-15T14:40:01.165+0000] {logging_mixin.py:188} INFO - [2026-07-15T14:40:01.165+0000] {dagbag.py:545} INFO - Filling up the DagBag from /opt/airflow/dags/minio_to_snowflake.py
[2026-07-15T14:40:01.966+0000] {processor.py:840} INFO - DAG(s) 'minio_to_snowflake_banking' retrieved from /opt/airflow/dags/minio_to_snowflake.py
[2026-07-15T14:40:01.995+0000] {logging_mixin.py:188} INFO - [2026-07-15T14:40:01.995+0000] {dag.py:3089} INFO - Sync 1 DAGs
[2026-07-15T14:40:02.017+0000] {logging_mixin.py:188} INFO - [2026-07-15T14:40:02.017+0000] {dag.py:3947} INFO - Setting next_dagrun for minio_to_snowflake_banking to 2026-07-15 14:39:00+00:00, run_after=2026-07-15 14:40:00+00:00
[2026-07-15T14:40:02.040+0000] {processor.py:183} INFO - Processing /opt/airflow/dags/minio_to_snowflake.py took 0.886 seconds
[2026-07-15T14:40:32.300+0000] {processor.py:161} INFO - Started process (PID=1489) to work on /opt/airflow/dags/minio_to_snowflake.py
[2026-07-15T14:40:32.302+0000] {processor.py:830} INFO - Processing file /opt/airflow/dags/minio_to_snowflake.py for tasks to queue
[2026-07-15T14:40:32.305+0000] {logging_mixin.py:188} INFO - [2026-07-15T14:40:32.304+0000] {dagbag.py:545} INFO - Filling up the DagBag from /opt/airflow/dags/minio_to_snowflake.py
[2026-07-15T14:40:33.071+0000] {processor.py:840} INFO - DAG(s) 'minio_to_snowflake_banking' retrieved from /opt/airflow/dags/minio_to_snowflake.py
[2026-07-15T14:40:33.099+0000] {logging_mixin.py:188} INFO - [2026-07-15T14:40:33.099+0000] {dag.py:3089} INFO - Sync 1 DAGs
[2026-07-15T14:40:33.123+0000] {logging_mixin.py:188} INFO - [2026-07-15T14:40:33.122+0000] {dag.py:3947} INFO - Setting next_dagrun for minio_to_snowflake_banking to 2026-07-15 14:39:00+00:00, run_after=2026-07-15 14:40:00+00:00
[2026-07-15T14:40:33.144+0000] {processor.py:183} INFO - Processing /opt/airflow/dags/minio_to_snowflake.py took 0.851 seconds
[2026-07-15T14:41:03.467+0000] {processor.py:161} INFO - Started process (PID=1493) to work on /opt/airflow/dags/minio_to_snowflake.py
[2026-07-15T14:41:03.469+0000] {processor.py:830} INFO - Processing file /opt/airflow/dags/minio_to_snowflake.py for tasks to queue
[2026-07-15T14:41:03.472+0000] {logging_mixin.py:188} INFO - [2026-07-15T14:41:03.471+0000] {dagbag.py:545} INFO - Filling up the DagBag from /opt/airflow/dags/minio_to_snowflake.py
[2026-07-15T14:41:04.286+0000] {processor.py:840} INFO - DAG(s) 'minio_to_snowflake_banking' retrieved from /opt/airflow/dags/minio_to_snowflake.py
[2026-07-15T14:41:04.315+0000] {logging_mixin.py:188} INFO - [2026-07-15T14:41:04.315+0000] {dag.py:3089} INFO - Sync 1 DAGs
[2026-07-15T14:41:04.337+0000] {logging_mixin.py:188} INFO - [2026-07-15T14:41:04.337+0000] {dag.py:3947} INFO - Setting next_dagrun for minio_to_snowflake_banking to 2026-07-15 14:40:00+00:00, run_after=2026-07-15 14:41:00+00:00
[2026-07-15T14:41:04.359+0000] {processor.py:183} INFO - Processing /opt/airflow/dags/minio_to_snowflake.py took 0.907 seconds
[2026-07-15T14:41:34.661+0000] {processor.py:161} INFO - Started process (PID=1497) to work on /opt/airflow/dags/minio_to_snowflake.py
[2026-07-15T14:41:34.663+0000] {processor.py:830} INFO - Processing file /opt/airflow/dags/minio_to_snowflake.py for tasks to queue
[2026-07-15T14:41:34.665+0000] {logging_mixin.py:188} INFO - [2026-07-15T14:41:34.664+0000] {dagbag.py:545} INFO - Filling up the DagBag from /opt/airflow/dags/minio_to_snowflake.py
[2026-07-15T14:41:35.603+0000] {processor.py:840} INFO - DAG(s) 'minio_to_snowflake_banking' retrieved from /opt/airflow/dags/minio_to_snowflake.py
[2026-07-15T14:41:35.634+0000] {logging_mixin.py:188} INFO - [2026-07-15T14:41:35.634+0000] {dag.py:3089} INFO - Sync 1 DAGs
[2026-07-15T14:41:35.660+0000] {logging_mixin.py:188} INFO - [2026-07-15T14:41:35.660+0000] {dag.py:3947} INFO - Setting next_dagrun for minio_to_snowflake_banking to 2026-07-15 14:40:00+00:00, run_after=2026-07-15 14:41:00+00:00
[2026-07-15T14:41:35.683+0000] {processor.py:183} INFO - Processing /opt/airflow/dags/minio_to_snowflake.py took 1.030 seconds
[2026-07-15T14:42:05.910+0000] {processor.py:161} INFO - Started process (PID=1501) to work on /opt/airflow/dags/minio_to_snowflake.py
[2026-07-15T14:42:05.912+0000] {processor.py:830} INFO - Processing file /opt/airflow/dags/minio_to_snowflake.py for tasks to queue
[2026-07-15T14:42:05.914+0000] {logging_mixin.py:188} INFO - [2026-07-15T14:42:05.914+0000] {dagbag.py:545} INFO - Filling up the DagBag from /opt/airflow/dags/minio_to_snowflake.py
[2026-07-15T14:42:06.738+0000] {processor.py:840} INFO - DAG(s) 'minio_to_snowflake_banking' retrieved from /opt/airflow/dags/minio_to_snowflake.py
[2026-07-15T14:42:06.766+0000] {logging_mixin.py:188} INFO - [2026-07-15T14:42:06.766+0000] {dag.py:3089} INFO - Sync 1 DAGs
[2026-07-15T14:42:06.789+0000] {logging_mixin.py:188} INFO - [2026-07-15T14:42:06.789+0000] {dag.py:3947} INFO - Setting next_dagrun for minio_to_snowflake_banking to 2026-07-15 14:41:00+00:00, run_after=2026-07-15 14:42:00+00:00
[2026-07-15T14:42:06.814+0000] {processor.py:183} INFO - Processing /opt/airflow/dags/minio_to_snowflake.py took 0.911 seconds
[2026-07-15T14:42:37.078+0000] {processor.py:161} INFO - Started process (PID=1505) to work on /opt/airflow/dags/minio_to_snowflake.py
[2026-07-15T14:42:37.079+0000] {processor.py:830} INFO - Processing file /opt/airflow/dags/minio_to_snowflake.py for tasks to queue
[2026-07-15T14:42:37.082+0000] {logging_mixin.py:188} INFO - [2026-07-15T14:42:37.081+0000] {dagbag.py:545} INFO - Filling up the DagBag from /opt/airflow/dags/minio_to_snowflake.py
[2026-07-15T14:42:37.849+0000] {processor.py:840} INFO - DAG(s) 'minio_to_snowflake_banking' retrieved from /opt/airflow/dags/minio_to_snowflake.py
[2026-07-15T14:42:37.878+0000] {logging_mixin.py:188} INFO - [2026-07-15T14:42:37.878+0000] {dag.py:3089} INFO - Sync 1 DAGs
[2026-07-15T14:42:37.900+0000] {logging_mixin.py:188} INFO - [2026-07-15T14:42:37.900+0000] {dag.py:3947} INFO - Setting next_dagrun for minio_to_snowflake_banking to 2026-07-15 14:41:00+00:00, run_after=2026-07-15 14:42:00+00:00
[2026-07-15T14:42:37.922+0000] {processor.py:183} INFO - Processing /opt/airflow/dags/minio_to_snowflake.py took 0.852 seconds
[2026-07-15T14:43:08.222+0000] {processor.py:161} INFO - Started process (PID=1509) to work on /opt/airflow/dags/minio_to_snowflake.py
[2026-07-15T14:43:08.223+0000] {processor.py:830} INFO - Processing file /opt/airflow/dags/minio_to_snowflake.py for tasks to queue
[2026-07-15T14:43:08.226+0000] {logging_mixin.py:188} INFO - [2026-07-15T14:43:08.225+0000] {dagbag.py:545} INFO - Filling up the DagBag from /opt/airflow/dags/minio_to_snowflake.py
[2026-07-15T14:43:09.005+0000] {processor.py:840} INFO - DAG(s) 'minio_to_snowflake_banking' retrieved from /opt/airflow/dags/minio_to_snowflake.py
[2026-07-15T14:43:09.034+0000] {logging_mixin.py:188} INFO - [2026-07-15T14:43:09.034+0000] {dag.py:3089} INFO - Sync 1 DAGs
[2026-07-15T14:43:09.056+0000] {logging_mixin.py:188} INFO - [2026-07-15T14:43:09.055+0000] {dag.py:3947} INFO - Setting next_dagrun for minio_to_snowflake_banking to 2026-07-15 14:42:00+00:00, run_after=2026-07-15 14:43:00+00:00
[2026-07-15T14:43:09.076+0000] {processor.py:183} INFO - Processing /opt/airflow/dags/minio_to_snowflake.py took 0.863 seconds
[2026-07-15T14:43:39.369+0000] {processor.py:161} INFO - Started process (PID=1513) to work on /opt/airflow/dags/minio_to_snowflake.py
[2026-07-15T14:43:39.371+0000] {processor.py:830} INFO - Processing file /opt/airflow/dags/minio_to_snowflake.py for tasks to queue
[2026-07-15T14:43:39.374+0000] {logging_mixin.py:188} INFO - [2026-07-15T14:43:39.374+0000] {dagbag.py:545} INFO - Filling up the DagBag from /opt/airflow/dags/minio_to_snowflake.py
[2026-07-15T14:43:40.131+0000] {processor.py:840} INFO - DAG(s) 'minio_to_snowflake_banking' retrieved from /opt/airflow/dags/minio_to_snowflake.py
[2026-07-15T14:43:40.159+0000] {logging_mixin.py:188} INFO - [2026-07-15T14:43:40.158+0000] {dag.py:3089} INFO - Sync 1 DAGs
[2026-07-15T14:43:40.180+0000] {logging_mixin.py:188} INFO - [2026-07-15T14:43:40.180+0000] {dag.py:3947} INFO - Setting next_dagrun for minio_to_snowflake_banking to 2026-07-15 14:42:00+00:00, run_after=2026-07-15 14:43:00+00:00
[2026-07-15T14:43:40.203+0000] {processor.py:183} INFO - Processing /opt/airflow/dags/minio_to_snowflake.py took 0.841 seconds
[2026-07-15T14:44:10.472+0000] {processor.py:161} INFO - Started process (PID=1517) to work on /opt/airflow/dags/minio_to_snowflake.py
[2026-07-15T14:44:10.475+0000] {processor.py:830} INFO - Processing file /opt/airflow/dags/minio_to_snowflake.py for tasks to queue
[2026-07-15T14:44:10.479+0000] {logging_mixin.py:188} INFO - [2026-07-15T14:44:10.479+0000] {dagbag.py:545} INFO - Filling up the DagBag from /opt/airflow/dags/minio_to_snowflake.py
[2026-07-15T14:44:11.381+0000] {processor.py:840} INFO - DAG(s) 'minio_to_snowflake_banking' retrieved from /opt/airflow/dags/minio_to_snowflake.py
[2026-07-15T14:44:11.411+0000] {logging_mixin.py:188} INFO - [2026-07-15T14:44:11.411+0000] {dag.py:3089} INFO - Sync 1 DAGs
[2026-07-15T14:44:11.435+0000] {logging_mixin.py:188} INFO - [2026-07-15T14:44:11.435+0000] {dag.py:3947} INFO - Setting next_dagrun for minio_to_snowflake_banking to 2026-07-15 14:43:00+00:00, run_after=2026-07-15 14:44:00+00:00
[2026-07-15T14:44:11.457+0000] {processor.py:183} INFO - Processing /opt/airflow/dags/minio_to_snowflake.py took 1.018 seconds
[2026-07-15T14:44:41.655+0000] {processor.py:161} INFO - Started process (PID=1521) to work on /opt/airflow/dags/minio_to_snowflake.py
[2026-07-15T14:44:41.658+0000] {processor.py:830} INFO - Processing file /opt/airflow/dags/minio_to_snowflake.py for tasks to queue
[2026-07-15T14:44:41.662+0000] {logging_mixin.py:188} INFO - [2026-07-15T14:44:41.661+0000] {dagbag.py:545} INFO - Filling up the DagBag from /opt/airflow/dags/minio_to_snowflake.py
[2026-07-15T14:44:42.393+0000] {processor.py:840} INFO - DAG(s) 'minio_to_snowflake_banking' retrieved from /opt/airflow/dags/minio_to_snowflake.py
[2026-07-15T14:44:42.421+0000] {logging_mixin.py:188} INFO - [2026-07-15T14:44:42.421+0000] {dag.py:3089} INFO - Sync 1 DAGs
[2026-07-15T14:44:42.444+0000] {logging_mixin.py:188} INFO - [2026-07-15T14:44:42.444+0000] {dag.py:3947} INFO - Setting next_dagrun for minio_to_snowflake_banking to 2026-07-15 14:43:00+00:00, run_after=2026-07-15 14:44:00+00:00
[2026-07-15T14:44:42.464+0000] {processor.py:183} INFO - Processing /opt/airflow/dags/minio_to_snowflake.py took 0.818 seconds
[2026-07-15T14:45:12.746+0000] {processor.py:161} INFO - Started process (PID=1525) to work on /opt/airflow/dags/minio_to_snowflake.py
[2026-07-15T14:45:12.747+0000] {processor.py:830} INFO - Processing file /opt/airflow/dags/minio_to_snowflake.py for tasks to queue
[2026-07-15T14:45:12.750+0000] {logging_mixin.py:188} INFO - [2026-07-15T14:45:12.750+0000] {dagbag.py:545} INFO - Filling up the DagBag from /opt/airflow/dags/minio_to_snowflake.py
[2026-07-15T14:45:13.560+0000] {processor.py:840} INFO - DAG(s) 'minio_to_snowflake_banking' retrieved from /opt/airflow/dags/minio_to_snowflake.py
[2026-07-15T14:45:13.619+0000] {logging_mixin.py:188} INFO - [2026-07-15T14:45:13.619+0000] {dag.py:3089} INFO - Sync 1 DAGs
[2026-07-15T14:45:13.664+0000] {logging_mixin.py:188} INFO - [2026-07-15T14:45:13.664+0000] {dag.py:3947} INFO - Setting next_dagrun for minio_to_snowflake_banking to 2026-07-15 14:44:00+00:00, run_after=2026-07-15 14:45:00+00:00
[2026-07-15T14:45:13.690+0000] {processor.py:183} INFO - Processing /opt/airflow/dags/minio_to_snowflake.py took 0.951 seconds
[2026-07-15T14:45:44.021+0000] {processor.py:161} INFO - Started process (PID=1529) to work on /opt/airflow/dags/minio_to_snowflake.py
[2026-07-15T14:45:44.022+0000] {processor.py:830} INFO - Processing file /opt/airflow/dags/minio_to_snowflake.py for tasks to queue
[2026-07-15T14:45:44.024+0000] {logging_mixin.py:188} INFO - [2026-07-15T14:45:44.024+0000] {dagbag.py:545} INFO - Filling up the DagBag from /opt/airflow/dags/minio_to_snowflake.py
[2026-07-15T14:45:44.803+0000] {processor.py:840} INFO - DAG(s) 'minio_to_snowflake_banking' retrieved from /opt/airflow/dags/minio_to_snowflake.py
[2026-07-15T14:45:44.831+0000] {logging_mixin.py:188} INFO - [2026-07-15T14:45:44.830+0000] {dag.py:3089} INFO - Sync 1 DAGs
[2026-07-15T14:45:44.852+0000] {logging_mixin.py:188} INFO - [2026-07-15T14:45:44.852+0000] {dag.py:3947} INFO - Setting next_dagrun for minio_to_snowflake_banking to 2026-07-15 14:44:00+00:00, run_after=2026-07-15 14:45:00+00:00
[2026-07-15T14:45:44.872+0000] {processor.py:183} INFO - Processing /opt/airflow/dags/minio_to_snowflake.py took 0.859 seconds
[2026-07-15T14:46:15.142+0000] {processor.py:161} INFO - Started process (PID=1533) to work on /opt/airflow/dags/minio_to_snowflake.py
[2026-07-15T14:46:15.144+0000] {processor.py:830} INFO - Processing file /opt/airflow/dags/minio_to_snowflake.py for tasks to queue
[2026-07-15T14:46:15.146+0000] {logging_mixin.py:188} INFO - [2026-07-15T14:46:15.146+0000] {dagbag.py:545} INFO - Filling up the DagBag from /opt/airflow/dags/minio_to_snowflake.py
[2026-07-15T14:46:16.040+0000] {processor.py:840} INFO - DAG(s) 'minio_to_snowflake_banking' retrieved from /opt/airflow/dags/minio_to_snowflake.py
[2026-07-15T14:46:16.072+0000] {logging_mixin.py:188} INFO - [2026-07-15T14:46:16.071+0000] {dag.py:3089} INFO - Sync 1 DAGs
[2026-07-15T14:46:16.100+0000] {logging_mixin.py:188} INFO - [2026-07-15T14:46:16.099+0000] {dag.py:3947} INFO - Setting next_dagrun for minio_to_snowflake_banking to 2026-07-15 14:45:00+00:00, run_after=2026-07-15 14:46:00+00:00
[2026-07-15T14:46:16.130+0000] {processor.py:183} INFO - Processing /opt/airflow/dags/minio_to_snowflake.py took 0.997 seconds
[2026-07-15T14:46:46.363+0000] {processor.py:161} INFO - Started process (PID=1537) to work on /opt/airflow/dags/minio_to_snowflake.py
[2026-07-15T14:46:46.365+0000] {processor.py:830} INFO - Processing file /opt/airflow/dags/minio_to_snowflake.py for tasks to queue
[2026-07-15T14:46:46.367+0000] {logging_mixin.py:188} INFO - [2026-07-15T14:46:46.366+0000] {dagbag.py:545} INFO - Filling up the DagBag from /opt/airflow/dags/minio_to_snowflake.py
[2026-07-15T14:46:47.151+0000] {processor.py:840} INFO - DAG(s) 'minio_to_snowflake_banking' retrieved from /opt/airflow/dags/minio_to_snowflake.py
[2026-07-15T14:46:47.179+0000] {logging_mixin.py:188} INFO - [2026-07-15T14:46:47.179+0000] {dag.py:3089} INFO - Sync 1 DAGs
[2026-07-15T14:46:47.201+0000] {logging_mixin.py:188} INFO - [2026-07-15T14:46:47.201+0000] {dag.py:3947} INFO - Setting next_dagrun for minio_to_snowflake_banking to 2026-07-15 14:45:00+00:00, run_after=2026-07-15 14:46:00+00:00
[2026-07-15T14:46:47.221+0000] {processor.py:183} INFO - Processing /opt/airflow/dags/minio_to_snowflake.py took 0.866 seconds
[2026-07-15T14:47:17.469+0000] {processor.py:161} INFO - Started process (PID=1541) to work on /opt/airflow/dags/minio_to_snowflake.py
[2026-07-15T14:47:17.470+0000] {processor.py:830} INFO - Processing file /opt/airflow/dags/minio_to_snowflake.py for tasks to queue
[2026-07-15T14:47:17.473+0000] {logging_mixin.py:188} INFO - [2026-07-15T14:47:17.473+0000] {dagbag.py:545} INFO - Filling up the DagBag from /opt/airflow/dags/minio_to_snowflake.py
[2026-07-15T14:47:18.238+0000] {processor.py:840} INFO - DAG(s) 'minio_to_snowflake_banking' retrieved from /opt/airflow/dags/minio_to_snowflake.py
[2026-07-15T14:47:18.272+0000] {logging_mixin.py:188} INFO - [2026-07-15T14:47:18.271+0000] {dag.py:3089} INFO - Sync 1 DAGs
[2026-07-15T14:47:18.297+0000] {logging_mixin.py:188} INFO - [2026-07-15T14:47:18.296+0000] {dag.py:3947} INFO - Setting next_dagrun for minio_to_snowflake_banking to 2026-07-15 14:46:00+00:00, run_after=2026-07-15 14:47:00+00:00
[2026-07-15T14:47:18.319+0000] {processor.py:183} INFO - Processing /opt/airflow/dags/minio_to_snowflake.py took 0.859 seconds
[2026-07-15T14:47:48.584+0000] {processor.py:161} INFO - Started process (PID=1545) to work on /opt/airflow/dags/minio_to_snowflake.py
[2026-07-15T14:47:48.586+0000] {processor.py:830} INFO - Processing file /opt/airflow/dags/minio_to_snowflake.py for tasks to queue
[2026-07-15T14:47:48.589+0000] {logging_mixin.py:188} INFO - [2026-07-15T14:47:48.589+0000] {dagbag.py:545} INFO - Filling up the DagBag from /opt/airflow/dags/minio_to_snowflake.py
[2026-07-15T14:47:49.343+0000] {processor.py:840} INFO - DAG(s) 'minio_to_snowflake_banking' retrieved from /opt/airflow/dags/minio_to_snowflake.py
[2026-07-15T14:47:49.374+0000] {logging_mixin.py:188} INFO - [2026-07-15T14:47:49.374+0000] {dag.py:3089} INFO - Sync 1 DAGs
[2026-07-15T14:47:49.399+0000] {logging_mixin.py:188} INFO - [2026-07-15T14:47:49.398+0000] {dag.py:3947} INFO - Setting next_dagrun for minio_to_snowflake_banking to 2026-07-15 14:46:00+00:00, run_after=2026-07-15 14:47:00+00:00
[2026-07-15T14:47:49.429+0000] {processor.py:183} INFO - Processing /opt/airflow/dags/minio_to_snowflake.py took 0.852 seconds
[2026-07-15T14:48:19.710+0000] {processor.py:161} INFO - Started process (PID=1549) to work on /opt/airflow/dags/minio_to_snowflake.py
[2026-07-15T14:48:19.712+0000] {processor.py:830} INFO - Processing file /opt/airflow/dags/minio_to_snowflake.py for tasks to queue
[2026-07-15T14:48:19.715+0000] {logging_mixin.py:188} INFO - [2026-07-15T14:48:19.714+0000] {dagbag.py:545} INFO - Filling up the DagBag from /opt/airflow/dags/minio_to_snowflake.py
[2026-07-15T14:48:20.457+0000] {processor.py:840} INFO - DAG(s) 'minio_to_snowflake_banking' retrieved from /opt/airflow/dags/minio_to_snowflake.py
[2026-07-15T14:48:20.489+0000] {logging_mixin.py:188} INFO - [2026-07-15T14:48:20.488+0000] {dag.py:3089} INFO - Sync 1 DAGs
[2026-07-15T14:48:20.516+0000] {logging_mixin.py:188} INFO - [2026-07-15T14:48:20.516+0000] {dag.py:3947} INFO - Setting next_dagrun for minio_to_snowflake_banking to 2026-07-15 14:47:00+00:00, run_after=2026-07-15 14:48:00+00:00
[2026-07-15T14:48:20.542+0000] {processor.py:183} INFO - Processing /opt/airflow/dags/minio_to_snowflake.py took 0.841 seconds
[2026-07-15T14:48:50.786+0000] {processor.py:161} INFO - Started process (PID=1553) to work on /opt/airflow/dags/minio_to_snowflake.py
[2026-07-15T14:48:50.788+0000] {processor.py:830} INFO - Processing file /opt/airflow/dags/minio_to_snowflake.py for tasks to queue
[2026-07-15T14:48:50.791+0000] {logging_mixin.py:188} INFO - [2026-07-15T14:48:50.790+0000] {dagbag.py:545} INFO - Filling up the DagBag from /opt/airflow/dags/minio_to_snowflake.py
[2026-07-15T14:48:51.535+0000] {processor.py:840} INFO - DAG(s) 'minio_to_snowflake_banking' retrieved from /opt/airflow/dags/minio_to_snowflake.py
[2026-07-15T14:48:51.562+0000] {logging_mixin.py:188} INFO - [2026-07-15T14:48:51.562+0000] {dag.py:3089} INFO - Sync 1 DAGs
[2026-07-15T14:48:51.584+0000] {logging_mixin.py:188} INFO - [2026-07-15T14:48:51.584+0000] {dag.py:3947} INFO - Setting next_dagrun for minio_to_snowflake_banking to 2026-07-15 14:47:00+00:00, run_after=2026-07-15 14:48:00+00:00
[2026-07-15T14:48:51.605+0000] {processor.py:183} INFO - Processing /opt/airflow/dags/minio_to_snowflake.py took 0.828 seconds
[2026-07-15T14:49:21.878+0000] {processor.py:161} INFO - Started process (PID=1557) to work on /opt/airflow/dags/minio_to_snowflake.py
[2026-07-15T14:49:21.880+0000] {processor.py:830} INFO - Processing file /opt/airflow/dags/minio_to_snowflake.py for tasks to queue
[2026-07-15T14:49:21.883+0000] {logging_mixin.py:188} INFO - [2026-07-15T14:49:21.882+0000] {dagbag.py:545} INFO - Filling up the DagBag from /opt/airflow/dags/minio_to_snowflake.py
[2026-07-15T14:49:22.651+0000] {processor.py:840} INFO - DAG(s) 'minio_to_snowflake_banking' retrieved from /opt/airflow/dags/minio_to_snowflake.py
[2026-07-15T14:49:22.681+0000] {logging_mixin.py:188} INFO - [2026-07-15T14:49:22.681+0000] {dag.py:3089} INFO - Sync 1 DAGs
[2026-07-15T14:49:22.702+0000] {logging_mixin.py:188} INFO - [2026-07-15T14:49:22.702+0000] {dag.py:3947} INFO - Setting next_dagrun for minio_to_snowflake_banking to 2026-07-15 14:48:00+00:00, run_after=2026-07-15 14:49:00+00:00
[2026-07-15T14:49:22.723+0000] {processor.py:183} INFO - Processing /opt/airflow/dags/minio_to_snowflake.py took 0.853 seconds
[2026-07-15T14:49:52.991+0000] {processor.py:161} INFO - Started process (PID=1561) to work on /opt/airflow/dags/minio_to_snowflake.py
[2026-07-15T14:49:52.993+0000] {processor.py:830} INFO - Processing file /opt/airflow/dags/minio_to_snowflake.py for tasks to queue
[2026-07-15T14:49:52.995+0000] {logging_mixin.py:188} INFO - [2026-07-15T14:49:52.995+0000] {dagbag.py:545} INFO - Filling up the DagBag from /opt/airflow/dags/minio_to_snowflake.py
[2026-07-15T14:49:53.777+0000] {processor.py:840} INFO - DAG(s) 'minio_to_snowflake_banking' retrieved from /opt/airflow/dags/minio_to_snowflake.py
[2026-07-15T14:49:53.812+0000] {logging_mixin.py:188} INFO - [2026-07-15T14:49:53.811+0000] {dag.py:3089} INFO - Sync 1 DAGs
[2026-07-15T14:49:53.856+0000] {logging_mixin.py:188} INFO - [2026-07-15T14:49:53.855+0000] {dag.py:3947} INFO - Setting next_dagrun for minio_to_snowflake_banking to 2026-07-15 14:48:00+00:00, run_after=2026-07-15 14:49:00+00:00
[2026-07-15T14:49:53.893+0000] {processor.py:183} INFO - Processing /opt/airflow/dags/minio_to_snowflake.py took 0.910 seconds
[2026-07-15T14:50:24.130+0000] {processor.py:161} INFO - Started process (PID=1565) to work on /opt/airflow/dags/minio_to_snowflake.py
[2026-07-15T14:50:24.131+0000] {processor.py:830} INFO - Processing file /opt/airflow/dags/minio_to_snowflake.py for tasks to queue
[2026-07-15T14:50:24.134+0000] {logging_mixin.py:188} INFO - [2026-07-15T14:50:24.133+0000] {dagbag.py:545} INFO - Filling up the DagBag from /opt/airflow/dags/minio_to_snowflake.py
[2026-07-15T14:50:24.888+0000] {processor.py:840} INFO - DAG(s) 'minio_to_snowflake_banking' retrieved from /opt/airflow/dags/minio_to_snowflake.py
[2026-07-15T14:50:24.918+0000] {logging_mixin.py:188} INFO - [2026-07-15T14:50:24.917+0000] {dag.py:3089} INFO - Sync 1 DAGs
[2026-07-15T14:50:24.948+0000] {logging_mixin.py:188} INFO - [2026-07-15T14:50:24.948+0000] {dag.py:3947} INFO - Setting next_dagrun for minio_to_snowflake_banking to 2026-07-15 14:49:00+00:00, run_after=2026-07-15 14:50:00+00:00
[2026-07-15T14:50:24.974+0000] {processor.py:183} INFO - Processing /opt/airflow/dags/minio_to_snowflake.py took 0.852 seconds
[2026-07-15T14:50:55.270+0000] {processor.py:161} INFO - Started process (PID=1569) to work on /opt/airflow/dags/minio_to_snowflake.py
[2026-07-15T14:50:55.272+0000] {processor.py:830} INFO - Processing file /opt/airflow/dags/minio_to_snowflake.py for tasks to queue
[2026-07-15T14:50:55.274+0000] {logging_mixin.py:188} INFO - [2026-07-15T14:50:55.274+0000] {dagbag.py:545} INFO - Filling up the DagBag from /opt/airflow/dags/minio_to_snowflake.py
[2026-07-15T14:50:56.310+0000] {processor.py:840} INFO - DAG(s) 'minio_to_snowflake_banking' retrieved from /opt/airflow/dags/minio_to_snowflake.py
[2026-07-15T14:50:56.346+0000] {logging_mixin.py:188} INFO - [2026-07-15T14:50:56.346+0000] {dag.py:3089} INFO - Sync 1 DAGs
[2026-07-15T14:50:56.372+0000] {logging_mixin.py:188} INFO - [2026-07-15T14:50:56.372+0000] {dag.py:3947} INFO - Setting next_dagrun for minio_to_snowflake_banking to 2026-07-15 14:49:00+00:00, run_after=2026-07-15 14:50:00+00:00
[2026-07-15T14:50:56.393+0000] {processor.py:183} INFO - Processing /opt/airflow/dags/minio_to_snowflake.py took 1.134 seconds
[2026-07-15T14:51:26.461+0000] {processor.py:161} INFO - Started process (PID=1573) to work on /opt/airflow/dags/minio_to_snowflake.py
[2026-07-15T14:51:26.462+0000] {processor.py:830} INFO - Processing file /opt/airflow/dags/minio_to_snowflake.py for tasks to queue
[2026-07-15T14:51:26.465+0000] {logging_mixin.py:188} INFO - [2026-07-15T14:51:26.465+0000] {dagbag.py:545} INFO - Filling up the DagBag from /opt/airflow/dags/minio_to_snowflake.py
[2026-07-15T14:51:27.241+0000] {processor.py:840} INFO - DAG(s) 'minio_to_snowflake_banking' retrieved from /opt/airflow/dags/minio_to_snowflake.py
[2026-07-15T14:51:27.272+0000] {logging_mixin.py:188} INFO - [2026-07-15T14:51:27.271+0000] {dag.py:3089} INFO - Sync 1 DAGs
[2026-07-15T14:51:27.293+0000] {logging_mixin.py:188} INFO - [2026-07-15T14:51:27.292+0000] {dag.py:3947} INFO - Setting next_dagrun for minio_to_snowflake_banking to 2026-07-15 14:50:00+00:00, run_after=2026-07-15 14:51:00+00:00
[2026-07-15T14:51:27.318+0000] {processor.py:183} INFO - Processing /opt/airflow/dags/minio_to_snowflake.py took 0.866 seconds
[2026-07-15T14:51:57.614+0000] {processor.py:161} INFO - Started process (PID=1577) to work on /opt/airflow/dags/minio_to_snowflake.py
[2026-07-15T14:51:57.617+0000] {processor.py:830} INFO - Processing file /opt/airflow/dags/minio_to_snowflake.py for tasks to queue
[2026-07-15T14:51:57.621+0000] {logging_mixin.py:188} INFO - [2026-07-15T14:51:57.621+0000] {dagbag.py:545} INFO - Filling up the DagBag from /opt/airflow/dags/minio_to_snowflake.py
[2026-07-15T14:51:58.367+0000] {processor.py:840} INFO - DAG(s) 'minio_to_snowflake_banking' retrieved from /opt/airflow/dags/minio_to_snowflake.py
[2026-07-15T14:51:58.396+0000] {logging_mixin.py:188} INFO - [2026-07-15T14:51:58.395+0000] {dag.py:3089} INFO - Sync 1 DAGs
[2026-07-15T14:51:58.418+0000] {logging_mixin.py:188} INFO - [2026-07-15T14:51:58.417+0000] {dag.py:3947} INFO - Setting next_dagrun for minio_to_snowflake_banking to 2026-07-15 14:50:00+00:00, run_after=2026-07-15 14:51:00+00:00
[2026-07-15T14:51:58.438+0000] {processor.py:183} INFO - Processing /opt/airflow/dags/minio_to_snowflake.py took 0.831 seconds
[2026-07-15T14:52:28.691+0000] {processor.py:161} INFO - Started process (PID=1581) to work on /opt/airflow/dags/minio_to_snowflake.py
[2026-07-15T14:52:28.693+0000] {processor.py:830} INFO - Processing file /opt/airflow/dags/minio_to_snowflake.py for tasks to queue
[2026-07-15T14:52:28.697+0000] {logging_mixin.py:188} INFO - [2026-07-15T14:52:28.696+0000] {dagbag.py:545} INFO - Filling up the DagBag from /opt/airflow/dags/minio_to_snowflake.py
[2026-07-15T14:52:29.445+0000] {processor.py:840} INFO - DAG(s) 'minio_to_snowflake_banking' retrieved from /opt/airflow/dags/minio_to_snowflake.py
[2026-07-15T14:52:29.472+0000] {logging_mixin.py:188} INFO - [2026-07-15T14:52:29.471+0000] {dag.py:3089} INFO - Sync 1 DAGs
[2026-07-15T14:52:29.495+0000] {logging_mixin.py:188} INFO - [2026-07-15T14:52:29.495+0000] {dag.py:3947} INFO - Setting next_dagrun for minio_to_snowflake_banking to 2026-07-15 14:51:00+00:00, run_after=2026-07-15 14:52:00+00:00
[2026-07-15T14:52:29.513+0000] {processor.py:183} INFO - Processing /opt/airflow/dags/minio_to_snowflake.py took 0.830 seconds
[2026-07-15T14:52:59.776+0000] {processor.py:161} INFO - Started process (PID=1585) to work on /opt/airflow/dags/minio_to_snowflake.py
[2026-07-15T14:52:59.777+0000] {processor.py:830} INFO - Processing file /opt/airflow/dags/minio_to_snowflake.py for tasks to queue
[2026-07-15T14:52:59.779+0000] {logging_mixin.py:188} INFO - [2026-07-15T14:52:59.779+0000] {dagbag.py:545} INFO - Filling up the DagBag from /opt/airflow/dags/minio_to_snowflake.py
[2026-07-15T14:53:00.547+0000] {processor.py:840} INFO - DAG(s) 'minio_to_snowflake_banking' retrieved from /opt/airflow/dags/minio_to_snowflake.py
[2026-07-15T14:53:00.575+0000] {logging_mixin.py:188} INFO - [2026-07-15T14:53:00.575+0000] {dag.py:3089} INFO - Sync 1 DAGs
[2026-07-15T14:53:00.597+0000] {logging_mixin.py:188} INFO - [2026-07-15T14:53:00.597+0000] {dag.py:3947} INFO - Setting next_dagrun for minio_to_snowflake_banking to 2026-07-15 14:52:00+00:00, run_after=2026-07-15 14:53:00+00:00
[2026-07-15T14:53:00.621+0000] {processor.py:183} INFO - Processing /opt/airflow/dags/minio_to_snowflake.py took 0.853 seconds
[2026-07-15T14:53:30.867+0000] {processor.py:161} INFO - Started process (PID=1589) to work on /opt/airflow/dags/minio_to_snowflake.py
[2026-07-15T14:53:30.868+0000] {processor.py:830} INFO - Processing file /opt/airflow/dags/minio_to_snowflake.py for tasks to queue
[2026-07-15T14:53:30.871+0000] {logging_mixin.py:188} INFO - [2026-07-15T14:53:30.870+0000] {dagbag.py:545} INFO - Filling up the DagBag from /opt/airflow/dags/minio_to_snowflake.py
[2026-07-15T14:53:31.631+0000] {processor.py:840} INFO - DAG(s) 'minio_to_snowflake_banking' retrieved from /opt/airflow/dags/minio_to_snowflake.py
[2026-07-15T14:53:31.659+0000] {logging_mixin.py:188} INFO - [2026-07-15T14:53:31.659+0000] {dag.py:3089} INFO - Sync 1 DAGs
[2026-07-15T14:53:31.682+0000] {logging_mixin.py:188} INFO - [2026-07-15T14:53:31.681+0000] {dag.py:3947} INFO - Setting next_dagrun for minio_to_snowflake_banking to 2026-07-15 14:52:00+00:00, run_after=2026-07-15 14:53:00+00:00
[2026-07-15T14:53:31.704+0000] {processor.py:183} INFO - Processing /opt/airflow/dags/minio_to_snowflake.py took 0.844 seconds
[2026-07-15T14:54:01.955+0000] {processor.py:161} INFO - Started process (PID=1593) to work on /opt/airflow/dags/minio_to_snowflake.py
[2026-07-15T14:54:01.957+0000] {processor.py:830} INFO - Processing file /opt/airflow/dags/minio_to_snowflake.py for tasks to queue
[2026-07-15T14:54:01.960+0000] {logging_mixin.py:188} INFO - [2026-07-15T14:54:01.960+0000] {dagbag.py:545} INFO - Filling up the DagBag from /opt/airflow/dags/minio_to_snowflake.py
[2026-07-15T14:54:02.746+0000] {processor.py:840} INFO - DAG(s) 'minio_to_snowflake_banking' retrieved from /opt/airflow/dags/minio_to_snowflake.py
[2026-07-15T14:54:02.775+0000] {logging_mixin.py:188} INFO - [2026-07-15T14:54:02.774+0000] {dag.py:3089} INFO - Sync 1 DAGs
[2026-07-15T14:54:02.797+0000] {logging_mixin.py:188} INFO - [2026-07-15T14:54:02.797+0000] {dag.py:3947} INFO - Setting next_dagrun for minio_to_snowflake_banking to 2026-07-15 14:53:00+00:00, run_after=2026-07-15 14:54:00+00:00
[2026-07-15T14:54:02.817+0000] {processor.py:183} INFO - Processing /opt/airflow/dags/minio_to_snowflake.py took 0.869 seconds
[2026-07-15T14:54:33.076+0000] {processor.py:161} INFO - Started process (PID=1597) to work on /opt/airflow/dags/minio_to_snowflake.py
[2026-07-15T14:54:33.077+0000] {processor.py:830} INFO - Processing file /opt/airflow/dags/minio_to_snowflake.py for tasks to queue
[2026-07-15T14:54:33.079+0000] {logging_mixin.py:188} INFO - [2026-07-15T14:54:33.079+0000] {dagbag.py:545} INFO - Filling up the DagBag from /opt/airflow/dags/minio_to_snowflake.py
[2026-07-15T14:54:33.859+0000] {processor.py:840} INFO - DAG(s) 'minio_to_snowflake_banking' retrieved from /opt/airflow/dags/minio_to_snowflake.py
[2026-07-15T14:54:33.891+0000] {logging_mixin.py:188} INFO - [2026-07-15T14:54:33.890+0000] {dag.py:3089} INFO - Sync 1 DAGs
[2026-07-15T14:54:33.922+0000] {logging_mixin.py:188} INFO - [2026-07-15T14:54:33.922+0000] {dag.py:3947} INFO - Setting next_dagrun for minio_to_snowflake_banking to 2026-07-15 14:53:00+00:00, run_after=2026-07-15 14:54:00+00:00
[2026-07-15T14:54:33.950+0000] {processor.py:183} INFO - Processing /opt/airflow/dags/minio_to_snowflake.py took 0.882 seconds
[2026-07-15T14:55:04.051+0000] {processor.py:161} INFO - Started process (PID=1601) to work on /opt/airflow/dags/minio_to_snowflake.py
[2026-07-15T14:55:04.053+0000] {processor.py:830} INFO - Processing file /opt/airflow/dags/minio_to_snowflake.py for tasks to queue
[2026-07-15T14:55:04.058+0000] {logging_mixin.py:188} INFO - [2026-07-15T14:55:04.056+0000] {dagbag.py:545} INFO - Filling up the DagBag from /opt/airflow/dags/minio_to_snowflake.py
[2026-07-15T14:55:04.984+0000] {processor.py:840} INFO - DAG(s) 'minio_to_snowflake_banking' retrieved from /opt/airflow/dags/minio_to_snowflake.py
[2026-07-15T14:55:05.014+0000] {logging_mixin.py:188} INFO - [2026-07-15T14:55:05.014+0000] {dag.py:3089} INFO - Sync 1 DAGs
[2026-07-15T14:55:05.036+0000] {logging_mixin.py:188} INFO - [2026-07-15T14:55:05.036+0000] {dag.py:3947} INFO - Setting next_dagrun for minio_to_snowflake_banking to 2026-07-15 14:54:00+00:00, run_after=2026-07-15 14:55:00+00:00
[2026-07-15T14:55:05.059+0000] {processor.py:183} INFO - Processing /opt/airflow/dags/minio_to_snowflake.py took 1.016 seconds
[2026-07-15T14:55:35.310+0000] {processor.py:161} INFO - Started process (PID=1605) to work on /opt/airflow/dags/minio_to_snowflake.py
[2026-07-15T14:55:35.312+0000] {processor.py:830} INFO - Processing file /opt/airflow/dags/minio_to_snowflake.py for tasks to queue
[2026-07-15T14:55:35.314+0000] {logging_mixin.py:188} INFO - [2026-07-15T14:55:35.314+0000] {dagbag.py:545} INFO - Filling up the DagBag from /opt/airflow/dags/minio_to_snowflake.py
[2026-07-15T14:55:36.216+0000] {processor.py:840} INFO - DAG(s) 'minio_to_snowflake_banking' retrieved from /opt/airflow/dags/minio_to_snowflake.py
[2026-07-15T14:55:36.272+0000] {logging_mixin.py:188} INFO - [2026-07-15T14:55:36.271+0000] {dag.py:3089} INFO - Sync 1 DAGs
[2026-07-15T14:55:36.297+0000] {logging_mixin.py:188} INFO - [2026-07-15T14:55:36.297+0000] {dag.py:3947} INFO - Setting next_dagrun for minio_to_snowflake_banking to 2026-07-15 14:54:00+00:00, run_after=2026-07-15 14:55:00+00:00
[2026-07-15T14:55:36.321+0000] {processor.py:183} INFO - Processing /opt/airflow/dags/minio_to_snowflake.py took 1.018 seconds
[2026-07-15T14:56:06.523+0000] {processor.py:161} INFO - Started process (PID=1609) to work on /opt/airflow/dags/minio_to_snowflake.py
[2026-07-15T14:56:06.525+0000] {processor.py:830} INFO - Processing file /opt/airflow/dags/minio_to_snowflake.py for tasks to queue
[2026-07-15T14:56:06.527+0000] {logging_mixin.py:188} INFO - [2026-07-15T14:56:06.527+0000] {dagbag.py:545} INFO - Filling up the DagBag from /opt/airflow/dags/minio_to_snowflake.py
[2026-07-15T14:56:07.381+0000] {processor.py:840} INFO - DAG(s) 'minio_to_snowflake_banking' retrieved from /opt/airflow/dags/minio_to_snowflake.py
[2026-07-15T14:56:07.415+0000] {logging_mixin.py:188} INFO - [2026-07-15T14:56:07.414+0000] {dag.py:3089} INFO - Sync 1 DAGs
[2026-07-15T14:56:07.437+0000] {logging_mixin.py:188} INFO - [2026-07-15T14:56:07.437+0000] {dag.py:3947} INFO - Setting next_dagrun for minio_to_snowflake_banking to 2026-07-15 14:55:00+00:00, run_after=2026-07-15 14:56:00+00:00
[2026-07-15T14:56:07.456+0000] {processor.py:183} INFO - Processing /opt/airflow/dags/minio_to_snowflake.py took 0.940 seconds
[2026-07-15T14:56:37.723+0000] {processor.py:161} INFO - Started process (PID=1613) to work on /opt/airflow/dags/minio_to_snowflake.py
[2026-07-15T14:56:37.725+0000] {processor.py:830} INFO - Processing file /opt/airflow/dags/minio_to_snowflake.py for tasks to queue
[2026-07-15T14:56:37.728+0000] {logging_mixin.py:188} INFO - [2026-07-15T14:56:37.727+0000] {dagbag.py:545} INFO - Filling up the DagBag from /opt/airflow/dags/minio_to_snowflake.py
[2026-07-15T14:56:38.477+0000] {processor.py:840} INFO - DAG(s) 'minio_to_snowflake_banking' retrieved from /opt/airflow/dags/minio_to_snowflake.py
[2026-07-15T14:56:38.506+0000] {logging_mixin.py:188} INFO - [2026-07-15T14:56:38.506+0000] {dag.py:3089} INFO - Sync 1 DAGs
[2026-07-15T14:56:38.528+0000] {logging_mixin.py:188} INFO - [2026-07-15T14:56:38.527+0000] {dag.py:3947} INFO - Setting next_dagrun for minio_to_snowflake_banking to 2026-07-15 14:55:00+00:00, run_after=2026-07-15 14:56:00+00:00
[2026-07-15T14:56:38.547+0000] {processor.py:183} INFO - Processing /opt/airflow/dags/minio_to_snowflake.py took 0.833 seconds
[2026-07-15T14:57:08.852+0000] {processor.py:161} INFO - Started process (PID=1617) to work on /opt/airflow/dags/minio_to_snowflake.py
[2026-07-15T14:57:08.854+0000] {processor.py:830} INFO - Processing file /opt/airflow/dags/minio_to_snowflake.py for tasks to queue
[2026-07-15T14:57:08.857+0000] {logging_mixin.py:188} INFO - [2026-07-15T14:57:08.857+0000] {dagbag.py:545} INFO - Filling up the DagBag from /opt/airflow/dags/minio_to_snowflake.py
[2026-07-15T14:57:09.605+0000] {processor.py:840} INFO - DAG(s) 'minio_to_snowflake_banking' retrieved from /opt/airflow/dags/minio_to_snowflake.py
[2026-07-15T14:57:09.635+0000] {logging_mixin.py:188} INFO - [2026-07-15T14:57:09.634+0000] {dag.py:3089} INFO - Sync 1 DAGs
[2026-07-15T14:57:09.658+0000] {logging_mixin.py:188} INFO - [2026-07-15T14:57:09.658+0000] {dag.py:3947} INFO - Setting next_dagrun for minio_to_snowflake_banking to 2026-07-15 14:56:00+00:00, run_after=2026-07-15 14:57:00+00:00
[2026-07-15T14:57:09.679+0000] {processor.py:183} INFO - Processing /opt/airflow/dags/minio_to_snowflake.py took 0.836 seconds
[2026-07-15T14:57:39.955+0000] {processor.py:161} INFO - Started process (PID=1621) to work on /opt/airflow/dags/minio_to_snowflake.py
[2026-07-15T14:57:39.957+0000] {processor.py:830} INFO - Processing file /opt/airflow/dags/minio_to_snowflake.py for tasks to queue
[2026-07-15T14:57:39.959+0000] {logging_mixin.py:188} INFO - [2026-07-15T14:57:39.959+0000] {dagbag.py:545} INFO - Filling up the DagBag from /opt/airflow/dags/minio_to_snowflake.py
[2026-07-15T14:57:40.708+0000] {processor.py:840} INFO - DAG(s) 'minio_to_snowflake_banking' retrieved from /opt/airflow/dags/minio_to_snowflake.py
[2026-07-15T14:57:40.739+0000] {logging_mixin.py:188} INFO - [2026-07-15T14:57:40.738+0000] {dag.py:3089} INFO - Sync 1 DAGs
[2026-07-15T14:57:40.759+0000] {logging_mixin.py:188} INFO - [2026-07-15T14:57:40.759+0000] {dag.py:3947} INFO - Setting next_dagrun for minio_to_snowflake_banking to 2026-07-15 14:56:00+00:00, run_after=2026-07-15 14:57:00+00:00
[2026-07-15T14:57:40.779+0000] {processor.py:183} INFO - Processing /opt/airflow/dags/minio_to_snowflake.py took 0.833 seconds
[2026-07-15T14:58:11.052+0000] {processor.py:161} INFO - Started process (PID=1625) to work on /opt/airflow/dags/minio_to_snowflake.py
[2026-07-15T14:58:11.054+0000] {processor.py:830} INFO - Processing file /opt/airflow/dags/minio_to_snowflake.py for tasks to queue
[2026-07-15T14:58:11.056+0000] {logging_mixin.py:188} INFO - [2026-07-15T14:58:11.056+0000] {dagbag.py:545} INFO - Filling up the DagBag from /opt/airflow/dags/minio_to_snowflake.py
[2026-07-15T14:58:11.887+0000] {processor.py:840} INFO - DAG(s) 'minio_to_snowflake_banking' retrieved from /opt/airflow/dags/minio_to_snowflake.py
[2026-07-15T14:58:11.928+0000] {logging_mixin.py:188} INFO - [2026-07-15T14:58:11.927+0000] {dag.py:3089} INFO - Sync 1 DAGs
[2026-07-15T14:58:11.954+0000] {logging_mixin.py:188} INFO - [2026-07-15T14:58:11.954+0000] {dag.py:3947} INFO - Setting next_dagrun for minio_to_snowflake_banking to 2026-07-15 14:57:00+00:00, run_after=2026-07-15 14:58:00+00:00
[2026-07-15T14:58:11.982+0000] {processor.py:183} INFO - Processing /opt/airflow/dags/minio_to_snowflake.py took 0.936 seconds
[2026-07-15T14:58:42.253+0000] {processor.py:161} INFO - Started process (PID=1629) to work on /opt/airflow/dags/minio_to_snowflake.py
[2026-07-15T14:58:42.255+0000] {processor.py:830} INFO - Processing file /opt/airflow/dags/minio_to_snowflake.py for tasks to queue
[2026-07-15T14:58:42.258+0000] {logging_mixin.py:188} INFO - [2026-07-15T14:58:42.257+0000] {dagbag.py:545} INFO - Filling up the DagBag from /opt/airflow/dags/minio_to_snowflake.py
[2026-07-15T14:58:43.019+0000] {processor.py:840} INFO - DAG(s) 'minio_to_snowflake_banking' retrieved from /opt/airflow/dags/minio_to_snowflake.py
[2026-07-15T14:58:43.048+0000] {logging_mixin.py:188} INFO - [2026-07-15T14:58:43.047+0000] {dag.py:3089} INFO - Sync 1 DAGs
[2026-07-15T14:58:43.072+0000] {logging_mixin.py:188} INFO - [2026-07-15T14:58:43.072+0000] {dag.py:3947} INFO - Setting next_dagrun for minio_to_snowflake_banking to 2026-07-15 14:57:00+00:00, run_after=2026-07-15 14:58:00+00:00
[2026-07-15T14:58:43.098+0000] {processor.py:183} INFO - Processing /opt/airflow/dags/minio_to_snowflake.py took 0.855 seconds
[2026-07-15T14:59:13.365+0000] {processor.py:161} INFO - Started process (PID=1633) to work on /opt/airflow/dags/minio_to_snowflake.py
[2026-07-15T14:59:13.367+0000] {processor.py:830} INFO - Processing file /opt/airflow/dags/minio_to_snowflake.py for tasks to queue
[2026-07-15T14:59:13.370+0000] {logging_mixin.py:188} INFO - [2026-07-15T14:59:13.370+0000] {dagbag.py:545} INFO - Filling up the DagBag from /opt/airflow/dags/minio_to_snowflake.py
[2026-07-15T14:59:14.134+0000] {processor.py:840} INFO - DAG(s) 'minio_to_snowflake_banking' retrieved from /opt/airflow/dags/minio_to_snowflake.py
[2026-07-15T14:59:14.167+0000] {logging_mixin.py:188} INFO - [2026-07-15T14:59:14.167+0000] {dag.py:3089} INFO - Sync 1 DAGs
[2026-07-15T14:59:14.199+0000] {logging_mixin.py:188} INFO - [2026-07-15T14:59:14.199+0000] {dag.py:3947} INFO - Setting next_dagrun for minio_to_snowflake_banking to 2026-07-15 14:58:00+00:00, run_after=2026-07-15 14:59:00+00:00
[2026-07-15T14:59:14.228+0000] {processor.py:183} INFO - Processing /opt/airflow/dags/minio_to_snowflake.py took 0.871 seconds
[2026-07-15T14:59:44.495+0000] {processor.py:161} INFO - Started process (PID=1637) to work on /opt/airflow/dags/minio_to_snowflake.py
[2026-07-15T14:59:44.497+0000] {processor.py:830} INFO - Processing file /opt/airflow/dags/minio_to_snowflake.py for tasks to queue
[2026-07-15T14:59:44.500+0000] {logging_mixin.py:188} INFO - [2026-07-15T14:59:44.500+0000] {dagbag.py:545} INFO - Filling up the DagBag from /opt/airflow/dags/minio_to_snowflake.py
[2026-07-15T14:59:45.266+0000] {processor.py:840} INFO - DAG(s) 'minio_to_snowflake_banking' retrieved from /opt/airflow/dags/minio_to_snowflake.py
[2026-07-15T14:59:45.296+0000] {logging_mixin.py:188} INFO - [2026-07-15T14:59:45.296+0000] {dag.py:3089} INFO - Sync 1 DAGs
[2026-07-15T14:59:45.319+0000] {logging_mixin.py:188} INFO - [2026-07-15T14:59:45.318+0000] {dag.py:3947} INFO - Setting next_dagrun for minio_to_snowflake_banking to 2026-07-15 14:58:00+00:00, run_after=2026-07-15 14:59:00+00:00
[2026-07-15T14:59:45.340+0000] {processor.py:183} INFO - Processing /opt/airflow/dags/minio_to_snowflake.py took 0.860 seconds
[2026-07-15T15:00:15.600+0000] {processor.py:161} INFO - Started process (PID=1641) to work on /opt/airflow/dags/minio_to_snowflake.py
[2026-07-15T15:00:15.602+0000] {processor.py:830} INFO - Processing file /opt/airflow/dags/minio_to_snowflake.py for tasks to queue
[2026-07-15T15:00:15.604+0000] {logging_mixin.py:188} INFO - [2026-07-15T15:00:15.604+0000] {dagbag.py:545} INFO - Filling up the DagBag from /opt/airflow/dags/minio_to_snowflake.py
[2026-07-15T15:00:16.469+0000] {processor.py:840} INFO - DAG(s) 'minio_to_snowflake_banking' retrieved from /opt/airflow/dags/minio_to_snowflake.py
[2026-07-15T15:00:16.510+0000] {logging_mixin.py:188} INFO - [2026-07-15T15:00:16.509+0000] {dag.py:3089} INFO - Sync 1 DAGs
[2026-07-15T15:00:16.534+0000] {logging_mixin.py:188} INFO - [2026-07-15T15:00:16.534+0000] {dag.py:3947} INFO - Setting next_dagrun for minio_to_snowflake_banking to 2026-07-15 14:59:00+00:00, run_after=2026-07-15 15:00:00+00:00
[2026-07-15T15:00:16.564+0000] {processor.py:183} INFO - Processing /opt/airflow/dags/minio_to_snowflake.py took 0.975 seconds
[2026-07-15T15:00:46.899+0000] {processor.py:161} INFO - Started process (PID=1645) to work on /opt/airflow/dags/minio_to_snowflake.py
[2026-07-15T15:00:46.901+0000] {processor.py:830} INFO - Processing file /opt/airflow/dags/minio_to_snowflake.py for tasks to queue
[2026-07-15T15:00:46.904+0000] {logging_mixin.py:188} INFO - [2026-07-15T15:00:46.904+0000] {dagbag.py:545} INFO - Filling up the DagBag from /opt/airflow/dags/minio_to_snowflake.py
[2026-07-15T15:00:47.686+0000] {processor.py:840} INFO - DAG(s) 'minio_to_snowflake_banking' retrieved from /opt/airflow/dags/minio_to_snowflake.py
[2026-07-15T15:00:47.716+0000] {logging_mixin.py:188} INFO - [2026-07-15T15:00:47.715+0000] {dag.py:3089} INFO - Sync 1 DAGs
[2026-07-15T15:00:47.738+0000] {logging_mixin.py:188} INFO - [2026-07-15T15:00:47.738+0000] {dag.py:3947} INFO - Setting next_dagrun for minio_to_snowflake_banking to 2026-07-15 14:59:00+00:00, run_after=2026-07-15 15:00:00+00:00
[2026-07-15T15:00:47.760+0000] {processor.py:183} INFO - Processing /opt/airflow/dags/minio_to_snowflake.py took 0.869 seconds
[2026-07-15T15:01:18.030+0000] {processor.py:161} INFO - Started process (PID=1649) to work on /opt/airflow/dags/minio_to_snowflake.py
[2026-07-15T15:01:18.032+0000] {processor.py:830} INFO - Processing file /opt/airflow/dags/minio_to_snowflake.py for tasks to queue
[2026-07-15T15:01:18.034+0000] {logging_mixin.py:188} INFO - [2026-07-15T15:01:18.034+0000] {dagbag.py:545} INFO - Filling up the DagBag from /opt/airflow/dags/minio_to_snowflake.py
[2026-07-15T15:01:18.796+0000] {processor.py:840} INFO - DAG(s) 'minio_to_snowflake_banking' retrieved from /opt/airflow/dags/minio_to_snowflake.py
[2026-07-15T15:01:18.824+0000] {logging_mixin.py:188} INFO - [2026-07-15T15:01:18.823+0000] {dag.py:3089} INFO - Sync 1 DAGs
[2026-07-15T15:01:18.848+0000] {logging_mixin.py:188} INFO - [2026-07-15T15:01:18.847+0000] {dag.py:3947} INFO - Setting next_dagrun for minio_to_snowflake_banking to 2026-07-15 15:00:00+00:00, run_after=2026-07-15 15:01:00+00:00
[2026-07-15T15:01:18.868+0000] {processor.py:183} INFO - Processing /opt/airflow/dags/minio_to_snowflake.py took 0.846 seconds
[2026-07-15T15:01:49.125+0000] {processor.py:161} INFO - Started process (PID=1653) to work on /opt/airflow/dags/minio_to_snowflake.py
[2026-07-15T15:01:49.127+0000] {processor.py:830} INFO - Processing file /opt/airflow/dags/minio_to_snowflake.py for tasks to queue
[2026-07-15T15:01:49.131+0000] {logging_mixin.py:188} INFO - [2026-07-15T15:01:49.130+0000] {dagbag.py:545} INFO - Filling up the DagBag from /opt/airflow/dags/minio_to_snowflake.py
[2026-07-15T15:01:49.884+0000] {processor.py:840} INFO - DAG(s) 'minio_to_snowflake_banking' retrieved from /opt/airflow/dags/minio_to_snowflake.py
[2026-07-15T15:01:49.914+0000] {logging_mixin.py:188} INFO - [2026-07-15T15:01:49.913+0000] {dag.py:3089} INFO - Sync 1 DAGs
[2026-07-15T15:01:49.935+0000] {logging_mixin.py:188} INFO - [2026-07-15T15:01:49.935+0000] {dag.py:3947} INFO - Setting next_dagrun for minio_to_snowflake_banking to 2026-07-15 15:00:00+00:00, run_after=2026-07-15 15:01:00+00:00
[2026-07-15T15:01:49.958+0000] {processor.py:183} INFO - Processing /opt/airflow/dags/minio_to_snowflake.py took 0.842 seconds
[2026-07-15T15:02:20.191+0000] {processor.py:161} INFO - Started process (PID=1657) to work on /opt/airflow/dags/minio_to_snowflake.py
[2026-07-15T15:02:20.192+0000] {processor.py:830} INFO - Processing file /opt/airflow/dags/minio_to_snowflake.py for tasks to queue
[2026-07-15T15:02:20.194+0000] {logging_mixin.py:188} INFO - [2026-07-15T15:02:20.194+0000] {dagbag.py:545} INFO - Filling up the DagBag from /opt/airflow/dags/minio_to_snowflake.py
[2026-07-15T15:02:20.955+0000] {processor.py:840} INFO - DAG(s) 'minio_to_snowflake_banking' retrieved from /opt/airflow/dags/minio_to_snowflake.py
[2026-07-15T15:02:20.982+0000] {logging_mixin.py:188} INFO - [2026-07-15T15:02:20.982+0000] {dag.py:3089} INFO - Sync 1 DAGs
[2026-07-15T15:02:21.004+0000] {logging_mixin.py:188} INFO - [2026-07-15T15:02:21.003+0000] {dag.py:3947} INFO - Setting next_dagrun for minio_to_snowflake_banking to 2026-07-15 15:01:00+00:00, run_after=2026-07-15 15:02:00+00:00
[2026-07-15T15:02:21.025+0000] {processor.py:183} INFO - Processing /opt/airflow/dags/minio_to_snowflake.py took 0.843 seconds
[2026-07-15T15:02:51.308+0000] {processor.py:161} INFO - Started process (PID=1661) to work on /opt/airflow/dags/minio_to_snowflake.py
[2026-07-15T15:02:51.310+0000] {processor.py:830} INFO - Processing file /opt/airflow/dags/minio_to_snowflake.py for tasks to queue
[2026-07-15T15:02:51.313+0000] {logging_mixin.py:188} INFO - [2026-07-15T15:02:51.312+0000] {dagbag.py:545} INFO - Filling up the DagBag from /opt/airflow/dags/minio_to_snowflake.py
[2026-07-15T15:02:52.068+0000] {processor.py:840} INFO - DAG(s) 'minio_to_snowflake_banking' retrieved from /opt/airflow/dags/minio_to_snowflake.py
[2026-07-15T15:02:52.096+0000] {logging_mixin.py:188} INFO - [2026-07-15T15:02:52.096+0000] {dag.py:3089} INFO - Sync 1 DAGs
[2026-07-15T15:02:52.119+0000] {logging_mixin.py:188} INFO - [2026-07-15T15:02:52.119+0000] {dag.py:3947} INFO - Setting next_dagrun for minio_to_snowflake_banking to 2026-07-15 15:01:00+00:00, run_after=2026-07-15 15:02:00+00:00
[2026-07-15T15:02:52.139+0000] {processor.py:183} INFO - Processing /opt/airflow/dags/minio_to_snowflake.py took 0.839 seconds
[2026-07-15T15:03:22.404+0000] {processor.py:161} INFO - Started process (PID=1665) to work on /opt/airflow/dags/minio_to_snowflake.py
[2026-07-15T15:03:22.406+0000] {processor.py:830} INFO - Processing file /opt/airflow/dags/minio_to_snowflake.py for tasks to queue
[2026-07-15T15:03:22.409+0000] {logging_mixin.py:188} INFO - [2026-07-15T15:03:22.409+0000] {dagbag.py:545} INFO - Filling up the DagBag from /opt/airflow/dags/minio_to_snowflake.py
[2026-07-15T15:03:23.270+0000] {processor.py:840} INFO - DAG(s) 'minio_to_snowflake_banking' retrieved from /opt/airflow/dags/minio_to_snowflake.py
[2026-07-15T15:03:23.306+0000] {logging_mixin.py:188} INFO - [2026-07-15T15:03:23.306+0000] {dag.py:3089} INFO - Sync 1 DAGs
[2026-07-15T15:03:23.333+0000] {logging_mixin.py:188} INFO - [2026-07-15T15:03:23.333+0000] {dag.py:3947} INFO - Setting next_dagrun for minio_to_snowflake_banking to 2026-07-15 15:02:00+00:00, run_after=2026-07-15 15:03:00+00:00
[2026-07-15T15:03:23.356+0000] {processor.py:183} INFO - Processing /opt/airflow/dags/minio_to_snowflake.py took 0.963 seconds
[2026-07-15T15:03:53.613+0000] {processor.py:161} INFO - Started process (PID=1669) to work on /opt/airflow/dags/minio_to_snowflake.py
[2026-07-15T15:03:53.616+0000] {processor.py:830} INFO - Processing file /opt/airflow/dags/minio_to_snowflake.py for tasks to queue
[2026-07-15T15:03:53.619+0000] {logging_mixin.py:188} INFO - [2026-07-15T15:03:53.618+0000] {dagbag.py:545} INFO - Filling up the DagBag from /opt/airflow/dags/minio_to_snowflake.py
[2026-07-15T15:03:54.374+0000] {processor.py:840} INFO - DAG(s) 'minio_to_snowflake_banking' retrieved from /opt/airflow/dags/minio_to_snowflake.py
[2026-07-15T15:03:54.412+0000] {logging_mixin.py:188} INFO - [2026-07-15T15:03:54.412+0000] {dag.py:3089} INFO - Sync 1 DAGs
[2026-07-15T15:03:54.439+0000] {logging_mixin.py:188} INFO - [2026-07-15T15:03:54.439+0000] {dag.py:3947} INFO - Setting next_dagrun for minio_to_snowflake_banking to 2026-07-15 15:02:00+00:00, run_after=2026-07-15 15:03:00+00:00
[2026-07-15T15:03:54.467+0000] {processor.py:183} INFO - Processing /opt/airflow/dags/minio_to_snowflake.py took 0.861 seconds
[2026-07-15T15:04:24.735+0000] {processor.py:161} INFO - Started process (PID=1673) to work on /opt/airflow/dags/minio_to_snowflake.py
[2026-07-15T15:04:24.737+0000] {processor.py:830} INFO - Processing file /opt/airflow/dags/minio_to_snowflake.py for tasks to queue
[2026-07-15T15:04:24.740+0000] {logging_mixin.py:188} INFO - [2026-07-15T15:04:24.740+0000] {dagbag.py:545} INFO - Filling up the DagBag from /opt/airflow/dags/minio_to_snowflake.py
[2026-07-15T15:04:25.533+0000] {processor.py:840} INFO - DAG(s) 'minio_to_snowflake_banking' retrieved from /opt/airflow/dags/minio_to_snowflake.py
[2026-07-15T15:04:25.562+0000] {logging_mixin.py:188} INFO - [2026-07-15T15:04:25.562+0000] {dag.py:3089} INFO - Sync 1 DAGs
[2026-07-15T15:04:25.583+0000] {logging_mixin.py:188} INFO - [2026-07-15T15:04:25.583+0000] {dag.py:3947} INFO - Setting next_dagrun for minio_to_snowflake_banking to 2026-07-15 15:03:00+00:00, run_after=2026-07-15 15:04:00+00:00
[2026-07-15T15:04:25.603+0000] {processor.py:183} INFO - Processing /opt/airflow/dags/minio_to_snowflake.py took 0.881 seconds
[2026-07-15T15:04:55.854+0000] {processor.py:161} INFO - Started process (PID=1677) to work on /opt/airflow/dags/minio_to_snowflake.py
[2026-07-15T15:04:55.856+0000] {processor.py:830} INFO - Processing file /opt/airflow/dags/minio_to_snowflake.py for tasks to queue
[2026-07-15T15:04:55.860+0000] {logging_mixin.py:188} INFO - [2026-07-15T15:04:55.859+0000] {dagbag.py:545} INFO - Filling up the DagBag from /opt/airflow/dags/minio_to_snowflake.py
[2026-07-15T15:04:56.738+0000] {processor.py:840} INFO - DAG(s) 'minio_to_snowflake_banking' retrieved from /opt/airflow/dags/minio_to_snowflake.py
[2026-07-15T15:04:56.770+0000] {logging_mixin.py:188} INFO - [2026-07-15T15:04:56.769+0000] {dag.py:3089} INFO - Sync 1 DAGs
[2026-07-15T15:04:56.797+0000] {logging_mixin.py:188} INFO - [2026-07-15T15:04:56.797+0000] {dag.py:3947} INFO - Setting next_dagrun for minio_to_snowflake_banking to 2026-07-15 15:03:00+00:00, run_after=2026-07-15 15:04:00+00:00
[2026-07-15T15:04:56.821+0000] {processor.py:183} INFO - Processing /opt/airflow/dags/minio_to_snowflake.py took 0.976 seconds
[2026-07-15T15:05:27.078+0000] {processor.py:161} INFO - Started process (PID=1681) to work on /opt/airflow/dags/minio_to_snowflake.py
[2026-07-15T15:05:27.079+0000] {processor.py:830} INFO - Processing file /opt/airflow/dags/minio_to_snowflake.py for tasks to queue
[2026-07-15T15:05:27.081+0000] {logging_mixin.py:188} INFO - [2026-07-15T15:05:27.081+0000] {dagbag.py:545} INFO - Filling up the DagBag from /opt/airflow/dags/minio_to_snowflake.py
[2026-07-15T15:05:27.862+0000] {processor.py:840} INFO - DAG(s) 'minio_to_snowflake_banking' retrieved from /opt/airflow/dags/minio_to_snowflake.py
[2026-07-15T15:05:27.890+0000] {logging_mixin.py:188} INFO - [2026-07-15T15:05:27.889+0000] {dag.py:3089} INFO - Sync 1 DAGs
[2026-07-15T15:05:27.913+0000] {logging_mixin.py:188} INFO - [2026-07-15T15:05:27.913+0000] {dag.py:3947} INFO - Setting next_dagrun for minio_to_snowflake_banking to 2026-07-15 15:04:00+00:00, run_after=2026-07-15 15:05:00+00:00
[2026-07-15T15:05:27.933+0000] {processor.py:183} INFO - Processing /opt/airflow/dags/minio_to_snowflake.py took 0.862 seconds
[2026-07-15T15:05:58.211+0000] {processor.py:161} INFO - Started process (PID=1685) to work on /opt/airflow/dags/minio_to_snowflake.py
[2026-07-15T15:05:58.213+0000] {processor.py:830} INFO - Processing file /opt/airflow/dags/minio_to_snowflake.py for tasks to queue
[2026-07-15T15:05:58.215+0000] {logging_mixin.py:188} INFO - [2026-07-15T15:05:58.215+0000] {dagbag.py:545} INFO - Filling up the DagBag from /opt/airflow/dags/minio_to_snowflake.py
[2026-07-15T15:05:59.225+0000] {processor.py:840} INFO - DAG(s) 'minio_to_snowflake_banking' retrieved from /opt/airflow/dags/minio_to_snowflake.py
[2026-07-15T15:05:59.276+0000] {logging_mixin.py:188} INFO - [2026-07-15T15:05:59.275+0000] {dag.py:3089} INFO - Sync 1 DAGs
[2026-07-15T15:05:59.300+0000] {logging_mixin.py:188} INFO - [2026-07-15T15:05:59.300+0000] {dag.py:3947} INFO - Setting next_dagrun for minio_to_snowflake_banking to 2026-07-15 15:04:00+00:00, run_after=2026-07-15 15:05:00+00:00
[2026-07-15T15:05:59.319+0000] {processor.py:183} INFO - Processing /opt/airflow/dags/minio_to_snowflake.py took 1.118 seconds
[2026-07-15T15:06:29.513+0000] {processor.py:161} INFO - Started process (PID=1689) to work on /opt/airflow/dags/minio_to_snowflake.py
[2026-07-15T15:06:29.515+0000] {processor.py:830} INFO - Processing file /opt/airflow/dags/minio_to_snowflake.py for tasks to queue
[2026-07-15T15:06:29.517+0000] {logging_mixin.py:188} INFO - [2026-07-15T15:06:29.517+0000] {dagbag.py:545} INFO - Filling up the DagBag from /opt/airflow/dags/minio_to_snowflake.py
[2026-07-15T15:06:30.273+0000] {processor.py:840} INFO - DAG(s) 'minio_to_snowflake_banking' retrieved from /opt/airflow/dags/minio_to_snowflake.py
[2026-07-15T15:06:30.306+0000] {logging_mixin.py:188} INFO - [2026-07-15T15:06:30.305+0000] {dag.py:3089} INFO - Sync 1 DAGs
[2026-07-15T15:06:30.332+0000] {logging_mixin.py:188} INFO - [2026-07-15T15:06:30.331+0000] {dag.py:3947} INFO - Setting next_dagrun for minio_to_snowflake_banking to 2026-07-15 15:05:00+00:00, run_after=2026-07-15 15:06:00+00:00
[2026-07-15T15:06:30.356+0000] {processor.py:183} INFO - Processing /opt/airflow/dags/minio_to_snowflake.py took 0.851 seconds
[2026-07-15T15:07:00.582+0000] {processor.py:161} INFO - Started process (PID=1693) to work on /opt/airflow/dags/minio_to_snowflake.py
[2026-07-15T15:07:00.583+0000] {processor.py:830} INFO - Processing file /opt/airflow/dags/minio_to_snowflake.py for tasks to queue
[2026-07-15T15:07:00.586+0000] {logging_mixin.py:188} INFO - [2026-07-15T15:07:00.585+0000] {dagbag.py:545} INFO - Filling up the DagBag from /opt/airflow/dags/minio_to_snowflake.py
[2026-07-15T15:07:01.341+0000] {processor.py:840} INFO - DAG(s) 'minio_to_snowflake_banking' retrieved from /opt/airflow/dags/minio_to_snowflake.py
[2026-07-15T15:07:01.369+0000] {logging_mixin.py:188} INFO - [2026-07-15T15:07:01.368+0000] {dag.py:3089} INFO - Sync 1 DAGs
[2026-07-15T15:07:01.392+0000] {logging_mixin.py:188} INFO - [2026-07-15T15:07:01.392+0000] {dag.py:3947} INFO - Setting next_dagrun for minio_to_snowflake_banking to 2026-07-15 15:06:00+00:00, run_after=2026-07-15 15:07:00+00:00
[2026-07-15T15:07:01.413+0000] {processor.py:183} INFO - Processing /opt/airflow/dags/minio_to_snowflake.py took 0.839 seconds
[2026-07-15T15:07:31.670+0000] {processor.py:161} INFO - Started process (PID=1697) to work on /opt/airflow/dags/minio_to_snowflake.py
[2026-07-15T15:07:31.672+0000] {processor.py:830} INFO - Processing file /opt/airflow/dags/minio_to_snowflake.py for tasks to queue
[2026-07-15T15:07:31.674+0000] {logging_mixin.py:188} INFO - [2026-07-15T15:07:31.673+0000] {dagbag.py:545} INFO - Filling up the DagBag from /opt/airflow/dags/minio_to_snowflake.py
[2026-07-15T15:07:32.419+0000] {processor.py:840} INFO - DAG(s) 'minio_to_snowflake_banking' retrieved from /opt/airflow/dags/minio_to_snowflake.py
[2026-07-15T15:07:32.447+0000] {logging_mixin.py:188} INFO - [2026-07-15T15:07:32.447+0000] {dag.py:3089} INFO - Sync 1 DAGs
[2026-07-15T15:07:32.469+0000] {logging_mixin.py:188} INFO - [2026-07-15T15:07:32.469+0000] {dag.py:3947} INFO - Setting next_dagrun for minio_to_snowflake_banking to 2026-07-15 15:06:00+00:00, run_after=2026-07-15 15:07:00+00:00
[2026-07-15T15:07:32.508+0000] {processor.py:183} INFO - Processing /opt/airflow/dags/minio_to_snowflake.py took 0.845 seconds
[2026-07-15T15:08:02.777+0000] {processor.py:161} INFO - Started process (PID=1701) to work on /opt/airflow/dags/minio_to_snowflake.py
[2026-07-15T15:08:02.779+0000] {processor.py:830} INFO - Processing file /opt/airflow/dags/minio_to_snowflake.py for tasks to queue
[2026-07-15T15:08:02.781+0000] {logging_mixin.py:188} INFO - [2026-07-15T15:08:02.781+0000] {dagbag.py:545} INFO - Filling up the DagBag from /opt/airflow/dags/minio_to_snowflake.py
[2026-07-15T15:08:03.521+0000] {processor.py:840} INFO - DAG(s) 'minio_to_snowflake_banking' retrieved from /opt/airflow/dags/minio_to_snowflake.py
[2026-07-15T15:08:03.552+0000] {logging_mixin.py:188} INFO - [2026-07-15T15:08:03.552+0000] {dag.py:3089} INFO - Sync 1 DAGs
[2026-07-15T15:08:03.576+0000] {logging_mixin.py:188} INFO - [2026-07-15T15:08:03.576+0000] {dag.py:3947} INFO - Setting next_dagrun for minio_to_snowflake_banking to 2026-07-15 15:07:00+00:00, run_after=2026-07-15 15:08:00+00:00
[2026-07-15T15:08:03.597+0000] {processor.py:183} INFO - Processing /opt/airflow/dags/minio_to_snowflake.py took 0.827 seconds
[2026-07-15T15:08:33.860+0000] {processor.py:161} INFO - Started process (PID=1705) to work on /opt/airflow/dags/minio_to_snowflake.py
[2026-07-15T15:08:33.862+0000] {processor.py:830} INFO - Processing file /opt/airflow/dags/minio_to_snowflake.py for tasks to queue
[2026-07-15T15:08:33.865+0000] {logging_mixin.py:188} INFO - [2026-07-15T15:08:33.864+0000] {dagbag.py:545} INFO - Filling up the DagBag from /opt/airflow/dags/minio_to_snowflake.py
[2026-07-15T15:08:34.682+0000] {processor.py:840} INFO - DAG(s) 'minio_to_snowflake_banking' retrieved from /opt/airflow/dags/minio_to_snowflake.py
[2026-07-15T15:08:34.727+0000] {logging_mixin.py:188} INFO - [2026-07-15T15:08:34.726+0000] {dag.py:3089} INFO - Sync 1 DAGs
[2026-07-15T15:08:34.775+0000] {logging_mixin.py:188} INFO - [2026-07-15T15:08:34.774+0000] {dag.py:3947} INFO - Setting next_dagrun for minio_to_snowflake_banking to 2026-07-15 15:07:00+00:00, run_after=2026-07-15 15:08:00+00:00
[2026-07-15T15:08:34.814+0000] {processor.py:183} INFO - Processing /opt/airflow/dags/minio_to_snowflake.py took 0.963 seconds
[2026-07-15T15:09:05.080+0000] {processor.py:161} INFO - Started process (PID=1709) to work on /opt/airflow/dags/minio_to_snowflake.py
[2026-07-15T15:09:05.082+0000] {processor.py:830} INFO - Processing file /opt/airflow/dags/minio_to_snowflake.py for tasks to queue
[2026-07-15T15:09:05.085+0000] {logging_mixin.py:188} INFO - [2026-07-15T15:09:05.084+0000] {dagbag.py:545} INFO - Filling up the DagBag from /opt/airflow/dags/minio_to_snowflake.py
[2026-07-15T15:09:06.008+0000] {processor.py:840} INFO - DAG(s) 'minio_to_snowflake_banking' retrieved from /opt/airflow/dags/minio_to_snowflake.py
[2026-07-15T15:09:06.038+0000] {logging_mixin.py:188} INFO - [2026-07-15T15:09:06.037+0000] {dag.py:3089} INFO - Sync 1 DAGs
[2026-07-15T15:09:06.064+0000] {logging_mixin.py:188} INFO - [2026-07-15T15:09:06.064+0000] {dag.py:3947} INFO - Setting next_dagrun for minio_to_snowflake_banking to 2026-07-15 15:08:00+00:00, run_after=2026-07-15 15:09:00+00:00
[2026-07-15T15:09:06.089+0000] {processor.py:183} INFO - Processing /opt/airflow/dags/minio_to_snowflake.py took 1.019 seconds
[2026-07-15T15:09:36.325+0000] {processor.py:161} INFO - Started process (PID=1713) to work on /opt/airflow/dags/minio_to_snowflake.py
[2026-07-15T15:09:36.330+0000] {processor.py:830} INFO - Processing file /opt/airflow/dags/minio_to_snowflake.py for tasks to queue
[2026-07-15T15:09:36.335+0000] {logging_mixin.py:188} INFO - [2026-07-15T15:09:36.334+0000] {dagbag.py:545} INFO - Filling up the DagBag from /opt/airflow/dags/minio_to_snowflake.py
[2026-07-15T15:09:37.315+0000] {processor.py:840} INFO - DAG(s) 'minio_to_snowflake_banking' retrieved from /opt/airflow/dags/minio_to_snowflake.py
[2026-07-15T15:09:37.345+0000] {logging_mixin.py:188} INFO - [2026-07-15T15:09:37.344+0000] {dag.py:3089} INFO - Sync 1 DAGs
[2026-07-15T15:09:37.367+0000] {logging_mixin.py:188} INFO - [2026-07-15T15:09:37.367+0000] {dag.py:3947} INFO - Setting next_dagrun for minio_to_snowflake_banking to 2026-07-15 15:08:00+00:00, run_after=2026-07-15 15:09:00+00:00
[2026-07-15T15:09:37.396+0000] {processor.py:183} INFO - Processing /opt/airflow/dags/minio_to_snowflake.py took 1.086 seconds
[2026-07-15T15:10:07.602+0000] {processor.py:161} INFO - Started process (PID=1717) to work on /opt/airflow/dags/minio_to_snowflake.py
[2026-07-15T15:10:07.604+0000] {processor.py:830} INFO - Processing file /opt/airflow/dags/minio_to_snowflake.py for tasks to queue
[2026-07-15T15:10:07.606+0000] {logging_mixin.py:188} INFO - [2026-07-15T15:10:07.606+0000] {dagbag.py:545} INFO - Filling up the DagBag from /opt/airflow/dags/minio_to_snowflake.py
[2026-07-15T15:10:08.433+0000] {processor.py:840} INFO - DAG(s) 'minio_to_snowflake_banking' retrieved from /opt/airflow/dags/minio_to_snowflake.py
[2026-07-15T15:10:08.463+0000] {logging_mixin.py:188} INFO - [2026-07-15T15:10:08.463+0000] {dag.py:3089} INFO - Sync 1 DAGs
[2026-07-15T15:10:08.487+0000] {logging_mixin.py:188} INFO - [2026-07-15T15:10:08.487+0000] {dag.py:3947} INFO - Setting next_dagrun for minio_to_snowflake_banking to 2026-07-15 15:09:00+00:00, run_after=2026-07-15 15:10:00+00:00
[2026-07-15T15:10:08.511+0000] {processor.py:183} INFO - Processing /opt/airflow/dags/minio_to_snowflake.py took 0.917 seconds
[2026-07-15T15:10:38.804+0000] {processor.py:161} INFO - Started process (PID=1721) to work on /opt/airflow/dags/minio_to_snowflake.py
[2026-07-15T15:10:38.805+0000] {processor.py:830} INFO - Processing file /opt/airflow/dags/minio_to_snowflake.py for tasks to queue
[2026-07-15T15:10:38.808+0000] {logging_mixin.py:188} INFO - [2026-07-15T15:10:38.807+0000] {dagbag.py:545} INFO - Filling up the DagBag from /opt/airflow/dags/minio_to_snowflake.py
[2026-07-15T15:10:39.566+0000] {processor.py:840} INFO - DAG(s) 'minio_to_snowflake_banking' retrieved from /opt/airflow/dags/minio_to_snowflake.py
[2026-07-15T15:10:39.595+0000] {logging_mixin.py:188} INFO - [2026-07-15T15:10:39.595+0000] {dag.py:3089} INFO - Sync 1 DAGs
[2026-07-15T15:10:39.617+0000] {logging_mixin.py:188} INFO - [2026-07-15T15:10:39.616+0000] {dag.py:3947} INFO - Setting next_dagrun for minio_to_snowflake_banking to 2026-07-15 15:09:00+00:00, run_after=2026-07-15 15:10:00+00:00
[2026-07-15T15:10:39.639+0000] {processor.py:183} INFO - Processing /opt/airflow/dags/minio_to_snowflake.py took 0.842 seconds
[2026-07-15T15:11:09.910+0000] {processor.py:161} INFO - Started process (PID=1725) to work on /opt/airflow/dags/minio_to_snowflake.py
[2026-07-15T15:11:09.911+0000] {processor.py:830} INFO - Processing file /opt/airflow/dags/minio_to_snowflake.py for tasks to queue
[2026-07-15T15:11:09.914+0000] {logging_mixin.py:188} INFO - [2026-07-15T15:11:09.914+0000] {dagbag.py:545} INFO - Filling up the DagBag from /opt/airflow/dags/minio_to_snowflake.py
[2026-07-15T15:11:10.672+0000] {processor.py:840} INFO - DAG(s) 'minio_to_snowflake_banking' retrieved from /opt/airflow/dags/minio_to_snowflake.py
[2026-07-15T15:11:10.703+0000] {logging_mixin.py:188} INFO - [2026-07-15T15:11:10.703+0000] {dag.py:3089} INFO - Sync 1 DAGs
[2026-07-15T15:11:10.726+0000] {logging_mixin.py:188} INFO - [2026-07-15T15:11:10.726+0000] {dag.py:3947} INFO - Setting next_dagrun for minio_to_snowflake_banking to 2026-07-15 15:10:00+00:00, run_after=2026-07-15 15:11:00+00:00
[2026-07-15T15:11:10.746+0000] {processor.py:183} INFO - Processing /opt/airflow/dags/minio_to_snowflake.py took 0.844 seconds
[2026-07-15T15:11:41.009+0000] {processor.py:161} INFO - Started process (PID=1729) to work on /opt/airflow/dags/minio_to_snowflake.py
[2026-07-15T15:11:41.010+0000] {processor.py:830} INFO - Processing file /opt/airflow/dags/minio_to_snowflake.py for tasks to queue
[2026-07-15T15:11:41.013+0000] {logging_mixin.py:188} INFO - [2026-07-15T15:11:41.012+0000] {dagbag.py:545} INFO - Filling up the DagBag from /opt/airflow/dags/minio_to_snowflake.py
[2026-07-15T15:11:41.751+0000] {processor.py:840} INFO - DAG(s) 'minio_to_snowflake_banking' retrieved from /opt/airflow/dags/minio_to_snowflake.py
[2026-07-15T15:11:41.780+0000] {logging_mixin.py:188} INFO - [2026-07-15T15:11:41.780+0000] {dag.py:3089} INFO - Sync 1 DAGs
[2026-07-15T15:11:41.803+0000] {logging_mixin.py:188} INFO - [2026-07-15T15:11:41.803+0000] {dag.py:3947} INFO - Setting next_dagrun for minio_to_snowflake_banking to 2026-07-15 15:10:00+00:00, run_after=2026-07-15 15:11:00+00:00
[2026-07-15T15:11:41.826+0000] {processor.py:183} INFO - Processing /opt/airflow/dags/minio_to_snowflake.py took 0.825 seconds
[2026-07-15T15:12:12.108+0000] {processor.py:161} INFO - Started process (PID=1733) to work on /opt/airflow/dags/minio_to_snowflake.py
[2026-07-15T15:12:12.110+0000] {processor.py:830} INFO - Processing file /opt/airflow/dags/minio_to_snowflake.py for tasks to queue
[2026-07-15T15:12:12.112+0000] {logging_mixin.py:188} INFO - [2026-07-15T15:12:12.112+0000] {dagbag.py:545} INFO - Filling up the DagBag from /opt/airflow/dags/minio_to_snowflake.py
[2026-07-15T15:12:12.883+0000] {processor.py:840} INFO - DAG(s) 'minio_to_snowflake_banking' retrieved from /opt/airflow/dags/minio_to_snowflake.py
[2026-07-15T15:12:12.913+0000] {logging_mixin.py:188} INFO - [2026-07-15T15:12:12.912+0000] {dag.py:3089} INFO - Sync 1 DAGs
[2026-07-15T15:12:12.934+0000] {logging_mixin.py:188} INFO - [2026-07-15T15:12:12.934+0000] {dag.py:3947} INFO - Setting next_dagrun for minio_to_snowflake_banking to 2026-07-15 15:11:00+00:00, run_after=2026-07-15 15:12:00+00:00
[2026-07-15T15:12:12.953+0000] {processor.py:183} INFO - Processing /opt/airflow/dags/minio_to_snowflake.py took 0.852 seconds
[2026-07-15T15:12:43.213+0000] {processor.py:161} INFO - Started process (PID=1737) to work on /opt/airflow/dags/minio_to_snowflake.py
[2026-07-15T15:12:43.215+0000] {processor.py:830} INFO - Processing file /opt/airflow/dags/minio_to_snowflake.py for tasks to queue
[2026-07-15T15:12:43.217+0000] {logging_mixin.py:188} INFO - [2026-07-15T15:12:43.217+0000] {dagbag.py:545} INFO - Filling up the DagBag from /opt/airflow/dags/minio_to_snowflake.py
[2026-07-15T15:12:43.977+0000] {processor.py:840} INFO - DAG(s) 'minio_to_snowflake_banking' retrieved from /opt/airflow/dags/minio_to_snowflake.py
[2026-07-15T15:12:44.006+0000] {logging_mixin.py:188} INFO - [2026-07-15T15:12:44.006+0000] {dag.py:3089} INFO - Sync 1 DAGs
[2026-07-15T15:12:44.027+0000] {logging_mixin.py:188} INFO - [2026-07-15T15:12:44.027+0000] {dag.py:3947} INFO - Setting next_dagrun for minio_to_snowflake_banking to 2026-07-15 15:11:00+00:00, run_after=2026-07-15 15:12:00+00:00
[2026-07-15T15:12:44.047+0000] {processor.py:183} INFO - Processing /opt/airflow/dags/minio_to_snowflake.py took 0.844 seconds
[2026-07-15T15:13:14.269+0000] {processor.py:161} INFO - Started process (PID=1741) to work on /opt/airflow/dags/minio_to_snowflake.py
[2026-07-15T15:13:14.271+0000] {processor.py:830} INFO - Processing file /opt/airflow/dags/minio_to_snowflake.py for tasks to queue
[2026-07-15T15:13:14.273+0000] {logging_mixin.py:188} INFO - [2026-07-15T15:13:14.272+0000] {dagbag.py:545} INFO - Filling up the DagBag from /opt/airflow/dags/minio_to_snowflake.py
[2026-07-15T15:13:15.217+0000] {processor.py:840} INFO - DAG(s) 'minio_to_snowflake_banking' retrieved from /opt/airflow/dags/minio_to_snowflake.py
[2026-07-15T15:13:15.247+0000] {logging_mixin.py:188} INFO - [2026-07-15T15:13:15.246+0000] {dag.py:3089} INFO - Sync 1 DAGs
[2026-07-15T15:13:15.269+0000] {logging_mixin.py:188} INFO - [2026-07-15T15:13:15.269+0000] {dag.py:3947} INFO - Setting next_dagrun for minio_to_snowflake_banking to 2026-07-15 15:12:00+00:00, run_after=2026-07-15 15:13:00+00:00
[2026-07-15T15:13:15.286+0000] {processor.py:183} INFO - Processing /opt/airflow/dags/minio_to_snowflake.py took 1.024 seconds
[2026-07-15T15:13:45.538+0000] {processor.py:161} INFO - Started process (PID=1745) to work on /opt/airflow/dags/minio_to_snowflake.py
[2026-07-15T15:13:45.540+0000] {processor.py:830} INFO - Processing file /opt/airflow/dags/minio_to_snowflake.py for tasks to queue
[2026-07-15T15:13:45.543+0000] {logging_mixin.py:188} INFO - [2026-07-15T15:13:45.542+0000] {dagbag.py:545} INFO - Filling up the DagBag from /opt/airflow/dags/minio_to_snowflake.py
[2026-07-15T15:13:46.344+0000] {processor.py:840} INFO - DAG(s) 'minio_to_snowflake_banking' retrieved from /opt/airflow/dags/minio_to_snowflake.py
[2026-07-15T15:13:46.372+0000] {logging_mixin.py:188} INFO - [2026-07-15T15:13:46.372+0000] {dag.py:3089} INFO - Sync 1 DAGs
[2026-07-15T15:13:46.399+0000] {logging_mixin.py:188} INFO - [2026-07-15T15:13:46.399+0000] {dag.py:3947} INFO - Setting next_dagrun for minio_to_snowflake_banking to 2026-07-15 15:12:00+00:00, run_after=2026-07-15 15:13:00+00:00
[2026-07-15T15:13:46.421+0000] {processor.py:183} INFO - Processing /opt/airflow/dags/minio_to_snowflake.py took 0.892 seconds
[2026-07-15T15:14:16.712+0000] {processor.py:161} INFO - Started process (PID=1749) to work on /opt/airflow/dags/minio_to_snowflake.py
[2026-07-15T15:14:16.720+0000] {processor.py:830} INFO - Processing file /opt/airflow/dags/minio_to_snowflake.py for tasks to queue
[2026-07-15T15:14:16.724+0000] {logging_mixin.py:188} INFO - [2026-07-15T15:14:16.723+0000] {dagbag.py:545} INFO - Filling up the DagBag from /opt/airflow/dags/minio_to_snowflake.py
[2026-07-15T15:14:17.584+0000] {processor.py:840} INFO - DAG(s) 'minio_to_snowflake_banking' retrieved from /opt/airflow/dags/minio_to_snowflake.py
[2026-07-15T15:14:17.613+0000] {logging_mixin.py:188} INFO - [2026-07-15T15:14:17.613+0000] {dag.py:3089} INFO - Sync 1 DAGs
[2026-07-15T15:14:17.637+0000] {logging_mixin.py:188} INFO - [2026-07-15T15:14:17.637+0000] {dag.py:3947} INFO - Setting next_dagrun for minio_to_snowflake_banking to 2026-07-15 15:13:00+00:00, run_after=2026-07-15 15:14:00+00:00
[2026-07-15T15:14:17.661+0000] {processor.py:183} INFO - Processing /opt/airflow/dags/minio_to_snowflake.py took 0.959 seconds
[2026-07-15T15:14:47.926+0000] {processor.py:161} INFO - Started process (PID=1753) to work on /opt/airflow/dags/minio_to_snowflake.py
[2026-07-15T15:14:47.928+0000] {processor.py:830} INFO - Processing file /opt/airflow/dags/minio_to_snowflake.py for tasks to queue
[2026-07-15T15:14:47.930+0000] {logging_mixin.py:188} INFO - [2026-07-15T15:14:47.930+0000] {dagbag.py:545} INFO - Filling up the DagBag from /opt/airflow/dags/minio_to_snowflake.py
[2026-07-15T15:14:48.734+0000] {processor.py:840} INFO - DAG(s) 'minio_to_snowflake_banking' retrieved from /opt/airflow/dags/minio_to_snowflake.py
[2026-07-15T15:14:48.761+0000] {logging_mixin.py:188} INFO - [2026-07-15T15:14:48.761+0000] {dag.py:3089} INFO - Sync 1 DAGs
[2026-07-15T15:14:48.783+0000] {logging_mixin.py:188} INFO - [2026-07-15T15:14:48.783+0000] {dag.py:3947} INFO - Setting next_dagrun for minio_to_snowflake_banking to 2026-07-15 15:13:00+00:00, run_after=2026-07-15 15:14:00+00:00
[2026-07-15T15:14:48.805+0000] {processor.py:183} INFO - Processing /opt/airflow/dags/minio_to_snowflake.py took 0.886 seconds
[2026-07-15T15:15:19.051+0000] {processor.py:161} INFO - Started process (PID=1757) to work on /opt/airflow/dags/minio_to_snowflake.py
[2026-07-15T15:15:19.052+0000] {processor.py:830} INFO - Processing file /opt/airflow/dags/minio_to_snowflake.py for tasks to queue
[2026-07-15T15:15:19.055+0000] {logging_mixin.py:188} INFO - [2026-07-15T15:15:19.054+0000] {dagbag.py:545} INFO - Filling up the DagBag from /opt/airflow/dags/minio_to_snowflake.py
[2026-07-15T15:15:19.786+0000] {processor.py:840} INFO - DAG(s) 'minio_to_snowflake_banking' retrieved from /opt/airflow/dags/minio_to_snowflake.py
[2026-07-15T15:15:19.816+0000] {logging_mixin.py:188} INFO - [2026-07-15T15:15:19.815+0000] {dag.py:3089} INFO - Sync 1 DAGs
[2026-07-15T15:15:19.837+0000] {logging_mixin.py:188} INFO - [2026-07-15T15:15:19.837+0000] {dag.py:3947} INFO - Setting next_dagrun for minio_to_snowflake_banking to 2026-07-15 15:14:00+00:00, run_after=2026-07-15 15:15:00+00:00
[2026-07-15T15:15:19.856+0000] {processor.py:183} INFO - Processing /opt/airflow/dags/minio_to_snowflake.py took 0.814 seconds
[2026-07-15T15:15:50.127+0000] {processor.py:161} INFO - Started process (PID=1761) to work on /opt/airflow/dags/minio_to_snowflake.py
[2026-07-15T15:15:50.128+0000] {processor.py:830} INFO - Processing file /opt/airflow/dags/minio_to_snowflake.py for tasks to queue
[2026-07-15T15:15:50.130+0000] {logging_mixin.py:188} INFO - [2026-07-15T15:15:50.130+0000] {dagbag.py:545} INFO - Filling up the DagBag from /opt/airflow/dags/minio_to_snowflake.py
[2026-07-15T15:15:50.896+0000] {processor.py:840} INFO - DAG(s) 'minio_to_snowflake_banking' retrieved from /opt/airflow/dags/minio_to_snowflake.py
[2026-07-15T15:15:50.924+0000] {logging_mixin.py:188} INFO - [2026-07-15T15:15:50.923+0000] {dag.py:3089} INFO - Sync 1 DAGs
[2026-07-15T15:15:50.946+0000] {logging_mixin.py:188} INFO - [2026-07-15T15:15:50.946+0000] {dag.py:3947} INFO - Setting next_dagrun for minio_to_snowflake_banking to 2026-07-15 15:14:00+00:00, run_after=2026-07-15 15:15:00+00:00
[2026-07-15T15:15:50.965+0000] {processor.py:183} INFO - Processing /opt/airflow/dags/minio_to_snowflake.py took 0.847 seconds
[2026-07-15T15:16:21.239+0000] {processor.py:161} INFO - Started process (PID=1765) to work on /opt/airflow/dags/minio_to_snowflake.py
[2026-07-15T15:16:21.241+0000] {processor.py:830} INFO - Processing file /opt/airflow/dags/minio_to_snowflake.py for tasks to queue
[2026-07-15T15:16:21.244+0000] {logging_mixin.py:188} INFO - [2026-07-15T15:16:21.244+0000] {dagbag.py:545} INFO - Filling up the DagBag from /opt/airflow/dags/minio_to_snowflake.py
[2026-07-15T15:16:21.983+0000] {processor.py:840} INFO - DAG(s) 'minio_to_snowflake_banking' retrieved from /opt/airflow/dags/minio_to_snowflake.py
[2026-07-15T15:16:22.015+0000] {logging_mixin.py:188} INFO - [2026-07-15T15:16:22.015+0000] {dag.py:3089} INFO - Sync 1 DAGs
[2026-07-15T15:16:22.040+0000] {logging_mixin.py:188} INFO - [2026-07-15T15:16:22.040+0000] {dag.py:3947} INFO - Setting next_dagrun for minio_to_snowflake_banking to 2026-07-15 15:15:00+00:00, run_after=2026-07-15 15:16:00+00:00
[2026-07-15T15:16:22.067+0000] {processor.py:183} INFO - Processing /opt/airflow/dags/minio_to_snowflake.py took 0.836 seconds
[2026-07-15T15:16:52.325+0000] {processor.py:161} INFO - Started process (PID=1769) to work on /opt/airflow/dags/minio_to_snowflake.py
[2026-07-15T15:16:52.327+0000] {processor.py:830} INFO - Processing file /opt/airflow/dags/minio_to_snowflake.py for tasks to queue
[2026-07-15T15:16:52.330+0000] {logging_mixin.py:188} INFO - [2026-07-15T15:16:52.330+0000] {dagbag.py:545} INFO - Filling up the DagBag from /opt/airflow/dags/minio_to_snowflake.py
[2026-07-15T15:16:53.095+0000] {processor.py:840} INFO - DAG(s) 'minio_to_snowflake_banking' retrieved from /opt/airflow/dags/minio_to_snowflake.py
[2026-07-15T15:16:53.123+0000] {logging_mixin.py:188} INFO - [2026-07-15T15:16:53.122+0000] {dag.py:3089} INFO - Sync 1 DAGs
[2026-07-15T15:16:53.144+0000] {logging_mixin.py:188} INFO - [2026-07-15T15:16:53.143+0000] {dag.py:3947} INFO - Setting next_dagrun for minio_to_snowflake_banking to 2026-07-15 15:15:00+00:00, run_after=2026-07-15 15:16:00+00:00
[2026-07-15T15:16:53.165+0000] {processor.py:183} INFO - Processing /opt/airflow/dags/minio_to_snowflake.py took 0.850 seconds
[2026-07-15T15:17:23.421+0000] {processor.py:161} INFO - Started process (PID=1773) to work on /opt/airflow/dags/minio_to_snowflake.py
[2026-07-15T15:17:23.422+0000] {processor.py:830} INFO - Processing file /opt/airflow/dags/minio_to_snowflake.py for tasks to queue
[2026-07-15T15:17:23.424+0000] {logging_mixin.py:188} INFO - [2026-07-15T15:17:23.424+0000] {dagbag.py:545} INFO - Filling up the DagBag from /opt/airflow/dags/minio_to_snowflake.py
[2026-07-15T15:17:24.181+0000] {processor.py:840} INFO - DAG(s) 'minio_to_snowflake_banking' retrieved from /opt/airflow/dags/minio_to_snowflake.py
[2026-07-15T15:17:24.208+0000] {logging_mixin.py:188} INFO - [2026-07-15T15:17:24.208+0000] {dag.py:3089} INFO - Sync 1 DAGs
[2026-07-15T15:17:24.232+0000] {logging_mixin.py:188} INFO - [2026-07-15T15:17:24.231+0000] {dag.py:3947} INFO - Setting next_dagrun for minio_to_snowflake_banking to 2026-07-15 15:16:00+00:00, run_after=2026-07-15 15:17:00+00:00
[2026-07-15T15:17:24.252+0000] {processor.py:183} INFO - Processing /opt/airflow/dags/minio_to_snowflake.py took 0.840 seconds
