[2026-07-21T03:07:24.596+0000] {processor.py:161} INFO - Started process (PID=2368) to work on /opt/airflow/dags/minio_to_snowflake.py
[2026-07-21T03:07:24.613+0000] {processor.py:830} INFO - Processing file /opt/airflow/dags/minio_to_snowflake.py for tasks to queue
[2026-07-21T03:07:24.631+0000] {logging_mixin.py:188} INFO - [2026-07-21T03:07:24.630+0000] {dagbag.py:545} INFO - Filling up the DagBag from /opt/airflow/dags/minio_to_snowflake.py
[2026-07-21T03:07:28.216+0000] {processor.py:840} INFO - DAG(s) 'minio_to_snowflake_banking' retrieved from /opt/airflow/dags/minio_to_snowflake.py
[2026-07-21T03:07:28.335+0000] {logging_mixin.py:188} INFO - [2026-07-21T03:07:28.334+0000] {dag.py:3089} INFO - Sync 1 DAGs
[2026-07-21T03:07:28.447+0000] {logging_mixin.py:188} INFO - [2026-07-21T03:07:28.446+0000] {dag.py:3947} INFO - Setting next_dagrun for minio_to_snowflake_banking to 2026-07-21 03:06:00+00:00, run_after=2026-07-21 03:07:00+00:00
[2026-07-21T03:07:28.541+0000] {processor.py:183} INFO - Processing /opt/airflow/dags/minio_to_snowflake.py took 3.976 seconds
[2026-07-21T03:07:58.698+0000] {processor.py:161} INFO - Started process (PID=2395) to work on /opt/airflow/dags/minio_to_snowflake.py
[2026-07-21T03:07:58.699+0000] {processor.py:830} INFO - Processing file /opt/airflow/dags/minio_to_snowflake.py for tasks to queue
[2026-07-21T03:07:58.702+0000] {logging_mixin.py:188} INFO - [2026-07-21T03:07:58.701+0000] {dagbag.py:545} INFO - Filling up the DagBag from /opt/airflow/dags/minio_to_snowflake.py
[2026-07-21T03:07:59.525+0000] {processor.py:840} INFO - DAG(s) 'minio_to_snowflake_banking' retrieved from /opt/airflow/dags/minio_to_snowflake.py
[2026-07-21T03:07:59.558+0000] {logging_mixin.py:188} INFO - [2026-07-21T03:07:59.558+0000] {dag.py:3089} INFO - Sync 1 DAGs
[2026-07-21T03:07:59.859+0000] {logging_mixin.py:188} INFO - [2026-07-21T03:07:59.859+0000] {dag.py:3947} INFO - Setting next_dagrun for minio_to_snowflake_banking to 2026-07-21 03:06:00+00:00, run_after=2026-07-21 03:07:00+00:00
[2026-07-21T03:07:59.882+0000] {processor.py:183} INFO - Processing /opt/airflow/dags/minio_to_snowflake.py took 1.192 seconds
[2026-07-21T03:08:30.435+0000] {processor.py:161} INFO - Started process (PID=2437) to work on /opt/airflow/dags/minio_to_snowflake.py
[2026-07-21T03:08:30.437+0000] {processor.py:830} INFO - Processing file /opt/airflow/dags/minio_to_snowflake.py for tasks to queue
[2026-07-21T03:08:30.439+0000] {logging_mixin.py:188} INFO - [2026-07-21T03:08:30.439+0000] {dagbag.py:545} INFO - Filling up the DagBag from /opt/airflow/dags/minio_to_snowflake.py
[2026-07-21T03:08:31.160+0000] {processor.py:840} INFO - DAG(s) 'minio_to_snowflake_banking' retrieved from /opt/airflow/dags/minio_to_snowflake.py
[2026-07-21T03:08:31.198+0000] {logging_mixin.py:188} INFO - [2026-07-21T03:08:31.197+0000] {dag.py:3089} INFO - Sync 1 DAGs
[2026-07-21T03:08:31.424+0000] {logging_mixin.py:188} INFO - [2026-07-21T03:08:31.424+0000] {dag.py:3947} INFO - Setting next_dagrun for minio_to_snowflake_banking to 2026-07-21 03:07:00+00:00, run_after=2026-07-21 03:08:00+00:00
[2026-07-21T03:08:31.447+0000] {processor.py:183} INFO - Processing /opt/airflow/dags/minio_to_snowflake.py took 1.026 seconds
[2026-07-21T03:09:01.769+0000] {processor.py:161} INFO - Started process (PID=2442) to work on /opt/airflow/dags/minio_to_snowflake.py
[2026-07-21T03:09:01.771+0000] {processor.py:830} INFO - Processing file /opt/airflow/dags/minio_to_snowflake.py for tasks to queue
[2026-07-21T03:09:01.773+0000] {logging_mixin.py:188} INFO - [2026-07-21T03:09:01.773+0000] {dagbag.py:545} INFO - Filling up the DagBag from /opt/airflow/dags/minio_to_snowflake.py
[2026-07-21T03:09:02.323+0000] {processor.py:840} INFO - DAG(s) 'minio_to_snowflake_banking' retrieved from /opt/airflow/dags/minio_to_snowflake.py
[2026-07-21T03:09:02.354+0000] {logging_mixin.py:188} INFO - [2026-07-21T03:09:02.353+0000] {dag.py:3089} INFO - Sync 1 DAGs
[2026-07-21T03:09:02.379+0000] {logging_mixin.py:188} INFO - [2026-07-21T03:09:02.379+0000] {dag.py:3947} INFO - Setting next_dagrun for minio_to_snowflake_banking to 2026-07-21 03:08:00+00:00, run_after=2026-07-21 03:09:00+00:00
[2026-07-21T03:09:02.401+0000] {processor.py:183} INFO - Processing /opt/airflow/dags/minio_to_snowflake.py took 0.641 seconds
[2026-07-21T03:09:33.250+0000] {processor.py:161} INFO - Started process (PID=2447) to work on /opt/airflow/dags/minio_to_snowflake.py
[2026-07-21T03:09:33.251+0000] {processor.py:830} INFO - Processing file /opt/airflow/dags/minio_to_snowflake.py for tasks to queue
[2026-07-21T03:09:33.254+0000] {logging_mixin.py:188} INFO - [2026-07-21T03:09:33.253+0000] {dagbag.py:545} INFO - Filling up the DagBag from /opt/airflow/dags/minio_to_snowflake.py
[2026-07-21T03:09:33.869+0000] {processor.py:840} INFO - DAG(s) 'minio_to_snowflake_banking' retrieved from /opt/airflow/dags/minio_to_snowflake.py
[2026-07-21T03:09:33.902+0000] {logging_mixin.py:188} INFO - [2026-07-21T03:09:33.901+0000] {dag.py:3089} INFO - Sync 1 DAGs
[2026-07-21T03:09:33.928+0000] {logging_mixin.py:188} INFO - [2026-07-21T03:09:33.928+0000] {dag.py:3947} INFO - Setting next_dagrun for minio_to_snowflake_banking to 2026-07-21 03:08:00+00:00, run_after=2026-07-21 03:09:00+00:00
[2026-07-21T03:09:33.951+0000] {processor.py:183} INFO - Processing /opt/airflow/dags/minio_to_snowflake.py took 0.710 seconds
[2026-07-21T03:10:04.752+0000] {processor.py:161} INFO - Started process (PID=2452) to work on /opt/airflow/dags/minio_to_snowflake.py
[2026-07-21T03:10:04.754+0000] {processor.py:830} INFO - Processing file /opt/airflow/dags/minio_to_snowflake.py for tasks to queue
[2026-07-21T03:10:04.756+0000] {logging_mixin.py:188} INFO - [2026-07-21T03:10:04.756+0000] {dagbag.py:545} INFO - Filling up the DagBag from /opt/airflow/dags/minio_to_snowflake.py
[2026-07-21T03:10:05.298+0000] {processor.py:840} INFO - DAG(s) 'minio_to_snowflake_banking' retrieved from /opt/airflow/dags/minio_to_snowflake.py
[2026-07-21T03:10:05.332+0000] {logging_mixin.py:188} INFO - [2026-07-21T03:10:05.331+0000] {dag.py:3089} INFO - Sync 1 DAGs
[2026-07-21T03:10:05.536+0000] {logging_mixin.py:188} INFO - [2026-07-21T03:10:05.536+0000] {dag.py:3947} INFO - Setting next_dagrun for minio_to_snowflake_banking to 2026-07-21 03:09:00+00:00, run_after=2026-07-21 03:10:00+00:00
[2026-07-21T03:10:05.560+0000] {processor.py:183} INFO - Processing /opt/airflow/dags/minio_to_snowflake.py took 0.816 seconds
[2026-07-21T03:10:36.284+0000] {processor.py:161} INFO - Started process (PID=2457) to work on /opt/airflow/dags/minio_to_snowflake.py
[2026-07-21T03:10:36.286+0000] {processor.py:830} INFO - Processing file /opt/airflow/dags/minio_to_snowflake.py for tasks to queue
[2026-07-21T03:10:36.288+0000] {logging_mixin.py:188} INFO - [2026-07-21T03:10:36.288+0000] {dagbag.py:545} INFO - Filling up the DagBag from /opt/airflow/dags/minio_to_snowflake.py
[2026-07-21T03:10:37.009+0000] {processor.py:840} INFO - DAG(s) 'minio_to_snowflake_banking' retrieved from /opt/airflow/dags/minio_to_snowflake.py
[2026-07-21T03:10:37.043+0000] {logging_mixin.py:188} INFO - [2026-07-21T03:10:37.042+0000] {dag.py:3089} INFO - Sync 1 DAGs
[2026-07-21T03:10:37.247+0000] {logging_mixin.py:188} INFO - [2026-07-21T03:10:37.247+0000] {dag.py:3947} INFO - Setting next_dagrun for minio_to_snowflake_banking to 2026-07-21 03:09:00+00:00, run_after=2026-07-21 03:10:00+00:00
[2026-07-21T03:10:37.276+0000] {processor.py:183} INFO - Processing /opt/airflow/dags/minio_to_snowflake.py took 1.003 seconds
[2026-07-21T03:11:07.674+0000] {processor.py:161} INFO - Started process (PID=2462) to work on /opt/airflow/dags/minio_to_snowflake.py
[2026-07-21T03:11:07.675+0000] {processor.py:830} INFO - Processing file /opt/airflow/dags/minio_to_snowflake.py for tasks to queue
[2026-07-21T03:11:07.677+0000] {logging_mixin.py:188} INFO - [2026-07-21T03:11:07.677+0000] {dagbag.py:545} INFO - Filling up the DagBag from /opt/airflow/dags/minio_to_snowflake.py
[2026-07-21T03:11:08.242+0000] {processor.py:840} INFO - DAG(s) 'minio_to_snowflake_banking' retrieved from /opt/airflow/dags/minio_to_snowflake.py
[2026-07-21T03:11:08.470+0000] {logging_mixin.py:188} INFO - [2026-07-21T03:11:08.469+0000] {dag.py:3089} INFO - Sync 1 DAGs
[2026-07-21T03:11:08.494+0000] {logging_mixin.py:188} INFO - [2026-07-21T03:11:08.494+0000] {dag.py:3947} INFO - Setting next_dagrun for minio_to_snowflake_banking to 2026-07-21 03:10:00+00:00, run_after=2026-07-21 03:11:00+00:00
[2026-07-21T03:11:08.514+0000] {processor.py:183} INFO - Processing /opt/airflow/dags/minio_to_snowflake.py took 0.848 seconds
[2026-07-21T03:11:38.959+0000] {processor.py:161} INFO - Started process (PID=2467) to work on /opt/airflow/dags/minio_to_snowflake.py
[2026-07-21T03:11:38.960+0000] {processor.py:830} INFO - Processing file /opt/airflow/dags/minio_to_snowflake.py for tasks to queue
[2026-07-21T03:11:38.963+0000] {logging_mixin.py:188} INFO - [2026-07-21T03:11:38.962+0000] {dagbag.py:545} INFO - Filling up the DagBag from /opt/airflow/dags/minio_to_snowflake.py
[2026-07-21T03:11:39.502+0000] {processor.py:840} INFO - DAG(s) 'minio_to_snowflake_banking' retrieved from /opt/airflow/dags/minio_to_snowflake.py
[2026-07-21T03:11:39.534+0000] {logging_mixin.py:188} INFO - [2026-07-21T03:11:39.534+0000] {dag.py:3089} INFO - Sync 1 DAGs
[2026-07-21T03:11:39.566+0000] {logging_mixin.py:188} INFO - [2026-07-21T03:11:39.565+0000] {dag.py:3947} INFO - Setting next_dagrun for minio_to_snowflake_banking to 2026-07-21 03:10:00+00:00, run_after=2026-07-21 03:11:00+00:00
[2026-07-21T03:11:39.588+0000] {processor.py:183} INFO - Processing /opt/airflow/dags/minio_to_snowflake.py took 0.636 seconds
[2026-07-21T03:12:09.642+0000] {processor.py:161} INFO - Started process (PID=2472) to work on /opt/airflow/dags/minio_to_snowflake.py
[2026-07-21T03:12:09.644+0000] {processor.py:830} INFO - Processing file /opt/airflow/dags/minio_to_snowflake.py for tasks to queue
[2026-07-21T03:12:09.646+0000] {logging_mixin.py:188} INFO - [2026-07-21T03:12:09.646+0000] {dagbag.py:545} INFO - Filling up the DagBag from /opt/airflow/dags/minio_to_snowflake.py
[2026-07-21T03:12:10.187+0000] {processor.py:840} INFO - DAG(s) 'minio_to_snowflake_banking' retrieved from /opt/airflow/dags/minio_to_snowflake.py
[2026-07-21T03:12:10.220+0000] {logging_mixin.py:188} INFO - [2026-07-21T03:12:10.220+0000] {dag.py:3089} INFO - Sync 1 DAGs
[2026-07-21T03:12:10.247+0000] {logging_mixin.py:188} INFO - [2026-07-21T03:12:10.247+0000] {dag.py:3947} INFO - Setting next_dagrun for minio_to_snowflake_banking to 2026-07-21 03:11:00+00:00, run_after=2026-07-21 03:12:00+00:00
[2026-07-21T03:12:10.422+0000] {processor.py:183} INFO - Processing /opt/airflow/dags/minio_to_snowflake.py took 0.788 seconds
[2026-07-21T03:12:41.020+0000] {processor.py:161} INFO - Started process (PID=2477) to work on /opt/airflow/dags/minio_to_snowflake.py
[2026-07-21T03:12:41.021+0000] {processor.py:830} INFO - Processing file /opt/airflow/dags/minio_to_snowflake.py for tasks to queue
[2026-07-21T03:12:41.024+0000] {logging_mixin.py:188} INFO - [2026-07-21T03:12:41.023+0000] {dagbag.py:545} INFO - Filling up the DagBag from /opt/airflow/dags/minio_to_snowflake.py
[2026-07-21T03:12:41.582+0000] {processor.py:840} INFO - DAG(s) 'minio_to_snowflake_banking' retrieved from /opt/airflow/dags/minio_to_snowflake.py
[2026-07-21T03:12:41.613+0000] {logging_mixin.py:188} INFO - [2026-07-21T03:12:41.613+0000] {dag.py:3089} INFO - Sync 1 DAGs
[2026-07-21T03:12:41.798+0000] {logging_mixin.py:188} INFO - [2026-07-21T03:12:41.798+0000] {dag.py:3947} INFO - Setting next_dagrun for minio_to_snowflake_banking to 2026-07-21 03:11:00+00:00, run_after=2026-07-21 03:12:00+00:00
[2026-07-21T03:12:41.820+0000] {processor.py:183} INFO - Processing /opt/airflow/dags/minio_to_snowflake.py took 0.807 seconds
[2026-07-21T03:13:12.366+0000] {processor.py:161} INFO - Started process (PID=2482) to work on /opt/airflow/dags/minio_to_snowflake.py
[2026-07-21T03:13:12.368+0000] {processor.py:830} INFO - Processing file /opt/airflow/dags/minio_to_snowflake.py for tasks to queue
[2026-07-21T03:13:12.371+0000] {logging_mixin.py:188} INFO - [2026-07-21T03:13:12.370+0000] {dagbag.py:545} INFO - Filling up the DagBag from /opt/airflow/dags/minio_to_snowflake.py
[2026-07-21T03:13:12.991+0000] {processor.py:840} INFO - DAG(s) 'minio_to_snowflake_banking' retrieved from /opt/airflow/dags/minio_to_snowflake.py
[2026-07-21T03:13:13.212+0000] {logging_mixin.py:188} INFO - [2026-07-21T03:13:13.211+0000] {dag.py:3089} INFO - Sync 1 DAGs
[2026-07-21T03:13:13.233+0000] {logging_mixin.py:188} INFO - [2026-07-21T03:13:13.233+0000] {dag.py:3947} INFO - Setting next_dagrun for minio_to_snowflake_banking to 2026-07-21 03:12:00+00:00, run_after=2026-07-21 03:13:00+00:00
[2026-07-21T03:13:13.253+0000] {processor.py:183} INFO - Processing /opt/airflow/dags/minio_to_snowflake.py took 0.899 seconds
[2026-07-21T03:13:43.582+0000] {processor.py:161} INFO - Started process (PID=2487) to work on /opt/airflow/dags/minio_to_snowflake.py
[2026-07-21T03:13:43.584+0000] {processor.py:830} INFO - Processing file /opt/airflow/dags/minio_to_snowflake.py for tasks to queue
[2026-07-21T03:13:43.587+0000] {logging_mixin.py:188} INFO - [2026-07-21T03:13:43.586+0000] {dagbag.py:545} INFO - Filling up the DagBag from /opt/airflow/dags/minio_to_snowflake.py
[2026-07-21T03:13:44.194+0000] {processor.py:840} INFO - DAG(s) 'minio_to_snowflake_banking' retrieved from /opt/airflow/dags/minio_to_snowflake.py
[2026-07-21T03:13:44.228+0000] {logging_mixin.py:188} INFO - [2026-07-21T03:13:44.227+0000] {dag.py:3089} INFO - Sync 1 DAGs
[2026-07-21T03:13:44.260+0000] {logging_mixin.py:188} INFO - [2026-07-21T03:13:44.259+0000] {dag.py:3947} INFO - Setting next_dagrun for minio_to_snowflake_banking to 2026-07-21 03:12:00+00:00, run_after=2026-07-21 03:13:00+00:00
[2026-07-21T03:13:44.283+0000] {processor.py:183} INFO - Processing /opt/airflow/dags/minio_to_snowflake.py took 0.709 seconds
[2026-07-21T03:14:14.983+0000] {processor.py:161} INFO - Started process (PID=2492) to work on /opt/airflow/dags/minio_to_snowflake.py
[2026-07-21T03:14:14.985+0000] {processor.py:830} INFO - Processing file /opt/airflow/dags/minio_to_snowflake.py for tasks to queue
[2026-07-21T03:14:14.988+0000] {logging_mixin.py:188} INFO - [2026-07-21T03:14:14.987+0000] {dagbag.py:545} INFO - Filling up the DagBag from /opt/airflow/dags/minio_to_snowflake.py
[2026-07-21T03:14:15.567+0000] {processor.py:840} INFO - DAG(s) 'minio_to_snowflake_banking' retrieved from /opt/airflow/dags/minio_to_snowflake.py
[2026-07-21T03:14:15.600+0000] {logging_mixin.py:188} INFO - [2026-07-21T03:14:15.599+0000] {dag.py:3089} INFO - Sync 1 DAGs
[2026-07-21T03:14:15.627+0000] {logging_mixin.py:188} INFO - [2026-07-21T03:14:15.627+0000] {dag.py:3947} INFO - Setting next_dagrun for minio_to_snowflake_banking to 2026-07-21 03:13:00+00:00, run_after=2026-07-21 03:14:00+00:00
[2026-07-21T03:14:15.805+0000] {processor.py:183} INFO - Processing /opt/airflow/dags/minio_to_snowflake.py took 0.830 seconds
[2026-07-21T03:14:46.403+0000] {processor.py:161} INFO - Started process (PID=2497) to work on /opt/airflow/dags/minio_to_snowflake.py
[2026-07-21T03:14:46.405+0000] {processor.py:830} INFO - Processing file /opt/airflow/dags/minio_to_snowflake.py for tasks to queue
[2026-07-21T03:14:46.408+0000] {logging_mixin.py:188} INFO - [2026-07-21T03:14:46.408+0000] {dagbag.py:545} INFO - Filling up the DagBag from /opt/airflow/dags/minio_to_snowflake.py
[2026-07-21T03:14:47.089+0000] {processor.py:840} INFO - DAG(s) 'minio_to_snowflake_banking' retrieved from /opt/airflow/dags/minio_to_snowflake.py
[2026-07-21T03:14:47.121+0000] {logging_mixin.py:188} INFO - [2026-07-21T03:14:47.120+0000] {dag.py:3089} INFO - Sync 1 DAGs
[2026-07-21T03:14:47.306+0000] {logging_mixin.py:188} INFO - [2026-07-21T03:14:47.305+0000] {dag.py:3947} INFO - Setting next_dagrun for minio_to_snowflake_banking to 2026-07-21 03:13:00+00:00, run_after=2026-07-21 03:14:00+00:00
[2026-07-21T03:14:47.327+0000] {processor.py:183} INFO - Processing /opt/airflow/dags/minio_to_snowflake.py took 0.934 seconds
[2026-07-21T03:15:17.676+0000] {processor.py:161} INFO - Started process (PID=2502) to work on /opt/airflow/dags/minio_to_snowflake.py
[2026-07-21T03:15:17.677+0000] {processor.py:830} INFO - Processing file /opt/airflow/dags/minio_to_snowflake.py for tasks to queue
[2026-07-21T03:15:17.680+0000] {logging_mixin.py:188} INFO - [2026-07-21T03:15:17.679+0000] {dagbag.py:545} INFO - Filling up the DagBag from /opt/airflow/dags/minio_to_snowflake.py
[2026-07-21T03:15:18.220+0000] {processor.py:840} INFO - DAG(s) 'minio_to_snowflake_banking' retrieved from /opt/airflow/dags/minio_to_snowflake.py
[2026-07-21T03:15:18.480+0000] {logging_mixin.py:188} INFO - [2026-07-21T03:15:18.479+0000] {dag.py:3089} INFO - Sync 1 DAGs
[2026-07-21T03:15:18.509+0000] {logging_mixin.py:188} INFO - [2026-07-21T03:15:18.509+0000] {dag.py:3947} INFO - Setting next_dagrun for minio_to_snowflake_banking to 2026-07-21 03:14:00+00:00, run_after=2026-07-21 03:15:00+00:00
[2026-07-21T03:15:18.532+0000] {processor.py:183} INFO - Processing /opt/airflow/dags/minio_to_snowflake.py took 0.863 seconds
[2026-07-21T03:15:48.858+0000] {processor.py:161} INFO - Started process (PID=2507) to work on /opt/airflow/dags/minio_to_snowflake.py
[2026-07-21T03:15:48.860+0000] {processor.py:830} INFO - Processing file /opt/airflow/dags/minio_to_snowflake.py for tasks to queue
[2026-07-21T03:15:48.862+0000] {logging_mixin.py:188} INFO - [2026-07-21T03:15:48.861+0000] {dagbag.py:545} INFO - Filling up the DagBag from /opt/airflow/dags/minio_to_snowflake.py
[2026-07-21T03:15:49.428+0000] {processor.py:840} INFO - DAG(s) 'minio_to_snowflake_banking' retrieved from /opt/airflow/dags/minio_to_snowflake.py
[2026-07-21T03:15:49.461+0000] {logging_mixin.py:188} INFO - [2026-07-21T03:15:49.460+0000] {dag.py:3089} INFO - Sync 1 DAGs
[2026-07-21T03:15:49.486+0000] {logging_mixin.py:188} INFO - [2026-07-21T03:15:49.486+0000] {dag.py:3947} INFO - Setting next_dagrun for minio_to_snowflake_banking to 2026-07-21 03:14:00+00:00, run_after=2026-07-21 03:15:00+00:00
[2026-07-21T03:15:49.505+0000] {processor.py:183} INFO - Processing /opt/airflow/dags/minio_to_snowflake.py took 0.655 seconds
[2026-07-21T03:16:20.314+0000] {processor.py:161} INFO - Started process (PID=2512) to work on /opt/airflow/dags/minio_to_snowflake.py
[2026-07-21T03:16:20.316+0000] {processor.py:830} INFO - Processing file /opt/airflow/dags/minio_to_snowflake.py for tasks to queue
[2026-07-21T03:16:20.319+0000] {logging_mixin.py:188} INFO - [2026-07-21T03:16:20.318+0000] {dagbag.py:545} INFO - Filling up the DagBag from /opt/airflow/dags/minio_to_snowflake.py
[2026-07-21T03:16:20.964+0000] {processor.py:840} INFO - DAG(s) 'minio_to_snowflake_banking' retrieved from /opt/airflow/dags/minio_to_snowflake.py
[2026-07-21T03:16:20.996+0000] {logging_mixin.py:188} INFO - [2026-07-21T03:16:20.995+0000] {dag.py:3089} INFO - Sync 1 DAGs
[2026-07-21T03:16:21.022+0000] {logging_mixin.py:188} INFO - [2026-07-21T03:16:21.022+0000] {dag.py:3947} INFO - Setting next_dagrun for minio_to_snowflake_banking to 2026-07-21 03:15:00+00:00, run_after=2026-07-21 03:16:00+00:00
[2026-07-21T03:16:21.197+0000] {processor.py:183} INFO - Processing /opt/airflow/dags/minio_to_snowflake.py took 0.889 seconds
[2026-07-21T03:16:51.831+0000] {processor.py:161} INFO - Started process (PID=2517) to work on /opt/airflow/dags/minio_to_snowflake.py
[2026-07-21T03:16:51.832+0000] {processor.py:830} INFO - Processing file /opt/airflow/dags/minio_to_snowflake.py for tasks to queue
[2026-07-21T03:16:51.834+0000] {logging_mixin.py:188} INFO - [2026-07-21T03:16:51.834+0000] {dagbag.py:545} INFO - Filling up the DagBag from /opt/airflow/dags/minio_to_snowflake.py
[2026-07-21T03:16:52.370+0000] {processor.py:840} INFO - DAG(s) 'minio_to_snowflake_banking' retrieved from /opt/airflow/dags/minio_to_snowflake.py
[2026-07-21T03:16:52.401+0000] {logging_mixin.py:188} INFO - [2026-07-21T03:16:52.400+0000] {dag.py:3089} INFO - Sync 1 DAGs
[2026-07-21T03:16:52.595+0000] {logging_mixin.py:188} INFO - [2026-07-21T03:16:52.594+0000] {dag.py:3947} INFO - Setting next_dagrun for minio_to_snowflake_banking to 2026-07-21 03:15:00+00:00, run_after=2026-07-21 03:16:00+00:00
[2026-07-21T03:16:52.614+0000] {processor.py:183} INFO - Processing /opt/airflow/dags/minio_to_snowflake.py took 0.790 seconds
[2026-07-21T03:17:23.333+0000] {processor.py:161} INFO - Started process (PID=2522) to work on /opt/airflow/dags/minio_to_snowflake.py
[2026-07-21T03:17:23.334+0000] {processor.py:830} INFO - Processing file /opt/airflow/dags/minio_to_snowflake.py for tasks to queue
[2026-07-21T03:17:23.337+0000] {logging_mixin.py:188} INFO - [2026-07-21T03:17:23.336+0000] {dagbag.py:545} INFO - Filling up the DagBag from /opt/airflow/dags/minio_to_snowflake.py
[2026-07-21T03:17:23.864+0000] {processor.py:840} INFO - DAG(s) 'minio_to_snowflake_banking' retrieved from /opt/airflow/dags/minio_to_snowflake.py
[2026-07-21T03:17:24.062+0000] {logging_mixin.py:188} INFO - [2026-07-21T03:17:24.062+0000] {dag.py:3089} INFO - Sync 1 DAGs
[2026-07-21T03:17:24.090+0000] {logging_mixin.py:188} INFO - [2026-07-21T03:17:24.089+0000] {dag.py:3947} INFO - Setting next_dagrun for minio_to_snowflake_banking to 2026-07-21 03:16:00+00:00, run_after=2026-07-21 03:17:00+00:00
[2026-07-21T03:17:24.113+0000] {processor.py:183} INFO - Processing /opt/airflow/dags/minio_to_snowflake.py took 0.787 seconds
[2026-07-21T03:17:54.763+0000] {processor.py:161} INFO - Started process (PID=2527) to work on /opt/airflow/dags/minio_to_snowflake.py
[2026-07-21T03:17:54.765+0000] {processor.py:830} INFO - Processing file /opt/airflow/dags/minio_to_snowflake.py for tasks to queue
[2026-07-21T03:17:54.768+0000] {logging_mixin.py:188} INFO - [2026-07-21T03:17:54.767+0000] {dagbag.py:545} INFO - Filling up the DagBag from /opt/airflow/dags/minio_to_snowflake.py
[2026-07-21T03:17:55.325+0000] {processor.py:840} INFO - DAG(s) 'minio_to_snowflake_banking' retrieved from /opt/airflow/dags/minio_to_snowflake.py
[2026-07-21T03:17:55.357+0000] {logging_mixin.py:188} INFO - [2026-07-21T03:17:55.357+0000] {dag.py:3089} INFO - Sync 1 DAGs
[2026-07-21T03:17:55.384+0000] {logging_mixin.py:188} INFO - [2026-07-21T03:17:55.384+0000] {dag.py:3947} INFO - Setting next_dagrun for minio_to_snowflake_banking to 2026-07-21 03:16:00+00:00, run_after=2026-07-21 03:17:00+00:00
[2026-07-21T03:17:55.405+0000] {processor.py:183} INFO - Processing /opt/airflow/dags/minio_to_snowflake.py took 0.650 seconds
[2026-07-21T03:18:26.154+0000] {processor.py:161} INFO - Started process (PID=2532) to work on /opt/airflow/dags/minio_to_snowflake.py
[2026-07-21T03:18:26.156+0000] {processor.py:830} INFO - Processing file /opt/airflow/dags/minio_to_snowflake.py for tasks to queue
[2026-07-21T03:18:26.159+0000] {logging_mixin.py:188} INFO - [2026-07-21T03:18:26.158+0000] {dagbag.py:545} INFO - Filling up the DagBag from /opt/airflow/dags/minio_to_snowflake.py
[2026-07-21T03:18:26.848+0000] {processor.py:840} INFO - DAG(s) 'minio_to_snowflake_banking' retrieved from /opt/airflow/dags/minio_to_snowflake.py
[2026-07-21T03:18:26.880+0000] {logging_mixin.py:188} INFO - [2026-07-21T03:18:26.879+0000] {dag.py:3089} INFO - Sync 1 DAGs
[2026-07-21T03:18:26.906+0000] {logging_mixin.py:188} INFO - [2026-07-21T03:18:26.906+0000] {dag.py:3947} INFO - Setting next_dagrun for minio_to_snowflake_banking to 2026-07-21 03:17:00+00:00, run_after=2026-07-21 03:18:00+00:00
[2026-07-21T03:18:27.092+0000] {processor.py:183} INFO - Processing /opt/airflow/dags/minio_to_snowflake.py took 0.923 seconds
[2026-07-21T03:18:57.692+0000] {processor.py:161} INFO - Started process (PID=2537) to work on /opt/airflow/dags/minio_to_snowflake.py
[2026-07-21T03:18:57.694+0000] {processor.py:830} INFO - Processing file /opt/airflow/dags/minio_to_snowflake.py for tasks to queue
[2026-07-21T03:18:57.696+0000] {logging_mixin.py:188} INFO - [2026-07-21T03:18:57.696+0000] {dagbag.py:545} INFO - Filling up the DagBag from /opt/airflow/dags/minio_to_snowflake.py
[2026-07-21T03:18:58.285+0000] {processor.py:840} INFO - DAG(s) 'minio_to_snowflake_banking' retrieved from /opt/airflow/dags/minio_to_snowflake.py
[2026-07-21T03:18:58.346+0000] {logging_mixin.py:188} INFO - [2026-07-21T03:18:58.345+0000] {dag.py:3089} INFO - Sync 1 DAGs
[2026-07-21T03:18:58.528+0000] {logging_mixin.py:188} INFO - [2026-07-21T03:18:58.527+0000] {dag.py:3947} INFO - Setting next_dagrun for minio_to_snowflake_banking to 2026-07-21 03:17:00+00:00, run_after=2026-07-21 03:18:00+00:00
[2026-07-21T03:18:58.550+0000] {processor.py:183} INFO - Processing /opt/airflow/dags/minio_to_snowflake.py took 0.864 seconds
[2026-07-21T03:19:29.120+0000] {processor.py:161} INFO - Started process (PID=2542) to work on /opt/airflow/dags/minio_to_snowflake.py
[2026-07-21T03:19:29.122+0000] {processor.py:830} INFO - Processing file /opt/airflow/dags/minio_to_snowflake.py for tasks to queue
[2026-07-21T03:19:29.125+0000] {logging_mixin.py:188} INFO - [2026-07-21T03:19:29.124+0000] {dagbag.py:545} INFO - Filling up the DagBag from /opt/airflow/dags/minio_to_snowflake.py
[2026-07-21T03:19:29.661+0000] {processor.py:840} INFO - DAG(s) 'minio_to_snowflake_banking' retrieved from /opt/airflow/dags/minio_to_snowflake.py
[2026-07-21T03:19:29.905+0000] {logging_mixin.py:188} INFO - [2026-07-21T03:19:29.905+0000] {dag.py:3089} INFO - Sync 1 DAGs
[2026-07-21T03:19:29.932+0000] {logging_mixin.py:188} INFO - [2026-07-21T03:19:29.932+0000] {dag.py:3947} INFO - Setting next_dagrun for minio_to_snowflake_banking to 2026-07-21 03:18:00+00:00, run_after=2026-07-21 03:19:00+00:00
[2026-07-21T03:19:29.954+0000] {processor.py:183} INFO - Processing /opt/airflow/dags/minio_to_snowflake.py took 0.841 seconds
[2026-07-21T03:20:00.454+0000] {processor.py:161} INFO - Started process (PID=2547) to work on /opt/airflow/dags/minio_to_snowflake.py
[2026-07-21T03:20:00.456+0000] {processor.py:830} INFO - Processing file /opt/airflow/dags/minio_to_snowflake.py for tasks to queue
[2026-07-21T03:20:00.459+0000] {logging_mixin.py:188} INFO - [2026-07-21T03:20:00.459+0000] {dagbag.py:545} INFO - Filling up the DagBag from /opt/airflow/dags/minio_to_snowflake.py
[2026-07-21T03:20:01.011+0000] {processor.py:840} INFO - DAG(s) 'minio_to_snowflake_banking' retrieved from /opt/airflow/dags/minio_to_snowflake.py
[2026-07-21T03:20:01.044+0000] {logging_mixin.py:188} INFO - [2026-07-21T03:20:01.043+0000] {dag.py:3089} INFO - Sync 1 DAGs
[2026-07-21T03:20:01.069+0000] {logging_mixin.py:188} INFO - [2026-07-21T03:20:01.069+0000] {dag.py:3947} INFO - Setting next_dagrun for minio_to_snowflake_banking to 2026-07-21 03:19:00+00:00, run_after=2026-07-21 03:20:00+00:00
[2026-07-21T03:20:01.092+0000] {processor.py:183} INFO - Processing /opt/airflow/dags/minio_to_snowflake.py took 0.645 seconds
[2026-07-21T03:20:31.846+0000] {processor.py:161} INFO - Started process (PID=2552) to work on /opt/airflow/dags/minio_to_snowflake.py
[2026-07-21T03:20:31.847+0000] {processor.py:830} INFO - Processing file /opt/airflow/dags/minio_to_snowflake.py for tasks to queue
[2026-07-21T03:20:31.849+0000] {logging_mixin.py:188} INFO - [2026-07-21T03:20:31.849+0000] {dagbag.py:545} INFO - Filling up the DagBag from /opt/airflow/dags/minio_to_snowflake.py
[2026-07-21T03:20:32.406+0000] {processor.py:840} INFO - DAG(s) 'minio_to_snowflake_banking' retrieved from /opt/airflow/dags/minio_to_snowflake.py
[2026-07-21T03:20:32.441+0000] {logging_mixin.py:188} INFO - [2026-07-21T03:20:32.441+0000] {dag.py:3089} INFO - Sync 1 DAGs
[2026-07-21T03:20:32.469+0000] {logging_mixin.py:188} INFO - [2026-07-21T03:20:32.469+0000] {dag.py:3947} INFO - Setting next_dagrun for minio_to_snowflake_banking to 2026-07-21 03:19:00+00:00, run_after=2026-07-21 03:20:00+00:00
[2026-07-21T03:20:32.647+0000] {processor.py:183} INFO - Processing /opt/airflow/dags/minio_to_snowflake.py took 0.809 seconds
[2026-07-21T03:21:03.076+0000] {processor.py:161} INFO - Started process (PID=2557) to work on /opt/airflow/dags/minio_to_snowflake.py
[2026-07-21T03:21:03.078+0000] {processor.py:830} INFO - Processing file /opt/airflow/dags/minio_to_snowflake.py for tasks to queue
[2026-07-21T03:21:03.080+0000] {logging_mixin.py:188} INFO - [2026-07-21T03:21:03.080+0000] {dagbag.py:545} INFO - Filling up the DagBag from /opt/airflow/dags/minio_to_snowflake.py
[2026-07-21T03:21:03.617+0000] {processor.py:840} INFO - DAG(s) 'minio_to_snowflake_banking' retrieved from /opt/airflow/dags/minio_to_snowflake.py
[2026-07-21T03:21:03.649+0000] {logging_mixin.py:188} INFO - [2026-07-21T03:21:03.648+0000] {dag.py:3089} INFO - Sync 1 DAGs
[2026-07-21T03:21:03.826+0000] {logging_mixin.py:188} INFO - [2026-07-21T03:21:03.826+0000] {dag.py:3947} INFO - Setting next_dagrun for minio_to_snowflake_banking to 2026-07-21 03:20:00+00:00, run_after=2026-07-21 03:21:00+00:00
[2026-07-21T03:21:03.852+0000] {processor.py:183} INFO - Processing /opt/airflow/dags/minio_to_snowflake.py took 0.784 seconds
[2026-07-21T03:21:34.308+0000] {processor.py:161} INFO - Started process (PID=2562) to work on /opt/airflow/dags/minio_to_snowflake.py
[2026-07-21T03:21:34.310+0000] {processor.py:830} INFO - Processing file /opt/airflow/dags/minio_to_snowflake.py for tasks to queue
[2026-07-21T03:21:34.312+0000] {logging_mixin.py:188} INFO - [2026-07-21T03:21:34.311+0000] {dagbag.py:545} INFO - Filling up the DagBag from /opt/airflow/dags/minio_to_snowflake.py
[2026-07-21T03:21:34.875+0000] {processor.py:840} INFO - DAG(s) 'minio_to_snowflake_banking' retrieved from /opt/airflow/dags/minio_to_snowflake.py
[2026-07-21T03:21:35.067+0000] {logging_mixin.py:188} INFO - [2026-07-21T03:21:35.067+0000] {dag.py:3089} INFO - Sync 1 DAGs
[2026-07-21T03:21:35.089+0000] {logging_mixin.py:188} INFO - [2026-07-21T03:21:35.088+0000] {dag.py:3947} INFO - Setting next_dagrun for minio_to_snowflake_banking to 2026-07-21 03:20:00+00:00, run_after=2026-07-21 03:21:00+00:00
[2026-07-21T03:21:35.107+0000] {processor.py:183} INFO - Processing /opt/airflow/dags/minio_to_snowflake.py took 0.806 seconds
[2026-07-21T03:22:05.564+0000] {processor.py:161} INFO - Started process (PID=2567) to work on /opt/airflow/dags/minio_to_snowflake.py
[2026-07-21T03:22:05.566+0000] {processor.py:830} INFO - Processing file /opt/airflow/dags/minio_to_snowflake.py for tasks to queue
[2026-07-21T03:22:05.568+0000] {logging_mixin.py:188} INFO - [2026-07-21T03:22:05.568+0000] {dagbag.py:545} INFO - Filling up the DagBag from /opt/airflow/dags/minio_to_snowflake.py
[2026-07-21T03:22:06.131+0000] {processor.py:840} INFO - DAG(s) 'minio_to_snowflake_banking' retrieved from /opt/airflow/dags/minio_to_snowflake.py
[2026-07-21T03:22:06.185+0000] {logging_mixin.py:188} INFO - [2026-07-21T03:22:06.184+0000] {dag.py:3089} INFO - Sync 1 DAGs
[2026-07-21T03:22:06.238+0000] {logging_mixin.py:188} INFO - [2026-07-21T03:22:06.237+0000] {dag.py:3947} INFO - Setting next_dagrun for minio_to_snowflake_banking to 2026-07-21 03:21:00+00:00, run_after=2026-07-21 03:22:00+00:00
[2026-07-21T03:22:06.267+0000] {processor.py:183} INFO - Processing /opt/airflow/dags/minio_to_snowflake.py took 0.710 seconds
[2026-07-21T03:22:37.070+0000] {processor.py:161} INFO - Started process (PID=2572) to work on /opt/airflow/dags/minio_to_snowflake.py
[2026-07-21T03:22:37.071+0000] {processor.py:830} INFO - Processing file /opt/airflow/dags/minio_to_snowflake.py for tasks to queue
[2026-07-21T03:22:37.073+0000] {logging_mixin.py:188} INFO - [2026-07-21T03:22:37.073+0000] {dagbag.py:545} INFO - Filling up the DagBag from /opt/airflow/dags/minio_to_snowflake.py
[2026-07-21T03:22:37.671+0000] {processor.py:840} INFO - DAG(s) 'minio_to_snowflake_banking' retrieved from /opt/airflow/dags/minio_to_snowflake.py
[2026-07-21T03:22:37.703+0000] {logging_mixin.py:188} INFO - [2026-07-21T03:22:37.702+0000] {dag.py:3089} INFO - Sync 1 DAGs
[2026-07-21T03:22:37.729+0000] {logging_mixin.py:188} INFO - [2026-07-21T03:22:37.729+0000] {dag.py:3947} INFO - Setting next_dagrun for minio_to_snowflake_banking to 2026-07-21 03:21:00+00:00, run_after=2026-07-21 03:22:00+00:00
[2026-07-21T03:22:37.906+0000] {processor.py:183} INFO - Processing /opt/airflow/dags/minio_to_snowflake.py took 0.844 seconds
[2026-07-21T03:23:08.473+0000] {processor.py:161} INFO - Started process (PID=2578) to work on /opt/airflow/dags/minio_to_snowflake.py
[2026-07-21T03:23:08.475+0000] {processor.py:830} INFO - Processing file /opt/airflow/dags/minio_to_snowflake.py for tasks to queue
[2026-07-21T03:23:08.478+0000] {logging_mixin.py:188} INFO - [2026-07-21T03:23:08.477+0000] {dagbag.py:545} INFO - Filling up the DagBag from /opt/airflow/dags/minio_to_snowflake.py
[2026-07-21T03:23:09.093+0000] {processor.py:840} INFO - DAG(s) 'minio_to_snowflake_banking' retrieved from /opt/airflow/dags/minio_to_snowflake.py
[2026-07-21T03:23:09.124+0000] {logging_mixin.py:188} INFO - [2026-07-21T03:23:09.124+0000] {dag.py:3089} INFO - Sync 1 DAGs
[2026-07-21T03:23:09.306+0000] {logging_mixin.py:188} INFO - [2026-07-21T03:23:09.306+0000] {dag.py:3947} INFO - Setting next_dagrun for minio_to_snowflake_banking to 2026-07-21 03:22:00+00:00, run_after=2026-07-21 03:23:00+00:00
[2026-07-21T03:23:09.328+0000] {processor.py:183} INFO - Processing /opt/airflow/dags/minio_to_snowflake.py took 0.867 seconds
[2026-07-21T03:23:39.989+0000] {processor.py:161} INFO - Started process (PID=2583) to work on /opt/airflow/dags/minio_to_snowflake.py
[2026-07-21T03:23:39.990+0000] {processor.py:830} INFO - Processing file /opt/airflow/dags/minio_to_snowflake.py for tasks to queue
[2026-07-21T03:23:39.993+0000] {logging_mixin.py:188} INFO - [2026-07-21T03:23:39.992+0000] {dagbag.py:545} INFO - Filling up the DagBag from /opt/airflow/dags/minio_to_snowflake.py
[2026-07-21T03:23:40.557+0000] {processor.py:840} INFO - DAG(s) 'minio_to_snowflake_banking' retrieved from /opt/airflow/dags/minio_to_snowflake.py
[2026-07-21T03:23:40.755+0000] {logging_mixin.py:188} INFO - [2026-07-21T03:23:40.755+0000] {dag.py:3089} INFO - Sync 1 DAGs
[2026-07-21T03:23:40.777+0000] {logging_mixin.py:188} INFO - [2026-07-21T03:23:40.777+0000] {dag.py:3947} INFO - Setting next_dagrun for minio_to_snowflake_banking to 2026-07-21 03:22:00+00:00, run_after=2026-07-21 03:23:00+00:00
[2026-07-21T03:23:40.798+0000] {processor.py:183} INFO - Processing /opt/airflow/dags/minio_to_snowflake.py took 0.816 seconds
[2026-07-21T03:24:11.501+0000] {processor.py:161} INFO - Started process (PID=2588) to work on /opt/airflow/dags/minio_to_snowflake.py
[2026-07-21T03:24:11.502+0000] {processor.py:830} INFO - Processing file /opt/airflow/dags/minio_to_snowflake.py for tasks to queue
[2026-07-21T03:24:11.505+0000] {logging_mixin.py:188} INFO - [2026-07-21T03:24:11.505+0000] {dagbag.py:545} INFO - Filling up the DagBag from /opt/airflow/dags/minio_to_snowflake.py
[2026-07-21T03:24:12.060+0000] {processor.py:840} INFO - DAG(s) 'minio_to_snowflake_banking' retrieved from /opt/airflow/dags/minio_to_snowflake.py
[2026-07-21T03:24:12.099+0000] {logging_mixin.py:188} INFO - [2026-07-21T03:24:12.098+0000] {dag.py:3089} INFO - Sync 1 DAGs
[2026-07-21T03:24:12.128+0000] {logging_mixin.py:188} INFO - [2026-07-21T03:24:12.128+0000] {dag.py:3947} INFO - Setting next_dagrun for minio_to_snowflake_banking to 2026-07-21 03:23:00+00:00, run_after=2026-07-21 03:24:00+00:00
[2026-07-21T03:24:12.149+0000] {processor.py:183} INFO - Processing /opt/airflow/dags/minio_to_snowflake.py took 0.657 seconds
[2026-07-21T03:24:42.961+0000] {processor.py:161} INFO - Started process (PID=2593) to work on /opt/airflow/dags/minio_to_snowflake.py
[2026-07-21T03:24:42.963+0000] {processor.py:830} INFO - Processing file /opt/airflow/dags/minio_to_snowflake.py for tasks to queue
[2026-07-21T03:24:42.965+0000] {logging_mixin.py:188} INFO - [2026-07-21T03:24:42.965+0000] {dagbag.py:545} INFO - Filling up the DagBag from /opt/airflow/dags/minio_to_snowflake.py
[2026-07-21T03:24:43.523+0000] {processor.py:840} INFO - DAG(s) 'minio_to_snowflake_banking' retrieved from /opt/airflow/dags/minio_to_snowflake.py
[2026-07-21T03:24:43.555+0000] {logging_mixin.py:188} INFO - [2026-07-21T03:24:43.554+0000] {dag.py:3089} INFO - Sync 1 DAGs
[2026-07-21T03:24:43.582+0000] {logging_mixin.py:188} INFO - [2026-07-21T03:24:43.582+0000] {dag.py:3947} INFO - Setting next_dagrun for minio_to_snowflake_banking to 2026-07-21 03:23:00+00:00, run_after=2026-07-21 03:24:00+00:00
[2026-07-21T03:24:43.760+0000] {processor.py:183} INFO - Processing /opt/airflow/dags/minio_to_snowflake.py took 0.807 seconds
[2026-07-21T03:25:14.188+0000] {processor.py:161} INFO - Started process (PID=2598) to work on /opt/airflow/dags/minio_to_snowflake.py
[2026-07-21T03:25:14.189+0000] {processor.py:830} INFO - Processing file /opt/airflow/dags/minio_to_snowflake.py for tasks to queue
[2026-07-21T03:25:14.191+0000] {logging_mixin.py:188} INFO - [2026-07-21T03:25:14.191+0000] {dagbag.py:545} INFO - Filling up the DagBag from /opt/airflow/dags/minio_to_snowflake.py
[2026-07-21T03:25:14.759+0000] {processor.py:840} INFO - DAG(s) 'minio_to_snowflake_banking' retrieved from /opt/airflow/dags/minio_to_snowflake.py
[2026-07-21T03:25:14.791+0000] {logging_mixin.py:188} INFO - [2026-07-21T03:25:14.791+0000] {dag.py:3089} INFO - Sync 1 DAGs
[2026-07-21T03:25:15.019+0000] {logging_mixin.py:188} INFO - [2026-07-21T03:25:15.019+0000] {dag.py:3947} INFO - Setting next_dagrun for minio_to_snowflake_banking to 2026-07-21 03:24:00+00:00, run_after=2026-07-21 03:25:00+00:00
[2026-07-21T03:25:15.047+0000] {processor.py:183} INFO - Processing /opt/airflow/dags/minio_to_snowflake.py took 0.867 seconds
[2026-07-21T03:25:45.578+0000] {processor.py:161} INFO - Started process (PID=2603) to work on /opt/airflow/dags/minio_to_snowflake.py
[2026-07-21T03:25:45.580+0000] {processor.py:830} INFO - Processing file /opt/airflow/dags/minio_to_snowflake.py for tasks to queue
[2026-07-21T03:25:45.582+0000] {logging_mixin.py:188} INFO - [2026-07-21T03:25:45.582+0000] {dagbag.py:545} INFO - Filling up the DagBag from /opt/airflow/dags/minio_to_snowflake.py
[2026-07-21T03:25:46.136+0000] {processor.py:840} INFO - DAG(s) 'minio_to_snowflake_banking' retrieved from /opt/airflow/dags/minio_to_snowflake.py
[2026-07-21T03:25:46.383+0000] {logging_mixin.py:188} INFO - [2026-07-21T03:25:46.382+0000] {dag.py:3089} INFO - Sync 1 DAGs
[2026-07-21T03:25:46.423+0000] {logging_mixin.py:188} INFO - [2026-07-21T03:25:46.422+0000] {dag.py:3947} INFO - Setting next_dagrun for minio_to_snowflake_banking to 2026-07-21 03:24:00+00:00, run_after=2026-07-21 03:25:00+00:00
[2026-07-21T03:25:46.461+0000] {processor.py:183} INFO - Processing /opt/airflow/dags/minio_to_snowflake.py took 0.890 seconds
[2026-07-21T03:26:16.908+0000] {processor.py:161} INFO - Started process (PID=2608) to work on /opt/airflow/dags/minio_to_snowflake.py
[2026-07-21T03:26:16.910+0000] {processor.py:830} INFO - Processing file /opt/airflow/dags/minio_to_snowflake.py for tasks to queue
[2026-07-21T03:26:16.914+0000] {logging_mixin.py:188} INFO - [2026-07-21T03:26:16.913+0000] {dagbag.py:545} INFO - Filling up the DagBag from /opt/airflow/dags/minio_to_snowflake.py
[2026-07-21T03:26:17.548+0000] {processor.py:840} INFO - DAG(s) 'minio_to_snowflake_banking' retrieved from /opt/airflow/dags/minio_to_snowflake.py
[2026-07-21T03:26:17.579+0000] {logging_mixin.py:188} INFO - [2026-07-21T03:26:17.579+0000] {dag.py:3089} INFO - Sync 1 DAGs
[2026-07-21T03:26:17.605+0000] {logging_mixin.py:188} INFO - [2026-07-21T03:26:17.605+0000] {dag.py:3947} INFO - Setting next_dagrun for minio_to_snowflake_banking to 2026-07-21 03:25:00+00:00, run_after=2026-07-21 03:26:00+00:00
[2026-07-21T03:26:17.626+0000] {processor.py:183} INFO - Processing /opt/airflow/dags/minio_to_snowflake.py took 0.740 seconds
[2026-07-21T03:26:48.344+0000] {processor.py:161} INFO - Started process (PID=2613) to work on /opt/airflow/dags/minio_to_snowflake.py
[2026-07-21T03:26:48.346+0000] {processor.py:830} INFO - Processing file /opt/airflow/dags/minio_to_snowflake.py for tasks to queue
[2026-07-21T03:26:48.348+0000] {logging_mixin.py:188} INFO - [2026-07-21T03:26:48.348+0000] {dagbag.py:545} INFO - Filling up the DagBag from /opt/airflow/dags/minio_to_snowflake.py
[2026-07-21T03:26:49.000+0000] {processor.py:840} INFO - DAG(s) 'minio_to_snowflake_banking' retrieved from /opt/airflow/dags/minio_to_snowflake.py
[2026-07-21T03:26:49.032+0000] {logging_mixin.py:188} INFO - [2026-07-21T03:26:49.031+0000] {dag.py:3089} INFO - Sync 1 DAGs
[2026-07-21T03:26:49.059+0000] {logging_mixin.py:188} INFO - [2026-07-21T03:26:49.058+0000] {dag.py:3947} INFO - Setting next_dagrun for minio_to_snowflake_banking to 2026-07-21 03:25:00+00:00, run_after=2026-07-21 03:26:00+00:00
[2026-07-21T03:26:49.246+0000] {processor.py:183} INFO - Processing /opt/airflow/dags/minio_to_snowflake.py took 0.909 seconds
[2026-07-21T03:27:19.808+0000] {processor.py:161} INFO - Started process (PID=2618) to work on /opt/airflow/dags/minio_to_snowflake.py
[2026-07-21T03:27:19.809+0000] {processor.py:830} INFO - Processing file /opt/airflow/dags/minio_to_snowflake.py for tasks to queue
[2026-07-21T03:27:19.811+0000] {logging_mixin.py:188} INFO - [2026-07-21T03:27:19.811+0000] {dagbag.py:545} INFO - Filling up the DagBag from /opt/airflow/dags/minio_to_snowflake.py
[2026-07-21T03:27:20.467+0000] {processor.py:840} INFO - DAG(s) 'minio_to_snowflake_banking' retrieved from /opt/airflow/dags/minio_to_snowflake.py
[2026-07-21T03:27:20.516+0000] {logging_mixin.py:188} INFO - [2026-07-21T03:27:20.515+0000] {dag.py:3089} INFO - Sync 1 DAGs
[2026-07-21T03:27:20.707+0000] {logging_mixin.py:188} INFO - [2026-07-21T03:27:20.706+0000] {dag.py:3947} INFO - Setting next_dagrun for minio_to_snowflake_banking to 2026-07-21 03:26:00+00:00, run_after=2026-07-21 03:27:00+00:00
[2026-07-21T03:27:20.727+0000] {processor.py:183} INFO - Processing /opt/airflow/dags/minio_to_snowflake.py took 0.926 seconds
[2026-07-21T03:27:51.186+0000] {processor.py:161} INFO - Started process (PID=2623) to work on /opt/airflow/dags/minio_to_snowflake.py
[2026-07-21T03:27:51.188+0000] {processor.py:830} INFO - Processing file /opt/airflow/dags/minio_to_snowflake.py for tasks to queue
[2026-07-21T03:27:51.190+0000] {logging_mixin.py:188} INFO - [2026-07-21T03:27:51.190+0000] {dagbag.py:545} INFO - Filling up the DagBag from /opt/airflow/dags/minio_to_snowflake.py
[2026-07-21T03:27:51.747+0000] {processor.py:840} INFO - DAG(s) 'minio_to_snowflake_banking' retrieved from /opt/airflow/dags/minio_to_snowflake.py
[2026-07-21T03:27:51.938+0000] {logging_mixin.py:188} INFO - [2026-07-21T03:27:51.937+0000] {dag.py:3089} INFO - Sync 1 DAGs
[2026-07-21T03:27:51.962+0000] {logging_mixin.py:188} INFO - [2026-07-21T03:27:51.961+0000] {dag.py:3947} INFO - Setting next_dagrun for minio_to_snowflake_banking to 2026-07-21 03:26:00+00:00, run_after=2026-07-21 03:27:00+00:00
[2026-07-21T03:27:51.981+0000] {processor.py:183} INFO - Processing /opt/airflow/dags/minio_to_snowflake.py took 0.803 seconds
[2026-07-21T03:28:22.439+0000] {processor.py:161} INFO - Started process (PID=2628) to work on /opt/airflow/dags/minio_to_snowflake.py
[2026-07-21T03:28:22.441+0000] {processor.py:830} INFO - Processing file /opt/airflow/dags/minio_to_snowflake.py for tasks to queue
[2026-07-21T03:28:22.443+0000] {logging_mixin.py:188} INFO - [2026-07-21T03:28:22.443+0000] {dagbag.py:545} INFO - Filling up the DagBag from /opt/airflow/dags/minio_to_snowflake.py
[2026-07-21T03:28:23.201+0000] {processor.py:840} INFO - DAG(s) 'minio_to_snowflake_banking' retrieved from /opt/airflow/dags/minio_to_snowflake.py
[2026-07-21T03:28:23.229+0000] {logging_mixin.py:188} INFO - [2026-07-21T03:28:23.228+0000] {dag.py:3089} INFO - Sync 1 DAGs
[2026-07-21T03:28:23.250+0000] {logging_mixin.py:188} INFO - [2026-07-21T03:28:23.250+0000] {dag.py:3947} INFO - Setting next_dagrun for minio_to_snowflake_banking to 2026-07-21 03:27:00+00:00, run_after=2026-07-21 03:28:00+00:00
[2026-07-21T03:28:23.273+0000] {processor.py:183} INFO - Processing /opt/airflow/dags/minio_to_snowflake.py took 0.841 seconds
[2026-07-21T03:28:53.707+0000] {processor.py:161} INFO - Started process (PID=2633) to work on /opt/airflow/dags/minio_to_snowflake.py
[2026-07-21T03:28:53.709+0000] {processor.py:830} INFO - Processing file /opt/airflow/dags/minio_to_snowflake.py for tasks to queue
[2026-07-21T03:28:53.712+0000] {logging_mixin.py:188} INFO - [2026-07-21T03:28:53.711+0000] {dagbag.py:545} INFO - Filling up the DagBag from /opt/airflow/dags/minio_to_snowflake.py
[2026-07-21T03:28:54.290+0000] {processor.py:840} INFO - DAG(s) 'minio_to_snowflake_banking' retrieved from /opt/airflow/dags/minio_to_snowflake.py
[2026-07-21T03:28:54.322+0000] {logging_mixin.py:188} INFO - [2026-07-21T03:28:54.322+0000] {dag.py:3089} INFO - Sync 1 DAGs
[2026-07-21T03:28:54.349+0000] {logging_mixin.py:188} INFO - [2026-07-21T03:28:54.349+0000] {dag.py:3947} INFO - Setting next_dagrun for minio_to_snowflake_banking to 2026-07-21 03:27:00+00:00, run_after=2026-07-21 03:28:00+00:00
[2026-07-21T03:28:54.523+0000] {processor.py:183} INFO - Processing /opt/airflow/dags/minio_to_snowflake.py took 0.826 seconds
[2026-07-21T03:29:24.941+0000] {processor.py:161} INFO - Started process (PID=2638) to work on /opt/airflow/dags/minio_to_snowflake.py
[2026-07-21T03:29:24.942+0000] {processor.py:830} INFO - Processing file /opt/airflow/dags/minio_to_snowflake.py for tasks to queue
[2026-07-21T03:29:24.945+0000] {logging_mixin.py:188} INFO - [2026-07-21T03:29:24.944+0000] {dagbag.py:545} INFO - Filling up the DagBag from /opt/airflow/dags/minio_to_snowflake.py
[2026-07-21T03:29:25.529+0000] {processor.py:840} INFO - DAG(s) 'minio_to_snowflake_banking' retrieved from /opt/airflow/dags/minio_to_snowflake.py
[2026-07-21T03:29:25.570+0000] {logging_mixin.py:188} INFO - [2026-07-21T03:29:25.570+0000] {dag.py:3089} INFO - Sync 1 DAGs
[2026-07-21T03:29:25.752+0000] {logging_mixin.py:188} INFO - [2026-07-21T03:29:25.752+0000] {dag.py:3947} INFO - Setting next_dagrun for minio_to_snowflake_banking to 2026-07-21 03:28:00+00:00, run_after=2026-07-21 03:29:00+00:00
[2026-07-21T03:29:25.773+0000] {processor.py:183} INFO - Processing /opt/airflow/dags/minio_to_snowflake.py took 0.840 seconds
[2026-07-21T03:29:56.208+0000] {processor.py:161} INFO - Started process (PID=2643) to work on /opt/airflow/dags/minio_to_snowflake.py
[2026-07-21T03:29:56.210+0000] {processor.py:830} INFO - Processing file /opt/airflow/dags/minio_to_snowflake.py for tasks to queue
[2026-07-21T03:29:56.212+0000] {logging_mixin.py:188} INFO - [2026-07-21T03:29:56.212+0000] {dagbag.py:545} INFO - Filling up the DagBag from /opt/airflow/dags/minio_to_snowflake.py
[2026-07-21T03:29:56.908+0000] {processor.py:840} INFO - DAG(s) 'minio_to_snowflake_banking' retrieved from /opt/airflow/dags/minio_to_snowflake.py
[2026-07-21T03:29:57.132+0000] {logging_mixin.py:188} INFO - [2026-07-21T03:29:57.131+0000] {dag.py:3089} INFO - Sync 1 DAGs
[2026-07-21T03:29:57.171+0000] {logging_mixin.py:188} INFO - [2026-07-21T03:29:57.171+0000] {dag.py:3947} INFO - Setting next_dagrun for minio_to_snowflake_banking to 2026-07-21 03:28:00+00:00, run_after=2026-07-21 03:29:00+00:00
[2026-07-21T03:29:57.199+0000] {processor.py:183} INFO - Processing /opt/airflow/dags/minio_to_snowflake.py took 0.999 seconds
[2026-07-21T03:30:27.619+0000] {processor.py:161} INFO - Started process (PID=2648) to work on /opt/airflow/dags/minio_to_snowflake.py
[2026-07-21T03:30:27.621+0000] {processor.py:830} INFO - Processing file /opt/airflow/dags/minio_to_snowflake.py for tasks to queue
[2026-07-21T03:30:27.623+0000] {logging_mixin.py:188} INFO - [2026-07-21T03:30:27.623+0000] {dagbag.py:545} INFO - Filling up the DagBag from /opt/airflow/dags/minio_to_snowflake.py
[2026-07-21T03:30:28.434+0000] {processor.py:840} INFO - DAG(s) 'minio_to_snowflake_banking' retrieved from /opt/airflow/dags/minio_to_snowflake.py
[2026-07-21T03:30:28.462+0000] {logging_mixin.py:188} INFO - [2026-07-21T03:30:28.462+0000] {dag.py:3089} INFO - Sync 1 DAGs
[2026-07-21T03:30:28.484+0000] {logging_mixin.py:188} INFO - [2026-07-21T03:30:28.484+0000] {dag.py:3947} INFO - Setting next_dagrun for minio_to_snowflake_banking to 2026-07-21 03:29:00+00:00, run_after=2026-07-21 03:30:00+00:00
[2026-07-21T03:30:28.504+0000] {processor.py:183} INFO - Processing /opt/airflow/dags/minio_to_snowflake.py took 0.891 seconds
[2026-07-21T03:30:58.938+0000] {processor.py:161} INFO - Started process (PID=2653) to work on /opt/airflow/dags/minio_to_snowflake.py
[2026-07-21T03:30:58.940+0000] {processor.py:830} INFO - Processing file /opt/airflow/dags/minio_to_snowflake.py for tasks to queue
[2026-07-21T03:30:58.942+0000] {logging_mixin.py:188} INFO - [2026-07-21T03:30:58.942+0000] {dagbag.py:545} INFO - Filling up the DagBag from /opt/airflow/dags/minio_to_snowflake.py
[2026-07-21T03:30:59.538+0000] {processor.py:840} INFO - DAG(s) 'minio_to_snowflake_banking' retrieved from /opt/airflow/dags/minio_to_snowflake.py
[2026-07-21T03:30:59.572+0000] {logging_mixin.py:188} INFO - [2026-07-21T03:30:59.572+0000] {dag.py:3089} INFO - Sync 1 DAGs
[2026-07-21T03:30:59.601+0000] {logging_mixin.py:188} INFO - [2026-07-21T03:30:59.601+0000] {dag.py:3947} INFO - Setting next_dagrun for minio_to_snowflake_banking to 2026-07-21 03:29:00+00:00, run_after=2026-07-21 03:30:00+00:00
[2026-07-21T03:30:59.807+0000] {processor.py:183} INFO - Processing /opt/airflow/dags/minio_to_snowflake.py took 0.877 seconds
[2026-07-21T03:31:30.287+0000] {processor.py:161} INFO - Started process (PID=2658) to work on /opt/airflow/dags/minio_to_snowflake.py
[2026-07-21T03:31:30.288+0000] {processor.py:830} INFO - Processing file /opt/airflow/dags/minio_to_snowflake.py for tasks to queue
[2026-07-21T03:31:30.291+0000] {logging_mixin.py:188} INFO - [2026-07-21T03:31:30.290+0000] {dagbag.py:545} INFO - Filling up the DagBag from /opt/airflow/dags/minio_to_snowflake.py
[2026-07-21T03:31:30.860+0000] {processor.py:840} INFO - DAG(s) 'minio_to_snowflake_banking' retrieved from /opt/airflow/dags/minio_to_snowflake.py
[2026-07-21T03:31:30.894+0000] {logging_mixin.py:188} INFO - [2026-07-21T03:31:30.893+0000] {dag.py:3089} INFO - Sync 1 DAGs
[2026-07-21T03:31:31.084+0000] {logging_mixin.py:188} INFO - [2026-07-21T03:31:31.084+0000] {dag.py:3947} INFO - Setting next_dagrun for minio_to_snowflake_banking to 2026-07-21 03:30:00+00:00, run_after=2026-07-21 03:31:00+00:00
[2026-07-21T03:31:31.107+0000] {processor.py:183} INFO - Processing /opt/airflow/dags/minio_to_snowflake.py took 0.828 seconds
[2026-07-21T03:32:01.520+0000] {processor.py:161} INFO - Started process (PID=2663) to work on /opt/airflow/dags/minio_to_snowflake.py
[2026-07-21T03:32:01.522+0000] {processor.py:830} INFO - Processing file /opt/airflow/dags/minio_to_snowflake.py for tasks to queue
[2026-07-21T03:32:01.524+0000] {logging_mixin.py:188} INFO - [2026-07-21T03:32:01.524+0000] {dagbag.py:545} INFO - Filling up the DagBag from /opt/airflow/dags/minio_to_snowflake.py
[2026-07-21T03:32:02.109+0000] {processor.py:840} INFO - DAG(s) 'minio_to_snowflake_banking' retrieved from /opt/airflow/dags/minio_to_snowflake.py
[2026-07-21T03:32:02.306+0000] {logging_mixin.py:188} INFO - [2026-07-21T03:32:02.306+0000] {dag.py:3089} INFO - Sync 1 DAGs
[2026-07-21T03:32:02.328+0000] {logging_mixin.py:188} INFO - [2026-07-21T03:32:02.328+0000] {dag.py:3947} INFO - Setting next_dagrun for minio_to_snowflake_banking to 2026-07-21 03:31:00+00:00, run_after=2026-07-21 03:32:00+00:00
[2026-07-21T03:32:02.350+0000] {processor.py:183} INFO - Processing /opt/airflow/dags/minio_to_snowflake.py took 0.838 seconds
[2026-07-21T03:32:32.821+0000] {processor.py:161} INFO - Started process (PID=2668) to work on /opt/airflow/dags/minio_to_snowflake.py
[2026-07-21T03:32:32.822+0000] {processor.py:830} INFO - Processing file /opt/airflow/dags/minio_to_snowflake.py for tasks to queue
[2026-07-21T03:32:32.825+0000] {logging_mixin.py:188} INFO - [2026-07-21T03:32:32.824+0000] {dagbag.py:545} INFO - Filling up the DagBag from /opt/airflow/dags/minio_to_snowflake.py
[2026-07-21T03:32:33.552+0000] {processor.py:840} INFO - DAG(s) 'minio_to_snowflake_banking' retrieved from /opt/airflow/dags/minio_to_snowflake.py
[2026-07-21T03:32:33.580+0000] {logging_mixin.py:188} INFO - [2026-07-21T03:32:33.580+0000] {dag.py:3089} INFO - Sync 1 DAGs
[2026-07-21T03:32:33.602+0000] {logging_mixin.py:188} INFO - [2026-07-21T03:32:33.602+0000] {dag.py:3947} INFO - Setting next_dagrun for minio_to_snowflake_banking to 2026-07-21 03:31:00+00:00, run_after=2026-07-21 03:32:00+00:00
[2026-07-21T03:32:33.621+0000] {processor.py:183} INFO - Processing /opt/airflow/dags/minio_to_snowflake.py took 0.807 seconds
[2026-07-21T03:33:04.052+0000] {processor.py:161} INFO - Started process (PID=2673) to work on /opt/airflow/dags/minio_to_snowflake.py
[2026-07-21T03:33:04.053+0000] {processor.py:830} INFO - Processing file /opt/airflow/dags/minio_to_snowflake.py for tasks to queue
[2026-07-21T03:33:04.055+0000] {logging_mixin.py:188} INFO - [2026-07-21T03:33:04.055+0000] {dagbag.py:545} INFO - Filling up the DagBag from /opt/airflow/dags/minio_to_snowflake.py
[2026-07-21T03:33:04.635+0000] {processor.py:840} INFO - DAG(s) 'minio_to_snowflake_banking' retrieved from /opt/airflow/dags/minio_to_snowflake.py
[2026-07-21T03:33:04.666+0000] {logging_mixin.py:188} INFO - [2026-07-21T03:33:04.666+0000] {dag.py:3089} INFO - Sync 1 DAGs
[2026-07-21T03:33:04.693+0000] {logging_mixin.py:188} INFO - [2026-07-21T03:33:04.693+0000] {dag.py:3947} INFO - Setting next_dagrun for minio_to_snowflake_banking to 2026-07-21 03:32:00+00:00, run_after=2026-07-21 03:33:00+00:00
[2026-07-21T03:33:04.870+0000] {processor.py:183} INFO - Processing /opt/airflow/dags/minio_to_snowflake.py took 0.826 seconds
[2026-07-21T03:33:35.268+0000] {processor.py:161} INFO - Started process (PID=2678) to work on /opt/airflow/dags/minio_to_snowflake.py
[2026-07-21T03:33:35.271+0000] {processor.py:830} INFO - Processing file /opt/airflow/dags/minio_to_snowflake.py for tasks to queue
[2026-07-21T03:33:35.275+0000] {logging_mixin.py:188} INFO - [2026-07-21T03:33:35.275+0000] {dagbag.py:545} INFO - Filling up the DagBag from /opt/airflow/dags/minio_to_snowflake.py
[2026-07-21T03:33:35.849+0000] {processor.py:840} INFO - DAG(s) 'minio_to_snowflake_banking' retrieved from /opt/airflow/dags/minio_to_snowflake.py
[2026-07-21T03:33:35.880+0000] {logging_mixin.py:188} INFO - [2026-07-21T03:33:35.880+0000] {dag.py:3089} INFO - Sync 1 DAGs
[2026-07-21T03:33:36.098+0000] {logging_mixin.py:188} INFO - [2026-07-21T03:33:36.098+0000] {dag.py:3947} INFO - Setting next_dagrun for minio_to_snowflake_banking to 2026-07-21 03:32:00+00:00, run_after=2026-07-21 03:33:00+00:00
[2026-07-21T03:33:36.121+0000] {processor.py:183} INFO - Processing /opt/airflow/dags/minio_to_snowflake.py took 0.864 seconds
[2026-07-21T03:34:06.539+0000] {processor.py:161} INFO - Started process (PID=2683) to work on /opt/airflow/dags/minio_to_snowflake.py
[2026-07-21T03:34:06.541+0000] {processor.py:830} INFO - Processing file /opt/airflow/dags/minio_to_snowflake.py for tasks to queue
[2026-07-21T03:34:06.544+0000] {logging_mixin.py:188} INFO - [2026-07-21T03:34:06.543+0000] {dagbag.py:545} INFO - Filling up the DagBag from /opt/airflow/dags/minio_to_snowflake.py
[2026-07-21T03:34:07.283+0000] {processor.py:840} INFO - DAG(s) 'minio_to_snowflake_banking' retrieved from /opt/airflow/dags/minio_to_snowflake.py
[2026-07-21T03:34:07.512+0000] {logging_mixin.py:188} INFO - [2026-07-21T03:34:07.511+0000] {dag.py:3089} INFO - Sync 1 DAGs
[2026-07-21T03:34:07.534+0000] {logging_mixin.py:188} INFO - [2026-07-21T03:34:07.534+0000] {dag.py:3947} INFO - Setting next_dagrun for minio_to_snowflake_banking to 2026-07-21 03:33:00+00:00, run_after=2026-07-21 03:34:00+00:00
[2026-07-21T03:34:07.554+0000] {processor.py:183} INFO - Processing /opt/airflow/dags/minio_to_snowflake.py took 1.023 seconds
[2026-07-21T03:34:37.929+0000] {processor.py:161} INFO - Started process (PID=2688) to work on /opt/airflow/dags/minio_to_snowflake.py
[2026-07-21T03:34:37.930+0000] {processor.py:830} INFO - Processing file /opt/airflow/dags/minio_to_snowflake.py for tasks to queue
[2026-07-21T03:34:37.933+0000] {logging_mixin.py:188} INFO - [2026-07-21T03:34:37.932+0000] {dagbag.py:545} INFO - Filling up the DagBag from /opt/airflow/dags/minio_to_snowflake.py
[2026-07-21T03:34:38.744+0000] {processor.py:840} INFO - DAG(s) 'minio_to_snowflake_banking' retrieved from /opt/airflow/dags/minio_to_snowflake.py
[2026-07-21T03:34:38.779+0000] {logging_mixin.py:188} INFO - [2026-07-21T03:34:38.778+0000] {dag.py:3089} INFO - Sync 1 DAGs
[2026-07-21T03:34:38.807+0000] {logging_mixin.py:188} INFO - [2026-07-21T03:34:38.807+0000] {dag.py:3947} INFO - Setting next_dagrun for minio_to_snowflake_banking to 2026-07-21 03:33:00+00:00, run_after=2026-07-21 03:34:00+00:00
[2026-07-21T03:34:38.830+0000] {processor.py:183} INFO - Processing /opt/airflow/dags/minio_to_snowflake.py took 0.910 seconds
[2026-07-21T03:35:09.424+0000] {processor.py:161} INFO - Started process (PID=2693) to work on /opt/airflow/dags/minio_to_snowflake.py
[2026-07-21T03:35:09.425+0000] {processor.py:830} INFO - Processing file /opt/airflow/dags/minio_to_snowflake.py for tasks to queue
[2026-07-21T03:35:09.427+0000] {logging_mixin.py:188} INFO - [2026-07-21T03:35:09.427+0000] {dagbag.py:545} INFO - Filling up the DagBag from /opt/airflow/dags/minio_to_snowflake.py
[2026-07-21T03:35:10.002+0000] {processor.py:840} INFO - DAG(s) 'minio_to_snowflake_banking' retrieved from /opt/airflow/dags/minio_to_snowflake.py
[2026-07-21T03:35:10.035+0000] {logging_mixin.py:188} INFO - [2026-07-21T03:35:10.034+0000] {dag.py:3089} INFO - Sync 1 DAGs
[2026-07-21T03:35:10.063+0000] {logging_mixin.py:188} INFO - [2026-07-21T03:35:10.063+0000] {dag.py:3947} INFO - Setting next_dagrun for minio_to_snowflake_banking to 2026-07-21 03:34:00+00:00, run_after=2026-07-21 03:35:00+00:00
[2026-07-21T03:35:10.241+0000] {processor.py:183} INFO - Processing /opt/airflow/dags/minio_to_snowflake.py took 0.824 seconds
[2026-07-21T03:35:40.742+0000] {processor.py:161} INFO - Started process (PID=2698) to work on /opt/airflow/dags/minio_to_snowflake.py
[2026-07-21T03:35:40.743+0000] {processor.py:830} INFO - Processing file /opt/airflow/dags/minio_to_snowflake.py for tasks to queue
[2026-07-21T03:35:40.745+0000] {logging_mixin.py:188} INFO - [2026-07-21T03:35:40.745+0000] {dagbag.py:545} INFO - Filling up the DagBag from /opt/airflow/dags/minio_to_snowflake.py
[2026-07-21T03:35:41.321+0000] {processor.py:840} INFO - DAG(s) 'minio_to_snowflake_banking' retrieved from /opt/airflow/dags/minio_to_snowflake.py
[2026-07-21T03:35:41.354+0000] {logging_mixin.py:188} INFO - [2026-07-21T03:35:41.353+0000] {dag.py:3089} INFO - Sync 1 DAGs
[2026-07-21T03:35:41.534+0000] {logging_mixin.py:188} INFO - [2026-07-21T03:35:41.534+0000] {dag.py:3947} INFO - Setting next_dagrun for minio_to_snowflake_banking to 2026-07-21 03:34:00+00:00, run_after=2026-07-21 03:35:00+00:00
[2026-07-21T03:35:41.556+0000] {processor.py:183} INFO - Processing /opt/airflow/dags/minio_to_snowflake.py took 0.821 seconds
[2026-07-21T03:36:12.096+0000] {processor.py:161} INFO - Started process (PID=2703) to work on /opt/airflow/dags/minio_to_snowflake.py
[2026-07-21T03:36:12.098+0000] {processor.py:830} INFO - Processing file /opt/airflow/dags/minio_to_snowflake.py for tasks to queue
[2026-07-21T03:36:12.100+0000] {logging_mixin.py:188} INFO - [2026-07-21T03:36:12.100+0000] {dagbag.py:545} INFO - Filling up the DagBag from /opt/airflow/dags/minio_to_snowflake.py
[2026-07-21T03:36:12.688+0000] {processor.py:840} INFO - DAG(s) 'minio_to_snowflake_banking' retrieved from /opt/airflow/dags/minio_to_snowflake.py
[2026-07-21T03:36:12.881+0000] {logging_mixin.py:188} INFO - [2026-07-21T03:36:12.880+0000] {dag.py:3089} INFO - Sync 1 DAGs
[2026-07-21T03:36:12.903+0000] {logging_mixin.py:188} INFO - [2026-07-21T03:36:12.902+0000] {dag.py:3947} INFO - Setting next_dagrun for minio_to_snowflake_banking to 2026-07-21 03:35:00+00:00, run_after=2026-07-21 03:36:00+00:00
[2026-07-21T03:36:12.922+0000] {processor.py:183} INFO - Processing /opt/airflow/dags/minio_to_snowflake.py took 0.832 seconds
[2026-07-21T03:36:43.462+0000] {processor.py:161} INFO - Started process (PID=2708) to work on /opt/airflow/dags/minio_to_snowflake.py
[2026-07-21T03:36:43.463+0000] {processor.py:830} INFO - Processing file /opt/airflow/dags/minio_to_snowflake.py for tasks to queue
[2026-07-21T03:36:43.466+0000] {logging_mixin.py:188} INFO - [2026-07-21T03:36:43.465+0000] {dagbag.py:545} INFO - Filling up the DagBag from /opt/airflow/dags/minio_to_snowflake.py
[2026-07-21T03:36:44.191+0000] {processor.py:840} INFO - DAG(s) 'minio_to_snowflake_banking' retrieved from /opt/airflow/dags/minio_to_snowflake.py
[2026-07-21T03:36:44.217+0000] {logging_mixin.py:188} INFO - [2026-07-21T03:36:44.217+0000] {dag.py:3089} INFO - Sync 1 DAGs
[2026-07-21T03:36:44.241+0000] {logging_mixin.py:188} INFO - [2026-07-21T03:36:44.241+0000] {dag.py:3947} INFO - Setting next_dagrun for minio_to_snowflake_banking to 2026-07-21 03:35:00+00:00, run_after=2026-07-21 03:36:00+00:00
[2026-07-21T03:36:44.268+0000] {processor.py:183} INFO - Processing /opt/airflow/dags/minio_to_snowflake.py took 0.813 seconds
[2026-07-21T03:37:14.828+0000] {processor.py:161} INFO - Started process (PID=2713) to work on /opt/airflow/dags/minio_to_snowflake.py
[2026-07-21T03:37:14.830+0000] {processor.py:830} INFO - Processing file /opt/airflow/dags/minio_to_snowflake.py for tasks to queue
[2026-07-21T03:37:14.832+0000] {logging_mixin.py:188} INFO - [2026-07-21T03:37:14.832+0000] {dagbag.py:545} INFO - Filling up the DagBag from /opt/airflow/dags/minio_to_snowflake.py
[2026-07-21T03:37:15.424+0000] {processor.py:840} INFO - DAG(s) 'minio_to_snowflake_banking' retrieved from /opt/airflow/dags/minio_to_snowflake.py
[2026-07-21T03:37:15.456+0000] {logging_mixin.py:188} INFO - [2026-07-21T03:37:15.455+0000] {dag.py:3089} INFO - Sync 1 DAGs
[2026-07-21T03:37:15.482+0000] {logging_mixin.py:188} INFO - [2026-07-21T03:37:15.482+0000] {dag.py:3947} INFO - Setting next_dagrun for minio_to_snowflake_banking to 2026-07-21 03:36:00+00:00, run_after=2026-07-21 03:37:00+00:00
[2026-07-21T03:37:15.657+0000] {processor.py:183} INFO - Processing /opt/airflow/dags/minio_to_snowflake.py took 0.836 seconds
[2026-07-21T03:37:46.057+0000] {processor.py:161} INFO - Started process (PID=2718) to work on /opt/airflow/dags/minio_to_snowflake.py
[2026-07-21T03:37:46.058+0000] {processor.py:830} INFO - Processing file /opt/airflow/dags/minio_to_snowflake.py for tasks to queue
[2026-07-21T03:37:46.061+0000] {logging_mixin.py:188} INFO - [2026-07-21T03:37:46.060+0000] {dagbag.py:545} INFO - Filling up the DagBag from /opt/airflow/dags/minio_to_snowflake.py
[2026-07-21T03:37:46.662+0000] {processor.py:840} INFO - DAG(s) 'minio_to_snowflake_banking' retrieved from /opt/airflow/dags/minio_to_snowflake.py
[2026-07-21T03:37:46.694+0000] {logging_mixin.py:188} INFO - [2026-07-21T03:37:46.693+0000] {dag.py:3089} INFO - Sync 1 DAGs
[2026-07-21T03:37:46.894+0000] {logging_mixin.py:188} INFO - [2026-07-21T03:37:46.893+0000] {dag.py:3947} INFO - Setting next_dagrun for minio_to_snowflake_banking to 2026-07-21 03:36:00+00:00, run_after=2026-07-21 03:37:00+00:00
[2026-07-21T03:37:46.924+0000] {processor.py:183} INFO - Processing /opt/airflow/dags/minio_to_snowflake.py took 0.874 seconds
[2026-07-21T03:38:17.276+0000] {processor.py:161} INFO - Started process (PID=2723) to work on /opt/airflow/dags/minio_to_snowflake.py
[2026-07-21T03:38:17.278+0000] {processor.py:830} INFO - Processing file /opt/airflow/dags/minio_to_snowflake.py for tasks to queue
[2026-07-21T03:38:17.280+0000] {logging_mixin.py:188} INFO - [2026-07-21T03:38:17.279+0000] {dagbag.py:545} INFO - Filling up the DagBag from /opt/airflow/dags/minio_to_snowflake.py
[2026-07-21T03:38:17.960+0000] {processor.py:840} INFO - DAG(s) 'minio_to_snowflake_banking' retrieved from /opt/airflow/dags/minio_to_snowflake.py
[2026-07-21T03:38:18.170+0000] {logging_mixin.py:188} INFO - [2026-07-21T03:38:18.169+0000] {dag.py:3089} INFO - Sync 1 DAGs
[2026-07-21T03:38:18.193+0000] {logging_mixin.py:188} INFO - [2026-07-21T03:38:18.193+0000] {dag.py:3947} INFO - Setting next_dagrun for minio_to_snowflake_banking to 2026-07-21 03:37:00+00:00, run_after=2026-07-21 03:38:00+00:00
[2026-07-21T03:38:18.211+0000] {processor.py:183} INFO - Processing /opt/airflow/dags/minio_to_snowflake.py took 0.942 seconds
[2026-07-21T03:38:48.683+0000] {processor.py:161} INFO - Started process (PID=2729) to work on /opt/airflow/dags/minio_to_snowflake.py
[2026-07-21T03:38:48.684+0000] {processor.py:830} INFO - Processing file /opt/airflow/dags/minio_to_snowflake.py for tasks to queue
[2026-07-21T03:38:48.687+0000] {logging_mixin.py:188} INFO - [2026-07-21T03:38:48.686+0000] {dagbag.py:545} INFO - Filling up the DagBag from /opt/airflow/dags/minio_to_snowflake.py
[2026-07-21T03:38:49.533+0000] {processor.py:840} INFO - DAG(s) 'minio_to_snowflake_banking' retrieved from /opt/airflow/dags/minio_to_snowflake.py
[2026-07-21T03:38:49.566+0000] {logging_mixin.py:188} INFO - [2026-07-21T03:38:49.565+0000] {dag.py:3089} INFO - Sync 1 DAGs
[2026-07-21T03:38:49.599+0000] {logging_mixin.py:188} INFO - [2026-07-21T03:38:49.598+0000] {dag.py:3947} INFO - Setting next_dagrun for minio_to_snowflake_banking to 2026-07-21 03:37:00+00:00, run_after=2026-07-21 03:38:00+00:00
[2026-07-21T03:38:49.632+0000] {processor.py:183} INFO - Processing /opt/airflow/dags/minio_to_snowflake.py took 0.958 seconds
[2026-07-21T03:39:20.116+0000] {processor.py:161} INFO - Started process (PID=2734) to work on /opt/airflow/dags/minio_to_snowflake.py
[2026-07-21T03:39:20.117+0000] {processor.py:830} INFO - Processing file /opt/airflow/dags/minio_to_snowflake.py for tasks to queue
[2026-07-21T03:39:20.120+0000] {logging_mixin.py:188} INFO - [2026-07-21T03:39:20.119+0000] {dagbag.py:545} INFO - Filling up the DagBag from /opt/airflow/dags/minio_to_snowflake.py
[2026-07-21T03:39:20.798+0000] {processor.py:840} INFO - DAG(s) 'minio_to_snowflake_banking' retrieved from /opt/airflow/dags/minio_to_snowflake.py
[2026-07-21T03:39:20.829+0000] {logging_mixin.py:188} INFO - [2026-07-21T03:39:20.829+0000] {dag.py:3089} INFO - Sync 1 DAGs
[2026-07-21T03:39:20.856+0000] {logging_mixin.py:188} INFO - [2026-07-21T03:39:20.856+0000] {dag.py:3947} INFO - Setting next_dagrun for minio_to_snowflake_banking to 2026-07-21 03:38:00+00:00, run_after=2026-07-21 03:39:00+00:00
[2026-07-21T03:39:21.042+0000] {processor.py:183} INFO - Processing /opt/airflow/dags/minio_to_snowflake.py took 0.933 seconds
[2026-07-21T03:39:51.424+0000] {processor.py:161} INFO - Started process (PID=2739) to work on /opt/airflow/dags/minio_to_snowflake.py
[2026-07-21T03:39:51.425+0000] {processor.py:830} INFO - Processing file /opt/airflow/dags/minio_to_snowflake.py for tasks to queue
[2026-07-21T03:39:51.428+0000] {logging_mixin.py:188} INFO - [2026-07-21T03:39:51.427+0000] {dagbag.py:545} INFO - Filling up the DagBag from /opt/airflow/dags/minio_to_snowflake.py
[2026-07-21T03:39:52.003+0000] {processor.py:840} INFO - DAG(s) 'minio_to_snowflake_banking' retrieved from /opt/airflow/dags/minio_to_snowflake.py
[2026-07-21T03:39:52.036+0000] {logging_mixin.py:188} INFO - [2026-07-21T03:39:52.036+0000] {dag.py:3089} INFO - Sync 1 DAGs
[2026-07-21T03:39:52.241+0000] {logging_mixin.py:188} INFO - [2026-07-21T03:39:52.240+0000] {dag.py:3947} INFO - Setting next_dagrun for minio_to_snowflake_banking to 2026-07-21 03:38:00+00:00, run_after=2026-07-21 03:39:00+00:00
[2026-07-21T03:39:52.266+0000] {processor.py:183} INFO - Processing /opt/airflow/dags/minio_to_snowflake.py took 0.850 seconds
[2026-07-21T03:40:22.631+0000] {processor.py:161} INFO - Started process (PID=2744) to work on /opt/airflow/dags/minio_to_snowflake.py
[2026-07-21T03:40:22.633+0000] {processor.py:830} INFO - Processing file /opt/airflow/dags/minio_to_snowflake.py for tasks to queue
[2026-07-21T03:40:22.635+0000] {logging_mixin.py:188} INFO - [2026-07-21T03:40:22.635+0000] {dagbag.py:545} INFO - Filling up the DagBag from /opt/airflow/dags/minio_to_snowflake.py
[2026-07-21T03:40:23.235+0000] {processor.py:840} INFO - DAG(s) 'minio_to_snowflake_banking' retrieved from /opt/airflow/dags/minio_to_snowflake.py
[2026-07-21T03:40:23.428+0000] {logging_mixin.py:188} INFO - [2026-07-21T03:40:23.428+0000] {dag.py:3089} INFO - Sync 1 DAGs
[2026-07-21T03:40:23.450+0000] {logging_mixin.py:188} INFO - [2026-07-21T03:40:23.450+0000] {dag.py:3947} INFO - Setting next_dagrun for minio_to_snowflake_banking to 2026-07-21 03:39:00+00:00, run_after=2026-07-21 03:40:00+00:00
[2026-07-21T03:40:23.470+0000] {processor.py:183} INFO - Processing /opt/airflow/dags/minio_to_snowflake.py took 0.846 seconds
[2026-07-21T03:40:53.840+0000] {processor.py:161} INFO - Started process (PID=2749) to work on /opt/airflow/dags/minio_to_snowflake.py
[2026-07-21T03:40:53.842+0000] {processor.py:830} INFO - Processing file /opt/airflow/dags/minio_to_snowflake.py for tasks to queue
[2026-07-21T03:40:53.844+0000] {logging_mixin.py:188} INFO - [2026-07-21T03:40:53.844+0000] {dagbag.py:545} INFO - Filling up the DagBag from /opt/airflow/dags/minio_to_snowflake.py
[2026-07-21T03:40:54.605+0000] {processor.py:840} INFO - DAG(s) 'minio_to_snowflake_banking' retrieved from /opt/airflow/dags/minio_to_snowflake.py
[2026-07-21T03:40:54.635+0000] {logging_mixin.py:188} INFO - [2026-07-21T03:40:54.635+0000] {dag.py:3089} INFO - Sync 1 DAGs
[2026-07-21T03:40:54.657+0000] {logging_mixin.py:188} INFO - [2026-07-21T03:40:54.657+0000] {dag.py:3947} INFO - Setting next_dagrun for minio_to_snowflake_banking to 2026-07-21 03:39:00+00:00, run_after=2026-07-21 03:40:00+00:00
[2026-07-21T03:40:54.678+0000] {processor.py:183} INFO - Processing /opt/airflow/dags/minio_to_snowflake.py took 0.844 seconds
[2026-07-21T03:41:25.058+0000] {processor.py:161} INFO - Started process (PID=2754) to work on /opt/airflow/dags/minio_to_snowflake.py
[2026-07-21T03:41:25.060+0000] {processor.py:830} INFO - Processing file /opt/airflow/dags/minio_to_snowflake.py for tasks to queue
[2026-07-21T03:41:25.062+0000] {logging_mixin.py:188} INFO - [2026-07-21T03:41:25.062+0000] {dagbag.py:545} INFO - Filling up the DagBag from /opt/airflow/dags/minio_to_snowflake.py
[2026-07-21T03:41:25.646+0000] {processor.py:840} INFO - DAG(s) 'minio_to_snowflake_banking' retrieved from /opt/airflow/dags/minio_to_snowflake.py
[2026-07-21T03:41:25.679+0000] {logging_mixin.py:188} INFO - [2026-07-21T03:41:25.679+0000] {dag.py:3089} INFO - Sync 1 DAGs
[2026-07-21T03:41:25.706+0000] {logging_mixin.py:188} INFO - [2026-07-21T03:41:25.706+0000] {dag.py:3947} INFO - Setting next_dagrun for minio_to_snowflake_banking to 2026-07-21 03:40:00+00:00, run_after=2026-07-21 03:41:00+00:00
[2026-07-21T03:41:25.884+0000] {processor.py:183} INFO - Processing /opt/airflow/dags/minio_to_snowflake.py took 0.833 seconds
[2026-07-21T03:41:56.314+0000] {processor.py:161} INFO - Started process (PID=2759) to work on /opt/airflow/dags/minio_to_snowflake.py
[2026-07-21T03:41:56.316+0000] {processor.py:830} INFO - Processing file /opt/airflow/dags/minio_to_snowflake.py for tasks to queue
[2026-07-21T03:41:56.318+0000] {logging_mixin.py:188} INFO - [2026-07-21T03:41:56.318+0000] {dagbag.py:545} INFO - Filling up the DagBag from /opt/airflow/dags/minio_to_snowflake.py
[2026-07-21T03:41:56.912+0000] {processor.py:840} INFO - DAG(s) 'minio_to_snowflake_banking' retrieved from /opt/airflow/dags/minio_to_snowflake.py
[2026-07-21T03:41:56.944+0000] {logging_mixin.py:188} INFO - [2026-07-21T03:41:56.943+0000] {dag.py:3089} INFO - Sync 1 DAGs
[2026-07-21T03:41:57.156+0000] {logging_mixin.py:188} INFO - [2026-07-21T03:41:57.156+0000] {dag.py:3947} INFO - Setting next_dagrun for minio_to_snowflake_banking to 2026-07-21 03:40:00+00:00, run_after=2026-07-21 03:41:00+00:00
[2026-07-21T03:41:57.181+0000] {processor.py:183} INFO - Processing /opt/airflow/dags/minio_to_snowflake.py took 0.875 seconds
[2026-07-21T03:42:27.766+0000] {processor.py:161} INFO - Started process (PID=2764) to work on /opt/airflow/dags/minio_to_snowflake.py
[2026-07-21T03:42:27.768+0000] {processor.py:830} INFO - Processing file /opt/airflow/dags/minio_to_snowflake.py for tasks to queue
[2026-07-21T03:42:27.773+0000] {logging_mixin.py:188} INFO - [2026-07-21T03:42:27.772+0000] {dagbag.py:545} INFO - Filling up the DagBag from /opt/airflow/dags/minio_to_snowflake.py
[2026-07-21T03:42:28.430+0000] {processor.py:840} INFO - DAG(s) 'minio_to_snowflake_banking' retrieved from /opt/airflow/dags/minio_to_snowflake.py
[2026-07-21T03:42:28.643+0000] {logging_mixin.py:188} INFO - [2026-07-21T03:42:28.642+0000] {dag.py:3089} INFO - Sync 1 DAGs
[2026-07-21T03:42:28.670+0000] {logging_mixin.py:188} INFO - [2026-07-21T03:42:28.670+0000] {dag.py:3947} INFO - Setting next_dagrun for minio_to_snowflake_banking to 2026-07-21 03:41:00+00:00, run_after=2026-07-21 03:42:00+00:00
[2026-07-21T03:42:28.693+0000] {processor.py:183} INFO - Processing /opt/airflow/dags/minio_to_snowflake.py took 0.937 seconds
[2026-07-21T03:42:59.045+0000] {processor.py:161} INFO - Started process (PID=2769) to work on /opt/airflow/dags/minio_to_snowflake.py
[2026-07-21T03:42:59.047+0000] {processor.py:830} INFO - Processing file /opt/airflow/dags/minio_to_snowflake.py for tasks to queue
[2026-07-21T03:42:59.049+0000] {logging_mixin.py:188} INFO - [2026-07-21T03:42:59.049+0000] {dagbag.py:545} INFO - Filling up the DagBag from /opt/airflow/dags/minio_to_snowflake.py
[2026-07-21T03:42:59.901+0000] {processor.py:840} INFO - DAG(s) 'minio_to_snowflake_banking' retrieved from /opt/airflow/dags/minio_to_snowflake.py
[2026-07-21T03:42:59.928+0000] {logging_mixin.py:188} INFO - [2026-07-21T03:42:59.928+0000] {dag.py:3089} INFO - Sync 1 DAGs
[2026-07-21T03:42:59.954+0000] {logging_mixin.py:188} INFO - [2026-07-21T03:42:59.954+0000] {dag.py:3947} INFO - Setting next_dagrun for minio_to_snowflake_banking to 2026-07-21 03:41:00+00:00, run_after=2026-07-21 03:42:00+00:00
[2026-07-21T03:42:59.973+0000] {processor.py:183} INFO - Processing /opt/airflow/dags/minio_to_snowflake.py took 0.936 seconds
[2026-07-21T03:43:30.429+0000] {processor.py:161} INFO - Started process (PID=2774) to work on /opt/airflow/dags/minio_to_snowflake.py
[2026-07-21T03:43:30.430+0000] {processor.py:830} INFO - Processing file /opt/airflow/dags/minio_to_snowflake.py for tasks to queue
[2026-07-21T03:43:30.432+0000] {logging_mixin.py:188} INFO - [2026-07-21T03:43:30.432+0000] {dagbag.py:545} INFO - Filling up the DagBag from /opt/airflow/dags/minio_to_snowflake.py
[2026-07-21T03:43:31.029+0000] {processor.py:840} INFO - DAG(s) 'minio_to_snowflake_banking' retrieved from /opt/airflow/dags/minio_to_snowflake.py
[2026-07-21T03:43:31.062+0000] {logging_mixin.py:188} INFO - [2026-07-21T03:43:31.062+0000] {dag.py:3089} INFO - Sync 1 DAGs
[2026-07-21T03:43:31.088+0000] {logging_mixin.py:188} INFO - [2026-07-21T03:43:31.088+0000] {dag.py:3947} INFO - Setting next_dagrun for minio_to_snowflake_banking to 2026-07-21 03:42:00+00:00, run_after=2026-07-21 03:43:00+00:00
[2026-07-21T03:43:31.267+0000] {processor.py:183} INFO - Processing /opt/airflow/dags/minio_to_snowflake.py took 0.846 seconds
[2026-07-21T03:44:01.804+0000] {processor.py:161} INFO - Started process (PID=2779) to work on /opt/airflow/dags/minio_to_snowflake.py
[2026-07-21T03:44:01.805+0000] {processor.py:830} INFO - Processing file /opt/airflow/dags/minio_to_snowflake.py for tasks to queue
[2026-07-21T03:44:01.807+0000] {logging_mixin.py:188} INFO - [2026-07-21T03:44:01.807+0000] {dagbag.py:545} INFO - Filling up the DagBag from /opt/airflow/dags/minio_to_snowflake.py
[2026-07-21T03:44:02.404+0000] {processor.py:840} INFO - DAG(s) 'minio_to_snowflake_banking' retrieved from /opt/airflow/dags/minio_to_snowflake.py
[2026-07-21T03:44:02.436+0000] {logging_mixin.py:188} INFO - [2026-07-21T03:44:02.436+0000] {dag.py:3089} INFO - Sync 1 DAGs
[2026-07-21T03:44:02.630+0000] {logging_mixin.py:188} INFO - [2026-07-21T03:44:02.629+0000] {dag.py:3947} INFO - Setting next_dagrun for minio_to_snowflake_banking to 2026-07-21 03:43:00+00:00, run_after=2026-07-21 03:44:00+00:00
[2026-07-21T03:44:02.651+0000] {processor.py:183} INFO - Processing /opt/airflow/dags/minio_to_snowflake.py took 0.855 seconds
[2026-07-21T03:44:33.077+0000] {processor.py:161} INFO - Started process (PID=2784) to work on /opt/airflow/dags/minio_to_snowflake.py
[2026-07-21T03:44:33.078+0000] {processor.py:830} INFO - Processing file /opt/airflow/dags/minio_to_snowflake.py for tasks to queue
[2026-07-21T03:44:33.080+0000] {logging_mixin.py:188} INFO - [2026-07-21T03:44:33.080+0000] {dagbag.py:545} INFO - Filling up the DagBag from /opt/airflow/dags/minio_to_snowflake.py
[2026-07-21T03:44:33.679+0000] {processor.py:840} INFO - DAG(s) 'minio_to_snowflake_banking' retrieved from /opt/airflow/dags/minio_to_snowflake.py
[2026-07-21T03:44:33.869+0000] {logging_mixin.py:188} INFO - [2026-07-21T03:44:33.869+0000] {dag.py:3089} INFO - Sync 1 DAGs
[2026-07-21T03:44:33.892+0000] {logging_mixin.py:188} INFO - [2026-07-21T03:44:33.892+0000] {dag.py:3947} INFO - Setting next_dagrun for minio_to_snowflake_banking to 2026-07-21 03:43:00+00:00, run_after=2026-07-21 03:44:00+00:00
[2026-07-21T03:44:33.910+0000] {processor.py:183} INFO - Processing /opt/airflow/dags/minio_to_snowflake.py took 0.840 seconds
[2026-07-21T03:45:04.230+0000] {processor.py:161} INFO - Started process (PID=2789) to work on /opt/airflow/dags/minio_to_snowflake.py
[2026-07-21T03:45:04.231+0000] {processor.py:830} INFO - Processing file /opt/airflow/dags/minio_to_snowflake.py for tasks to queue
[2026-07-21T03:45:04.234+0000] {logging_mixin.py:188} INFO - [2026-07-21T03:45:04.234+0000] {dagbag.py:545} INFO - Filling up the DagBag from /opt/airflow/dags/minio_to_snowflake.py
[2026-07-21T03:45:05.055+0000] {processor.py:840} INFO - DAG(s) 'minio_to_snowflake_banking' retrieved from /opt/airflow/dags/minio_to_snowflake.py
[2026-07-21T03:45:05.083+0000] {logging_mixin.py:188} INFO - [2026-07-21T03:45:05.083+0000] {dag.py:3089} INFO - Sync 1 DAGs
[2026-07-21T03:45:05.105+0000] {logging_mixin.py:188} INFO - [2026-07-21T03:45:05.105+0000] {dag.py:3947} INFO - Setting next_dagrun for minio_to_snowflake_banking to 2026-07-21 03:44:00+00:00, run_after=2026-07-21 03:45:00+00:00
[2026-07-21T03:45:05.127+0000] {processor.py:183} INFO - Processing /opt/airflow/dags/minio_to_snowflake.py took 0.904 seconds
[2026-07-21T03:45:35.465+0000] {processor.py:161} INFO - Started process (PID=2794) to work on /opt/airflow/dags/minio_to_snowflake.py
[2026-07-21T03:45:35.467+0000] {processor.py:830} INFO - Processing file /opt/airflow/dags/minio_to_snowflake.py for tasks to queue
[2026-07-21T03:45:35.469+0000] {logging_mixin.py:188} INFO - [2026-07-21T03:45:35.469+0000] {dagbag.py:545} INFO - Filling up the DagBag from /opt/airflow/dags/minio_to_snowflake.py
[2026-07-21T03:45:36.233+0000] {processor.py:840} INFO - DAG(s) 'minio_to_snowflake_banking' retrieved from /opt/airflow/dags/minio_to_snowflake.py
[2026-07-21T03:45:36.262+0000] {logging_mixin.py:188} INFO - [2026-07-21T03:45:36.261+0000] {dag.py:3089} INFO - Sync 1 DAGs
[2026-07-21T03:45:36.284+0000] {logging_mixin.py:188} INFO - [2026-07-21T03:45:36.284+0000] {dag.py:3947} INFO - Setting next_dagrun for minio_to_snowflake_banking to 2026-07-21 03:44:00+00:00, run_after=2026-07-21 03:45:00+00:00
[2026-07-21T03:45:36.305+0000] {processor.py:183} INFO - Processing /opt/airflow/dags/minio_to_snowflake.py took 0.849 seconds
[2026-07-21T03:46:06.671+0000] {processor.py:161} INFO - Started process (PID=2799) to work on /opt/airflow/dags/minio_to_snowflake.py
[2026-07-21T03:46:06.673+0000] {processor.py:830} INFO - Processing file /opt/airflow/dags/minio_to_snowflake.py for tasks to queue
[2026-07-21T03:46:06.676+0000] {logging_mixin.py:188} INFO - [2026-07-21T03:46:06.676+0000] {dagbag.py:545} INFO - Filling up the DagBag from /opt/airflow/dags/minio_to_snowflake.py
[2026-07-21T03:46:07.280+0000] {processor.py:840} INFO - DAG(s) 'minio_to_snowflake_banking' retrieved from /opt/airflow/dags/minio_to_snowflake.py
[2026-07-21T03:46:07.318+0000] {logging_mixin.py:188} INFO - [2026-07-21T03:46:07.318+0000] {dag.py:3089} INFO - Sync 1 DAGs
[2026-07-21T03:46:07.621+0000] {logging_mixin.py:188} INFO - [2026-07-21T03:46:07.621+0000] {dag.py:3947} INFO - Setting next_dagrun for minio_to_snowflake_banking to 2026-07-21 03:45:00+00:00, run_after=2026-07-21 03:46:00+00:00
[2026-07-21T03:46:07.654+0000] {processor.py:183} INFO - Processing /opt/airflow/dags/minio_to_snowflake.py took 0.990 seconds
[2026-07-21T03:46:38.006+0000] {processor.py:161} INFO - Started process (PID=2804) to work on /opt/airflow/dags/minio_to_snowflake.py
[2026-07-21T03:46:38.008+0000] {processor.py:830} INFO - Processing file /opt/airflow/dags/minio_to_snowflake.py for tasks to queue
[2026-07-21T03:46:38.011+0000] {logging_mixin.py:188} INFO - [2026-07-21T03:46:38.010+0000] {dagbag.py:545} INFO - Filling up the DagBag from /opt/airflow/dags/minio_to_snowflake.py
[2026-07-21T03:46:38.669+0000] {processor.py:840} INFO - DAG(s) 'minio_to_snowflake_banking' retrieved from /opt/airflow/dags/minio_to_snowflake.py
[2026-07-21T03:46:38.871+0000] {logging_mixin.py:188} INFO - [2026-07-21T03:46:38.870+0000] {dag.py:3089} INFO - Sync 1 DAGs
[2026-07-21T03:46:38.893+0000] {logging_mixin.py:188} INFO - [2026-07-21T03:46:38.893+0000] {dag.py:3947} INFO - Setting next_dagrun for minio_to_snowflake_banking to 2026-07-21 03:45:00+00:00, run_after=2026-07-21 03:46:00+00:00
[2026-07-21T03:46:38.912+0000] {processor.py:183} INFO - Processing /opt/airflow/dags/minio_to_snowflake.py took 0.917 seconds
[2026-07-21T03:47:09.387+0000] {processor.py:161} INFO - Started process (PID=2809) to work on /opt/airflow/dags/minio_to_snowflake.py
[2026-07-21T03:47:09.388+0000] {processor.py:830} INFO - Processing file /opt/airflow/dags/minio_to_snowflake.py for tasks to queue
[2026-07-21T03:47:09.391+0000] {logging_mixin.py:188} INFO - [2026-07-21T03:47:09.390+0000] {dagbag.py:545} INFO - Filling up the DagBag from /opt/airflow/dags/minio_to_snowflake.py
[2026-07-21T03:47:10.232+0000] {processor.py:840} INFO - DAG(s) 'minio_to_snowflake_banking' retrieved from /opt/airflow/dags/minio_to_snowflake.py
[2026-07-21T03:47:10.259+0000] {logging_mixin.py:188} INFO - [2026-07-21T03:47:10.259+0000] {dag.py:3089} INFO - Sync 1 DAGs
[2026-07-21T03:47:10.281+0000] {logging_mixin.py:188} INFO - [2026-07-21T03:47:10.280+0000] {dag.py:3947} INFO - Setting next_dagrun for minio_to_snowflake_banking to 2026-07-21 03:46:00+00:00, run_after=2026-07-21 03:47:00+00:00
[2026-07-21T03:47:10.300+0000] {processor.py:183} INFO - Processing /opt/airflow/dags/minio_to_snowflake.py took 0.920 seconds
[2026-07-21T03:47:40.720+0000] {processor.py:161} INFO - Started process (PID=2814) to work on /opt/airflow/dags/minio_to_snowflake.py
[2026-07-21T03:47:40.721+0000] {processor.py:830} INFO - Processing file /opt/airflow/dags/minio_to_snowflake.py for tasks to queue
[2026-07-21T03:47:40.724+0000] {logging_mixin.py:188} INFO - [2026-07-21T03:47:40.723+0000] {dagbag.py:545} INFO - Filling up the DagBag from /opt/airflow/dags/minio_to_snowflake.py
[2026-07-21T03:47:41.480+0000] {processor.py:840} INFO - DAG(s) 'minio_to_snowflake_banking' retrieved from /opt/airflow/dags/minio_to_snowflake.py
[2026-07-21T03:47:41.508+0000] {logging_mixin.py:188} INFO - [2026-07-21T03:47:41.508+0000] {dag.py:3089} INFO - Sync 1 DAGs
[2026-07-21T03:47:41.531+0000] {logging_mixin.py:188} INFO - [2026-07-21T03:47:41.531+0000] {dag.py:3947} INFO - Setting next_dagrun for minio_to_snowflake_banking to 2026-07-21 03:46:00+00:00, run_after=2026-07-21 03:47:00+00:00
[2026-07-21T03:47:41.554+0000] {processor.py:183} INFO - Processing /opt/airflow/dags/minio_to_snowflake.py took 0.841 seconds
[2026-07-21T03:48:11.910+0000] {processor.py:161} INFO - Started process (PID=2819) to work on /opt/airflow/dags/minio_to_snowflake.py
[2026-07-21T03:48:11.911+0000] {processor.py:830} INFO - Processing file /opt/airflow/dags/minio_to_snowflake.py for tasks to queue
[2026-07-21T03:48:11.914+0000] {logging_mixin.py:188} INFO - [2026-07-21T03:48:11.913+0000] {dagbag.py:545} INFO - Filling up the DagBag from /opt/airflow/dags/minio_to_snowflake.py
[2026-07-21T03:48:12.589+0000] {processor.py:840} INFO - DAG(s) 'minio_to_snowflake_banking' retrieved from /opt/airflow/dags/minio_to_snowflake.py
[2026-07-21T03:48:12.623+0000] {logging_mixin.py:188} INFO - [2026-07-21T03:48:12.622+0000] {dag.py:3089} INFO - Sync 1 DAGs
[2026-07-21T03:48:12.839+0000] {logging_mixin.py:188} INFO - [2026-07-21T03:48:12.839+0000] {dag.py:3947} INFO - Setting next_dagrun for minio_to_snowflake_banking to 2026-07-21 03:47:00+00:00, run_after=2026-07-21 03:48:00+00:00
[2026-07-21T03:48:12.861+0000] {processor.py:183} INFO - Processing /opt/airflow/dags/minio_to_snowflake.py took 0.959 seconds
[2026-07-21T03:48:43.317+0000] {processor.py:161} INFO - Started process (PID=2824) to work on /opt/airflow/dags/minio_to_snowflake.py
[2026-07-21T03:48:43.319+0000] {processor.py:830} INFO - Processing file /opt/airflow/dags/minio_to_snowflake.py for tasks to queue
[2026-07-21T03:48:43.322+0000] {logging_mixin.py:188} INFO - [2026-07-21T03:48:43.322+0000] {dagbag.py:545} INFO - Filling up the DagBag from /opt/airflow/dags/minio_to_snowflake.py
[2026-07-21T03:48:43.913+0000] {processor.py:840} INFO - DAG(s) 'minio_to_snowflake_banking' retrieved from /opt/airflow/dags/minio_to_snowflake.py
[2026-07-21T03:48:44.127+0000] {logging_mixin.py:188} INFO - [2026-07-21T03:48:44.127+0000] {dag.py:3089} INFO - Sync 1 DAGs
[2026-07-21T03:48:44.149+0000] {logging_mixin.py:188} INFO - [2026-07-21T03:48:44.149+0000] {dag.py:3947} INFO - Setting next_dagrun for minio_to_snowflake_banking to 2026-07-21 03:47:00+00:00, run_after=2026-07-21 03:48:00+00:00
[2026-07-21T03:48:44.168+0000] {processor.py:183} INFO - Processing /opt/airflow/dags/minio_to_snowflake.py took 0.859 seconds
[2026-07-21T03:49:14.517+0000] {processor.py:161} INFO - Started process (PID=2829) to work on /opt/airflow/dags/minio_to_snowflake.py
[2026-07-21T03:49:14.519+0000] {processor.py:830} INFO - Processing file /opt/airflow/dags/minio_to_snowflake.py for tasks to queue
[2026-07-21T03:49:14.522+0000] {logging_mixin.py:188} INFO - [2026-07-21T03:49:14.522+0000] {dagbag.py:545} INFO - Filling up the DagBag from /opt/airflow/dags/minio_to_snowflake.py
[2026-07-21T03:49:15.608+0000] {processor.py:840} INFO - DAG(s) 'minio_to_snowflake_banking' retrieved from /opt/airflow/dags/minio_to_snowflake.py
[2026-07-21T03:49:15.640+0000] {logging_mixin.py:188} INFO - [2026-07-21T03:49:15.639+0000] {dag.py:3089} INFO - Sync 1 DAGs
[2026-07-21T03:49:15.662+0000] {logging_mixin.py:188} INFO - [2026-07-21T03:49:15.662+0000] {dag.py:3947} INFO - Setting next_dagrun for minio_to_snowflake_banking to 2026-07-21 03:48:00+00:00, run_after=2026-07-21 03:49:00+00:00
[2026-07-21T03:49:15.685+0000] {processor.py:183} INFO - Processing /opt/airflow/dags/minio_to_snowflake.py took 1.179 seconds
[2026-07-21T03:49:46.120+0000] {processor.py:161} INFO - Started process (PID=2834) to work on /opt/airflow/dags/minio_to_snowflake.py
[2026-07-21T03:49:46.122+0000] {processor.py:830} INFO - Processing file /opt/airflow/dags/minio_to_snowflake.py for tasks to queue
[2026-07-21T03:49:46.125+0000] {logging_mixin.py:188} INFO - [2026-07-21T03:49:46.124+0000] {dagbag.py:545} INFO - Filling up the DagBag from /opt/airflow/dags/minio_to_snowflake.py
[2026-07-21T03:49:47.088+0000] {processor.py:840} INFO - DAG(s) 'minio_to_snowflake_banking' retrieved from /opt/airflow/dags/minio_to_snowflake.py
[2026-07-21T03:49:47.130+0000] {logging_mixin.py:188} INFO - [2026-07-21T03:49:47.129+0000] {dag.py:3089} INFO - Sync 1 DAGs
[2026-07-21T03:49:47.158+0000] {logging_mixin.py:188} INFO - [2026-07-21T03:49:47.157+0000] {dag.py:3947} INFO - Setting next_dagrun for minio_to_snowflake_banking to 2026-07-21 03:48:00+00:00, run_after=2026-07-21 03:49:00+00:00
[2026-07-21T03:49:47.181+0000] {processor.py:183} INFO - Processing /opt/airflow/dags/minio_to_snowflake.py took 1.073 seconds
[2026-07-21T03:50:17.464+0000] {processor.py:161} INFO - Started process (PID=2839) to work on /opt/airflow/dags/minio_to_snowflake.py
[2026-07-21T03:50:17.466+0000] {processor.py:830} INFO - Processing file /opt/airflow/dags/minio_to_snowflake.py for tasks to queue
[2026-07-21T03:50:17.469+0000] {logging_mixin.py:188} INFO - [2026-07-21T03:50:17.469+0000] {dagbag.py:545} INFO - Filling up the DagBag from /opt/airflow/dags/minio_to_snowflake.py
[2026-07-21T03:50:18.497+0000] {processor.py:840} INFO - DAG(s) 'minio_to_snowflake_banking' retrieved from /opt/airflow/dags/minio_to_snowflake.py
[2026-07-21T03:50:18.542+0000] {logging_mixin.py:188} INFO - [2026-07-21T03:50:18.541+0000] {dag.py:3089} INFO - Sync 1 DAGs
[2026-07-21T03:50:18.821+0000] {logging_mixin.py:188} INFO - [2026-07-21T03:50:18.821+0000] {dag.py:3947} INFO - Setting next_dagrun for minio_to_snowflake_banking to 2026-07-21 03:49:00+00:00, run_after=2026-07-21 03:50:00+00:00
[2026-07-21T03:50:18.845+0000] {processor.py:183} INFO - Processing /opt/airflow/dags/minio_to_snowflake.py took 1.390 seconds
[2026-07-21T03:50:49.035+0000] {processor.py:161} INFO - Started process (PID=2844) to work on /opt/airflow/dags/minio_to_snowflake.py
[2026-07-21T03:50:49.037+0000] {processor.py:830} INFO - Processing file /opt/airflow/dags/minio_to_snowflake.py for tasks to queue
[2026-07-21T03:50:49.039+0000] {logging_mixin.py:188} INFO - [2026-07-21T03:50:49.038+0000] {dagbag.py:545} INFO - Filling up the DagBag from /opt/airflow/dags/minio_to_snowflake.py
[2026-07-21T03:50:49.624+0000] {processor.py:840} INFO - DAG(s) 'minio_to_snowflake_banking' retrieved from /opt/airflow/dags/minio_to_snowflake.py
[2026-07-21T03:50:49.905+0000] {logging_mixin.py:188} INFO - [2026-07-21T03:50:49.903+0000] {dag.py:3089} INFO - Sync 1 DAGs
[2026-07-21T03:50:49.939+0000] {logging_mixin.py:188} INFO - [2026-07-21T03:50:49.939+0000] {dag.py:3947} INFO - Setting next_dagrun for minio_to_snowflake_banking to 2026-07-21 03:49:00+00:00, run_after=2026-07-21 03:50:00+00:00
[2026-07-21T03:50:49.966+0000] {processor.py:183} INFO - Processing /opt/airflow/dags/minio_to_snowflake.py took 0.941 seconds
[2026-07-21T03:51:20.293+0000] {processor.py:161} INFO - Started process (PID=2849) to work on /opt/airflow/dags/minio_to_snowflake.py
[2026-07-21T03:51:20.295+0000] {processor.py:830} INFO - Processing file /opt/airflow/dags/minio_to_snowflake.py for tasks to queue
[2026-07-21T03:51:20.297+0000] {logging_mixin.py:188} INFO - [2026-07-21T03:51:20.297+0000] {dagbag.py:545} INFO - Filling up the DagBag from /opt/airflow/dags/minio_to_snowflake.py
[2026-07-21T03:51:21.159+0000] {processor.py:840} INFO - DAG(s) 'minio_to_snowflake_banking' retrieved from /opt/airflow/dags/minio_to_snowflake.py
[2026-07-21T03:51:21.186+0000] {logging_mixin.py:188} INFO - [2026-07-21T03:51:21.186+0000] {dag.py:3089} INFO - Sync 1 DAGs
[2026-07-21T03:51:21.208+0000] {logging_mixin.py:188} INFO - [2026-07-21T03:51:21.208+0000] {dag.py:3947} INFO - Setting next_dagrun for minio_to_snowflake_banking to 2026-07-21 03:50:00+00:00, run_after=2026-07-21 03:51:00+00:00
[2026-07-21T03:51:21.228+0000] {processor.py:183} INFO - Processing /opt/airflow/dags/minio_to_snowflake.py took 0.942 seconds
[2026-07-21T03:51:51.582+0000] {processor.py:161} INFO - Started process (PID=2854) to work on /opt/airflow/dags/minio_to_snowflake.py
[2026-07-21T03:51:51.584+0000] {processor.py:830} INFO - Processing file /opt/airflow/dags/minio_to_snowflake.py for tasks to queue
[2026-07-21T03:51:51.586+0000] {logging_mixin.py:188} INFO - [2026-07-21T03:51:51.586+0000] {dagbag.py:545} INFO - Filling up the DagBag from /opt/airflow/dags/minio_to_snowflake.py
[2026-07-21T03:51:52.329+0000] {processor.py:840} INFO - DAG(s) 'minio_to_snowflake_banking' retrieved from /opt/airflow/dags/minio_to_snowflake.py
[2026-07-21T03:51:52.357+0000] {logging_mixin.py:188} INFO - [2026-07-21T03:51:52.357+0000] {dag.py:3089} INFO - Sync 1 DAGs
[2026-07-21T03:51:52.380+0000] {logging_mixin.py:188} INFO - [2026-07-21T03:51:52.380+0000] {dag.py:3947} INFO - Setting next_dagrun for minio_to_snowflake_banking to 2026-07-21 03:50:00+00:00, run_after=2026-07-21 03:51:00+00:00
[2026-07-21T03:51:52.401+0000] {processor.py:183} INFO - Processing /opt/airflow/dags/minio_to_snowflake.py took 0.826 seconds
[2026-07-21T03:52:23.127+0000] {processor.py:161} INFO - Started process (PID=2859) to work on /opt/airflow/dags/minio_to_snowflake.py
[2026-07-21T03:52:23.129+0000] {processor.py:830} INFO - Processing file /opt/airflow/dags/minio_to_snowflake.py for tasks to queue
[2026-07-21T03:52:23.132+0000] {logging_mixin.py:188} INFO - [2026-07-21T03:52:23.131+0000] {dagbag.py:545} INFO - Filling up the DagBag from /opt/airflow/dags/minio_to_snowflake.py
[2026-07-21T03:52:23.735+0000] {processor.py:840} INFO - DAG(s) 'minio_to_snowflake_banking' retrieved from /opt/airflow/dags/minio_to_snowflake.py
[2026-07-21T03:52:23.769+0000] {logging_mixin.py:188} INFO - [2026-07-21T03:52:23.769+0000] {dag.py:3089} INFO - Sync 1 DAGs
[2026-07-21T03:52:23.960+0000] {logging_mixin.py:188} INFO - [2026-07-21T03:52:23.960+0000] {dag.py:3947} INFO - Setting next_dagrun for minio_to_snowflake_banking to 2026-07-21 03:51:00+00:00, run_after=2026-07-21 03:52:00+00:00
[2026-07-21T03:52:23.980+0000] {processor.py:183} INFO - Processing /opt/airflow/dags/minio_to_snowflake.py took 0.863 seconds
[2026-07-21T03:52:54.419+0000] {processor.py:161} INFO - Started process (PID=2864) to work on /opt/airflow/dags/minio_to_snowflake.py
[2026-07-21T03:52:54.421+0000] {processor.py:830} INFO - Processing file /opt/airflow/dags/minio_to_snowflake.py for tasks to queue
[2026-07-21T03:52:54.423+0000] {logging_mixin.py:188} INFO - [2026-07-21T03:52:54.422+0000] {dagbag.py:545} INFO - Filling up the DagBag from /opt/airflow/dags/minio_to_snowflake.py
[2026-07-21T03:52:55.025+0000] {processor.py:840} INFO - DAG(s) 'minio_to_snowflake_banking' retrieved from /opt/airflow/dags/minio_to_snowflake.py
[2026-07-21T03:52:55.219+0000] {logging_mixin.py:188} INFO - [2026-07-21T03:52:55.219+0000] {dag.py:3089} INFO - Sync 1 DAGs
[2026-07-21T03:52:55.241+0000] {logging_mixin.py:188} INFO - [2026-07-21T03:52:55.241+0000] {dag.py:3947} INFO - Setting next_dagrun for minio_to_snowflake_banking to 2026-07-21 03:51:00+00:00, run_after=2026-07-21 03:52:00+00:00
[2026-07-21T03:52:55.261+0000] {processor.py:183} INFO - Processing /opt/airflow/dags/minio_to_snowflake.py took 0.849 seconds
[2026-07-21T03:53:25.661+0000] {processor.py:161} INFO - Started process (PID=2869) to work on /opt/airflow/dags/minio_to_snowflake.py
[2026-07-21T03:53:25.662+0000] {processor.py:830} INFO - Processing file /opt/airflow/dags/minio_to_snowflake.py for tasks to queue
[2026-07-21T03:53:25.664+0000] {logging_mixin.py:188} INFO - [2026-07-21T03:53:25.664+0000] {dagbag.py:545} INFO - Filling up the DagBag from /opt/airflow/dags/minio_to_snowflake.py
[2026-07-21T03:53:26.429+0000] {processor.py:840} INFO - DAG(s) 'minio_to_snowflake_banking' retrieved from /opt/airflow/dags/minio_to_snowflake.py
[2026-07-21T03:53:26.460+0000] {logging_mixin.py:188} INFO - [2026-07-21T03:53:26.460+0000] {dag.py:3089} INFO - Sync 1 DAGs
[2026-07-21T03:53:26.483+0000] {logging_mixin.py:188} INFO - [2026-07-21T03:53:26.483+0000] {dag.py:3947} INFO - Setting next_dagrun for minio_to_snowflake_banking to 2026-07-21 03:52:00+00:00, run_after=2026-07-21 03:53:00+00:00
[2026-07-21T03:53:26.503+0000] {processor.py:183} INFO - Processing /opt/airflow/dags/minio_to_snowflake.py took 0.851 seconds
[2026-07-21T03:53:57.087+0000] {processor.py:161} INFO - Started process (PID=2874) to work on /opt/airflow/dags/minio_to_snowflake.py
[2026-07-21T03:53:57.089+0000] {processor.py:830} INFO - Processing file /opt/airflow/dags/minio_to_snowflake.py for tasks to queue
[2026-07-21T03:53:57.093+0000] {logging_mixin.py:188} INFO - [2026-07-21T03:53:57.092+0000] {dagbag.py:545} INFO - Filling up the DagBag from /opt/airflow/dags/minio_to_snowflake.py
[2026-07-21T03:53:58.104+0000] {processor.py:840} INFO - DAG(s) 'minio_to_snowflake_banking' retrieved from /opt/airflow/dags/minio_to_snowflake.py
[2026-07-21T03:53:58.142+0000] {logging_mixin.py:188} INFO - [2026-07-21T03:53:58.140+0000] {dag.py:3089} INFO - Sync 1 DAGs
[2026-07-21T03:53:58.175+0000] {logging_mixin.py:188} INFO - [2026-07-21T03:53:58.174+0000] {dag.py:3947} INFO - Setting next_dagrun for minio_to_snowflake_banking to 2026-07-21 03:52:00+00:00, run_after=2026-07-21 03:53:00+00:00
[2026-07-21T03:53:58.202+0000] {processor.py:183} INFO - Processing /opt/airflow/dags/minio_to_snowflake.py took 1.127 seconds
[2026-07-21T03:54:28.611+0000] {processor.py:161} INFO - Started process (PID=2880) to work on /opt/airflow/dags/minio_to_snowflake.py
[2026-07-21T03:54:28.613+0000] {processor.py:830} INFO - Processing file /opt/airflow/dags/minio_to_snowflake.py for tasks to queue
[2026-07-21T03:54:28.617+0000] {logging_mixin.py:188} INFO - [2026-07-21T03:54:28.616+0000] {dagbag.py:545} INFO - Filling up the DagBag from /opt/airflow/dags/minio_to_snowflake.py
[2026-07-21T03:54:29.237+0000] {processor.py:840} INFO - DAG(s) 'minio_to_snowflake_banking' retrieved from /opt/airflow/dags/minio_to_snowflake.py
[2026-07-21T03:54:29.270+0000] {logging_mixin.py:188} INFO - [2026-07-21T03:54:29.270+0000] {dag.py:3089} INFO - Sync 1 DAGs
[2026-07-21T03:54:29.476+0000] {logging_mixin.py:188} INFO - [2026-07-21T03:54:29.475+0000] {dag.py:3947} INFO - Setting next_dagrun for minio_to_snowflake_banking to 2026-07-21 03:53:00+00:00, run_after=2026-07-21 03:54:00+00:00
[2026-07-21T03:54:29.496+0000] {processor.py:183} INFO - Processing /opt/airflow/dags/minio_to_snowflake.py took 0.897 seconds
[2026-07-21T03:55:00.063+0000] {processor.py:161} INFO - Started process (PID=2885) to work on /opt/airflow/dags/minio_to_snowflake.py
[2026-07-21T03:55:00.064+0000] {processor.py:830} INFO - Processing file /opt/airflow/dags/minio_to_snowflake.py for tasks to queue
[2026-07-21T03:55:00.067+0000] {logging_mixin.py:188} INFO - [2026-07-21T03:55:00.066+0000] {dagbag.py:545} INFO - Filling up the DagBag from /opt/airflow/dags/minio_to_snowflake.py
[2026-07-21T03:55:00.750+0000] {processor.py:840} INFO - DAG(s) 'minio_to_snowflake_banking' retrieved from /opt/airflow/dags/minio_to_snowflake.py
[2026-07-21T03:55:00.984+0000] {logging_mixin.py:188} INFO - [2026-07-21T03:55:00.984+0000] {dag.py:3089} INFO - Sync 1 DAGs
[2026-07-21T03:55:01.008+0000] {logging_mixin.py:188} INFO - [2026-07-21T03:55:01.008+0000] {dag.py:3947} INFO - Setting next_dagrun for minio_to_snowflake_banking to 2026-07-21 03:54:00+00:00, run_after=2026-07-21 03:55:00+00:00
[2026-07-21T03:55:01.032+0000] {processor.py:183} INFO - Processing /opt/airflow/dags/minio_to_snowflake.py took 0.977 seconds
[2026-07-21T03:55:31.373+0000] {processor.py:161} INFO - Started process (PID=2890) to work on /opt/airflow/dags/minio_to_snowflake.py
[2026-07-21T03:55:31.375+0000] {processor.py:830} INFO - Processing file /opt/airflow/dags/minio_to_snowflake.py for tasks to queue
[2026-07-21T03:55:31.378+0000] {logging_mixin.py:188} INFO - [2026-07-21T03:55:31.377+0000] {dagbag.py:545} INFO - Filling up the DagBag from /opt/airflow/dags/minio_to_snowflake.py
[2026-07-21T03:55:32.207+0000] {processor.py:840} INFO - DAG(s) 'minio_to_snowflake_banking' retrieved from /opt/airflow/dags/minio_to_snowflake.py
[2026-07-21T03:55:32.235+0000] {logging_mixin.py:188} INFO - [2026-07-21T03:55:32.235+0000] {dag.py:3089} INFO - Sync 1 DAGs
[2026-07-21T03:55:32.259+0000] {logging_mixin.py:188} INFO - [2026-07-21T03:55:32.259+0000] {dag.py:3947} INFO - Setting next_dagrun for minio_to_snowflake_banking to 2026-07-21 03:54:00+00:00, run_after=2026-07-21 03:55:00+00:00
[2026-07-21T03:55:32.280+0000] {processor.py:183} INFO - Processing /opt/airflow/dags/minio_to_snowflake.py took 0.917 seconds
[2026-07-21T03:56:02.678+0000] {processor.py:161} INFO - Started process (PID=2895) to work on /opt/airflow/dags/minio_to_snowflake.py
[2026-07-21T03:56:02.680+0000] {processor.py:830} INFO - Processing file /opt/airflow/dags/minio_to_snowflake.py for tasks to queue
[2026-07-21T03:56:02.684+0000] {logging_mixin.py:188} INFO - [2026-07-21T03:56:02.683+0000] {dagbag.py:545} INFO - Filling up the DagBag from /opt/airflow/dags/minio_to_snowflake.py
[2026-07-21T03:56:03.515+0000] {processor.py:840} INFO - DAG(s) 'minio_to_snowflake_banking' retrieved from /opt/airflow/dags/minio_to_snowflake.py
[2026-07-21T03:56:03.546+0000] {logging_mixin.py:188} INFO - [2026-07-21T03:56:03.545+0000] {dag.py:3089} INFO - Sync 1 DAGs
[2026-07-21T03:56:03.570+0000] {logging_mixin.py:188} INFO - [2026-07-21T03:56:03.570+0000] {dag.py:3947} INFO - Setting next_dagrun for minio_to_snowflake_banking to 2026-07-21 03:55:00+00:00, run_after=2026-07-21 03:56:00+00:00
[2026-07-21T03:56:03.593+0000] {processor.py:183} INFO - Processing /opt/airflow/dags/minio_to_snowflake.py took 0.926 seconds
[2026-07-21T03:56:34.156+0000] {processor.py:161} INFO - Started process (PID=2900) to work on /opt/airflow/dags/minio_to_snowflake.py
[2026-07-21T03:56:34.157+0000] {processor.py:830} INFO - Processing file /opt/airflow/dags/minio_to_snowflake.py for tasks to queue
[2026-07-21T03:56:34.159+0000] {logging_mixin.py:188} INFO - [2026-07-21T03:56:34.159+0000] {dagbag.py:545} INFO - Filling up the DagBag from /opt/airflow/dags/minio_to_snowflake.py
[2026-07-21T03:56:34.789+0000] {processor.py:840} INFO - DAG(s) 'minio_to_snowflake_banking' retrieved from /opt/airflow/dags/minio_to_snowflake.py
[2026-07-21T03:56:34.822+0000] {logging_mixin.py:188} INFO - [2026-07-21T03:56:34.821+0000] {dag.py:3089} INFO - Sync 1 DAGs
[2026-07-21T03:56:35.024+0000] {logging_mixin.py:188} INFO - [2026-07-21T03:56:35.023+0000] {dag.py:3947} INFO - Setting next_dagrun for minio_to_snowflake_banking to 2026-07-21 03:55:00+00:00, run_after=2026-07-21 03:56:00+00:00
[2026-07-21T03:56:35.048+0000] {processor.py:183} INFO - Processing /opt/airflow/dags/minio_to_snowflake.py took 0.900 seconds
[2026-07-21T03:57:05.506+0000] {processor.py:161} INFO - Started process (PID=2905) to work on /opt/airflow/dags/minio_to_snowflake.py
[2026-07-21T03:57:05.508+0000] {processor.py:830} INFO - Processing file /opt/airflow/dags/minio_to_snowflake.py for tasks to queue
[2026-07-21T03:57:05.510+0000] {logging_mixin.py:188} INFO - [2026-07-21T03:57:05.510+0000] {dagbag.py:545} INFO - Filling up the DagBag from /opt/airflow/dags/minio_to_snowflake.py
[2026-07-21T03:57:06.112+0000] {processor.py:840} INFO - DAG(s) 'minio_to_snowflake_banking' retrieved from /opt/airflow/dags/minio_to_snowflake.py
[2026-07-21T03:57:06.322+0000] {logging_mixin.py:188} INFO - [2026-07-21T03:57:06.321+0000] {dag.py:3089} INFO - Sync 1 DAGs
[2026-07-21T03:57:06.345+0000] {logging_mixin.py:188} INFO - [2026-07-21T03:57:06.345+0000] {dag.py:3947} INFO - Setting next_dagrun for minio_to_snowflake_banking to 2026-07-21 03:56:00+00:00, run_after=2026-07-21 03:57:00+00:00
[2026-07-21T03:57:06.368+0000] {processor.py:183} INFO - Processing /opt/airflow/dags/minio_to_snowflake.py took 0.869 seconds
[2026-07-21T03:57:36.885+0000] {processor.py:161} INFO - Started process (PID=2910) to work on /opt/airflow/dags/minio_to_snowflake.py
[2026-07-21T03:57:36.887+0000] {processor.py:830} INFO - Processing file /opt/airflow/dags/minio_to_snowflake.py for tasks to queue
[2026-07-21T03:57:36.889+0000] {logging_mixin.py:188} INFO - [2026-07-21T03:57:36.888+0000] {dagbag.py:545} INFO - Filling up the DagBag from /opt/airflow/dags/minio_to_snowflake.py
[2026-07-21T03:57:38.386+0000] {processor.py:840} INFO - DAG(s) 'minio_to_snowflake_banking' retrieved from /opt/airflow/dags/minio_to_snowflake.py
[2026-07-21T03:57:38.486+0000] {logging_mixin.py:188} INFO - [2026-07-21T03:57:38.484+0000] {dag.py:3089} INFO - Sync 1 DAGs
[2026-07-21T03:57:38.552+0000] {logging_mixin.py:188} INFO - [2026-07-21T03:57:38.552+0000] {dag.py:3947} INFO - Setting next_dagrun for minio_to_snowflake_banking to 2026-07-21 03:56:00+00:00, run_after=2026-07-21 03:57:00+00:00
[2026-07-21T03:57:38.609+0000] {processor.py:183} INFO - Processing /opt/airflow/dags/minio_to_snowflake.py took 1.733 seconds
[2026-07-21T03:58:09.373+0000] {processor.py:161} INFO - Started process (PID=2915) to work on /opt/airflow/dags/minio_to_snowflake.py
[2026-07-21T03:58:09.374+0000] {processor.py:830} INFO - Processing file /opt/airflow/dags/minio_to_snowflake.py for tasks to queue
[2026-07-21T03:58:09.376+0000] {logging_mixin.py:188} INFO - [2026-07-21T03:58:09.376+0000] {dagbag.py:545} INFO - Filling up the DagBag from /opt/airflow/dags/minio_to_snowflake.py
[2026-07-21T03:58:10.186+0000] {processor.py:840} INFO - DAG(s) 'minio_to_snowflake_banking' retrieved from /opt/airflow/dags/minio_to_snowflake.py
[2026-07-21T03:58:10.217+0000] {logging_mixin.py:188} INFO - [2026-07-21T03:58:10.217+0000] {dag.py:3089} INFO - Sync 1 DAGs
[2026-07-21T03:58:10.270+0000] {logging_mixin.py:188} INFO - [2026-07-21T03:58:10.270+0000] {dag.py:3947} INFO - Setting next_dagrun for minio_to_snowflake_banking to 2026-07-21 03:57:00+00:00, run_after=2026-07-21 03:58:00+00:00
[2026-07-21T03:58:10.305+0000] {processor.py:183} INFO - Processing /opt/airflow/dags/minio_to_snowflake.py took 0.940 seconds
[2026-07-21T03:58:40.866+0000] {processor.py:161} INFO - Started process (PID=2920) to work on /opt/airflow/dags/minio_to_snowflake.py
[2026-07-21T03:58:40.868+0000] {processor.py:830} INFO - Processing file /opt/airflow/dags/minio_to_snowflake.py for tasks to queue
[2026-07-21T03:58:40.870+0000] {logging_mixin.py:188} INFO - [2026-07-21T03:58:40.870+0000] {dagbag.py:545} INFO - Filling up the DagBag from /opt/airflow/dags/minio_to_snowflake.py
[2026-07-21T03:58:41.461+0000] {processor.py:840} INFO - DAG(s) 'minio_to_snowflake_banking' retrieved from /opt/airflow/dags/minio_to_snowflake.py
[2026-07-21T03:58:41.494+0000] {logging_mixin.py:188} INFO - [2026-07-21T03:58:41.494+0000] {dag.py:3089} INFO - Sync 1 DAGs
[2026-07-21T03:58:41.684+0000] {logging_mixin.py:188} INFO - [2026-07-21T03:58:41.684+0000] {dag.py:3947} INFO - Setting next_dagrun for minio_to_snowflake_banking to 2026-07-21 03:57:00+00:00, run_after=2026-07-21 03:58:00+00:00
[2026-07-21T03:58:41.705+0000] {processor.py:183} INFO - Processing /opt/airflow/dags/minio_to_snowflake.py took 0.851 seconds
[2026-07-21T03:59:12.138+0000] {processor.py:161} INFO - Started process (PID=2925) to work on /opt/airflow/dags/minio_to_snowflake.py
[2026-07-21T03:59:12.140+0000] {processor.py:830} INFO - Processing file /opt/airflow/dags/minio_to_snowflake.py for tasks to queue
[2026-07-21T03:59:12.143+0000] {logging_mixin.py:188} INFO - [2026-07-21T03:59:12.143+0000] {dagbag.py:545} INFO - Filling up the DagBag from /opt/airflow/dags/minio_to_snowflake.py
[2026-07-21T03:59:12.765+0000] {processor.py:840} INFO - DAG(s) 'minio_to_snowflake_banking' retrieved from /opt/airflow/dags/minio_to_snowflake.py
[2026-07-21T03:59:12.966+0000] {logging_mixin.py:188} INFO - [2026-07-21T03:59:12.966+0000] {dag.py:3089} INFO - Sync 1 DAGs
[2026-07-21T03:59:12.990+0000] {logging_mixin.py:188} INFO - [2026-07-21T03:59:12.990+0000] {dag.py:3947} INFO - Setting next_dagrun for minio_to_snowflake_banking to 2026-07-21 03:58:00+00:00, run_after=2026-07-21 03:59:00+00:00
[2026-07-21T03:59:13.013+0000] {processor.py:183} INFO - Processing /opt/airflow/dags/minio_to_snowflake.py took 0.882 seconds
[2026-07-21T03:59:43.365+0000] {processor.py:161} INFO - Started process (PID=2930) to work on /opt/airflow/dags/minio_to_snowflake.py
[2026-07-21T03:59:43.367+0000] {processor.py:830} INFO - Processing file /opt/airflow/dags/minio_to_snowflake.py for tasks to queue
[2026-07-21T03:59:43.370+0000] {logging_mixin.py:188} INFO - [2026-07-21T03:59:43.370+0000] {dagbag.py:545} INFO - Filling up the DagBag from /opt/airflow/dags/minio_to_snowflake.py
[2026-07-21T03:59:44.145+0000] {processor.py:840} INFO - DAG(s) 'minio_to_snowflake_banking' retrieved from /opt/airflow/dags/minio_to_snowflake.py
[2026-07-21T03:59:44.173+0000] {logging_mixin.py:188} INFO - [2026-07-21T03:59:44.172+0000] {dag.py:3089} INFO - Sync 1 DAGs
[2026-07-21T03:59:44.196+0000] {logging_mixin.py:188} INFO - [2026-07-21T03:59:44.196+0000] {dag.py:3947} INFO - Setting next_dagrun for minio_to_snowflake_banking to 2026-07-21 03:58:00+00:00, run_after=2026-07-21 03:59:00+00:00
[2026-07-21T03:59:44.216+0000] {processor.py:183} INFO - Processing /opt/airflow/dags/minio_to_snowflake.py took 0.860 seconds
[2026-07-21T04:00:14.612+0000] {processor.py:161} INFO - Started process (PID=2935) to work on /opt/airflow/dags/minio_to_snowflake.py
[2026-07-21T04:00:14.615+0000] {processor.py:830} INFO - Processing file /opt/airflow/dags/minio_to_snowflake.py for tasks to queue
[2026-07-21T04:00:14.618+0000] {logging_mixin.py:188} INFO - [2026-07-21T04:00:14.617+0000] {dagbag.py:545} INFO - Filling up the DagBag from /opt/airflow/dags/minio_to_snowflake.py
[2026-07-21T04:00:16.760+0000] {processor.py:840} INFO - DAG(s) 'minio_to_snowflake_banking' retrieved from /opt/airflow/dags/minio_to_snowflake.py
[2026-07-21T04:00:16.791+0000] {logging_mixin.py:188} INFO - [2026-07-21T04:00:16.790+0000] {dag.py:3089} INFO - Sync 1 DAGs
[2026-07-21T04:00:16.820+0000] {logging_mixin.py:188} INFO - [2026-07-21T04:00:16.820+0000] {dag.py:3947} INFO - Setting next_dagrun for minio_to_snowflake_banking to 2026-07-21 03:59:00+00:00, run_after=2026-07-21 04:00:00+00:00
[2026-07-21T04:00:16.844+0000] {processor.py:183} INFO - Processing /opt/airflow/dags/minio_to_snowflake.py took 2.243 seconds
[2026-07-21T04:00:47.187+0000] {processor.py:161} INFO - Started process (PID=2940) to work on /opt/airflow/dags/minio_to_snowflake.py
[2026-07-21T04:00:47.190+0000] {processor.py:830} INFO - Processing file /opt/airflow/dags/minio_to_snowflake.py for tasks to queue
[2026-07-21T04:00:47.194+0000] {logging_mixin.py:188} INFO - [2026-07-21T04:00:47.193+0000] {dagbag.py:545} INFO - Filling up the DagBag from /opt/airflow/dags/minio_to_snowflake.py
[2026-07-21T04:00:48.417+0000] {processor.py:840} INFO - DAG(s) 'minio_to_snowflake_banking' retrieved from /opt/airflow/dags/minio_to_snowflake.py
[2026-07-21T04:00:48.519+0000] {logging_mixin.py:188} INFO - [2026-07-21T04:00:48.518+0000] {dag.py:3089} INFO - Sync 1 DAGs
[2026-07-21T04:00:48.987+0000] {logging_mixin.py:188} INFO - [2026-07-21T04:00:48.987+0000] {dag.py:3947} INFO - Setting next_dagrun for minio_to_snowflake_banking to 2026-07-21 03:59:00+00:00, run_after=2026-07-21 04:00:00+00:00
[2026-07-21T04:00:49.022+0000] {processor.py:183} INFO - Processing /opt/airflow/dags/minio_to_snowflake.py took 1.848 seconds
[2026-07-21T04:01:19.809+0000] {processor.py:161} INFO - Started process (PID=2945) to work on /opt/airflow/dags/minio_to_snowflake.py
[2026-07-21T04:01:19.810+0000] {processor.py:830} INFO - Processing file /opt/airflow/dags/minio_to_snowflake.py for tasks to queue
[2026-07-21T04:01:19.813+0000] {logging_mixin.py:188} INFO - [2026-07-21T04:01:19.812+0000] {dagbag.py:545} INFO - Filling up the DagBag from /opt/airflow/dags/minio_to_snowflake.py
[2026-07-21T04:01:20.503+0000] {processor.py:840} INFO - DAG(s) 'minio_to_snowflake_banking' retrieved from /opt/airflow/dags/minio_to_snowflake.py
[2026-07-21T04:01:20.857+0000] {logging_mixin.py:188} INFO - [2026-07-21T04:01:20.856+0000] {dag.py:3089} INFO - Sync 1 DAGs
[2026-07-21T04:01:20.894+0000] {logging_mixin.py:188} INFO - [2026-07-21T04:01:20.893+0000] {dag.py:3947} INFO - Setting next_dagrun for minio_to_snowflake_banking to 2026-07-21 04:00:00+00:00, run_after=2026-07-21 04:01:00+00:00
[2026-07-21T04:01:20.914+0000] {processor.py:183} INFO - Processing /opt/airflow/dags/minio_to_snowflake.py took 1.114 seconds
[2026-07-21T04:01:51.294+0000] {processor.py:161} INFO - Started process (PID=2950) to work on /opt/airflow/dags/minio_to_snowflake.py
[2026-07-21T04:01:51.295+0000] {processor.py:830} INFO - Processing file /opt/airflow/dags/minio_to_snowflake.py for tasks to queue
[2026-07-21T04:01:51.298+0000] {logging_mixin.py:188} INFO - [2026-07-21T04:01:51.297+0000] {dagbag.py:545} INFO - Filling up the DagBag from /opt/airflow/dags/minio_to_snowflake.py
[2026-07-21T04:01:52.128+0000] {processor.py:840} INFO - DAG(s) 'minio_to_snowflake_banking' retrieved from /opt/airflow/dags/minio_to_snowflake.py
[2026-07-21T04:01:52.158+0000] {logging_mixin.py:188} INFO - [2026-07-21T04:01:52.157+0000] {dag.py:3089} INFO - Sync 1 DAGs
[2026-07-21T04:01:52.180+0000] {logging_mixin.py:188} INFO - [2026-07-21T04:01:52.180+0000] {dag.py:3947} INFO - Setting next_dagrun for minio_to_snowflake_banking to 2026-07-21 04:00:00+00:00, run_after=2026-07-21 04:01:00+00:00
[2026-07-21T04:01:52.201+0000] {processor.py:183} INFO - Processing /opt/airflow/dags/minio_to_snowflake.py took 0.917 seconds
[2026-07-21T04:02:22.728+0000] {processor.py:161} INFO - Started process (PID=2955) to work on /opt/airflow/dags/minio_to_snowflake.py
[2026-07-21T04:02:22.730+0000] {processor.py:830} INFO - Processing file /opt/airflow/dags/minio_to_snowflake.py for tasks to queue
[2026-07-21T04:02:22.733+0000] {logging_mixin.py:188} INFO - [2026-07-21T04:02:22.732+0000] {dagbag.py:545} INFO - Filling up the DagBag from /opt/airflow/dags/minio_to_snowflake.py
[2026-07-21T04:02:23.573+0000] {processor.py:840} INFO - DAG(s) 'minio_to_snowflake_banking' retrieved from /opt/airflow/dags/minio_to_snowflake.py
[2026-07-21T04:02:23.604+0000] {logging_mixin.py:188} INFO - [2026-07-21T04:02:23.603+0000] {dag.py:3089} INFO - Sync 1 DAGs
[2026-07-21T04:02:23.626+0000] {logging_mixin.py:188} INFO - [2026-07-21T04:02:23.626+0000] {dag.py:3947} INFO - Setting next_dagrun for minio_to_snowflake_banking to 2026-07-21 04:01:00+00:00, run_after=2026-07-21 04:02:00+00:00
[2026-07-21T04:02:23.649+0000] {processor.py:183} INFO - Processing /opt/airflow/dags/minio_to_snowflake.py took 0.927 seconds
[2026-07-21T04:02:54.181+0000] {processor.py:161} INFO - Started process (PID=2960) to work on /opt/airflow/dags/minio_to_snowflake.py
[2026-07-21T04:02:54.183+0000] {processor.py:830} INFO - Processing file /opt/airflow/dags/minio_to_snowflake.py for tasks to queue
[2026-07-21T04:02:54.186+0000] {logging_mixin.py:188} INFO - [2026-07-21T04:02:54.185+0000] {dagbag.py:545} INFO - Filling up the DagBag from /opt/airflow/dags/minio_to_snowflake.py
[2026-07-21T04:02:54.784+0000] {processor.py:840} INFO - DAG(s) 'minio_to_snowflake_banking' retrieved from /opt/airflow/dags/minio_to_snowflake.py
[2026-07-21T04:02:54.819+0000] {logging_mixin.py:188} INFO - [2026-07-21T04:02:54.819+0000] {dag.py:3089} INFO - Sync 1 DAGs
[2026-07-21T04:02:55.025+0000] {logging_mixin.py:188} INFO - [2026-07-21T04:02:55.025+0000] {dag.py:3947} INFO - Setting next_dagrun for minio_to_snowflake_banking to 2026-07-21 04:01:00+00:00, run_after=2026-07-21 04:02:00+00:00
[2026-07-21T04:02:55.053+0000] {processor.py:183} INFO - Processing /opt/airflow/dags/minio_to_snowflake.py took 0.880 seconds
[2026-07-21T04:03:25.568+0000] {processor.py:161} INFO - Started process (PID=2965) to work on /opt/airflow/dags/minio_to_snowflake.py
[2026-07-21T04:03:25.570+0000] {processor.py:830} INFO - Processing file /opt/airflow/dags/minio_to_snowflake.py for tasks to queue
[2026-07-21T04:03:25.573+0000] {logging_mixin.py:188} INFO - [2026-07-21T04:03:25.573+0000] {dagbag.py:545} INFO - Filling up the DagBag from /opt/airflow/dags/minio_to_snowflake.py
[2026-07-21T04:03:26.293+0000] {processor.py:840} INFO - DAG(s) 'minio_to_snowflake_banking' retrieved from /opt/airflow/dags/minio_to_snowflake.py
[2026-07-21T04:03:26.576+0000] {logging_mixin.py:188} INFO - [2026-07-21T04:03:26.575+0000] {dag.py:3089} INFO - Sync 1 DAGs
[2026-07-21T04:03:26.612+0000] {logging_mixin.py:188} INFO - [2026-07-21T04:03:26.612+0000] {dag.py:3947} INFO - Setting next_dagrun for minio_to_snowflake_banking to 2026-07-21 04:02:00+00:00, run_after=2026-07-21 04:03:00+00:00
[2026-07-21T04:03:26.644+0000] {processor.py:183} INFO - Processing /opt/airflow/dags/minio_to_snowflake.py took 1.086 seconds
[2026-07-21T04:03:57.001+0000] {processor.py:161} INFO - Started process (PID=2970) to work on /opt/airflow/dags/minio_to_snowflake.py
[2026-07-21T04:03:57.002+0000] {processor.py:830} INFO - Processing file /opt/airflow/dags/minio_to_snowflake.py for tasks to queue
[2026-07-21T04:03:57.005+0000] {logging_mixin.py:188} INFO - [2026-07-21T04:03:57.004+0000] {dagbag.py:545} INFO - Filling up the DagBag from /opt/airflow/dags/minio_to_snowflake.py
[2026-07-21T04:03:57.806+0000] {processor.py:840} INFO - DAG(s) 'minio_to_snowflake_banking' retrieved from /opt/airflow/dags/minio_to_snowflake.py
[2026-07-21T04:03:57.837+0000] {logging_mixin.py:188} INFO - [2026-07-21T04:03:57.837+0000] {dag.py:3089} INFO - Sync 1 DAGs
[2026-07-21T04:03:57.861+0000] {logging_mixin.py:188} INFO - [2026-07-21T04:03:57.861+0000] {dag.py:3947} INFO - Setting next_dagrun for minio_to_snowflake_banking to 2026-07-21 04:02:00+00:00, run_after=2026-07-21 04:03:00+00:00
[2026-07-21T04:03:57.886+0000] {processor.py:183} INFO - Processing /opt/airflow/dags/minio_to_snowflake.py took 0.892 seconds
[2026-07-21T04:04:28.491+0000] {processor.py:161} INFO - Started process (PID=2975) to work on /opt/airflow/dags/minio_to_snowflake.py
[2026-07-21T04:04:28.493+0000] {processor.py:830} INFO - Processing file /opt/airflow/dags/minio_to_snowflake.py for tasks to queue
[2026-07-21T04:04:28.496+0000] {logging_mixin.py:188} INFO - [2026-07-21T04:04:28.495+0000] {dagbag.py:545} INFO - Filling up the DagBag from /opt/airflow/dags/minio_to_snowflake.py
[2026-07-21T04:04:29.415+0000] {processor.py:840} INFO - DAG(s) 'minio_to_snowflake_banking' retrieved from /opt/airflow/dags/minio_to_snowflake.py
[2026-07-21T04:04:29.445+0000] {logging_mixin.py:188} INFO - [2026-07-21T04:04:29.444+0000] {dag.py:3089} INFO - Sync 1 DAGs
[2026-07-21T04:04:29.479+0000] {logging_mixin.py:188} INFO - [2026-07-21T04:04:29.479+0000] {dag.py:3947} INFO - Setting next_dagrun for minio_to_snowflake_banking to 2026-07-21 04:03:00+00:00, run_after=2026-07-21 04:04:00+00:00
[2026-07-21T04:04:29.527+0000] {processor.py:183} INFO - Processing /opt/airflow/dags/minio_to_snowflake.py took 1.045 seconds
[2026-07-21T04:04:59.972+0000] {processor.py:161} INFO - Started process (PID=2980) to work on /opt/airflow/dags/minio_to_snowflake.py
[2026-07-21T04:04:59.976+0000] {processor.py:830} INFO - Processing file /opt/airflow/dags/minio_to_snowflake.py for tasks to queue
[2026-07-21T04:04:59.979+0000] {logging_mixin.py:188} INFO - [2026-07-21T04:04:59.978+0000] {dagbag.py:545} INFO - Filling up the DagBag from /opt/airflow/dags/minio_to_snowflake.py
[2026-07-21T04:05:00.903+0000] {processor.py:840} INFO - DAG(s) 'minio_to_snowflake_banking' retrieved from /opt/airflow/dags/minio_to_snowflake.py
[2026-07-21T04:05:00.950+0000] {logging_mixin.py:188} INFO - [2026-07-21T04:05:00.947+0000] {dag.py:3089} INFO - Sync 1 DAGs
[2026-07-21T04:05:00.986+0000] {logging_mixin.py:188} INFO - [2026-07-21T04:05:00.986+0000] {dag.py:3947} INFO - Setting next_dagrun for minio_to_snowflake_banking to 2026-07-21 04:04:00+00:00, run_after=2026-07-21 04:05:00+00:00
[2026-07-21T04:05:01.006+0000] {processor.py:183} INFO - Processing /opt/airflow/dags/minio_to_snowflake.py took 1.044 seconds
[2026-07-21T04:05:31.328+0000] {processor.py:161} INFO - Started process (PID=2985) to work on /opt/airflow/dags/minio_to_snowflake.py
[2026-07-21T04:05:31.330+0000] {processor.py:830} INFO - Processing file /opt/airflow/dags/minio_to_snowflake.py for tasks to queue
[2026-07-21T04:05:31.333+0000] {logging_mixin.py:188} INFO - [2026-07-21T04:05:31.332+0000] {dagbag.py:545} INFO - Filling up the DagBag from /opt/airflow/dags/minio_to_snowflake.py
[2026-07-21T04:05:32.043+0000] {processor.py:840} INFO - DAG(s) 'minio_to_snowflake_banking' retrieved from /opt/airflow/dags/minio_to_snowflake.py
[2026-07-21T04:05:32.296+0000] {logging_mixin.py:188} INFO - [2026-07-21T04:05:32.295+0000] {dag.py:3089} INFO - Sync 1 DAGs
[2026-07-21T04:05:32.329+0000] {logging_mixin.py:188} INFO - [2026-07-21T04:05:32.328+0000] {dag.py:3947} INFO - Setting next_dagrun for minio_to_snowflake_banking to 2026-07-21 04:04:00+00:00, run_after=2026-07-21 04:05:00+00:00
[2026-07-21T04:05:32.360+0000] {processor.py:183} INFO - Processing /opt/airflow/dags/minio_to_snowflake.py took 1.043 seconds
[2026-07-21T04:06:02.703+0000] {processor.py:161} INFO - Started process (PID=2990) to work on /opt/airflow/dags/minio_to_snowflake.py
[2026-07-21T04:06:02.706+0000] {processor.py:830} INFO - Processing file /opt/airflow/dags/minio_to_snowflake.py for tasks to queue
[2026-07-21T04:06:02.710+0000] {logging_mixin.py:188} INFO - [2026-07-21T04:06:02.710+0000] {dagbag.py:545} INFO - Filling up the DagBag from /opt/airflow/dags/minio_to_snowflake.py
[2026-07-21T04:06:03.930+0000] {processor.py:840} INFO - DAG(s) 'minio_to_snowflake_banking' retrieved from /opt/airflow/dags/minio_to_snowflake.py
[2026-07-21T04:06:03.975+0000] {logging_mixin.py:188} INFO - [2026-07-21T04:06:03.975+0000] {dag.py:3089} INFO - Sync 1 DAGs
[2026-07-21T04:06:04.007+0000] {logging_mixin.py:188} INFO - [2026-07-21T04:06:04.007+0000] {dag.py:3947} INFO - Setting next_dagrun for minio_to_snowflake_banking to 2026-07-21 04:05:00+00:00, run_after=2026-07-21 04:06:00+00:00
[2026-07-21T04:06:04.046+0000] {processor.py:183} INFO - Processing /opt/airflow/dags/minio_to_snowflake.py took 1.355 seconds
[2026-07-21T04:06:34.489+0000] {processor.py:161} INFO - Started process (PID=2995) to work on /opt/airflow/dags/minio_to_snowflake.py
[2026-07-21T04:06:34.490+0000] {processor.py:830} INFO - Processing file /opt/airflow/dags/minio_to_snowflake.py for tasks to queue
[2026-07-21T04:06:34.493+0000] {logging_mixin.py:188} INFO - [2026-07-21T04:06:34.493+0000] {dagbag.py:545} INFO - Filling up the DagBag from /opt/airflow/dags/minio_to_snowflake.py
[2026-07-21T04:06:35.416+0000] {processor.py:840} INFO - DAG(s) 'minio_to_snowflake_banking' retrieved from /opt/airflow/dags/minio_to_snowflake.py
[2026-07-21T04:06:35.451+0000] {logging_mixin.py:188} INFO - [2026-07-21T04:06:35.450+0000] {dag.py:3089} INFO - Sync 1 DAGs
[2026-07-21T04:06:35.477+0000] {logging_mixin.py:188} INFO - [2026-07-21T04:06:35.477+0000] {dag.py:3947} INFO - Setting next_dagrun for minio_to_snowflake_banking to 2026-07-21 04:05:00+00:00, run_after=2026-07-21 04:06:00+00:00
[2026-07-21T04:06:35.506+0000] {processor.py:183} INFO - Processing /opt/airflow/dags/minio_to_snowflake.py took 1.026 seconds
[2026-07-21T04:07:05.863+0000] {processor.py:161} INFO - Started process (PID=3000) to work on /opt/airflow/dags/minio_to_snowflake.py
[2026-07-21T04:07:05.866+0000] {processor.py:830} INFO - Processing file /opt/airflow/dags/minio_to_snowflake.py for tasks to queue
[2026-07-21T04:07:05.869+0000] {logging_mixin.py:188} INFO - [2026-07-21T04:07:05.868+0000] {dagbag.py:545} INFO - Filling up the DagBag from /opt/airflow/dags/minio_to_snowflake.py
[2026-07-21T04:07:06.649+0000] {processor.py:840} INFO - DAG(s) 'minio_to_snowflake_banking' retrieved from /opt/airflow/dags/minio_to_snowflake.py
[2026-07-21T04:07:06.677+0000] {logging_mixin.py:188} INFO - [2026-07-21T04:07:06.677+0000] {dag.py:3089} INFO - Sync 1 DAGs
[2026-07-21T04:07:06.702+0000] {logging_mixin.py:188} INFO - [2026-07-21T04:07:06.702+0000] {dag.py:3947} INFO - Setting next_dagrun for minio_to_snowflake_banking to 2026-07-21 04:06:00+00:00, run_after=2026-07-21 04:07:00+00:00
[2026-07-21T04:07:06.725+0000] {processor.py:183} INFO - Processing /opt/airflow/dags/minio_to_snowflake.py took 0.869 seconds
[2026-07-21T04:07:37.510+0000] {processor.py:161} INFO - Started process (PID=3005) to work on /opt/airflow/dags/minio_to_snowflake.py
[2026-07-21T04:07:37.512+0000] {processor.py:830} INFO - Processing file /opt/airflow/dags/minio_to_snowflake.py for tasks to queue
[2026-07-21T04:07:37.515+0000] {logging_mixin.py:188} INFO - [2026-07-21T04:07:37.514+0000] {dagbag.py:545} INFO - Filling up the DagBag from /opt/airflow/dags/minio_to_snowflake.py
[2026-07-21T04:07:38.105+0000] {processor.py:840} INFO - DAG(s) 'minio_to_snowflake_banking' retrieved from /opt/airflow/dags/minio_to_snowflake.py
[2026-07-21T04:07:38.301+0000] {logging_mixin.py:188} INFO - [2026-07-21T04:07:38.301+0000] {dag.py:3089} INFO - Sync 1 DAGs
[2026-07-21T04:07:38.326+0000] {logging_mixin.py:188} INFO - [2026-07-21T04:07:38.326+0000] {dag.py:3947} INFO - Setting next_dagrun for minio_to_snowflake_banking to 2026-07-21 04:06:00+00:00, run_after=2026-07-21 04:07:00+00:00
[2026-07-21T04:07:38.347+0000] {processor.py:183} INFO - Processing /opt/airflow/dags/minio_to_snowflake.py took 0.844 seconds
[2026-07-21T04:08:08.856+0000] {processor.py:161} INFO - Started process (PID=3010) to work on /opt/airflow/dags/minio_to_snowflake.py
[2026-07-21T04:08:08.858+0000] {processor.py:830} INFO - Processing file /opt/airflow/dags/minio_to_snowflake.py for tasks to queue
[2026-07-21T04:08:08.860+0000] {logging_mixin.py:188} INFO - [2026-07-21T04:08:08.860+0000] {dagbag.py:545} INFO - Filling up the DagBag from /opt/airflow/dags/minio_to_snowflake.py
[2026-07-21T04:08:09.729+0000] {processor.py:840} INFO - DAG(s) 'minio_to_snowflake_banking' retrieved from /opt/airflow/dags/minio_to_snowflake.py
[2026-07-21T04:08:09.758+0000] {logging_mixin.py:188} INFO - [2026-07-21T04:08:09.757+0000] {dag.py:3089} INFO - Sync 1 DAGs
[2026-07-21T04:08:09.780+0000] {logging_mixin.py:188} INFO - [2026-07-21T04:08:09.780+0000] {dag.py:3947} INFO - Setting next_dagrun for minio_to_snowflake_banking to 2026-07-21 04:07:00+00:00, run_after=2026-07-21 04:08:00+00:00
[2026-07-21T04:08:09.800+0000] {processor.py:183} INFO - Processing /opt/airflow/dags/minio_to_snowflake.py took 0.954 seconds
[2026-07-21T04:08:40.144+0000] {processor.py:161} INFO - Started process (PID=3016) to work on /opt/airflow/dags/minio_to_snowflake.py
[2026-07-21T04:08:40.146+0000] {processor.py:830} INFO - Processing file /opt/airflow/dags/minio_to_snowflake.py for tasks to queue
[2026-07-21T04:08:40.149+0000] {logging_mixin.py:188} INFO - [2026-07-21T04:08:40.148+0000] {dagbag.py:545} INFO - Filling up the DagBag from /opt/airflow/dags/minio_to_snowflake.py
[2026-07-21T04:08:40.959+0000] {processor.py:840} INFO - DAG(s) 'minio_to_snowflake_banking' retrieved from /opt/airflow/dags/minio_to_snowflake.py
[2026-07-21T04:08:40.987+0000] {logging_mixin.py:188} INFO - [2026-07-21T04:08:40.987+0000] {dag.py:3089} INFO - Sync 1 DAGs
[2026-07-21T04:08:41.010+0000] {logging_mixin.py:188} INFO - [2026-07-21T04:08:41.010+0000] {dag.py:3947} INFO - Setting next_dagrun for minio_to_snowflake_banking to 2026-07-21 04:07:00+00:00, run_after=2026-07-21 04:08:00+00:00
[2026-07-21T04:08:41.036+0000] {processor.py:183} INFO - Processing /opt/airflow/dags/minio_to_snowflake.py took 0.900 seconds
[2026-07-21T04:09:11.396+0000] {processor.py:161} INFO - Started process (PID=3021) to work on /opt/airflow/dags/minio_to_snowflake.py
[2026-07-21T04:09:11.398+0000] {processor.py:830} INFO - Processing file /opt/airflow/dags/minio_to_snowflake.py for tasks to queue
[2026-07-21T04:09:11.404+0000] {logging_mixin.py:188} INFO - [2026-07-21T04:09:11.403+0000] {dagbag.py:545} INFO - Filling up the DagBag from /opt/airflow/dags/minio_to_snowflake.py
[2026-07-21T04:09:12.346+0000] {processor.py:840} INFO - DAG(s) 'minio_to_snowflake_banking' retrieved from /opt/airflow/dags/minio_to_snowflake.py
[2026-07-21T04:09:12.376+0000] {logging_mixin.py:188} INFO - [2026-07-21T04:09:12.376+0000] {dag.py:3089} INFO - Sync 1 DAGs
[2026-07-21T04:09:12.400+0000] {logging_mixin.py:188} INFO - [2026-07-21T04:09:12.400+0000] {dag.py:3947} INFO - Setting next_dagrun for minio_to_snowflake_banking to 2026-07-21 04:08:00+00:00, run_after=2026-07-21 04:09:00+00:00
[2026-07-21T04:09:12.422+0000] {processor.py:183} INFO - Processing /opt/airflow/dags/minio_to_snowflake.py took 1.043 seconds
[2026-07-21T04:09:42.721+0000] {processor.py:161} INFO - Started process (PID=3026) to work on /opt/airflow/dags/minio_to_snowflake.py
[2026-07-21T04:09:42.723+0000] {processor.py:830} INFO - Processing file /opt/airflow/dags/minio_to_snowflake.py for tasks to queue
[2026-07-21T04:09:42.725+0000] {logging_mixin.py:188} INFO - [2026-07-21T04:09:42.725+0000] {dagbag.py:545} INFO - Filling up the DagBag from /opt/airflow/dags/minio_to_snowflake.py
[2026-07-21T04:09:43.339+0000] {processor.py:840} INFO - DAG(s) 'minio_to_snowflake_banking' retrieved from /opt/airflow/dags/minio_to_snowflake.py
[2026-07-21T04:09:43.533+0000] {logging_mixin.py:188} INFO - [2026-07-21T04:09:43.532+0000] {dag.py:3089} INFO - Sync 1 DAGs
[2026-07-21T04:09:43.555+0000] {logging_mixin.py:188} INFO - [2026-07-21T04:09:43.555+0000] {dag.py:3947} INFO - Setting next_dagrun for minio_to_snowflake_banking to 2026-07-21 04:08:00+00:00, run_after=2026-07-21 04:09:00+00:00
[2026-07-21T04:09:43.574+0000] {processor.py:183} INFO - Processing /opt/airflow/dags/minio_to_snowflake.py took 0.862 seconds
[2026-07-21T04:10:13.946+0000] {processor.py:161} INFO - Started process (PID=3031) to work on /opt/airflow/dags/minio_to_snowflake.py
[2026-07-21T04:10:13.948+0000] {processor.py:830} INFO - Processing file /opt/airflow/dags/minio_to_snowflake.py for tasks to queue
[2026-07-21T04:10:13.950+0000] {logging_mixin.py:188} INFO - [2026-07-21T04:10:13.950+0000] {dagbag.py:545} INFO - Filling up the DagBag from /opt/airflow/dags/minio_to_snowflake.py
[2026-07-21T04:10:14.727+0000] {processor.py:840} INFO - DAG(s) 'minio_to_snowflake_banking' retrieved from /opt/airflow/dags/minio_to_snowflake.py
[2026-07-21T04:10:14.755+0000] {logging_mixin.py:188} INFO - [2026-07-21T04:10:14.755+0000] {dag.py:3089} INFO - Sync 1 DAGs
[2026-07-21T04:10:14.780+0000] {logging_mixin.py:188} INFO - [2026-07-21T04:10:14.779+0000] {dag.py:3947} INFO - Setting next_dagrun for minio_to_snowflake_banking to 2026-07-21 04:09:00+00:00, run_after=2026-07-21 04:10:00+00:00
[2026-07-21T04:10:14.801+0000] {processor.py:183} INFO - Processing /opt/airflow/dags/minio_to_snowflake.py took 0.863 seconds
[2026-07-21T04:10:45.393+0000] {processor.py:161} INFO - Started process (PID=3036) to work on /opt/airflow/dags/minio_to_snowflake.py
[2026-07-21T04:10:45.395+0000] {processor.py:830} INFO - Processing file /opt/airflow/dags/minio_to_snowflake.py for tasks to queue
[2026-07-21T04:10:45.397+0000] {logging_mixin.py:188} INFO - [2026-07-21T04:10:45.397+0000] {dagbag.py:545} INFO - Filling up the DagBag from /opt/airflow/dags/minio_to_snowflake.py
[2026-07-21T04:10:46.161+0000] {processor.py:840} INFO - DAG(s) 'minio_to_snowflake_banking' retrieved from /opt/airflow/dags/minio_to_snowflake.py
[2026-07-21T04:10:46.189+0000] {logging_mixin.py:188} INFO - [2026-07-21T04:10:46.189+0000] {dag.py:3089} INFO - Sync 1 DAGs
[2026-07-21T04:10:46.211+0000] {logging_mixin.py:188} INFO - [2026-07-21T04:10:46.211+0000] {dag.py:3947} INFO - Setting next_dagrun for minio_to_snowflake_banking to 2026-07-21 04:09:00+00:00, run_after=2026-07-21 04:10:00+00:00
[2026-07-21T04:10:46.234+0000] {processor.py:183} INFO - Processing /opt/airflow/dags/minio_to_snowflake.py took 0.850 seconds
[2026-07-21T04:11:16.817+0000] {processor.py:161} INFO - Started process (PID=3041) to work on /opt/airflow/dags/minio_to_snowflake.py
[2026-07-21T04:11:16.818+0000] {processor.py:830} INFO - Processing file /opt/airflow/dags/minio_to_snowflake.py for tasks to queue
[2026-07-21T04:11:16.821+0000] {logging_mixin.py:188} INFO - [2026-07-21T04:11:16.820+0000] {dagbag.py:545} INFO - Filling up the DagBag from /opt/airflow/dags/minio_to_snowflake.py
[2026-07-21T04:11:17.615+0000] {processor.py:840} INFO - DAG(s) 'minio_to_snowflake_banking' retrieved from /opt/airflow/dags/minio_to_snowflake.py
[2026-07-21T04:11:17.643+0000] {logging_mixin.py:188} INFO - [2026-07-21T04:11:17.643+0000] {dag.py:3089} INFO - Sync 1 DAGs
[2026-07-21T04:11:17.666+0000] {logging_mixin.py:188} INFO - [2026-07-21T04:11:17.666+0000] {dag.py:3947} INFO - Setting next_dagrun for minio_to_snowflake_banking to 2026-07-21 04:10:00+00:00, run_after=2026-07-21 04:11:00+00:00
[2026-07-21T04:11:17.685+0000] {processor.py:183} INFO - Processing /opt/airflow/dags/minio_to_snowflake.py took 0.875 seconds
[2026-07-21T04:11:48.038+0000] {processor.py:161} INFO - Started process (PID=3046) to work on /opt/airflow/dags/minio_to_snowflake.py
[2026-07-21T04:11:48.040+0000] {processor.py:830} INFO - Processing file /opt/airflow/dags/minio_to_snowflake.py for tasks to queue
[2026-07-21T04:11:48.044+0000] {logging_mixin.py:188} INFO - [2026-07-21T04:11:48.044+0000] {dagbag.py:545} INFO - Filling up the DagBag from /opt/airflow/dags/minio_to_snowflake.py
[2026-07-21T04:11:48.646+0000] {processor.py:840} INFO - DAG(s) 'minio_to_snowflake_banking' retrieved from /opt/airflow/dags/minio_to_snowflake.py
[2026-07-21T04:11:48.900+0000] {logging_mixin.py:188} INFO - [2026-07-21T04:11:48.900+0000] {dag.py:3089} INFO - Sync 1 DAGs
[2026-07-21T04:11:48.929+0000] {logging_mixin.py:188} INFO - [2026-07-21T04:11:48.929+0000] {dag.py:3947} INFO - Setting next_dagrun for minio_to_snowflake_banking to 2026-07-21 04:10:00+00:00, run_after=2026-07-21 04:11:00+00:00
[2026-07-21T04:11:48.957+0000] {processor.py:183} INFO - Processing /opt/airflow/dags/minio_to_snowflake.py took 0.930 seconds
[2026-07-21T04:12:19.272+0000] {processor.py:161} INFO - Started process (PID=3051) to work on /opt/airflow/dags/minio_to_snowflake.py
[2026-07-21T04:12:19.274+0000] {processor.py:830} INFO - Processing file /opt/airflow/dags/minio_to_snowflake.py for tasks to queue
[2026-07-21T04:12:19.276+0000] {logging_mixin.py:188} INFO - [2026-07-21T04:12:19.276+0000] {dagbag.py:545} INFO - Filling up the DagBag from /opt/airflow/dags/minio_to_snowflake.py
[2026-07-21T04:12:20.131+0000] {processor.py:840} INFO - DAG(s) 'minio_to_snowflake_banking' retrieved from /opt/airflow/dags/minio_to_snowflake.py
[2026-07-21T04:12:20.160+0000] {logging_mixin.py:188} INFO - [2026-07-21T04:12:20.159+0000] {dag.py:3089} INFO - Sync 1 DAGs
[2026-07-21T04:12:20.182+0000] {logging_mixin.py:188} INFO - [2026-07-21T04:12:20.182+0000] {dag.py:3947} INFO - Setting next_dagrun for minio_to_snowflake_banking to 2026-07-21 04:11:00+00:00, run_after=2026-07-21 04:12:00+00:00
[2026-07-21T04:12:20.204+0000] {processor.py:183} INFO - Processing /opt/airflow/dags/minio_to_snowflake.py took 0.939 seconds
[2026-07-21T04:12:50.840+0000] {processor.py:161} INFO - Started process (PID=3056) to work on /opt/airflow/dags/minio_to_snowflake.py
[2026-07-21T04:12:50.841+0000] {processor.py:830} INFO - Processing file /opt/airflow/dags/minio_to_snowflake.py for tasks to queue
[2026-07-21T04:12:50.845+0000] {logging_mixin.py:188} INFO - [2026-07-21T04:12:50.844+0000] {dagbag.py:545} INFO - Filling up the DagBag from /opt/airflow/dags/minio_to_snowflake.py
[2026-07-21T04:12:51.979+0000] {processor.py:840} INFO - DAG(s) 'minio_to_snowflake_banking' retrieved from /opt/airflow/dags/minio_to_snowflake.py
[2026-07-21T04:12:52.007+0000] {logging_mixin.py:188} INFO - [2026-07-21T04:12:52.007+0000] {dag.py:3089} INFO - Sync 1 DAGs
[2026-07-21T04:12:52.031+0000] {logging_mixin.py:188} INFO - [2026-07-21T04:12:52.030+0000] {dag.py:3947} INFO - Setting next_dagrun for minio_to_snowflake_banking to 2026-07-21 04:11:00+00:00, run_after=2026-07-21 04:12:00+00:00
[2026-07-21T04:12:52.059+0000] {processor.py:183} INFO - Processing /opt/airflow/dags/minio_to_snowflake.py took 1.228 seconds
[2026-07-21T04:13:22.391+0000] {processor.py:161} INFO - Started process (PID=3061) to work on /opt/airflow/dags/minio_to_snowflake.py
[2026-07-21T04:13:22.393+0000] {processor.py:830} INFO - Processing file /opt/airflow/dags/minio_to_snowflake.py for tasks to queue
[2026-07-21T04:13:22.396+0000] {logging_mixin.py:188} INFO - [2026-07-21T04:13:22.396+0000] {dagbag.py:545} INFO - Filling up the DagBag from /opt/airflow/dags/minio_to_snowflake.py
[2026-07-21T04:13:23.154+0000] {processor.py:840} INFO - DAG(s) 'minio_to_snowflake_banking' retrieved from /opt/airflow/dags/minio_to_snowflake.py
[2026-07-21T04:13:23.181+0000] {logging_mixin.py:188} INFO - [2026-07-21T04:13:23.181+0000] {dag.py:3089} INFO - Sync 1 DAGs
[2026-07-21T04:13:23.205+0000] {logging_mixin.py:188} INFO - [2026-07-21T04:13:23.205+0000] {dag.py:3947} INFO - Setting next_dagrun for minio_to_snowflake_banking to 2026-07-21 04:12:00+00:00, run_after=2026-07-21 04:13:00+00:00
[2026-07-21T04:13:23.226+0000] {processor.py:183} INFO - Processing /opt/airflow/dags/minio_to_snowflake.py took 0.844 seconds
[2026-07-21T04:13:53.728+0000] {processor.py:161} INFO - Started process (PID=3066) to work on /opt/airflow/dags/minio_to_snowflake.py
[2026-07-21T04:13:53.730+0000] {processor.py:830} INFO - Processing file /opt/airflow/dags/minio_to_snowflake.py for tasks to queue
[2026-07-21T04:13:53.732+0000] {logging_mixin.py:188} INFO - [2026-07-21T04:13:53.732+0000] {dagbag.py:545} INFO - Filling up the DagBag from /opt/airflow/dags/minio_to_snowflake.py
[2026-07-21T04:13:54.536+0000] {processor.py:840} INFO - DAG(s) 'minio_to_snowflake_banking' retrieved from /opt/airflow/dags/minio_to_snowflake.py
[2026-07-21T04:13:54.564+0000] {logging_mixin.py:188} INFO - [2026-07-21T04:13:54.564+0000] {dag.py:3089} INFO - Sync 1 DAGs
[2026-07-21T04:13:54.587+0000] {logging_mixin.py:188} INFO - [2026-07-21T04:13:54.587+0000] {dag.py:3947} INFO - Setting next_dagrun for minio_to_snowflake_banking to 2026-07-21 04:12:00+00:00, run_after=2026-07-21 04:13:00+00:00
[2026-07-21T04:13:54.606+0000] {processor.py:183} INFO - Processing /opt/airflow/dags/minio_to_snowflake.py took 0.884 seconds
[2026-07-21T04:14:25.065+0000] {processor.py:161} INFO - Started process (PID=3071) to work on /opt/airflow/dags/minio_to_snowflake.py
[2026-07-21T04:14:25.067+0000] {processor.py:830} INFO - Processing file /opt/airflow/dags/minio_to_snowflake.py for tasks to queue
[2026-07-21T04:14:25.069+0000] {logging_mixin.py:188} INFO - [2026-07-21T04:14:25.069+0000] {dagbag.py:545} INFO - Filling up the DagBag from /opt/airflow/dags/minio_to_snowflake.py
[2026-07-21T04:14:25.831+0000] {processor.py:840} INFO - DAG(s) 'minio_to_snowflake_banking' retrieved from /opt/airflow/dags/minio_to_snowflake.py
[2026-07-21T04:14:25.864+0000] {logging_mixin.py:188} INFO - [2026-07-21T04:14:25.863+0000] {dag.py:3089} INFO - Sync 1 DAGs
[2026-07-21T04:14:25.889+0000] {logging_mixin.py:188} INFO - [2026-07-21T04:14:25.889+0000] {dag.py:3947} INFO - Setting next_dagrun for minio_to_snowflake_banking to 2026-07-21 04:13:00+00:00, run_after=2026-07-21 04:14:00+00:00
[2026-07-21T04:14:25.913+0000] {processor.py:183} INFO - Processing /opt/airflow/dags/minio_to_snowflake.py took 0.856 seconds
[2026-07-21T04:14:56.367+0000] {processor.py:161} INFO - Started process (PID=3076) to work on /opt/airflow/dags/minio_to_snowflake.py
[2026-07-21T04:14:56.369+0000] {processor.py:830} INFO - Processing file /opt/airflow/dags/minio_to_snowflake.py for tasks to queue
[2026-07-21T04:14:56.371+0000] {logging_mixin.py:188} INFO - [2026-07-21T04:14:56.370+0000] {dagbag.py:545} INFO - Filling up the DagBag from /opt/airflow/dags/minio_to_snowflake.py
[2026-07-21T04:14:57.151+0000] {processor.py:840} INFO - DAG(s) 'minio_to_snowflake_banking' retrieved from /opt/airflow/dags/minio_to_snowflake.py
[2026-07-21T04:14:57.178+0000] {logging_mixin.py:188} INFO - [2026-07-21T04:14:57.178+0000] {dag.py:3089} INFO - Sync 1 DAGs
[2026-07-21T04:14:57.200+0000] {logging_mixin.py:188} INFO - [2026-07-21T04:14:57.200+0000] {dag.py:3947} INFO - Setting next_dagrun for minio_to_snowflake_banking to 2026-07-21 04:13:00+00:00, run_after=2026-07-21 04:14:00+00:00
[2026-07-21T04:14:57.220+0000] {processor.py:183} INFO - Processing /opt/airflow/dags/minio_to_snowflake.py took 0.861 seconds
[2026-07-21T04:15:27.678+0000] {processor.py:161} INFO - Started process (PID=3081) to work on /opt/airflow/dags/minio_to_snowflake.py
[2026-07-21T04:15:27.679+0000] {processor.py:830} INFO - Processing file /opt/airflow/dags/minio_to_snowflake.py for tasks to queue
[2026-07-21T04:15:27.682+0000] {logging_mixin.py:188} INFO - [2026-07-21T04:15:27.682+0000] {dagbag.py:545} INFO - Filling up the DagBag from /opt/airflow/dags/minio_to_snowflake.py
[2026-07-21T04:15:28.485+0000] {processor.py:840} INFO - DAG(s) 'minio_to_snowflake_banking' retrieved from /opt/airflow/dags/minio_to_snowflake.py
[2026-07-21T04:15:28.521+0000] {logging_mixin.py:188} INFO - [2026-07-21T04:15:28.521+0000] {dag.py:3089} INFO - Sync 1 DAGs
[2026-07-21T04:15:28.560+0000] {logging_mixin.py:188} INFO - [2026-07-21T04:15:28.560+0000] {dag.py:3947} INFO - Setting next_dagrun for minio_to_snowflake_banking to 2026-07-21 04:14:00+00:00, run_after=2026-07-21 04:15:00+00:00
[2026-07-21T04:15:28.582+0000] {processor.py:183} INFO - Processing /opt/airflow/dags/minio_to_snowflake.py took 0.913 seconds
[2026-07-21T04:15:59.086+0000] {processor.py:161} INFO - Started process (PID=3086) to work on /opt/airflow/dags/minio_to_snowflake.py
[2026-07-21T04:15:59.088+0000] {processor.py:830} INFO - Processing file /opt/airflow/dags/minio_to_snowflake.py for tasks to queue
[2026-07-21T04:15:59.092+0000] {logging_mixin.py:188} INFO - [2026-07-21T04:15:59.091+0000] {dagbag.py:545} INFO - Filling up the DagBag from /opt/airflow/dags/minio_to_snowflake.py
[2026-07-21T04:15:59.915+0000] {processor.py:840} INFO - DAG(s) 'minio_to_snowflake_banking' retrieved from /opt/airflow/dags/minio_to_snowflake.py
[2026-07-21T04:15:59.944+0000] {logging_mixin.py:188} INFO - [2026-07-21T04:15:59.943+0000] {dag.py:3089} INFO - Sync 1 DAGs
[2026-07-21T04:15:59.969+0000] {logging_mixin.py:188} INFO - [2026-07-21T04:15:59.969+0000] {dag.py:3947} INFO - Setting next_dagrun for minio_to_snowflake_banking to 2026-07-21 04:14:00+00:00, run_after=2026-07-21 04:15:00+00:00
[2026-07-21T04:15:59.991+0000] {processor.py:183} INFO - Processing /opt/airflow/dags/minio_to_snowflake.py took 0.915 seconds
[2026-07-21T04:16:30.381+0000] {processor.py:161} INFO - Started process (PID=3091) to work on /opt/airflow/dags/minio_to_snowflake.py
[2026-07-21T04:16:30.383+0000] {processor.py:830} INFO - Processing file /opt/airflow/dags/minio_to_snowflake.py for tasks to queue
[2026-07-21T04:16:30.385+0000] {logging_mixin.py:188} INFO - [2026-07-21T04:16:30.385+0000] {dagbag.py:545} INFO - Filling up the DagBag from /opt/airflow/dags/minio_to_snowflake.py
[2026-07-21T04:16:31.216+0000] {processor.py:840} INFO - DAG(s) 'minio_to_snowflake_banking' retrieved from /opt/airflow/dags/minio_to_snowflake.py
[2026-07-21T04:16:31.244+0000] {logging_mixin.py:188} INFO - [2026-07-21T04:16:31.244+0000] {dag.py:3089} INFO - Sync 1 DAGs
[2026-07-21T04:16:31.268+0000] {logging_mixin.py:188} INFO - [2026-07-21T04:16:31.268+0000] {dag.py:3947} INFO - Setting next_dagrun for minio_to_snowflake_banking to 2026-07-21 04:15:00+00:00, run_after=2026-07-21 04:16:00+00:00
[2026-07-21T04:16:31.291+0000] {processor.py:183} INFO - Processing /opt/airflow/dags/minio_to_snowflake.py took 0.917 seconds
[2026-07-21T04:17:01.774+0000] {processor.py:161} INFO - Started process (PID=3096) to work on /opt/airflow/dags/minio_to_snowflake.py
[2026-07-21T04:17:01.775+0000] {processor.py:830} INFO - Processing file /opt/airflow/dags/minio_to_snowflake.py for tasks to queue
[2026-07-21T04:17:01.777+0000] {logging_mixin.py:188} INFO - [2026-07-21T04:17:01.777+0000] {dagbag.py:545} INFO - Filling up the DagBag from /opt/airflow/dags/minio_to_snowflake.py
[2026-07-21T04:17:02.548+0000] {processor.py:840} INFO - DAG(s) 'minio_to_snowflake_banking' retrieved from /opt/airflow/dags/minio_to_snowflake.py
[2026-07-21T04:17:02.576+0000] {logging_mixin.py:188} INFO - [2026-07-21T04:17:02.575+0000] {dag.py:3089} INFO - Sync 1 DAGs
[2026-07-21T04:17:02.598+0000] {logging_mixin.py:188} INFO - [2026-07-21T04:17:02.597+0000] {dag.py:3947} INFO - Setting next_dagrun for minio_to_snowflake_banking to 2026-07-21 04:16:00+00:00, run_after=2026-07-21 04:17:00+00:00
[2026-07-21T04:17:02.619+0000] {processor.py:183} INFO - Processing /opt/airflow/dags/minio_to_snowflake.py took 0.852 seconds
[2026-07-21T04:17:33.088+0000] {processor.py:161} INFO - Started process (PID=3101) to work on /opt/airflow/dags/minio_to_snowflake.py
[2026-07-21T04:17:33.090+0000] {processor.py:830} INFO - Processing file /opt/airflow/dags/minio_to_snowflake.py for tasks to queue
[2026-07-21T04:17:33.092+0000] {logging_mixin.py:188} INFO - [2026-07-21T04:17:33.092+0000] {dagbag.py:545} INFO - Filling up the DagBag from /opt/airflow/dags/minio_to_snowflake.py
[2026-07-21T04:17:33.849+0000] {processor.py:840} INFO - DAG(s) 'minio_to_snowflake_banking' retrieved from /opt/airflow/dags/minio_to_snowflake.py
[2026-07-21T04:17:33.877+0000] {logging_mixin.py:188} INFO - [2026-07-21T04:17:33.876+0000] {dag.py:3089} INFO - Sync 1 DAGs
[2026-07-21T04:17:33.901+0000] {logging_mixin.py:188} INFO - [2026-07-21T04:17:33.900+0000] {dag.py:3947} INFO - Setting next_dagrun for minio_to_snowflake_banking to 2026-07-21 04:16:00+00:00, run_after=2026-07-21 04:17:00+00:00
[2026-07-21T04:17:33.921+0000] {processor.py:183} INFO - Processing /opt/airflow/dags/minio_to_snowflake.py took 0.839 seconds
[2026-07-21T04:18:04.355+0000] {processor.py:161} INFO - Started process (PID=3106) to work on /opt/airflow/dags/minio_to_snowflake.py
[2026-07-21T04:18:04.356+0000] {processor.py:830} INFO - Processing file /opt/airflow/dags/minio_to_snowflake.py for tasks to queue
[2026-07-21T04:18:04.358+0000] {logging_mixin.py:188} INFO - [2026-07-21T04:18:04.358+0000] {dagbag.py:545} INFO - Filling up the DagBag from /opt/airflow/dags/minio_to_snowflake.py
[2026-07-21T04:18:05.130+0000] {processor.py:840} INFO - DAG(s) 'minio_to_snowflake_banking' retrieved from /opt/airflow/dags/minio_to_snowflake.py
[2026-07-21T04:18:05.160+0000] {logging_mixin.py:188} INFO - [2026-07-21T04:18:05.159+0000] {dag.py:3089} INFO - Sync 1 DAGs
[2026-07-21T04:18:05.181+0000] {logging_mixin.py:188} INFO - [2026-07-21T04:18:05.181+0000] {dag.py:3947} INFO - Setting next_dagrun for minio_to_snowflake_banking to 2026-07-21 04:17:00+00:00, run_after=2026-07-21 04:18:00+00:00
[2026-07-21T04:18:05.205+0000] {processor.py:183} INFO - Processing /opt/airflow/dags/minio_to_snowflake.py took 0.858 seconds
[2026-07-21T04:18:35.716+0000] {processor.py:161} INFO - Started process (PID=3111) to work on /opt/airflow/dags/minio_to_snowflake.py
[2026-07-21T04:18:35.718+0000] {processor.py:830} INFO - Processing file /opt/airflow/dags/minio_to_snowflake.py for tasks to queue
[2026-07-21T04:18:35.720+0000] {logging_mixin.py:188} INFO - [2026-07-21T04:18:35.719+0000] {dagbag.py:545} INFO - Filling up the DagBag from /opt/airflow/dags/minio_to_snowflake.py
[2026-07-21T04:18:36.512+0000] {processor.py:840} INFO - DAG(s) 'minio_to_snowflake_banking' retrieved from /opt/airflow/dags/minio_to_snowflake.py
[2026-07-21T04:18:36.540+0000] {logging_mixin.py:188} INFO - [2026-07-21T04:18:36.539+0000] {dag.py:3089} INFO - Sync 1 DAGs
[2026-07-21T04:18:36.562+0000] {logging_mixin.py:188} INFO - [2026-07-21T04:18:36.562+0000] {dag.py:3947} INFO - Setting next_dagrun for minio_to_snowflake_banking to 2026-07-21 04:17:00+00:00, run_after=2026-07-21 04:18:00+00:00
[2026-07-21T04:18:36.584+0000] {processor.py:183} INFO - Processing /opt/airflow/dags/minio_to_snowflake.py took 0.876 seconds
[2026-07-21T04:19:07.072+0000] {processor.py:161} INFO - Started process (PID=3116) to work on /opt/airflow/dags/minio_to_snowflake.py
[2026-07-21T04:19:07.074+0000] {processor.py:830} INFO - Processing file /opt/airflow/dags/minio_to_snowflake.py for tasks to queue
[2026-07-21T04:19:07.076+0000] {logging_mixin.py:188} INFO - [2026-07-21T04:19:07.076+0000] {dagbag.py:545} INFO - Filling up the DagBag from /opt/airflow/dags/minio_to_snowflake.py
[2026-07-21T04:19:07.819+0000] {processor.py:840} INFO - DAG(s) 'minio_to_snowflake_banking' retrieved from /opt/airflow/dags/minio_to_snowflake.py
[2026-07-21T04:19:07.846+0000] {logging_mixin.py:188} INFO - [2026-07-21T04:19:07.846+0000] {dag.py:3089} INFO - Sync 1 DAGs
[2026-07-21T04:19:07.869+0000] {logging_mixin.py:188} INFO - [2026-07-21T04:19:07.869+0000] {dag.py:3947} INFO - Setting next_dagrun for minio_to_snowflake_banking to 2026-07-21 04:18:00+00:00, run_after=2026-07-21 04:19:00+00:00
[2026-07-21T04:19:07.896+0000] {processor.py:183} INFO - Processing /opt/airflow/dags/minio_to_snowflake.py took 0.831 seconds
[2026-07-21T04:19:38.372+0000] {processor.py:161} INFO - Started process (PID=3121) to work on /opt/airflow/dags/minio_to_snowflake.py
[2026-07-21T04:19:38.373+0000] {processor.py:830} INFO - Processing file /opt/airflow/dags/minio_to_snowflake.py for tasks to queue
[2026-07-21T04:19:38.376+0000] {logging_mixin.py:188} INFO - [2026-07-21T04:19:38.376+0000] {dagbag.py:545} INFO - Filling up the DagBag from /opt/airflow/dags/minio_to_snowflake.py
[2026-07-21T04:19:39.236+0000] {processor.py:840} INFO - DAG(s) 'minio_to_snowflake_banking' retrieved from /opt/airflow/dags/minio_to_snowflake.py
[2026-07-21T04:19:39.280+0000] {logging_mixin.py:188} INFO - [2026-07-21T04:19:39.279+0000] {dag.py:3089} INFO - Sync 1 DAGs
[2026-07-21T04:19:39.321+0000] {logging_mixin.py:188} INFO - [2026-07-21T04:19:39.321+0000] {dag.py:3947} INFO - Setting next_dagrun for minio_to_snowflake_banking to 2026-07-21 04:18:00+00:00, run_after=2026-07-21 04:19:00+00:00
[2026-07-21T04:19:39.348+0000] {processor.py:183} INFO - Processing /opt/airflow/dags/minio_to_snowflake.py took 0.983 seconds
[2026-07-21T04:20:09.748+0000] {processor.py:161} INFO - Started process (PID=3126) to work on /opt/airflow/dags/minio_to_snowflake.py
[2026-07-21T04:20:09.749+0000] {processor.py:830} INFO - Processing file /opt/airflow/dags/minio_to_snowflake.py for tasks to queue
[2026-07-21T04:20:09.752+0000] {logging_mixin.py:188} INFO - [2026-07-21T04:20:09.751+0000] {dagbag.py:545} INFO - Filling up the DagBag from /opt/airflow/dags/minio_to_snowflake.py
[2026-07-21T04:20:10.607+0000] {processor.py:840} INFO - DAG(s) 'minio_to_snowflake_banking' retrieved from /opt/airflow/dags/minio_to_snowflake.py
[2026-07-21T04:20:10.636+0000] {logging_mixin.py:188} INFO - [2026-07-21T04:20:10.636+0000] {dag.py:3089} INFO - Sync 1 DAGs
[2026-07-21T04:20:10.658+0000] {logging_mixin.py:188} INFO - [2026-07-21T04:20:10.658+0000] {dag.py:3947} INFO - Setting next_dagrun for minio_to_snowflake_banking to 2026-07-21 04:19:00+00:00, run_after=2026-07-21 04:20:00+00:00
[2026-07-21T04:20:10.678+0000] {processor.py:183} INFO - Processing /opt/airflow/dags/minio_to_snowflake.py took 0.938 seconds
[2026-07-21T04:20:41.130+0000] {processor.py:161} INFO - Started process (PID=3131) to work on /opt/airflow/dags/minio_to_snowflake.py
[2026-07-21T04:20:41.131+0000] {processor.py:830} INFO - Processing file /opt/airflow/dags/minio_to_snowflake.py for tasks to queue
[2026-07-21T04:20:41.134+0000] {logging_mixin.py:188} INFO - [2026-07-21T04:20:41.134+0000] {dagbag.py:545} INFO - Filling up the DagBag from /opt/airflow/dags/minio_to_snowflake.py
[2026-07-21T04:20:41.940+0000] {processor.py:840} INFO - DAG(s) 'minio_to_snowflake_banking' retrieved from /opt/airflow/dags/minio_to_snowflake.py
[2026-07-21T04:20:41.968+0000] {logging_mixin.py:188} INFO - [2026-07-21T04:20:41.968+0000] {dag.py:3089} INFO - Sync 1 DAGs
[2026-07-21T04:20:41.992+0000] {logging_mixin.py:188} INFO - [2026-07-21T04:20:41.991+0000] {dag.py:3947} INFO - Setting next_dagrun for minio_to_snowflake_banking to 2026-07-21 04:19:00+00:00, run_after=2026-07-21 04:20:00+00:00
[2026-07-21T04:20:42.011+0000] {processor.py:183} INFO - Processing /opt/airflow/dags/minio_to_snowflake.py took 0.890 seconds
[2026-07-21T04:21:12.477+0000] {processor.py:161} INFO - Started process (PID=3136) to work on /opt/airflow/dags/minio_to_snowflake.py
[2026-07-21T04:21:12.479+0000] {processor.py:830} INFO - Processing file /opt/airflow/dags/minio_to_snowflake.py for tasks to queue
[2026-07-21T04:21:12.482+0000] {logging_mixin.py:188} INFO - [2026-07-21T04:21:12.482+0000] {dagbag.py:545} INFO - Filling up the DagBag from /opt/airflow/dags/minio_to_snowflake.py
[2026-07-21T04:21:13.260+0000] {processor.py:840} INFO - DAG(s) 'minio_to_snowflake_banking' retrieved from /opt/airflow/dags/minio_to_snowflake.py
[2026-07-21T04:21:13.289+0000] {logging_mixin.py:188} INFO - [2026-07-21T04:21:13.288+0000] {dag.py:3089} INFO - Sync 1 DAGs
[2026-07-21T04:21:13.311+0000] {logging_mixin.py:188} INFO - [2026-07-21T04:21:13.311+0000] {dag.py:3947} INFO - Setting next_dagrun for minio_to_snowflake_banking to 2026-07-21 04:20:00+00:00, run_after=2026-07-21 04:21:00+00:00
[2026-07-21T04:21:13.335+0000] {processor.py:183} INFO - Processing /opt/airflow/dags/minio_to_snowflake.py took 0.865 seconds
[2026-07-21T04:21:43.816+0000] {processor.py:161} INFO - Started process (PID=3141) to work on /opt/airflow/dags/minio_to_snowflake.py
[2026-07-21T04:21:43.817+0000] {processor.py:830} INFO - Processing file /opt/airflow/dags/minio_to_snowflake.py for tasks to queue
[2026-07-21T04:21:43.820+0000] {logging_mixin.py:188} INFO - [2026-07-21T04:21:43.820+0000] {dagbag.py:545} INFO - Filling up the DagBag from /opt/airflow/dags/minio_to_snowflake.py
[2026-07-21T04:21:44.635+0000] {processor.py:840} INFO - DAG(s) 'minio_to_snowflake_banking' retrieved from /opt/airflow/dags/minio_to_snowflake.py
[2026-07-21T04:21:44.665+0000] {logging_mixin.py:188} INFO - [2026-07-21T04:21:44.665+0000] {dag.py:3089} INFO - Sync 1 DAGs
[2026-07-21T04:21:44.689+0000] {logging_mixin.py:188} INFO - [2026-07-21T04:21:44.689+0000] {dag.py:3947} INFO - Setting next_dagrun for minio_to_snowflake_banking to 2026-07-21 04:20:00+00:00, run_after=2026-07-21 04:21:00+00:00
[2026-07-21T04:21:44.713+0000] {processor.py:183} INFO - Processing /opt/airflow/dags/minio_to_snowflake.py took 0.904 seconds
[2026-07-21T04:22:15.122+0000] {processor.py:161} INFO - Started process (PID=3146) to work on /opt/airflow/dags/minio_to_snowflake.py
[2026-07-21T04:22:15.124+0000] {processor.py:830} INFO - Processing file /opt/airflow/dags/minio_to_snowflake.py for tasks to queue
[2026-07-21T04:22:15.127+0000] {logging_mixin.py:188} INFO - [2026-07-21T04:22:15.127+0000] {dagbag.py:545} INFO - Filling up the DagBag from /opt/airflow/dags/minio_to_snowflake.py
[2026-07-21T04:22:15.917+0000] {processor.py:840} INFO - DAG(s) 'minio_to_snowflake_banking' retrieved from /opt/airflow/dags/minio_to_snowflake.py
[2026-07-21T04:22:15.946+0000] {logging_mixin.py:188} INFO - [2026-07-21T04:22:15.946+0000] {dag.py:3089} INFO - Sync 1 DAGs
[2026-07-21T04:22:15.968+0000] {logging_mixin.py:188} INFO - [2026-07-21T04:22:15.968+0000] {dag.py:3947} INFO - Setting next_dagrun for minio_to_snowflake_banking to 2026-07-21 04:21:00+00:00, run_after=2026-07-21 04:22:00+00:00
[2026-07-21T04:22:15.990+0000] {processor.py:183} INFO - Processing /opt/airflow/dags/minio_to_snowflake.py took 0.876 seconds
[2026-07-21T04:22:46.617+0000] {processor.py:161} INFO - Started process (PID=3151) to work on /opt/airflow/dags/minio_to_snowflake.py
[2026-07-21T04:22:46.619+0000] {processor.py:830} INFO - Processing file /opt/airflow/dags/minio_to_snowflake.py for tasks to queue
[2026-07-21T04:22:46.621+0000] {logging_mixin.py:188} INFO - [2026-07-21T04:22:46.621+0000] {dagbag.py:545} INFO - Filling up the DagBag from /opt/airflow/dags/minio_to_snowflake.py
[2026-07-21T04:22:47.412+0000] {processor.py:840} INFO - DAG(s) 'minio_to_snowflake_banking' retrieved from /opt/airflow/dags/minio_to_snowflake.py
[2026-07-21T04:22:47.441+0000] {logging_mixin.py:188} INFO - [2026-07-21T04:22:47.441+0000] {dag.py:3089} INFO - Sync 1 DAGs
[2026-07-21T04:22:47.464+0000] {logging_mixin.py:188} INFO - [2026-07-21T04:22:47.464+0000] {dag.py:3947} INFO - Setting next_dagrun for minio_to_snowflake_banking to 2026-07-21 04:21:00+00:00, run_after=2026-07-21 04:22:00+00:00
[2026-07-21T04:22:47.485+0000] {processor.py:183} INFO - Processing /opt/airflow/dags/minio_to_snowflake.py took 0.875 seconds
[2026-07-21T04:23:17.920+0000] {processor.py:161} INFO - Started process (PID=3156) to work on /opt/airflow/dags/minio_to_snowflake.py
[2026-07-21T04:23:17.923+0000] {processor.py:830} INFO - Processing file /opt/airflow/dags/minio_to_snowflake.py for tasks to queue
[2026-07-21T04:23:17.926+0000] {logging_mixin.py:188} INFO - [2026-07-21T04:23:17.925+0000] {dagbag.py:545} INFO - Filling up the DagBag from /opt/airflow/dags/minio_to_snowflake.py
[2026-07-21T04:23:18.720+0000] {processor.py:840} INFO - DAG(s) 'minio_to_snowflake_banking' retrieved from /opt/airflow/dags/minio_to_snowflake.py
[2026-07-21T04:23:18.748+0000] {logging_mixin.py:188} INFO - [2026-07-21T04:23:18.748+0000] {dag.py:3089} INFO - Sync 1 DAGs
[2026-07-21T04:23:18.771+0000] {logging_mixin.py:188} INFO - [2026-07-21T04:23:18.770+0000] {dag.py:3947} INFO - Setting next_dagrun for minio_to_snowflake_banking to 2026-07-21 04:22:00+00:00, run_after=2026-07-21 04:23:00+00:00
[2026-07-21T04:23:18.796+0000] {processor.py:183} INFO - Processing /opt/airflow/dags/minio_to_snowflake.py took 0.884 seconds
[2026-07-21T04:23:49.217+0000] {processor.py:161} INFO - Started process (PID=3161) to work on /opt/airflow/dags/minio_to_snowflake.py
[2026-07-21T04:23:49.219+0000] {processor.py:830} INFO - Processing file /opt/airflow/dags/minio_to_snowflake.py for tasks to queue
[2026-07-21T04:23:49.223+0000] {logging_mixin.py:188} INFO - [2026-07-21T04:23:49.222+0000] {dagbag.py:545} INFO - Filling up the DagBag from /opt/airflow/dags/minio_to_snowflake.py
[2026-07-21T04:23:50.190+0000] {processor.py:840} INFO - DAG(s) 'minio_to_snowflake_banking' retrieved from /opt/airflow/dags/minio_to_snowflake.py
[2026-07-21T04:23:50.233+0000] {logging_mixin.py:188} INFO - [2026-07-21T04:23:50.232+0000] {dag.py:3089} INFO - Sync 1 DAGs
[2026-07-21T04:23:50.277+0000] {logging_mixin.py:188} INFO - [2026-07-21T04:23:50.277+0000] {dag.py:3947} INFO - Setting next_dagrun for minio_to_snowflake_banking to 2026-07-21 04:22:00+00:00, run_after=2026-07-21 04:23:00+00:00
[2026-07-21T04:23:50.306+0000] {processor.py:183} INFO - Processing /opt/airflow/dags/minio_to_snowflake.py took 1.096 seconds
[2026-07-21T04:24:20.667+0000] {processor.py:161} INFO - Started process (PID=3167) to work on /opt/airflow/dags/minio_to_snowflake.py
[2026-07-21T04:24:20.669+0000] {processor.py:830} INFO - Processing file /opt/airflow/dags/minio_to_snowflake.py for tasks to queue
[2026-07-21T04:24:20.672+0000] {logging_mixin.py:188} INFO - [2026-07-21T04:24:20.672+0000] {dagbag.py:545} INFO - Filling up the DagBag from /opt/airflow/dags/minio_to_snowflake.py
[2026-07-21T04:24:21.611+0000] {processor.py:840} INFO - DAG(s) 'minio_to_snowflake_banking' retrieved from /opt/airflow/dags/minio_to_snowflake.py
[2026-07-21T04:24:21.643+0000] {logging_mixin.py:188} INFO - [2026-07-21T04:24:21.643+0000] {dag.py:3089} INFO - Sync 1 DAGs
[2026-07-21T04:24:21.667+0000] {logging_mixin.py:188} INFO - [2026-07-21T04:24:21.667+0000] {dag.py:3947} INFO - Setting next_dagrun for minio_to_snowflake_banking to 2026-07-21 04:23:00+00:00, run_after=2026-07-21 04:24:00+00:00
[2026-07-21T04:24:21.689+0000] {processor.py:183} INFO - Processing /opt/airflow/dags/minio_to_snowflake.py took 1.032 seconds
[2026-07-21T04:24:52.069+0000] {processor.py:161} INFO - Started process (PID=3172) to work on /opt/airflow/dags/minio_to_snowflake.py
[2026-07-21T04:24:52.082+0000] {processor.py:830} INFO - Processing file /opt/airflow/dags/minio_to_snowflake.py for tasks to queue
[2026-07-21T04:24:52.088+0000] {logging_mixin.py:188} INFO - [2026-07-21T04:24:52.087+0000] {dagbag.py:545} INFO - Filling up the DagBag from /opt/airflow/dags/minio_to_snowflake.py
[2026-07-21T04:24:53.761+0000] {processor.py:840} INFO - DAG(s) 'minio_to_snowflake_banking' retrieved from /opt/airflow/dags/minio_to_snowflake.py
[2026-07-21T04:24:53.808+0000] {logging_mixin.py:188} INFO - [2026-07-21T04:24:53.807+0000] {dag.py:3089} INFO - Sync 1 DAGs
[2026-07-21T04:24:53.863+0000] {logging_mixin.py:188} INFO - [2026-07-21T04:24:53.862+0000] {dag.py:3947} INFO - Setting next_dagrun for minio_to_snowflake_banking to 2026-07-21 04:23:00+00:00, run_after=2026-07-21 04:24:00+00:00
[2026-07-21T04:24:53.905+0000] {processor.py:183} INFO - Processing /opt/airflow/dags/minio_to_snowflake.py took 1.874 seconds
[2026-07-21T04:25:24.503+0000] {processor.py:161} INFO - Started process (PID=3177) to work on /opt/airflow/dags/minio_to_snowflake.py
[2026-07-21T04:25:24.505+0000] {processor.py:830} INFO - Processing file /opt/airflow/dags/minio_to_snowflake.py for tasks to queue
[2026-07-21T04:25:24.507+0000] {logging_mixin.py:188} INFO - [2026-07-21T04:25:24.507+0000] {dagbag.py:545} INFO - Filling up the DagBag from /opt/airflow/dags/minio_to_snowflake.py
[2026-07-21T04:25:25.592+0000] {processor.py:840} INFO - DAG(s) 'minio_to_snowflake_banking' retrieved from /opt/airflow/dags/minio_to_snowflake.py
[2026-07-21T04:25:25.632+0000] {logging_mixin.py:188} INFO - [2026-07-21T04:25:25.631+0000] {dag.py:3089} INFO - Sync 1 DAGs
[2026-07-21T04:25:25.665+0000] {logging_mixin.py:188} INFO - [2026-07-21T04:25:25.665+0000] {dag.py:3947} INFO - Setting next_dagrun for minio_to_snowflake_banking to 2026-07-21 04:24:00+00:00, run_after=2026-07-21 04:25:00+00:00
[2026-07-21T04:25:25.698+0000] {processor.py:183} INFO - Processing /opt/airflow/dags/minio_to_snowflake.py took 1.202 seconds
[2026-07-21T04:25:56.019+0000] {processor.py:161} INFO - Started process (PID=3182) to work on /opt/airflow/dags/minio_to_snowflake.py
[2026-07-21T04:25:56.021+0000] {processor.py:830} INFO - Processing file /opt/airflow/dags/minio_to_snowflake.py for tasks to queue
[2026-07-21T04:25:56.024+0000] {logging_mixin.py:188} INFO - [2026-07-21T04:25:56.023+0000] {dagbag.py:545} INFO - Filling up the DagBag from /opt/airflow/dags/minio_to_snowflake.py
[2026-07-21T04:25:56.864+0000] {processor.py:840} INFO - DAG(s) 'minio_to_snowflake_banking' retrieved from /opt/airflow/dags/minio_to_snowflake.py
[2026-07-21T04:25:56.896+0000] {logging_mixin.py:188} INFO - [2026-07-21T04:25:56.895+0000] {dag.py:3089} INFO - Sync 1 DAGs
[2026-07-21T04:25:56.922+0000] {logging_mixin.py:188} INFO - [2026-07-21T04:25:56.922+0000] {dag.py:3947} INFO - Setting next_dagrun for minio_to_snowflake_banking to 2026-07-21 04:24:00+00:00, run_after=2026-07-21 04:25:00+00:00
[2026-07-21T04:25:56.943+0000] {processor.py:183} INFO - Processing /opt/airflow/dags/minio_to_snowflake.py took 0.933 seconds
[2026-07-21T04:26:27.294+0000] {processor.py:161} INFO - Started process (PID=3187) to work on /opt/airflow/dags/minio_to_snowflake.py
[2026-07-21T04:26:27.296+0000] {processor.py:830} INFO - Processing file /opt/airflow/dags/minio_to_snowflake.py for tasks to queue
[2026-07-21T04:26:27.301+0000] {logging_mixin.py:188} INFO - [2026-07-21T04:26:27.300+0000] {dagbag.py:545} INFO - Filling up the DagBag from /opt/airflow/dags/minio_to_snowflake.py
[2026-07-21T04:26:28.153+0000] {processor.py:840} INFO - DAG(s) 'minio_to_snowflake_banking' retrieved from /opt/airflow/dags/minio_to_snowflake.py
[2026-07-21T04:26:28.187+0000] {logging_mixin.py:188} INFO - [2026-07-21T04:26:28.186+0000] {dag.py:3089} INFO - Sync 1 DAGs
[2026-07-21T04:26:28.213+0000] {logging_mixin.py:188} INFO - [2026-07-21T04:26:28.213+0000] {dag.py:3947} INFO - Setting next_dagrun for minio_to_snowflake_banking to 2026-07-21 04:25:00+00:00, run_after=2026-07-21 04:26:00+00:00
[2026-07-21T04:26:28.236+0000] {processor.py:183} INFO - Processing /opt/airflow/dags/minio_to_snowflake.py took 0.950 seconds
[2026-07-21T04:26:58.734+0000] {processor.py:161} INFO - Started process (PID=3192) to work on /opt/airflow/dags/minio_to_snowflake.py
[2026-07-21T04:26:58.736+0000] {processor.py:830} INFO - Processing file /opt/airflow/dags/minio_to_snowflake.py for tasks to queue
[2026-07-21T04:26:58.739+0000] {logging_mixin.py:188} INFO - [2026-07-21T04:26:58.738+0000] {dagbag.py:545} INFO - Filling up the DagBag from /opt/airflow/dags/minio_to_snowflake.py
[2026-07-21T04:26:59.693+0000] {processor.py:840} INFO - DAG(s) 'minio_to_snowflake_banking' retrieved from /opt/airflow/dags/minio_to_snowflake.py
[2026-07-21T04:26:59.729+0000] {logging_mixin.py:188} INFO - [2026-07-21T04:26:59.728+0000] {dag.py:3089} INFO - Sync 1 DAGs
[2026-07-21T04:26:59.755+0000] {logging_mixin.py:188} INFO - [2026-07-21T04:26:59.755+0000] {dag.py:3947} INFO - Setting next_dagrun for minio_to_snowflake_banking to 2026-07-21 04:25:00+00:00, run_after=2026-07-21 04:26:00+00:00
[2026-07-21T04:26:59.789+0000] {processor.py:183} INFO - Processing /opt/airflow/dags/minio_to_snowflake.py took 1.062 seconds
[2026-07-21T04:27:30.141+0000] {processor.py:161} INFO - Started process (PID=3197) to work on /opt/airflow/dags/minio_to_snowflake.py
[2026-07-21T04:27:30.142+0000] {processor.py:830} INFO - Processing file /opt/airflow/dags/minio_to_snowflake.py for tasks to queue
[2026-07-21T04:27:30.145+0000] {logging_mixin.py:188} INFO - [2026-07-21T04:27:30.144+0000] {dagbag.py:545} INFO - Filling up the DagBag from /opt/airflow/dags/minio_to_snowflake.py
[2026-07-21T04:27:31.125+0000] {processor.py:840} INFO - DAG(s) 'minio_to_snowflake_banking' retrieved from /opt/airflow/dags/minio_to_snowflake.py
[2026-07-21T04:27:31.170+0000] {logging_mixin.py:188} INFO - [2026-07-21T04:27:31.169+0000] {dag.py:3089} INFO - Sync 1 DAGs
[2026-07-21T04:27:31.198+0000] {logging_mixin.py:188} INFO - [2026-07-21T04:27:31.197+0000] {dag.py:3947} INFO - Setting next_dagrun for minio_to_snowflake_banking to 2026-07-21 04:26:00+00:00, run_after=2026-07-21 04:27:00+00:00
[2026-07-21T04:27:31.220+0000] {processor.py:183} INFO - Processing /opt/airflow/dags/minio_to_snowflake.py took 1.088 seconds
[2026-07-21T04:28:01.630+0000] {processor.py:161} INFO - Started process (PID=3202) to work on /opt/airflow/dags/minio_to_snowflake.py
[2026-07-21T04:28:01.632+0000] {processor.py:830} INFO - Processing file /opt/airflow/dags/minio_to_snowflake.py for tasks to queue
[2026-07-21T04:28:01.634+0000] {logging_mixin.py:188} INFO - [2026-07-21T04:28:01.634+0000] {dagbag.py:545} INFO - Filling up the DagBag from /opt/airflow/dags/minio_to_snowflake.py
[2026-07-21T04:28:02.531+0000] {processor.py:840} INFO - DAG(s) 'minio_to_snowflake_banking' retrieved from /opt/airflow/dags/minio_to_snowflake.py
[2026-07-21T04:28:02.561+0000] {logging_mixin.py:188} INFO - [2026-07-21T04:28:02.560+0000] {dag.py:3089} INFO - Sync 1 DAGs
[2026-07-21T04:28:02.586+0000] {logging_mixin.py:188} INFO - [2026-07-21T04:28:02.586+0000] {dag.py:3947} INFO - Setting next_dagrun for minio_to_snowflake_banking to 2026-07-21 04:27:00+00:00, run_after=2026-07-21 04:28:00+00:00
[2026-07-21T04:28:02.609+0000] {processor.py:183} INFO - Processing /opt/airflow/dags/minio_to_snowflake.py took 0.991 seconds
[2026-07-21T04:28:33.242+0000] {processor.py:161} INFO - Started process (PID=3207) to work on /opt/airflow/dags/minio_to_snowflake.py
[2026-07-21T04:28:33.245+0000] {processor.py:830} INFO - Processing file /opt/airflow/dags/minio_to_snowflake.py for tasks to queue
[2026-07-21T04:28:33.250+0000] {logging_mixin.py:188} INFO - [2026-07-21T04:28:33.249+0000] {dagbag.py:545} INFO - Filling up the DagBag from /opt/airflow/dags/minio_to_snowflake.py
[2026-07-21T04:28:34.145+0000] {processor.py:840} INFO - DAG(s) 'minio_to_snowflake_banking' retrieved from /opt/airflow/dags/minio_to_snowflake.py
[2026-07-21T04:28:34.178+0000] {logging_mixin.py:188} INFO - [2026-07-21T04:28:34.178+0000] {dag.py:3089} INFO - Sync 1 DAGs
[2026-07-21T04:28:34.202+0000] {logging_mixin.py:188} INFO - [2026-07-21T04:28:34.202+0000] {dag.py:3947} INFO - Setting next_dagrun for minio_to_snowflake_banking to 2026-07-21 04:27:00+00:00, run_after=2026-07-21 04:28:00+00:00
[2026-07-21T04:28:34.225+0000] {processor.py:183} INFO - Processing /opt/airflow/dags/minio_to_snowflake.py took 1.000 seconds
[2026-07-21T04:29:04.561+0000] {processor.py:161} INFO - Started process (PID=3212) to work on /opt/airflow/dags/minio_to_snowflake.py
[2026-07-21T04:29:04.562+0000] {processor.py:830} INFO - Processing file /opt/airflow/dags/minio_to_snowflake.py for tasks to queue
[2026-07-21T04:29:04.566+0000] {logging_mixin.py:188} INFO - [2026-07-21T04:29:04.565+0000] {dagbag.py:545} INFO - Filling up the DagBag from /opt/airflow/dags/minio_to_snowflake.py
[2026-07-21T04:29:05.404+0000] {processor.py:840} INFO - DAG(s) 'minio_to_snowflake_banking' retrieved from /opt/airflow/dags/minio_to_snowflake.py
[2026-07-21T04:29:05.432+0000] {logging_mixin.py:188} INFO - [2026-07-21T04:29:05.432+0000] {dag.py:3089} INFO - Sync 1 DAGs
[2026-07-21T04:29:05.456+0000] {logging_mixin.py:188} INFO - [2026-07-21T04:29:05.455+0000] {dag.py:3947} INFO - Setting next_dagrun for minio_to_snowflake_banking to 2026-07-21 04:28:00+00:00, run_after=2026-07-21 04:29:00+00:00
[2026-07-21T04:29:05.480+0000] {processor.py:183} INFO - Processing /opt/airflow/dags/minio_to_snowflake.py took 0.927 seconds
[2026-07-21T04:29:35.973+0000] {processor.py:161} INFO - Started process (PID=3217) to work on /opt/airflow/dags/minio_to_snowflake.py
[2026-07-21T04:29:35.975+0000] {processor.py:830} INFO - Processing file /opt/airflow/dags/minio_to_snowflake.py for tasks to queue
[2026-07-21T04:29:35.977+0000] {logging_mixin.py:188} INFO - [2026-07-21T04:29:35.977+0000] {dagbag.py:545} INFO - Filling up the DagBag from /opt/airflow/dags/minio_to_snowflake.py
[2026-07-21T04:29:36.758+0000] {processor.py:840} INFO - DAG(s) 'minio_to_snowflake_banking' retrieved from /opt/airflow/dags/minio_to_snowflake.py
[2026-07-21T04:29:36.787+0000] {logging_mixin.py:188} INFO - [2026-07-21T04:29:36.787+0000] {dag.py:3089} INFO - Sync 1 DAGs
[2026-07-21T04:29:36.809+0000] {logging_mixin.py:188} INFO - [2026-07-21T04:29:36.809+0000] {dag.py:3947} INFO - Setting next_dagrun for minio_to_snowflake_banking to 2026-07-21 04:28:00+00:00, run_after=2026-07-21 04:29:00+00:00
[2026-07-21T04:29:36.831+0000] {processor.py:183} INFO - Processing /opt/airflow/dags/minio_to_snowflake.py took 0.864 seconds
[2026-07-21T04:30:07.237+0000] {processor.py:161} INFO - Started process (PID=3222) to work on /opt/airflow/dags/minio_to_snowflake.py
[2026-07-21T04:30:07.238+0000] {processor.py:830} INFO - Processing file /opt/airflow/dags/minio_to_snowflake.py for tasks to queue
[2026-07-21T04:30:07.241+0000] {logging_mixin.py:188} INFO - [2026-07-21T04:30:07.240+0000] {dagbag.py:545} INFO - Filling up the DagBag from /opt/airflow/dags/minio_to_snowflake.py
[2026-07-21T04:30:08.023+0000] {processor.py:840} INFO - DAG(s) 'minio_to_snowflake_banking' retrieved from /opt/airflow/dags/minio_to_snowflake.py
[2026-07-21T04:30:08.058+0000] {logging_mixin.py:188} INFO - [2026-07-21T04:30:08.058+0000] {dag.py:3089} INFO - Sync 1 DAGs
[2026-07-21T04:30:08.084+0000] {logging_mixin.py:188} INFO - [2026-07-21T04:30:08.084+0000] {dag.py:3947} INFO - Setting next_dagrun for minio_to_snowflake_banking to 2026-07-21 04:29:00+00:00, run_after=2026-07-21 04:30:00+00:00
[2026-07-21T04:30:08.105+0000] {processor.py:183} INFO - Processing /opt/airflow/dags/minio_to_snowflake.py took 0.875 seconds
[2026-07-21T04:30:38.621+0000] {processor.py:161} INFO - Started process (PID=3227) to work on /opt/airflow/dags/minio_to_snowflake.py
[2026-07-21T04:30:38.622+0000] {processor.py:830} INFO - Processing file /opt/airflow/dags/minio_to_snowflake.py for tasks to queue
[2026-07-21T04:30:38.624+0000] {logging_mixin.py:188} INFO - [2026-07-21T04:30:38.624+0000] {dagbag.py:545} INFO - Filling up the DagBag from /opt/airflow/dags/minio_to_snowflake.py
[2026-07-21T04:30:39.436+0000] {processor.py:840} INFO - DAG(s) 'minio_to_snowflake_banking' retrieved from /opt/airflow/dags/minio_to_snowflake.py
[2026-07-21T04:30:39.468+0000] {logging_mixin.py:188} INFO - [2026-07-21T04:30:39.468+0000] {dag.py:3089} INFO - Sync 1 DAGs
[2026-07-21T04:30:39.496+0000] {logging_mixin.py:188} INFO - [2026-07-21T04:30:39.496+0000] {dag.py:3947} INFO - Setting next_dagrun for minio_to_snowflake_banking to 2026-07-21 04:29:00+00:00, run_after=2026-07-21 04:30:00+00:00
[2026-07-21T04:30:39.517+0000] {processor.py:183} INFO - Processing /opt/airflow/dags/minio_to_snowflake.py took 0.903 seconds
[2026-07-21T04:31:09.890+0000] {processor.py:161} INFO - Started process (PID=3232) to work on /opt/airflow/dags/minio_to_snowflake.py
[2026-07-21T04:31:09.892+0000] {processor.py:830} INFO - Processing file /opt/airflow/dags/minio_to_snowflake.py for tasks to queue
[2026-07-21T04:31:09.896+0000] {logging_mixin.py:188} INFO - [2026-07-21T04:31:09.895+0000] {dagbag.py:545} INFO - Filling up the DagBag from /opt/airflow/dags/minio_to_snowflake.py
[2026-07-21T04:31:10.790+0000] {processor.py:840} INFO - DAG(s) 'minio_to_snowflake_banking' retrieved from /opt/airflow/dags/minio_to_snowflake.py
[2026-07-21T04:31:10.820+0000] {logging_mixin.py:188} INFO - [2026-07-21T04:31:10.819+0000] {dag.py:3089} INFO - Sync 1 DAGs
[2026-07-21T04:31:10.845+0000] {logging_mixin.py:188} INFO - [2026-07-21T04:31:10.845+0000] {dag.py:3947} INFO - Setting next_dagrun for minio_to_snowflake_banking to 2026-07-21 04:30:00+00:00, run_after=2026-07-21 04:31:00+00:00
[2026-07-21T04:31:10.867+0000] {processor.py:183} INFO - Processing /opt/airflow/dags/minio_to_snowflake.py took 0.987 seconds
[2026-07-21T04:31:41.187+0000] {processor.py:161} INFO - Started process (PID=3237) to work on /opt/airflow/dags/minio_to_snowflake.py
[2026-07-21T04:31:41.188+0000] {processor.py:830} INFO - Processing file /opt/airflow/dags/minio_to_snowflake.py for tasks to queue
[2026-07-21T04:31:41.191+0000] {logging_mixin.py:188} INFO - [2026-07-21T04:31:41.190+0000] {dagbag.py:545} INFO - Filling up the DagBag from /opt/airflow/dags/minio_to_snowflake.py
[2026-07-21T04:31:42.001+0000] {processor.py:840} INFO - DAG(s) 'minio_to_snowflake_banking' retrieved from /opt/airflow/dags/minio_to_snowflake.py
[2026-07-21T04:31:42.031+0000] {logging_mixin.py:188} INFO - [2026-07-21T04:31:42.030+0000] {dag.py:3089} INFO - Sync 1 DAGs
[2026-07-21T04:31:42.062+0000] {logging_mixin.py:188} INFO - [2026-07-21T04:31:42.062+0000] {dag.py:3947} INFO - Setting next_dagrun for minio_to_snowflake_banking to 2026-07-21 04:30:00+00:00, run_after=2026-07-21 04:31:00+00:00
[2026-07-21T04:31:42.093+0000] {processor.py:183} INFO - Processing /opt/airflow/dags/minio_to_snowflake.py took 0.915 seconds
[2026-07-21T04:32:12.675+0000] {processor.py:161} INFO - Started process (PID=3242) to work on /opt/airflow/dags/minio_to_snowflake.py
[2026-07-21T04:32:12.676+0000] {processor.py:830} INFO - Processing file /opt/airflow/dags/minio_to_snowflake.py for tasks to queue
[2026-07-21T04:32:12.679+0000] {logging_mixin.py:188} INFO - [2026-07-21T04:32:12.679+0000] {dagbag.py:545} INFO - Filling up the DagBag from /opt/airflow/dags/minio_to_snowflake.py
[2026-07-21T04:32:13.921+0000] {processor.py:840} INFO - DAG(s) 'minio_to_snowflake_banking' retrieved from /opt/airflow/dags/minio_to_snowflake.py
[2026-07-21T04:32:13.952+0000] {logging_mixin.py:188} INFO - [2026-07-21T04:32:13.951+0000] {dag.py:3089} INFO - Sync 1 DAGs
[2026-07-21T04:32:13.977+0000] {logging_mixin.py:188} INFO - [2026-07-21T04:32:13.976+0000] {dag.py:3947} INFO - Setting next_dagrun for minio_to_snowflake_banking to 2026-07-21 04:31:00+00:00, run_after=2026-07-21 04:32:00+00:00
[2026-07-21T04:32:13.999+0000] {processor.py:183} INFO - Processing /opt/airflow/dags/minio_to_snowflake.py took 1.331 seconds
[2026-07-21T04:32:44.078+0000] {processor.py:161} INFO - Started process (PID=3247) to work on /opt/airflow/dags/minio_to_snowflake.py
[2026-07-21T04:32:44.079+0000] {processor.py:830} INFO - Processing file /opt/airflow/dags/minio_to_snowflake.py for tasks to queue
[2026-07-21T04:32:44.082+0000] {logging_mixin.py:188} INFO - [2026-07-21T04:32:44.082+0000] {dagbag.py:545} INFO - Filling up the DagBag from /opt/airflow/dags/minio_to_snowflake.py
[2026-07-21T04:32:45.040+0000] {processor.py:840} INFO - DAG(s) 'minio_to_snowflake_banking' retrieved from /opt/airflow/dags/minio_to_snowflake.py
[2026-07-21T04:32:45.082+0000] {logging_mixin.py:188} INFO - [2026-07-21T04:32:45.081+0000] {dag.py:3089} INFO - Sync 1 DAGs
[2026-07-21T04:32:45.104+0000] {logging_mixin.py:188} INFO - [2026-07-21T04:32:45.104+0000] {dag.py:3947} INFO - Setting next_dagrun for minio_to_snowflake_banking to 2026-07-21 04:31:00+00:00, run_after=2026-07-21 04:32:00+00:00
[2026-07-21T04:32:45.134+0000] {processor.py:183} INFO - Processing /opt/airflow/dags/minio_to_snowflake.py took 1.067 seconds
[2026-07-21T04:33:15.502+0000] {processor.py:161} INFO - Started process (PID=3252) to work on /opt/airflow/dags/minio_to_snowflake.py
[2026-07-21T04:33:15.504+0000] {processor.py:830} INFO - Processing file /opt/airflow/dags/minio_to_snowflake.py for tasks to queue
[2026-07-21T04:33:15.506+0000] {logging_mixin.py:188} INFO - [2026-07-21T04:33:15.506+0000] {dagbag.py:545} INFO - Filling up the DagBag from /opt/airflow/dags/minio_to_snowflake.py
[2026-07-21T04:33:16.598+0000] {processor.py:840} INFO - DAG(s) 'minio_to_snowflake_banking' retrieved from /opt/airflow/dags/minio_to_snowflake.py
[2026-07-21T04:33:16.627+0000] {logging_mixin.py:188} INFO - [2026-07-21T04:33:16.626+0000] {dag.py:3089} INFO - Sync 1 DAGs
[2026-07-21T04:33:16.650+0000] {logging_mixin.py:188} INFO - [2026-07-21T04:33:16.650+0000] {dag.py:3947} INFO - Setting next_dagrun for minio_to_snowflake_banking to 2026-07-21 04:32:00+00:00, run_after=2026-07-21 04:33:00+00:00
[2026-07-21T04:33:16.672+0000] {processor.py:183} INFO - Processing /opt/airflow/dags/minio_to_snowflake.py took 1.177 seconds
[2026-07-21T04:33:46.970+0000] {processor.py:161} INFO - Started process (PID=3257) to work on /opt/airflow/dags/minio_to_snowflake.py
[2026-07-21T04:33:46.971+0000] {processor.py:830} INFO - Processing file /opt/airflow/dags/minio_to_snowflake.py for tasks to queue
[2026-07-21T04:33:46.974+0000] {logging_mixin.py:188} INFO - [2026-07-21T04:33:46.973+0000] {dagbag.py:545} INFO - Filling up the DagBag from /opt/airflow/dags/minio_to_snowflake.py
[2026-07-21T04:33:47.740+0000] {processor.py:840} INFO - DAG(s) 'minio_to_snowflake_banking' retrieved from /opt/airflow/dags/minio_to_snowflake.py
[2026-07-21T04:33:47.780+0000] {logging_mixin.py:188} INFO - [2026-07-21T04:33:47.780+0000] {dag.py:3089} INFO - Sync 1 DAGs
[2026-07-21T04:33:47.803+0000] {logging_mixin.py:188} INFO - [2026-07-21T04:33:47.803+0000] {dag.py:3947} INFO - Setting next_dagrun for minio_to_snowflake_banking to 2026-07-21 04:32:00+00:00, run_after=2026-07-21 04:33:00+00:00
[2026-07-21T04:33:47.826+0000] {processor.py:183} INFO - Processing /opt/airflow/dags/minio_to_snowflake.py took 0.863 seconds
[2026-07-21T04:34:18.487+0000] {processor.py:161} INFO - Started process (PID=3262) to work on /opt/airflow/dags/minio_to_snowflake.py
[2026-07-21T04:34:18.489+0000] {processor.py:830} INFO - Processing file /opt/airflow/dags/minio_to_snowflake.py for tasks to queue
[2026-07-21T04:34:18.491+0000] {logging_mixin.py:188} INFO - [2026-07-21T04:34:18.490+0000] {dagbag.py:545} INFO - Filling up the DagBag from /opt/airflow/dags/minio_to_snowflake.py
[2026-07-21T04:34:19.478+0000] {processor.py:840} INFO - DAG(s) 'minio_to_snowflake_banking' retrieved from /opt/airflow/dags/minio_to_snowflake.py
[2026-07-21T04:34:19.505+0000] {logging_mixin.py:188} INFO - [2026-07-21T04:34:19.505+0000] {dag.py:3089} INFO - Sync 1 DAGs
[2026-07-21T04:34:19.530+0000] {logging_mixin.py:188} INFO - [2026-07-21T04:34:19.530+0000] {dag.py:3947} INFO - Setting next_dagrun for minio_to_snowflake_banking to 2026-07-21 04:33:00+00:00, run_after=2026-07-21 04:34:00+00:00
[2026-07-21T04:34:19.551+0000] {processor.py:183} INFO - Processing /opt/airflow/dags/minio_to_snowflake.py took 1.073 seconds
[2026-07-21T04:34:49.870+0000] {processor.py:161} INFO - Started process (PID=3267) to work on /opt/airflow/dags/minio_to_snowflake.py
[2026-07-21T04:34:49.872+0000] {processor.py:830} INFO - Processing file /opt/airflow/dags/minio_to_snowflake.py for tasks to queue
[2026-07-21T04:34:49.874+0000] {logging_mixin.py:188} INFO - [2026-07-21T04:34:49.874+0000] {dagbag.py:545} INFO - Filling up the DagBag from /opt/airflow/dags/minio_to_snowflake.py
[2026-07-21T04:34:50.900+0000] {processor.py:840} INFO - DAG(s) 'minio_to_snowflake_banking' retrieved from /opt/airflow/dags/minio_to_snowflake.py
[2026-07-21T04:34:50.950+0000] {logging_mixin.py:188} INFO - [2026-07-21T04:34:50.949+0000] {dag.py:3089} INFO - Sync 1 DAGs
[2026-07-21T04:34:50.986+0000] {logging_mixin.py:188} INFO - [2026-07-21T04:34:50.985+0000] {dag.py:3947} INFO - Setting next_dagrun for minio_to_snowflake_banking to 2026-07-21 04:33:00+00:00, run_after=2026-07-21 04:34:00+00:00
[2026-07-21T04:34:51.006+0000] {processor.py:183} INFO - Processing /opt/airflow/dags/minio_to_snowflake.py took 1.145 seconds
[2026-07-21T04:35:21.411+0000] {processor.py:161} INFO - Started process (PID=3272) to work on /opt/airflow/dags/minio_to_snowflake.py
[2026-07-21T04:35:21.414+0000] {processor.py:830} INFO - Processing file /opt/airflow/dags/minio_to_snowflake.py for tasks to queue
[2026-07-21T04:35:21.420+0000] {logging_mixin.py:188} INFO - [2026-07-21T04:35:21.420+0000] {dagbag.py:545} INFO - Filling up the DagBag from /opt/airflow/dags/minio_to_snowflake.py
[2026-07-21T04:35:22.400+0000] {processor.py:840} INFO - DAG(s) 'minio_to_snowflake_banking' retrieved from /opt/airflow/dags/minio_to_snowflake.py
[2026-07-21T04:35:22.431+0000] {logging_mixin.py:188} INFO - [2026-07-21T04:35:22.431+0000] {dag.py:3089} INFO - Sync 1 DAGs
[2026-07-21T04:35:22.458+0000] {logging_mixin.py:188} INFO - [2026-07-21T04:35:22.458+0000] {dag.py:3947} INFO - Setting next_dagrun for minio_to_snowflake_banking to 2026-07-21 04:34:00+00:00, run_after=2026-07-21 04:35:00+00:00
[2026-07-21T04:35:22.479+0000] {processor.py:183} INFO - Processing /opt/airflow/dags/minio_to_snowflake.py took 1.096 seconds
[2026-07-21T04:35:52.823+0000] {processor.py:161} INFO - Started process (PID=3277) to work on /opt/airflow/dags/minio_to_snowflake.py
[2026-07-21T04:35:52.825+0000] {processor.py:830} INFO - Processing file /opt/airflow/dags/minio_to_snowflake.py for tasks to queue
[2026-07-21T04:35:52.827+0000] {logging_mixin.py:188} INFO - [2026-07-21T04:35:52.827+0000] {dagbag.py:545} INFO - Filling up the DagBag from /opt/airflow/dags/minio_to_snowflake.py
[2026-07-21T04:35:53.648+0000] {processor.py:840} INFO - DAG(s) 'minio_to_snowflake_banking' retrieved from /opt/airflow/dags/minio_to_snowflake.py
[2026-07-21T04:35:53.683+0000] {logging_mixin.py:188} INFO - [2026-07-21T04:35:53.682+0000] {dag.py:3089} INFO - Sync 1 DAGs
[2026-07-21T04:35:53.714+0000] {logging_mixin.py:188} INFO - [2026-07-21T04:35:53.714+0000] {dag.py:3947} INFO - Setting next_dagrun for minio_to_snowflake_banking to 2026-07-21 04:34:00+00:00, run_after=2026-07-21 04:35:00+00:00
[2026-07-21T04:35:53.743+0000] {processor.py:183} INFO - Processing /opt/airflow/dags/minio_to_snowflake.py took 0.927 seconds
[2026-07-21T04:36:24.175+0000] {processor.py:161} INFO - Started process (PID=3282) to work on /opt/airflow/dags/minio_to_snowflake.py
[2026-07-21T04:36:24.177+0000] {processor.py:830} INFO - Processing file /opt/airflow/dags/minio_to_snowflake.py for tasks to queue
[2026-07-21T04:36:24.179+0000] {logging_mixin.py:188} INFO - [2026-07-21T04:36:24.179+0000] {dagbag.py:545} INFO - Filling up the DagBag from /opt/airflow/dags/minio_to_snowflake.py
[2026-07-21T04:36:24.990+0000] {processor.py:840} INFO - DAG(s) 'minio_to_snowflake_banking' retrieved from /opt/airflow/dags/minio_to_snowflake.py
[2026-07-21T04:36:25.018+0000] {logging_mixin.py:188} INFO - [2026-07-21T04:36:25.018+0000] {dag.py:3089} INFO - Sync 1 DAGs
[2026-07-21T04:36:25.046+0000] {logging_mixin.py:188} INFO - [2026-07-21T04:36:25.046+0000] {dag.py:3947} INFO - Setting next_dagrun for minio_to_snowflake_banking to 2026-07-21 04:35:00+00:00, run_after=2026-07-21 04:36:00+00:00
[2026-07-21T04:36:25.076+0000] {processor.py:183} INFO - Processing /opt/airflow/dags/minio_to_snowflake.py took 0.909 seconds
[2026-07-21T04:36:55.633+0000] {processor.py:161} INFO - Started process (PID=3287) to work on /opt/airflow/dags/minio_to_snowflake.py
[2026-07-21T04:36:55.634+0000] {processor.py:830} INFO - Processing file /opt/airflow/dags/minio_to_snowflake.py for tasks to queue
[2026-07-21T04:36:55.637+0000] {logging_mixin.py:188} INFO - [2026-07-21T04:36:55.636+0000] {dagbag.py:545} INFO - Filling up the DagBag from /opt/airflow/dags/minio_to_snowflake.py
[2026-07-21T04:36:56.431+0000] {processor.py:840} INFO - DAG(s) 'minio_to_snowflake_banking' retrieved from /opt/airflow/dags/minio_to_snowflake.py
[2026-07-21T04:36:56.465+0000] {logging_mixin.py:188} INFO - [2026-07-21T04:36:56.464+0000] {dag.py:3089} INFO - Sync 1 DAGs
[2026-07-21T04:36:56.491+0000] {logging_mixin.py:188} INFO - [2026-07-21T04:36:56.491+0000] {dag.py:3947} INFO - Setting next_dagrun for minio_to_snowflake_banking to 2026-07-21 04:35:00+00:00, run_after=2026-07-21 04:36:00+00:00
[2026-07-21T04:36:56.523+0000] {processor.py:183} INFO - Processing /opt/airflow/dags/minio_to_snowflake.py took 0.897 seconds
[2026-07-21T04:37:27.278+0000] {processor.py:161} INFO - Started process (PID=3292) to work on /opt/airflow/dags/minio_to_snowflake.py
[2026-07-21T04:37:27.280+0000] {processor.py:830} INFO - Processing file /opt/airflow/dags/minio_to_snowflake.py for tasks to queue
[2026-07-21T04:37:27.284+0000] {logging_mixin.py:188} INFO - [2026-07-21T04:37:27.283+0000] {dagbag.py:545} INFO - Filling up the DagBag from /opt/airflow/dags/minio_to_snowflake.py
[2026-07-21T04:37:28.374+0000] {processor.py:840} INFO - DAG(s) 'minio_to_snowflake_banking' retrieved from /opt/airflow/dags/minio_to_snowflake.py
[2026-07-21T04:37:28.404+0000] {logging_mixin.py:188} INFO - [2026-07-21T04:37:28.403+0000] {dag.py:3089} INFO - Sync 1 DAGs
[2026-07-21T04:37:28.430+0000] {logging_mixin.py:188} INFO - [2026-07-21T04:37:28.430+0000] {dag.py:3947} INFO - Setting next_dagrun for minio_to_snowflake_banking to 2026-07-21 04:36:00+00:00, run_after=2026-07-21 04:37:00+00:00
[2026-07-21T04:37:28.460+0000] {processor.py:183} INFO - Processing /opt/airflow/dags/minio_to_snowflake.py took 1.196 seconds
[2026-07-21T04:37:58.778+0000] {processor.py:161} INFO - Started process (PID=3297) to work on /opt/airflow/dags/minio_to_snowflake.py
[2026-07-21T04:37:58.780+0000] {processor.py:830} INFO - Processing file /opt/airflow/dags/minio_to_snowflake.py for tasks to queue
[2026-07-21T04:37:58.782+0000] {logging_mixin.py:188} INFO - [2026-07-21T04:37:58.782+0000] {dagbag.py:545} INFO - Filling up the DagBag from /opt/airflow/dags/minio_to_snowflake.py
[2026-07-21T04:37:59.632+0000] {processor.py:840} INFO - DAG(s) 'minio_to_snowflake_banking' retrieved from /opt/airflow/dags/minio_to_snowflake.py
[2026-07-21T04:37:59.660+0000] {logging_mixin.py:188} INFO - [2026-07-21T04:37:59.660+0000] {dag.py:3089} INFO - Sync 1 DAGs
[2026-07-21T04:37:59.684+0000] {logging_mixin.py:188} INFO - [2026-07-21T04:37:59.684+0000] {dag.py:3947} INFO - Setting next_dagrun for minio_to_snowflake_banking to 2026-07-21 04:36:00+00:00, run_after=2026-07-21 04:37:00+00:00
[2026-07-21T04:37:59.710+0000] {processor.py:183} INFO - Processing /opt/airflow/dags/minio_to_snowflake.py took 0.940 seconds
[2026-07-21T04:38:30.102+0000] {processor.py:161} INFO - Started process (PID=3302) to work on /opt/airflow/dags/minio_to_snowflake.py
[2026-07-21T04:38:30.104+0000] {processor.py:830} INFO - Processing file /opt/airflow/dags/minio_to_snowflake.py for tasks to queue
[2026-07-21T04:38:30.107+0000] {logging_mixin.py:188} INFO - [2026-07-21T04:38:30.107+0000] {dagbag.py:545} INFO - Filling up the DagBag from /opt/airflow/dags/minio_to_snowflake.py
[2026-07-21T04:38:31.164+0000] {processor.py:840} INFO - DAG(s) 'minio_to_snowflake_banking' retrieved from /opt/airflow/dags/minio_to_snowflake.py
[2026-07-21T04:38:31.197+0000] {logging_mixin.py:188} INFO - [2026-07-21T04:38:31.197+0000] {dag.py:3089} INFO - Sync 1 DAGs
[2026-07-21T04:38:31.228+0000] {logging_mixin.py:188} INFO - [2026-07-21T04:38:31.228+0000] {dag.py:3947} INFO - Setting next_dagrun for minio_to_snowflake_banking to 2026-07-21 04:37:00+00:00, run_after=2026-07-21 04:38:00+00:00
[2026-07-21T04:38:31.247+0000] {processor.py:183} INFO - Processing /opt/airflow/dags/minio_to_snowflake.py took 1.154 seconds
[2026-07-21T04:39:01.514+0000] {processor.py:161} INFO - Started process (PID=3307) to work on /opt/airflow/dags/minio_to_snowflake.py
[2026-07-21T04:39:01.516+0000] {processor.py:830} INFO - Processing file /opt/airflow/dags/minio_to_snowflake.py for tasks to queue
[2026-07-21T04:39:01.519+0000] {logging_mixin.py:188} INFO - [2026-07-21T04:39:01.518+0000] {dagbag.py:545} INFO - Filling up the DagBag from /opt/airflow/dags/minio_to_snowflake.py
[2026-07-21T04:39:02.517+0000] {processor.py:840} INFO - DAG(s) 'minio_to_snowflake_banking' retrieved from /opt/airflow/dags/minio_to_snowflake.py
[2026-07-21T04:39:02.564+0000] {logging_mixin.py:188} INFO - [2026-07-21T04:39:02.563+0000] {dag.py:3089} INFO - Sync 1 DAGs
[2026-07-21T04:39:02.602+0000] {logging_mixin.py:188} INFO - [2026-07-21T04:39:02.602+0000] {dag.py:3947} INFO - Setting next_dagrun for minio_to_snowflake_banking to 2026-07-21 04:38:00+00:00, run_after=2026-07-21 04:39:00+00:00
[2026-07-21T04:39:02.628+0000] {processor.py:183} INFO - Processing /opt/airflow/dags/minio_to_snowflake.py took 1.122 seconds
[2026-07-21T04:39:33.052+0000] {processor.py:161} INFO - Started process (PID=3313) to work on /opt/airflow/dags/minio_to_snowflake.py
[2026-07-21T04:39:33.054+0000] {processor.py:830} INFO - Processing file /opt/airflow/dags/minio_to_snowflake.py for tasks to queue
[2026-07-21T04:39:33.058+0000] {logging_mixin.py:188} INFO - [2026-07-21T04:39:33.057+0000] {dagbag.py:545} INFO - Filling up the DagBag from /opt/airflow/dags/minio_to_snowflake.py
[2026-07-21T04:39:33.932+0000] {processor.py:840} INFO - DAG(s) 'minio_to_snowflake_banking' retrieved from /opt/airflow/dags/minio_to_snowflake.py
[2026-07-21T04:39:33.960+0000] {logging_mixin.py:188} INFO - [2026-07-21T04:39:33.960+0000] {dag.py:3089} INFO - Sync 1 DAGs
[2026-07-21T04:39:33.985+0000] {logging_mixin.py:188} INFO - [2026-07-21T04:39:33.985+0000] {dag.py:3947} INFO - Setting next_dagrun for minio_to_snowflake_banking to 2026-07-21 04:38:00+00:00, run_after=2026-07-21 04:39:00+00:00
[2026-07-21T04:39:34.006+0000] {processor.py:183} INFO - Processing /opt/airflow/dags/minio_to_snowflake.py took 0.969 seconds
[2026-07-21T04:40:04.489+0000] {processor.py:161} INFO - Started process (PID=3318) to work on /opt/airflow/dags/minio_to_snowflake.py
[2026-07-21T04:40:04.491+0000] {processor.py:830} INFO - Processing file /opt/airflow/dags/minio_to_snowflake.py for tasks to queue
[2026-07-21T04:40:04.493+0000] {logging_mixin.py:188} INFO - [2026-07-21T04:40:04.493+0000] {dagbag.py:545} INFO - Filling up the DagBag from /opt/airflow/dags/minio_to_snowflake.py
[2026-07-21T04:40:05.305+0000] {processor.py:840} INFO - DAG(s) 'minio_to_snowflake_banking' retrieved from /opt/airflow/dags/minio_to_snowflake.py
[2026-07-21T04:40:05.335+0000] {logging_mixin.py:188} INFO - [2026-07-21T04:40:05.335+0000] {dag.py:3089} INFO - Sync 1 DAGs
[2026-07-21T04:40:05.357+0000] {logging_mixin.py:188} INFO - [2026-07-21T04:40:05.357+0000] {dag.py:3947} INFO - Setting next_dagrun for minio_to_snowflake_banking to 2026-07-21 04:39:00+00:00, run_after=2026-07-21 04:40:00+00:00
[2026-07-21T04:40:05.381+0000] {processor.py:183} INFO - Processing /opt/airflow/dags/minio_to_snowflake.py took 0.902 seconds
[2026-07-21T04:40:35.775+0000] {processor.py:161} INFO - Started process (PID=3323) to work on /opt/airflow/dags/minio_to_snowflake.py
[2026-07-21T04:40:35.777+0000] {processor.py:830} INFO - Processing file /opt/airflow/dags/minio_to_snowflake.py for tasks to queue
[2026-07-21T04:40:35.780+0000] {logging_mixin.py:188} INFO - [2026-07-21T04:40:35.780+0000] {dagbag.py:545} INFO - Filling up the DagBag from /opt/airflow/dags/minio_to_snowflake.py
[2026-07-21T04:40:36.549+0000] {processor.py:840} INFO - DAG(s) 'minio_to_snowflake_banking' retrieved from /opt/airflow/dags/minio_to_snowflake.py
[2026-07-21T04:40:36.586+0000] {logging_mixin.py:188} INFO - [2026-07-21T04:40:36.585+0000] {dag.py:3089} INFO - Sync 1 DAGs
[2026-07-21T04:40:36.613+0000] {logging_mixin.py:188} INFO - [2026-07-21T04:40:36.612+0000] {dag.py:3947} INFO - Setting next_dagrun for minio_to_snowflake_banking to 2026-07-21 04:39:00+00:00, run_after=2026-07-21 04:40:00+00:00
[2026-07-21T04:40:36.634+0000] {processor.py:183} INFO - Processing /opt/airflow/dags/minio_to_snowflake.py took 0.867 seconds
[2026-07-21T04:41:07.114+0000] {processor.py:161} INFO - Started process (PID=3328) to work on /opt/airflow/dags/minio_to_snowflake.py
[2026-07-21T04:41:07.115+0000] {processor.py:830} INFO - Processing file /opt/airflow/dags/minio_to_snowflake.py for tasks to queue
[2026-07-21T04:41:07.118+0000] {logging_mixin.py:188} INFO - [2026-07-21T04:41:07.117+0000] {dagbag.py:545} INFO - Filling up the DagBag from /opt/airflow/dags/minio_to_snowflake.py
[2026-07-21T04:41:07.917+0000] {processor.py:840} INFO - DAG(s) 'minio_to_snowflake_banking' retrieved from /opt/airflow/dags/minio_to_snowflake.py
[2026-07-21T04:41:07.949+0000] {logging_mixin.py:188} INFO - [2026-07-21T04:41:07.948+0000] {dag.py:3089} INFO - Sync 1 DAGs
[2026-07-21T04:41:07.971+0000] {logging_mixin.py:188} INFO - [2026-07-21T04:41:07.971+0000] {dag.py:3947} INFO - Setting next_dagrun for minio_to_snowflake_banking to 2026-07-21 04:40:00+00:00, run_after=2026-07-21 04:41:00+00:00
[2026-07-21T04:41:07.994+0000] {processor.py:183} INFO - Processing /opt/airflow/dags/minio_to_snowflake.py took 0.888 seconds
[2026-07-21T04:41:38.294+0000] {processor.py:161} INFO - Started process (PID=3333) to work on /opt/airflow/dags/minio_to_snowflake.py
[2026-07-21T04:41:38.296+0000] {processor.py:830} INFO - Processing file /opt/airflow/dags/minio_to_snowflake.py for tasks to queue
[2026-07-21T04:41:38.298+0000] {logging_mixin.py:188} INFO - [2026-07-21T04:41:38.298+0000] {dagbag.py:545} INFO - Filling up the DagBag from /opt/airflow/dags/minio_to_snowflake.py
[2026-07-21T04:41:39.145+0000] {processor.py:840} INFO - DAG(s) 'minio_to_snowflake_banking' retrieved from /opt/airflow/dags/minio_to_snowflake.py
[2026-07-21T04:41:39.174+0000] {logging_mixin.py:188} INFO - [2026-07-21T04:41:39.173+0000] {dag.py:3089} INFO - Sync 1 DAGs
[2026-07-21T04:41:39.198+0000] {logging_mixin.py:188} INFO - [2026-07-21T04:41:39.198+0000] {dag.py:3947} INFO - Setting next_dagrun for minio_to_snowflake_banking to 2026-07-21 04:40:00+00:00, run_after=2026-07-21 04:41:00+00:00
[2026-07-21T04:41:39.218+0000] {processor.py:183} INFO - Processing /opt/airflow/dags/minio_to_snowflake.py took 0.934 seconds
[2026-07-21T04:42:09.762+0000] {processor.py:161} INFO - Started process (PID=3338) to work on /opt/airflow/dags/minio_to_snowflake.py
[2026-07-21T04:42:09.764+0000] {processor.py:830} INFO - Processing file /opt/airflow/dags/minio_to_snowflake.py for tasks to queue
[2026-07-21T04:42:09.766+0000] {logging_mixin.py:188} INFO - [2026-07-21T04:42:09.766+0000] {dagbag.py:545} INFO - Filling up the DagBag from /opt/airflow/dags/minio_to_snowflake.py
[2026-07-21T04:42:10.680+0000] {processor.py:840} INFO - DAG(s) 'minio_to_snowflake_banking' retrieved from /opt/airflow/dags/minio_to_snowflake.py
[2026-07-21T04:42:10.710+0000] {logging_mixin.py:188} INFO - [2026-07-21T04:42:10.710+0000] {dag.py:3089} INFO - Sync 1 DAGs
[2026-07-21T04:42:10.734+0000] {logging_mixin.py:188} INFO - [2026-07-21T04:42:10.733+0000] {dag.py:3947} INFO - Setting next_dagrun for minio_to_snowflake_banking to 2026-07-21 04:41:00+00:00, run_after=2026-07-21 04:42:00+00:00
[2026-07-21T04:42:10.756+0000] {processor.py:183} INFO - Processing /opt/airflow/dags/minio_to_snowflake.py took 1.004 seconds
[2026-07-21T04:42:41.219+0000] {processor.py:161} INFO - Started process (PID=3343) to work on /opt/airflow/dags/minio_to_snowflake.py
[2026-07-21T04:42:41.221+0000] {processor.py:830} INFO - Processing file /opt/airflow/dags/minio_to_snowflake.py for tasks to queue
[2026-07-21T04:42:41.224+0000] {logging_mixin.py:188} INFO - [2026-07-21T04:42:41.224+0000] {dagbag.py:545} INFO - Filling up the DagBag from /opt/airflow/dags/minio_to_snowflake.py
[2026-07-21T04:42:42.097+0000] {processor.py:840} INFO - DAG(s) 'minio_to_snowflake_banking' retrieved from /opt/airflow/dags/minio_to_snowflake.py
[2026-07-21T04:42:42.126+0000] {logging_mixin.py:188} INFO - [2026-07-21T04:42:42.126+0000] {dag.py:3089} INFO - Sync 1 DAGs
[2026-07-21T04:42:42.150+0000] {logging_mixin.py:188} INFO - [2026-07-21T04:42:42.150+0000] {dag.py:3947} INFO - Setting next_dagrun for minio_to_snowflake_banking to 2026-07-21 04:41:00+00:00, run_after=2026-07-21 04:42:00+00:00
[2026-07-21T04:42:42.171+0000] {processor.py:183} INFO - Processing /opt/airflow/dags/minio_to_snowflake.py took 0.964 seconds
[2026-07-21T04:43:12.646+0000] {processor.py:161} INFO - Started process (PID=3348) to work on /opt/airflow/dags/minio_to_snowflake.py
[2026-07-21T04:43:12.648+0000] {processor.py:830} INFO - Processing file /opt/airflow/dags/minio_to_snowflake.py for tasks to queue
[2026-07-21T04:43:12.651+0000] {logging_mixin.py:188} INFO - [2026-07-21T04:43:12.650+0000] {dagbag.py:545} INFO - Filling up the DagBag from /opt/airflow/dags/minio_to_snowflake.py
[2026-07-21T04:43:13.548+0000] {processor.py:840} INFO - DAG(s) 'minio_to_snowflake_banking' retrieved from /opt/airflow/dags/minio_to_snowflake.py
[2026-07-21T04:43:13.580+0000] {logging_mixin.py:188} INFO - [2026-07-21T04:43:13.579+0000] {dag.py:3089} INFO - Sync 1 DAGs
[2026-07-21T04:43:13.604+0000] {logging_mixin.py:188} INFO - [2026-07-21T04:43:13.604+0000] {dag.py:3947} INFO - Setting next_dagrun for minio_to_snowflake_banking to 2026-07-21 04:42:00+00:00, run_after=2026-07-21 04:43:00+00:00
[2026-07-21T04:43:13.627+0000] {processor.py:183} INFO - Processing /opt/airflow/dags/minio_to_snowflake.py took 0.991 seconds
[2026-07-21T04:43:44.063+0000] {processor.py:161} INFO - Started process (PID=3353) to work on /opt/airflow/dags/minio_to_snowflake.py
[2026-07-21T04:43:44.065+0000] {processor.py:830} INFO - Processing file /opt/airflow/dags/minio_to_snowflake.py for tasks to queue
[2026-07-21T04:43:44.069+0000] {logging_mixin.py:188} INFO - [2026-07-21T04:43:44.069+0000] {dagbag.py:545} INFO - Filling up the DagBag from /opt/airflow/dags/minio_to_snowflake.py
[2026-07-21T04:43:44.849+0000] {processor.py:840} INFO - DAG(s) 'minio_to_snowflake_banking' retrieved from /opt/airflow/dags/minio_to_snowflake.py
[2026-07-21T04:43:44.879+0000] {logging_mixin.py:188} INFO - [2026-07-21T04:43:44.878+0000] {dag.py:3089} INFO - Sync 1 DAGs
[2026-07-21T04:43:44.902+0000] {logging_mixin.py:188} INFO - [2026-07-21T04:43:44.902+0000] {dag.py:3947} INFO - Setting next_dagrun for minio_to_snowflake_banking to 2026-07-21 04:42:00+00:00, run_after=2026-07-21 04:43:00+00:00
[2026-07-21T04:43:44.925+0000] {processor.py:183} INFO - Processing /opt/airflow/dags/minio_to_snowflake.py took 0.874 seconds
[2026-07-21T04:44:15.256+0000] {processor.py:161} INFO - Started process (PID=3358) to work on /opt/airflow/dags/minio_to_snowflake.py
[2026-07-21T04:44:15.257+0000] {processor.py:830} INFO - Processing file /opt/airflow/dags/minio_to_snowflake.py for tasks to queue
[2026-07-21T04:44:15.260+0000] {logging_mixin.py:188} INFO - [2026-07-21T04:44:15.260+0000] {dagbag.py:545} INFO - Filling up the DagBag from /opt/airflow/dags/minio_to_snowflake.py
[2026-07-21T04:44:16.018+0000] {processor.py:840} INFO - DAG(s) 'minio_to_snowflake_banking' retrieved from /opt/airflow/dags/minio_to_snowflake.py
[2026-07-21T04:44:16.052+0000] {logging_mixin.py:188} INFO - [2026-07-21T04:44:16.052+0000] {dag.py:3089} INFO - Sync 1 DAGs
[2026-07-21T04:44:16.077+0000] {logging_mixin.py:188} INFO - [2026-07-21T04:44:16.077+0000] {dag.py:3947} INFO - Setting next_dagrun for minio_to_snowflake_banking to 2026-07-21 04:43:00+00:00, run_after=2026-07-21 04:44:00+00:00
[2026-07-21T04:44:16.105+0000] {processor.py:183} INFO - Processing /opt/airflow/dags/minio_to_snowflake.py took 0.860 seconds
[2026-07-21T04:44:46.769+0000] {processor.py:161} INFO - Started process (PID=3363) to work on /opt/airflow/dags/minio_to_snowflake.py
[2026-07-21T04:44:46.772+0000] {processor.py:830} INFO - Processing file /opt/airflow/dags/minio_to_snowflake.py for tasks to queue
[2026-07-21T04:44:46.775+0000] {logging_mixin.py:188} INFO - [2026-07-21T04:44:46.774+0000] {dagbag.py:545} INFO - Filling up the DagBag from /opt/airflow/dags/minio_to_snowflake.py
[2026-07-21T04:44:47.641+0000] {processor.py:840} INFO - DAG(s) 'minio_to_snowflake_banking' retrieved from /opt/airflow/dags/minio_to_snowflake.py
[2026-07-21T04:44:47.669+0000] {logging_mixin.py:188} INFO - [2026-07-21T04:44:47.669+0000] {dag.py:3089} INFO - Sync 1 DAGs
[2026-07-21T04:44:47.696+0000] {logging_mixin.py:188} INFO - [2026-07-21T04:44:47.696+0000] {dag.py:3947} INFO - Setting next_dagrun for minio_to_snowflake_banking to 2026-07-21 04:43:00+00:00, run_after=2026-07-21 04:44:00+00:00
[2026-07-21T04:44:47.720+0000] {processor.py:183} INFO - Processing /opt/airflow/dags/minio_to_snowflake.py took 0.963 seconds
[2026-07-21T04:45:18.137+0000] {processor.py:161} INFO - Started process (PID=3368) to work on /opt/airflow/dags/minio_to_snowflake.py
[2026-07-21T04:45:18.138+0000] {processor.py:830} INFO - Processing file /opt/airflow/dags/minio_to_snowflake.py for tasks to queue
[2026-07-21T04:45:18.140+0000] {logging_mixin.py:188} INFO - [2026-07-21T04:45:18.140+0000] {dagbag.py:545} INFO - Filling up the DagBag from /opt/airflow/dags/minio_to_snowflake.py
[2026-07-21T04:45:19.037+0000] {processor.py:840} INFO - DAG(s) 'minio_to_snowflake_banking' retrieved from /opt/airflow/dags/minio_to_snowflake.py
[2026-07-21T04:45:19.078+0000] {logging_mixin.py:188} INFO - [2026-07-21T04:45:19.078+0000] {dag.py:3089} INFO - Sync 1 DAGs
[2026-07-21T04:45:19.105+0000] {logging_mixin.py:188} INFO - [2026-07-21T04:45:19.104+0000] {dag.py:3947} INFO - Setting next_dagrun for minio_to_snowflake_banking to 2026-07-21 04:44:00+00:00, run_after=2026-07-21 04:45:00+00:00
[2026-07-21T04:45:19.125+0000] {processor.py:183} INFO - Processing /opt/airflow/dags/minio_to_snowflake.py took 0.996 seconds
[2026-07-21T04:45:49.500+0000] {processor.py:161} INFO - Started process (PID=3373) to work on /opt/airflow/dags/minio_to_snowflake.py
[2026-07-21T04:45:49.501+0000] {processor.py:830} INFO - Processing file /opt/airflow/dags/minio_to_snowflake.py for tasks to queue
[2026-07-21T04:45:49.503+0000] {logging_mixin.py:188} INFO - [2026-07-21T04:45:49.503+0000] {dagbag.py:545} INFO - Filling up the DagBag from /opt/airflow/dags/minio_to_snowflake.py
[2026-07-21T04:45:50.597+0000] {processor.py:840} INFO - DAG(s) 'minio_to_snowflake_banking' retrieved from /opt/airflow/dags/minio_to_snowflake.py
[2026-07-21T04:45:50.641+0000] {logging_mixin.py:188} INFO - [2026-07-21T04:45:50.640+0000] {dag.py:3089} INFO - Sync 1 DAGs
[2026-07-21T04:45:50.693+0000] {logging_mixin.py:188} INFO - [2026-07-21T04:45:50.692+0000] {dag.py:3947} INFO - Setting next_dagrun for minio_to_snowflake_banking to 2026-07-21 04:44:00+00:00, run_after=2026-07-21 04:45:00+00:00
[2026-07-21T04:45:50.722+0000] {processor.py:183} INFO - Processing /opt/airflow/dags/minio_to_snowflake.py took 1.235 seconds
[2026-07-21T04:46:21.106+0000] {processor.py:161} INFO - Started process (PID=3378) to work on /opt/airflow/dags/minio_to_snowflake.py
[2026-07-21T04:46:21.108+0000] {processor.py:830} INFO - Processing file /opt/airflow/dags/minio_to_snowflake.py for tasks to queue
[2026-07-21T04:46:21.111+0000] {logging_mixin.py:188} INFO - [2026-07-21T04:46:21.110+0000] {dagbag.py:545} INFO - Filling up the DagBag from /opt/airflow/dags/minio_to_snowflake.py
[2026-07-21T04:46:22.053+0000] {processor.py:840} INFO - DAG(s) 'minio_to_snowflake_banking' retrieved from /opt/airflow/dags/minio_to_snowflake.py
[2026-07-21T04:46:22.085+0000] {logging_mixin.py:188} INFO - [2026-07-21T04:46:22.085+0000] {dag.py:3089} INFO - Sync 1 DAGs
[2026-07-21T04:46:22.119+0000] {logging_mixin.py:188} INFO - [2026-07-21T04:46:22.119+0000] {dag.py:3947} INFO - Setting next_dagrun for minio_to_snowflake_banking to 2026-07-21 04:45:00+00:00, run_after=2026-07-21 04:46:00+00:00
[2026-07-21T04:46:22.145+0000] {processor.py:183} INFO - Processing /opt/airflow/dags/minio_to_snowflake.py took 1.046 seconds
[2026-07-21T04:46:52.498+0000] {processor.py:161} INFO - Started process (PID=3383) to work on /opt/airflow/dags/minio_to_snowflake.py
[2026-07-21T04:46:52.500+0000] {processor.py:830} INFO - Processing file /opt/airflow/dags/minio_to_snowflake.py for tasks to queue
[2026-07-21T04:46:52.502+0000] {logging_mixin.py:188} INFO - [2026-07-21T04:46:52.502+0000] {dagbag.py:545} INFO - Filling up the DagBag from /opt/airflow/dags/minio_to_snowflake.py
[2026-07-21T04:46:53.352+0000] {processor.py:840} INFO - DAG(s) 'minio_to_snowflake_banking' retrieved from /opt/airflow/dags/minio_to_snowflake.py
[2026-07-21T04:46:53.381+0000] {logging_mixin.py:188} INFO - [2026-07-21T04:46:53.380+0000] {dag.py:3089} INFO - Sync 1 DAGs
[2026-07-21T04:46:53.404+0000] {logging_mixin.py:188} INFO - [2026-07-21T04:46:53.404+0000] {dag.py:3947} INFO - Setting next_dagrun for minio_to_snowflake_banking to 2026-07-21 04:45:00+00:00, run_after=2026-07-21 04:46:00+00:00
[2026-07-21T04:46:53.427+0000] {processor.py:183} INFO - Processing /opt/airflow/dags/minio_to_snowflake.py took 0.938 seconds
[2026-07-21T04:47:23.957+0000] {processor.py:161} INFO - Started process (PID=3388) to work on /opt/airflow/dags/minio_to_snowflake.py
[2026-07-21T04:47:23.958+0000] {processor.py:830} INFO - Processing file /opt/airflow/dags/minio_to_snowflake.py for tasks to queue
[2026-07-21T04:47:23.961+0000] {logging_mixin.py:188} INFO - [2026-07-21T04:47:23.960+0000] {dagbag.py:545} INFO - Filling up the DagBag from /opt/airflow/dags/minio_to_snowflake.py
[2026-07-21T04:47:24.742+0000] {processor.py:840} INFO - DAG(s) 'minio_to_snowflake_banking' retrieved from /opt/airflow/dags/minio_to_snowflake.py
[2026-07-21T04:47:24.771+0000] {logging_mixin.py:188} INFO - [2026-07-21T04:47:24.770+0000] {dag.py:3089} INFO - Sync 1 DAGs
[2026-07-21T04:47:24.795+0000] {logging_mixin.py:188} INFO - [2026-07-21T04:47:24.795+0000] {dag.py:3947} INFO - Setting next_dagrun for minio_to_snowflake_banking to 2026-07-21 04:46:00+00:00, run_after=2026-07-21 04:47:00+00:00
[2026-07-21T04:47:24.822+0000] {processor.py:183} INFO - Processing /opt/airflow/dags/minio_to_snowflake.py took 0.873 seconds
[2026-07-21T04:47:55.339+0000] {processor.py:161} INFO - Started process (PID=3393) to work on /opt/airflow/dags/minio_to_snowflake.py
[2026-07-21T04:47:55.340+0000] {processor.py:830} INFO - Processing file /opt/airflow/dags/minio_to_snowflake.py for tasks to queue
[2026-07-21T04:47:55.343+0000] {logging_mixin.py:188} INFO - [2026-07-21T04:47:55.342+0000] {dagbag.py:545} INFO - Filling up the DagBag from /opt/airflow/dags/minio_to_snowflake.py
[2026-07-21T04:47:56.161+0000] {processor.py:840} INFO - DAG(s) 'minio_to_snowflake_banking' retrieved from /opt/airflow/dags/minio_to_snowflake.py
[2026-07-21T04:47:56.196+0000] {logging_mixin.py:188} INFO - [2026-07-21T04:47:56.195+0000] {dag.py:3089} INFO - Sync 1 DAGs
[2026-07-21T04:47:56.222+0000] {logging_mixin.py:188} INFO - [2026-07-21T04:47:56.222+0000] {dag.py:3947} INFO - Setting next_dagrun for minio_to_snowflake_banking to 2026-07-21 04:46:00+00:00, run_after=2026-07-21 04:47:00+00:00
[2026-07-21T04:47:56.243+0000] {processor.py:183} INFO - Processing /opt/airflow/dags/minio_to_snowflake.py took 0.913 seconds
[2026-07-21T04:48:26.721+0000] {processor.py:161} INFO - Started process (PID=3398) to work on /opt/airflow/dags/minio_to_snowflake.py
[2026-07-21T04:48:26.723+0000] {processor.py:830} INFO - Processing file /opt/airflow/dags/minio_to_snowflake.py for tasks to queue
[2026-07-21T04:48:26.725+0000] {logging_mixin.py:188} INFO - [2026-07-21T04:48:26.725+0000] {dagbag.py:545} INFO - Filling up the DagBag from /opt/airflow/dags/minio_to_snowflake.py
[2026-07-21T04:48:27.488+0000] {processor.py:840} INFO - DAG(s) 'minio_to_snowflake_banking' retrieved from /opt/airflow/dags/minio_to_snowflake.py
[2026-07-21T04:48:27.518+0000] {logging_mixin.py:188} INFO - [2026-07-21T04:48:27.518+0000] {dag.py:3089} INFO - Sync 1 DAGs
[2026-07-21T04:48:27.543+0000] {logging_mixin.py:188} INFO - [2026-07-21T04:48:27.542+0000] {dag.py:3947} INFO - Setting next_dagrun for minio_to_snowflake_banking to 2026-07-21 04:47:00+00:00, run_after=2026-07-21 04:48:00+00:00
[2026-07-21T04:48:27.571+0000] {processor.py:183} INFO - Processing /opt/airflow/dags/minio_to_snowflake.py took 0.857 seconds
[2026-07-21T04:48:58.040+0000] {processor.py:161} INFO - Started process (PID=3403) to work on /opt/airflow/dags/minio_to_snowflake.py
[2026-07-21T04:48:58.041+0000] {processor.py:830} INFO - Processing file /opt/airflow/dags/minio_to_snowflake.py for tasks to queue
[2026-07-21T04:48:58.046+0000] {logging_mixin.py:188} INFO - [2026-07-21T04:48:58.045+0000] {dagbag.py:545} INFO - Filling up the DagBag from /opt/airflow/dags/minio_to_snowflake.py
[2026-07-21T04:48:59.081+0000] {processor.py:840} INFO - DAG(s) 'minio_to_snowflake_banking' retrieved from /opt/airflow/dags/minio_to_snowflake.py
[2026-07-21T04:48:59.109+0000] {logging_mixin.py:188} INFO - [2026-07-21T04:48:59.109+0000] {dag.py:3089} INFO - Sync 1 DAGs
[2026-07-21T04:48:59.136+0000] {logging_mixin.py:188} INFO - [2026-07-21T04:48:59.136+0000] {dag.py:3947} INFO - Setting next_dagrun for minio_to_snowflake_banking to 2026-07-21 04:47:00+00:00, run_after=2026-07-21 04:48:00+00:00
[2026-07-21T04:48:59.155+0000] {processor.py:183} INFO - Processing /opt/airflow/dags/minio_to_snowflake.py took 1.130 seconds
[2026-07-21T04:49:29.693+0000] {processor.py:161} INFO - Started process (PID=3408) to work on /opt/airflow/dags/minio_to_snowflake.py
[2026-07-21T04:49:29.728+0000] {processor.py:830} INFO - Processing file /opt/airflow/dags/minio_to_snowflake.py for tasks to queue
[2026-07-21T04:49:29.744+0000] {logging_mixin.py:188} INFO - [2026-07-21T04:49:29.741+0000] {dagbag.py:545} INFO - Filling up the DagBag from /opt/airflow/dags/minio_to_snowflake.py
[2026-07-21T04:49:31.270+0000] {processor.py:840} INFO - DAG(s) 'minio_to_snowflake_banking' retrieved from /opt/airflow/dags/minio_to_snowflake.py
[2026-07-21T04:49:31.308+0000] {logging_mixin.py:188} INFO - [2026-07-21T04:49:31.308+0000] {dag.py:3089} INFO - Sync 1 DAGs
[2026-07-21T04:49:31.347+0000] {logging_mixin.py:188} INFO - [2026-07-21T04:49:31.346+0000] {dag.py:3947} INFO - Setting next_dagrun for minio_to_snowflake_banking to 2026-07-21 04:48:00+00:00, run_after=2026-07-21 04:49:00+00:00
[2026-07-21T04:49:31.372+0000] {processor.py:183} INFO - Processing /opt/airflow/dags/minio_to_snowflake.py took 1.723 seconds
[2026-07-21T04:50:02.287+0000] {processor.py:161} INFO - Started process (PID=3413) to work on /opt/airflow/dags/minio_to_snowflake.py
[2026-07-21T04:50:02.288+0000] {processor.py:830} INFO - Processing file /opt/airflow/dags/minio_to_snowflake.py for tasks to queue
[2026-07-21T04:50:02.291+0000] {logging_mixin.py:188} INFO - [2026-07-21T04:50:02.291+0000] {dagbag.py:545} INFO - Filling up the DagBag from /opt/airflow/dags/minio_to_snowflake.py
[2026-07-21T04:50:03.381+0000] {processor.py:840} INFO - DAG(s) 'minio_to_snowflake_banking' retrieved from /opt/airflow/dags/minio_to_snowflake.py
[2026-07-21T04:50:03.431+0000] {logging_mixin.py:188} INFO - [2026-07-21T04:50:03.430+0000] {dag.py:3089} INFO - Sync 1 DAGs
[2026-07-21T04:50:03.461+0000] {logging_mixin.py:188} INFO - [2026-07-21T04:50:03.461+0000] {dag.py:3947} INFO - Setting next_dagrun for minio_to_snowflake_banking to 2026-07-21 04:49:00+00:00, run_after=2026-07-21 04:50:00+00:00
[2026-07-21T04:50:03.481+0000] {processor.py:183} INFO - Processing /opt/airflow/dags/minio_to_snowflake.py took 1.208 seconds
[2026-07-21T04:50:33.843+0000] {processor.py:161} INFO - Started process (PID=3418) to work on /opt/airflow/dags/minio_to_snowflake.py
[2026-07-21T04:50:33.844+0000] {processor.py:830} INFO - Processing file /opt/airflow/dags/minio_to_snowflake.py for tasks to queue
[2026-07-21T04:50:33.847+0000] {logging_mixin.py:188} INFO - [2026-07-21T04:50:33.847+0000] {dagbag.py:545} INFO - Filling up the DagBag from /opt/airflow/dags/minio_to_snowflake.py
[2026-07-21T04:50:34.620+0000] {processor.py:840} INFO - DAG(s) 'minio_to_snowflake_banking' retrieved from /opt/airflow/dags/minio_to_snowflake.py
[2026-07-21T04:50:34.650+0000] {logging_mixin.py:188} INFO - [2026-07-21T04:50:34.650+0000] {dag.py:3089} INFO - Sync 1 DAGs
[2026-07-21T04:50:34.675+0000] {logging_mixin.py:188} INFO - [2026-07-21T04:50:34.674+0000] {dag.py:3947} INFO - Setting next_dagrun for minio_to_snowflake_banking to 2026-07-21 04:49:00+00:00, run_after=2026-07-21 04:50:00+00:00
[2026-07-21T04:50:34.700+0000] {processor.py:183} INFO - Processing /opt/airflow/dags/minio_to_snowflake.py took 0.868 seconds
[2026-07-21T04:51:05.192+0000] {processor.py:161} INFO - Started process (PID=3423) to work on /opt/airflow/dags/minio_to_snowflake.py
[2026-07-21T04:51:05.194+0000] {processor.py:830} INFO - Processing file /opt/airflow/dags/minio_to_snowflake.py for tasks to queue
[2026-07-21T04:51:05.198+0000] {logging_mixin.py:188} INFO - [2026-07-21T04:51:05.197+0000] {dagbag.py:545} INFO - Filling up the DagBag from /opt/airflow/dags/minio_to_snowflake.py
[2026-07-21T04:51:05.970+0000] {processor.py:840} INFO - DAG(s) 'minio_to_snowflake_banking' retrieved from /opt/airflow/dags/minio_to_snowflake.py
[2026-07-21T04:51:05.999+0000] {logging_mixin.py:188} INFO - [2026-07-21T04:51:05.998+0000] {dag.py:3089} INFO - Sync 1 DAGs
[2026-07-21T04:51:06.022+0000] {logging_mixin.py:188} INFO - [2026-07-21T04:51:06.022+0000] {dag.py:3947} INFO - Setting next_dagrun for minio_to_snowflake_banking to 2026-07-21 04:50:00+00:00, run_after=2026-07-21 04:51:00+00:00
[2026-07-21T04:51:06.046+0000] {processor.py:183} INFO - Processing /opt/airflow/dags/minio_to_snowflake.py took 0.862 seconds
[2026-07-21T04:51:36.539+0000] {processor.py:161} INFO - Started process (PID=3428) to work on /opt/airflow/dags/minio_to_snowflake.py
[2026-07-21T04:51:36.541+0000] {processor.py:830} INFO - Processing file /opt/airflow/dags/minio_to_snowflake.py for tasks to queue
[2026-07-21T04:51:36.544+0000] {logging_mixin.py:188} INFO - [2026-07-21T04:51:36.543+0000] {dagbag.py:545} INFO - Filling up the DagBag from /opt/airflow/dags/minio_to_snowflake.py
[2026-07-21T04:51:37.468+0000] {processor.py:840} INFO - DAG(s) 'minio_to_snowflake_banking' retrieved from /opt/airflow/dags/minio_to_snowflake.py
[2026-07-21T04:51:37.503+0000] {logging_mixin.py:188} INFO - [2026-07-21T04:51:37.503+0000] {dag.py:3089} INFO - Sync 1 DAGs
[2026-07-21T04:51:37.531+0000] {logging_mixin.py:188} INFO - [2026-07-21T04:51:37.531+0000] {dag.py:3947} INFO - Setting next_dagrun for minio_to_snowflake_banking to 2026-07-21 04:50:00+00:00, run_after=2026-07-21 04:51:00+00:00
[2026-07-21T04:51:37.552+0000] {processor.py:183} INFO - Processing /opt/airflow/dags/minio_to_snowflake.py took 1.021 seconds
[2026-07-21T04:52:07.909+0000] {processor.py:161} INFO - Started process (PID=3433) to work on /opt/airflow/dags/minio_to_snowflake.py
[2026-07-21T04:52:07.911+0000] {processor.py:830} INFO - Processing file /opt/airflow/dags/minio_to_snowflake.py for tasks to queue
[2026-07-21T04:52:07.914+0000] {logging_mixin.py:188} INFO - [2026-07-21T04:52:07.914+0000] {dagbag.py:545} INFO - Filling up the DagBag from /opt/airflow/dags/minio_to_snowflake.py
[2026-07-21T04:52:08.700+0000] {processor.py:840} INFO - DAG(s) 'minio_to_snowflake_banking' retrieved from /opt/airflow/dags/minio_to_snowflake.py
[2026-07-21T04:52:08.728+0000] {logging_mixin.py:188} INFO - [2026-07-21T04:52:08.728+0000] {dag.py:3089} INFO - Sync 1 DAGs
[2026-07-21T04:52:08.751+0000] {logging_mixin.py:188} INFO - [2026-07-21T04:52:08.750+0000] {dag.py:3947} INFO - Setting next_dagrun for minio_to_snowflake_banking to 2026-07-21 04:51:00+00:00, run_after=2026-07-21 04:52:00+00:00
[2026-07-21T04:52:08.774+0000] {processor.py:183} INFO - Processing /opt/airflow/dags/minio_to_snowflake.py took 0.874 seconds
[2026-07-21T04:52:39.374+0000] {processor.py:161} INFO - Started process (PID=3438) to work on /opt/airflow/dags/minio_to_snowflake.py
[2026-07-21T04:52:39.376+0000] {processor.py:830} INFO - Processing file /opt/airflow/dags/minio_to_snowflake.py for tasks to queue
[2026-07-21T04:52:39.379+0000] {logging_mixin.py:188} INFO - [2026-07-21T04:52:39.378+0000] {dagbag.py:545} INFO - Filling up the DagBag from /opt/airflow/dags/minio_to_snowflake.py
[2026-07-21T04:52:40.241+0000] {processor.py:840} INFO - DAG(s) 'minio_to_snowflake_banking' retrieved from /opt/airflow/dags/minio_to_snowflake.py
[2026-07-21T04:52:40.270+0000] {logging_mixin.py:188} INFO - [2026-07-21T04:52:40.269+0000] {dag.py:3089} INFO - Sync 1 DAGs
[2026-07-21T04:52:40.293+0000] {logging_mixin.py:188} INFO - [2026-07-21T04:52:40.293+0000] {dag.py:3947} INFO - Setting next_dagrun for minio_to_snowflake_banking to 2026-07-21 04:51:00+00:00, run_after=2026-07-21 04:52:00+00:00
[2026-07-21T04:52:40.315+0000] {processor.py:183} INFO - Processing /opt/airflow/dags/minio_to_snowflake.py took 0.949 seconds
[2026-07-21T04:53:10.744+0000] {processor.py:161} INFO - Started process (PID=3443) to work on /opt/airflow/dags/minio_to_snowflake.py
[2026-07-21T04:53:10.745+0000] {processor.py:830} INFO - Processing file /opt/airflow/dags/minio_to_snowflake.py for tasks to queue
[2026-07-21T04:53:10.748+0000] {logging_mixin.py:188} INFO - [2026-07-21T04:53:10.747+0000] {dagbag.py:545} INFO - Filling up the DagBag from /opt/airflow/dags/minio_to_snowflake.py
[2026-07-21T04:53:11.815+0000] {processor.py:840} INFO - DAG(s) 'minio_to_snowflake_banking' retrieved from /opt/airflow/dags/minio_to_snowflake.py
[2026-07-21T04:53:11.850+0000] {logging_mixin.py:188} INFO - [2026-07-21T04:53:11.849+0000] {dag.py:3089} INFO - Sync 1 DAGs
[2026-07-21T04:53:11.881+0000] {logging_mixin.py:188} INFO - [2026-07-21T04:53:11.880+0000] {dag.py:3947} INFO - Setting next_dagrun for minio_to_snowflake_banking to 2026-07-21 04:52:00+00:00, run_after=2026-07-21 04:53:00+00:00
[2026-07-21T04:53:11.909+0000] {processor.py:183} INFO - Processing /opt/airflow/dags/minio_to_snowflake.py took 1.174 seconds
[2026-07-21T04:53:42.292+0000] {processor.py:161} INFO - Started process (PID=3448) to work on /opt/airflow/dags/minio_to_snowflake.py
[2026-07-21T04:53:42.294+0000] {processor.py:830} INFO - Processing file /opt/airflow/dags/minio_to_snowflake.py for tasks to queue
[2026-07-21T04:53:42.296+0000] {logging_mixin.py:188} INFO - [2026-07-21T04:53:42.296+0000] {dagbag.py:545} INFO - Filling up the DagBag from /opt/airflow/dags/minio_to_snowflake.py
[2026-07-21T04:53:43.097+0000] {processor.py:840} INFO - DAG(s) 'minio_to_snowflake_banking' retrieved from /opt/airflow/dags/minio_to_snowflake.py
[2026-07-21T04:53:43.127+0000] {logging_mixin.py:188} INFO - [2026-07-21T04:53:43.127+0000] {dag.py:3089} INFO - Sync 1 DAGs
[2026-07-21T04:53:43.152+0000] {logging_mixin.py:188} INFO - [2026-07-21T04:53:43.152+0000] {dag.py:3947} INFO - Setting next_dagrun for minio_to_snowflake_banking to 2026-07-21 04:52:00+00:00, run_after=2026-07-21 04:53:00+00:00
[2026-07-21T04:53:43.200+0000] {processor.py:183} INFO - Processing /opt/airflow/dags/minio_to_snowflake.py took 0.914 seconds
[2026-07-21T04:54:13.623+0000] {processor.py:161} INFO - Started process (PID=3453) to work on /opt/airflow/dags/minio_to_snowflake.py
[2026-07-21T04:54:13.625+0000] {processor.py:830} INFO - Processing file /opt/airflow/dags/minio_to_snowflake.py for tasks to queue
[2026-07-21T04:54:13.627+0000] {logging_mixin.py:188} INFO - [2026-07-21T04:54:13.627+0000] {dagbag.py:545} INFO - Filling up the DagBag from /opt/airflow/dags/minio_to_snowflake.py
[2026-07-21T04:54:14.464+0000] {processor.py:840} INFO - DAG(s) 'minio_to_snowflake_banking' retrieved from /opt/airflow/dags/minio_to_snowflake.py
[2026-07-21T04:54:14.495+0000] {logging_mixin.py:188} INFO - [2026-07-21T04:54:14.495+0000] {dag.py:3089} INFO - Sync 1 DAGs
[2026-07-21T04:54:14.521+0000] {logging_mixin.py:188} INFO - [2026-07-21T04:54:14.521+0000] {dag.py:3947} INFO - Setting next_dagrun for minio_to_snowflake_banking to 2026-07-21 04:53:00+00:00, run_after=2026-07-21 04:54:00+00:00
[2026-07-21T04:54:14.544+0000] {processor.py:183} INFO - Processing /opt/airflow/dags/minio_to_snowflake.py took 0.929 seconds
[2026-07-21T04:54:45.021+0000] {processor.py:161} INFO - Started process (PID=3459) to work on /opt/airflow/dags/minio_to_snowflake.py
[2026-07-21T04:54:45.022+0000] {processor.py:830} INFO - Processing file /opt/airflow/dags/minio_to_snowflake.py for tasks to queue
[2026-07-21T04:54:45.025+0000] {logging_mixin.py:188} INFO - [2026-07-21T04:54:45.025+0000] {dagbag.py:545} INFO - Filling up the DagBag from /opt/airflow/dags/minio_to_snowflake.py
[2026-07-21T04:54:45.808+0000] {processor.py:840} INFO - DAG(s) 'minio_to_snowflake_banking' retrieved from /opt/airflow/dags/minio_to_snowflake.py
[2026-07-21T04:54:45.836+0000] {logging_mixin.py:188} INFO - [2026-07-21T04:54:45.836+0000] {dag.py:3089} INFO - Sync 1 DAGs
[2026-07-21T04:54:45.859+0000] {logging_mixin.py:188} INFO - [2026-07-21T04:54:45.858+0000] {dag.py:3947} INFO - Setting next_dagrun for minio_to_snowflake_banking to 2026-07-21 04:53:00+00:00, run_after=2026-07-21 04:54:00+00:00
[2026-07-21T04:54:45.882+0000] {processor.py:183} INFO - Processing /opt/airflow/dags/minio_to_snowflake.py took 0.869 seconds
[2026-07-21T04:55:16.512+0000] {processor.py:161} INFO - Started process (PID=3464) to work on /opt/airflow/dags/minio_to_snowflake.py
[2026-07-21T04:55:16.514+0000] {processor.py:830} INFO - Processing file /opt/airflow/dags/minio_to_snowflake.py for tasks to queue
[2026-07-21T04:55:16.516+0000] {logging_mixin.py:188} INFO - [2026-07-21T04:55:16.516+0000] {dagbag.py:545} INFO - Filling up the DagBag from /opt/airflow/dags/minio_to_snowflake.py
[2026-07-21T04:55:17.355+0000] {processor.py:840} INFO - DAG(s) 'minio_to_snowflake_banking' retrieved from /opt/airflow/dags/minio_to_snowflake.py
[2026-07-21T04:55:17.384+0000] {logging_mixin.py:188} INFO - [2026-07-21T04:55:17.383+0000] {dag.py:3089} INFO - Sync 1 DAGs
[2026-07-21T04:55:17.407+0000] {logging_mixin.py:188} INFO - [2026-07-21T04:55:17.407+0000] {dag.py:3947} INFO - Setting next_dagrun for minio_to_snowflake_banking to 2026-07-21 04:54:00+00:00, run_after=2026-07-21 04:55:00+00:00
[2026-07-21T04:55:17.428+0000] {processor.py:183} INFO - Processing /opt/airflow/dags/minio_to_snowflake.py took 0.924 seconds
[2026-07-21T04:55:47.768+0000] {processor.py:161} INFO - Started process (PID=3469) to work on /opt/airflow/dags/minio_to_snowflake.py
[2026-07-21T04:55:47.770+0000] {processor.py:830} INFO - Processing file /opt/airflow/dags/minio_to_snowflake.py for tasks to queue
[2026-07-21T04:55:47.772+0000] {logging_mixin.py:188} INFO - [2026-07-21T04:55:47.771+0000] {dagbag.py:545} INFO - Filling up the DagBag from /opt/airflow/dags/minio_to_snowflake.py
[2026-07-21T04:55:48.686+0000] {processor.py:840} INFO - DAG(s) 'minio_to_snowflake_banking' retrieved from /opt/airflow/dags/minio_to_snowflake.py
[2026-07-21T04:55:48.726+0000] {logging_mixin.py:188} INFO - [2026-07-21T04:55:48.725+0000] {dag.py:3089} INFO - Sync 1 DAGs
[2026-07-21T04:55:48.753+0000] {logging_mixin.py:188} INFO - [2026-07-21T04:55:48.753+0000] {dag.py:3947} INFO - Setting next_dagrun for minio_to_snowflake_banking to 2026-07-21 04:54:00+00:00, run_after=2026-07-21 04:55:00+00:00
[2026-07-21T04:55:48.778+0000] {processor.py:183} INFO - Processing /opt/airflow/dags/minio_to_snowflake.py took 1.017 seconds
[2026-07-21T04:56:19.124+0000] {processor.py:161} INFO - Started process (PID=3474) to work on /opt/airflow/dags/minio_to_snowflake.py
[2026-07-21T04:56:19.126+0000] {processor.py:830} INFO - Processing file /opt/airflow/dags/minio_to_snowflake.py for tasks to queue
[2026-07-21T04:56:19.131+0000] {logging_mixin.py:188} INFO - [2026-07-21T04:56:19.130+0000] {dagbag.py:545} INFO - Filling up the DagBag from /opt/airflow/dags/minio_to_snowflake.py
[2026-07-21T04:56:19.913+0000] {processor.py:840} INFO - DAG(s) 'minio_to_snowflake_banking' retrieved from /opt/airflow/dags/minio_to_snowflake.py
[2026-07-21T04:56:19.944+0000] {logging_mixin.py:188} INFO - [2026-07-21T04:56:19.943+0000] {dag.py:3089} INFO - Sync 1 DAGs
[2026-07-21T04:56:19.972+0000] {logging_mixin.py:188} INFO - [2026-07-21T04:56:19.972+0000] {dag.py:3947} INFO - Setting next_dagrun for minio_to_snowflake_banking to 2026-07-21 04:55:00+00:00, run_after=2026-07-21 04:56:00+00:00
[2026-07-21T04:56:19.997+0000] {processor.py:183} INFO - Processing /opt/airflow/dags/minio_to_snowflake.py took 0.889 seconds
[2026-07-21T04:56:50.512+0000] {processor.py:161} INFO - Started process (PID=3479) to work on /opt/airflow/dags/minio_to_snowflake.py
[2026-07-21T04:56:50.513+0000] {processor.py:830} INFO - Processing file /opt/airflow/dags/minio_to_snowflake.py for tasks to queue
[2026-07-21T04:56:50.515+0000] {logging_mixin.py:188} INFO - [2026-07-21T04:56:50.515+0000] {dagbag.py:545} INFO - Filling up the DagBag from /opt/airflow/dags/minio_to_snowflake.py
[2026-07-21T04:56:51.510+0000] {processor.py:840} INFO - DAG(s) 'minio_to_snowflake_banking' retrieved from /opt/airflow/dags/minio_to_snowflake.py
[2026-07-21T04:56:51.561+0000] {logging_mixin.py:188} INFO - [2026-07-21T04:56:51.560+0000] {dag.py:3089} INFO - Sync 1 DAGs
[2026-07-21T04:56:51.591+0000] {logging_mixin.py:188} INFO - [2026-07-21T04:56:51.591+0000] {dag.py:3947} INFO - Setting next_dagrun for minio_to_snowflake_banking to 2026-07-21 04:55:00+00:00, run_after=2026-07-21 04:56:00+00:00
[2026-07-21T04:56:51.614+0000] {processor.py:183} INFO - Processing /opt/airflow/dags/minio_to_snowflake.py took 1.110 seconds
[2026-07-21T04:57:21.949+0000] {processor.py:161} INFO - Started process (PID=3484) to work on /opt/airflow/dags/minio_to_snowflake.py
[2026-07-21T04:57:21.951+0000] {processor.py:830} INFO - Processing file /opt/airflow/dags/minio_to_snowflake.py for tasks to queue
[2026-07-21T04:57:21.955+0000] {logging_mixin.py:188} INFO - [2026-07-21T04:57:21.954+0000] {dagbag.py:545} INFO - Filling up the DagBag from /opt/airflow/dags/minio_to_snowflake.py
[2026-07-21T04:57:23.225+0000] {processor.py:840} INFO - DAG(s) 'minio_to_snowflake_banking' retrieved from /opt/airflow/dags/minio_to_snowflake.py
[2026-07-21T04:57:23.254+0000] {logging_mixin.py:188} INFO - [2026-07-21T04:57:23.253+0000] {dag.py:3089} INFO - Sync 1 DAGs
[2026-07-21T04:57:23.282+0000] {logging_mixin.py:188} INFO - [2026-07-21T04:57:23.282+0000] {dag.py:3947} INFO - Setting next_dagrun for minio_to_snowflake_banking to 2026-07-21 04:56:00+00:00, run_after=2026-07-21 04:57:00+00:00
[2026-07-21T04:57:23.304+0000] {processor.py:183} INFO - Processing /opt/airflow/dags/minio_to_snowflake.py took 1.369 seconds
[2026-07-21T04:57:53.671+0000] {processor.py:161} INFO - Started process (PID=3489) to work on /opt/airflow/dags/minio_to_snowflake.py
[2026-07-21T04:57:53.673+0000] {processor.py:830} INFO - Processing file /opt/airflow/dags/minio_to_snowflake.py for tasks to queue
[2026-07-21T04:57:53.675+0000] {logging_mixin.py:188} INFO - [2026-07-21T04:57:53.675+0000] {dagbag.py:545} INFO - Filling up the DagBag from /opt/airflow/dags/minio_to_snowflake.py
[2026-07-21T04:57:54.566+0000] {processor.py:840} INFO - DAG(s) 'minio_to_snowflake_banking' retrieved from /opt/airflow/dags/minio_to_snowflake.py
[2026-07-21T04:57:54.599+0000] {logging_mixin.py:188} INFO - [2026-07-21T04:57:54.599+0000] {dag.py:3089} INFO - Sync 1 DAGs
[2026-07-21T04:57:54.626+0000] {logging_mixin.py:188} INFO - [2026-07-21T04:57:54.626+0000] {dag.py:3947} INFO - Setting next_dagrun for minio_to_snowflake_banking to 2026-07-21 04:56:00+00:00, run_after=2026-07-21 04:57:00+00:00
[2026-07-21T04:57:54.658+0000] {processor.py:183} INFO - Processing /opt/airflow/dags/minio_to_snowflake.py took 0.995 seconds
[2026-07-21T04:58:25.005+0000] {processor.py:161} INFO - Started process (PID=3494) to work on /opt/airflow/dags/minio_to_snowflake.py
[2026-07-21T04:58:25.007+0000] {processor.py:830} INFO - Processing file /opt/airflow/dags/minio_to_snowflake.py for tasks to queue
[2026-07-21T04:58:25.010+0000] {logging_mixin.py:188} INFO - [2026-07-21T04:58:25.010+0000] {dagbag.py:545} INFO - Filling up the DagBag from /opt/airflow/dags/minio_to_snowflake.py
[2026-07-21T04:58:25.859+0000] {processor.py:840} INFO - DAG(s) 'minio_to_snowflake_banking' retrieved from /opt/airflow/dags/minio_to_snowflake.py
[2026-07-21T04:58:25.890+0000] {logging_mixin.py:188} INFO - [2026-07-21T04:58:25.889+0000] {dag.py:3089} INFO - Sync 1 DAGs
[2026-07-21T04:58:25.912+0000] {logging_mixin.py:188} INFO - [2026-07-21T04:58:25.912+0000] {dag.py:3947} INFO - Setting next_dagrun for minio_to_snowflake_banking to 2026-07-21 04:57:00+00:00, run_after=2026-07-21 04:58:00+00:00
[2026-07-21T04:58:25.937+0000] {processor.py:183} INFO - Processing /opt/airflow/dags/minio_to_snowflake.py took 0.942 seconds
[2026-07-21T04:58:56.454+0000] {processor.py:161} INFO - Started process (PID=3499) to work on /opt/airflow/dags/minio_to_snowflake.py
[2026-07-21T04:58:56.456+0000] {processor.py:830} INFO - Processing file /opt/airflow/dags/minio_to_snowflake.py for tasks to queue
[2026-07-21T04:58:56.459+0000] {logging_mixin.py:188} INFO - [2026-07-21T04:58:56.458+0000] {dagbag.py:545} INFO - Filling up the DagBag from /opt/airflow/dags/minio_to_snowflake.py
[2026-07-21T04:58:57.315+0000] {processor.py:840} INFO - DAG(s) 'minio_to_snowflake_banking' retrieved from /opt/airflow/dags/minio_to_snowflake.py
[2026-07-21T04:58:57.348+0000] {logging_mixin.py:188} INFO - [2026-07-21T04:58:57.347+0000] {dag.py:3089} INFO - Sync 1 DAGs
[2026-07-21T04:58:57.372+0000] {logging_mixin.py:188} INFO - [2026-07-21T04:58:57.372+0000] {dag.py:3947} INFO - Setting next_dagrun for minio_to_snowflake_banking to 2026-07-21 04:57:00+00:00, run_after=2026-07-21 04:58:00+00:00
[2026-07-21T04:58:57.395+0000] {processor.py:183} INFO - Processing /opt/airflow/dags/minio_to_snowflake.py took 0.951 seconds
[2026-07-21T04:59:27.812+0000] {processor.py:161} INFO - Started process (PID=3504) to work on /opt/airflow/dags/minio_to_snowflake.py
[2026-07-21T04:59:27.814+0000] {processor.py:830} INFO - Processing file /opt/airflow/dags/minio_to_snowflake.py for tasks to queue
[2026-07-21T04:59:27.816+0000] {logging_mixin.py:188} INFO - [2026-07-21T04:59:27.815+0000] {dagbag.py:545} INFO - Filling up the DagBag from /opt/airflow/dags/minio_to_snowflake.py
[2026-07-21T04:59:28.688+0000] {processor.py:840} INFO - DAG(s) 'minio_to_snowflake_banking' retrieved from /opt/airflow/dags/minio_to_snowflake.py
[2026-07-21T04:59:28.723+0000] {logging_mixin.py:188} INFO - [2026-07-21T04:59:28.722+0000] {dag.py:3089} INFO - Sync 1 DAGs
[2026-07-21T04:59:28.752+0000] {logging_mixin.py:188} INFO - [2026-07-21T04:59:28.752+0000] {dag.py:3947} INFO - Setting next_dagrun for minio_to_snowflake_banking to 2026-07-21 04:58:00+00:00, run_after=2026-07-21 04:59:00+00:00
[2026-07-21T04:59:28.779+0000] {processor.py:183} INFO - Processing /opt/airflow/dags/minio_to_snowflake.py took 0.974 seconds
[2026-07-21T04:59:59.103+0000] {processor.py:161} INFO - Started process (PID=3509) to work on /opt/airflow/dags/minio_to_snowflake.py
[2026-07-21T04:59:59.105+0000] {processor.py:830} INFO - Processing file /opt/airflow/dags/minio_to_snowflake.py for tasks to queue
[2026-07-21T04:59:59.107+0000] {logging_mixin.py:188} INFO - [2026-07-21T04:59:59.107+0000] {dagbag.py:545} INFO - Filling up the DagBag from /opt/airflow/dags/minio_to_snowflake.py
[2026-07-21T04:59:59.990+0000] {processor.py:840} INFO - DAG(s) 'minio_to_snowflake_banking' retrieved from /opt/airflow/dags/minio_to_snowflake.py
[2026-07-21T05:00:00.059+0000] {logging_mixin.py:188} INFO - [2026-07-21T05:00:00.058+0000] {dag.py:3089} INFO - Sync 1 DAGs
[2026-07-21T05:00:00.112+0000] {logging_mixin.py:188} INFO - [2026-07-21T05:00:00.111+0000] {dag.py:3947} INFO - Setting next_dagrun for minio_to_snowflake_banking to 2026-07-21 04:59:00+00:00, run_after=2026-07-21 05:00:00+00:00
[2026-07-21T05:00:00.138+0000] {processor.py:183} INFO - Processing /opt/airflow/dags/minio_to_snowflake.py took 1.042 seconds
[2026-07-21T05:00:30.439+0000] {processor.py:161} INFO - Started process (PID=3514) to work on /opt/airflow/dags/minio_to_snowflake.py
[2026-07-21T05:00:30.440+0000] {processor.py:830} INFO - Processing file /opt/airflow/dags/minio_to_snowflake.py for tasks to queue
[2026-07-21T05:00:30.443+0000] {logging_mixin.py:188} INFO - [2026-07-21T05:00:30.443+0000] {dagbag.py:545} INFO - Filling up the DagBag from /opt/airflow/dags/minio_to_snowflake.py
[2026-07-21T05:00:31.310+0000] {processor.py:840} INFO - DAG(s) 'minio_to_snowflake_banking' retrieved from /opt/airflow/dags/minio_to_snowflake.py
[2026-07-21T05:00:31.352+0000] {logging_mixin.py:188} INFO - [2026-07-21T05:00:31.351+0000] {dag.py:3089} INFO - Sync 1 DAGs
[2026-07-21T05:00:31.399+0000] {logging_mixin.py:188} INFO - [2026-07-21T05:00:31.398+0000] {dag.py:3947} INFO - Setting next_dagrun for minio_to_snowflake_banking to 2026-07-21 04:59:00+00:00, run_after=2026-07-21 05:00:00+00:00
[2026-07-21T05:00:31.441+0000] {processor.py:183} INFO - Processing /opt/airflow/dags/minio_to_snowflake.py took 1.009 seconds
[2026-07-21T05:01:01.809+0000] {processor.py:161} INFO - Started process (PID=3519) to work on /opt/airflow/dags/minio_to_snowflake.py
[2026-07-21T05:01:01.811+0000] {processor.py:830} INFO - Processing file /opt/airflow/dags/minio_to_snowflake.py for tasks to queue
[2026-07-21T05:01:01.813+0000] {logging_mixin.py:188} INFO - [2026-07-21T05:01:01.813+0000] {dagbag.py:545} INFO - Filling up the DagBag from /opt/airflow/dags/minio_to_snowflake.py
[2026-07-21T05:01:02.682+0000] {processor.py:840} INFO - DAG(s) 'minio_to_snowflake_banking' retrieved from /opt/airflow/dags/minio_to_snowflake.py
[2026-07-21T05:01:02.711+0000] {logging_mixin.py:188} INFO - [2026-07-21T05:01:02.711+0000] {dag.py:3089} INFO - Sync 1 DAGs
[2026-07-21T05:01:02.733+0000] {logging_mixin.py:188} INFO - [2026-07-21T05:01:02.733+0000] {dag.py:3947} INFO - Setting next_dagrun for minio_to_snowflake_banking to 2026-07-21 05:00:00+00:00, run_after=2026-07-21 05:01:00+00:00
[2026-07-21T05:01:02.754+0000] {processor.py:183} INFO - Processing /opt/airflow/dags/minio_to_snowflake.py took 0.954 seconds
[2026-07-21T05:01:33.192+0000] {processor.py:161} INFO - Started process (PID=3524) to work on /opt/airflow/dags/minio_to_snowflake.py
[2026-07-21T05:01:33.194+0000] {processor.py:830} INFO - Processing file /opt/airflow/dags/minio_to_snowflake.py for tasks to queue
[2026-07-21T05:01:33.196+0000] {logging_mixin.py:188} INFO - [2026-07-21T05:01:33.196+0000] {dagbag.py:545} INFO - Filling up the DagBag from /opt/airflow/dags/minio_to_snowflake.py
[2026-07-21T05:01:34.157+0000] {processor.py:840} INFO - DAG(s) 'minio_to_snowflake_banking' retrieved from /opt/airflow/dags/minio_to_snowflake.py
[2026-07-21T05:01:34.204+0000] {logging_mixin.py:188} INFO - [2026-07-21T05:01:34.204+0000] {dag.py:3089} INFO - Sync 1 DAGs
[2026-07-21T05:01:34.248+0000] {logging_mixin.py:188} INFO - [2026-07-21T05:01:34.247+0000] {dag.py:3947} INFO - Setting next_dagrun for minio_to_snowflake_banking to 2026-07-21 05:00:00+00:00, run_after=2026-07-21 05:01:00+00:00
[2026-07-21T05:01:34.274+0000] {processor.py:183} INFO - Processing /opt/airflow/dags/minio_to_snowflake.py took 1.090 seconds
[2026-07-21T05:02:04.587+0000] {processor.py:161} INFO - Started process (PID=3529) to work on /opt/airflow/dags/minio_to_snowflake.py
[2026-07-21T05:02:04.589+0000] {processor.py:830} INFO - Processing file /opt/airflow/dags/minio_to_snowflake.py for tasks to queue
[2026-07-21T05:02:04.591+0000] {logging_mixin.py:188} INFO - [2026-07-21T05:02:04.590+0000] {dagbag.py:545} INFO - Filling up the DagBag from /opt/airflow/dags/minio_to_snowflake.py
[2026-07-21T05:02:05.407+0000] {processor.py:840} INFO - DAG(s) 'minio_to_snowflake_banking' retrieved from /opt/airflow/dags/minio_to_snowflake.py
[2026-07-21T05:02:05.437+0000] {logging_mixin.py:188} INFO - [2026-07-21T05:02:05.436+0000] {dag.py:3089} INFO - Sync 1 DAGs
[2026-07-21T05:02:05.462+0000] {logging_mixin.py:188} INFO - [2026-07-21T05:02:05.462+0000] {dag.py:3947} INFO - Setting next_dagrun for minio_to_snowflake_banking to 2026-07-21 05:01:00+00:00, run_after=2026-07-21 05:02:00+00:00
[2026-07-21T05:02:05.487+0000] {processor.py:183} INFO - Processing /opt/airflow/dags/minio_to_snowflake.py took 0.908 seconds
[2026-07-21T05:02:35.908+0000] {processor.py:161} INFO - Started process (PID=3534) to work on /opt/airflow/dags/minio_to_snowflake.py
[2026-07-21T05:02:35.909+0000] {processor.py:830} INFO - Processing file /opt/airflow/dags/minio_to_snowflake.py for tasks to queue
[2026-07-21T05:02:35.912+0000] {logging_mixin.py:188} INFO - [2026-07-21T05:02:35.912+0000] {dagbag.py:545} INFO - Filling up the DagBag from /opt/airflow/dags/minio_to_snowflake.py
[2026-07-21T05:02:36.722+0000] {processor.py:840} INFO - DAG(s) 'minio_to_snowflake_banking' retrieved from /opt/airflow/dags/minio_to_snowflake.py
[2026-07-21T05:02:36.748+0000] {logging_mixin.py:188} INFO - [2026-07-21T05:02:36.748+0000] {dag.py:3089} INFO - Sync 1 DAGs
[2026-07-21T05:02:36.771+0000] {logging_mixin.py:188} INFO - [2026-07-21T05:02:36.770+0000] {dag.py:3947} INFO - Setting next_dagrun for minio_to_snowflake_banking to 2026-07-21 05:01:00+00:00, run_after=2026-07-21 05:02:00+00:00
[2026-07-21T05:02:36.794+0000] {processor.py:183} INFO - Processing /opt/airflow/dags/minio_to_snowflake.py took 0.895 seconds
[2026-07-21T05:03:07.272+0000] {processor.py:161} INFO - Started process (PID=3539) to work on /opt/airflow/dags/minio_to_snowflake.py
[2026-07-21T05:03:07.274+0000] {processor.py:830} INFO - Processing file /opt/airflow/dags/minio_to_snowflake.py for tasks to queue
[2026-07-21T05:03:07.276+0000] {logging_mixin.py:188} INFO - [2026-07-21T05:03:07.276+0000] {dagbag.py:545} INFO - Filling up the DagBag from /opt/airflow/dags/minio_to_snowflake.py
[2026-07-21T05:03:08.040+0000] {processor.py:840} INFO - DAG(s) 'minio_to_snowflake_banking' retrieved from /opt/airflow/dags/minio_to_snowflake.py
[2026-07-21T05:03:08.082+0000] {logging_mixin.py:188} INFO - [2026-07-21T05:03:08.081+0000] {dag.py:3089} INFO - Sync 1 DAGs
[2026-07-21T05:03:08.110+0000] {logging_mixin.py:188} INFO - [2026-07-21T05:03:08.110+0000] {dag.py:3947} INFO - Setting next_dagrun for minio_to_snowflake_banking to 2026-07-21 05:02:00+00:00, run_after=2026-07-21 05:03:00+00:00
[2026-07-21T05:03:08.138+0000] {processor.py:183} INFO - Processing /opt/airflow/dags/minio_to_snowflake.py took 0.873 seconds
[2026-07-21T05:03:38.622+0000] {processor.py:161} INFO - Started process (PID=3544) to work on /opt/airflow/dags/minio_to_snowflake.py
[2026-07-21T05:03:38.624+0000] {processor.py:830} INFO - Processing file /opt/airflow/dags/minio_to_snowflake.py for tasks to queue
[2026-07-21T05:03:38.626+0000] {logging_mixin.py:188} INFO - [2026-07-21T05:03:38.625+0000] {dagbag.py:545} INFO - Filling up the DagBag from /opt/airflow/dags/minio_to_snowflake.py
[2026-07-21T05:03:39.414+0000] {processor.py:840} INFO - DAG(s) 'minio_to_snowflake_banking' retrieved from /opt/airflow/dags/minio_to_snowflake.py
[2026-07-21T05:03:39.442+0000] {logging_mixin.py:188} INFO - [2026-07-21T05:03:39.441+0000] {dag.py:3089} INFO - Sync 1 DAGs
[2026-07-21T05:03:39.467+0000] {logging_mixin.py:188} INFO - [2026-07-21T05:03:39.467+0000] {dag.py:3947} INFO - Setting next_dagrun for minio_to_snowflake_banking to 2026-07-21 05:02:00+00:00, run_after=2026-07-21 05:03:00+00:00
[2026-07-21T05:03:39.488+0000] {processor.py:183} INFO - Processing /opt/airflow/dags/minio_to_snowflake.py took 0.873 seconds
[2026-07-21T05:04:09.946+0000] {processor.py:161} INFO - Started process (PID=3549) to work on /opt/airflow/dags/minio_to_snowflake.py
[2026-07-21T05:04:09.948+0000] {processor.py:830} INFO - Processing file /opt/airflow/dags/minio_to_snowflake.py for tasks to queue
[2026-07-21T05:04:09.950+0000] {logging_mixin.py:188} INFO - [2026-07-21T05:04:09.950+0000] {dagbag.py:545} INFO - Filling up the DagBag from /opt/airflow/dags/minio_to_snowflake.py
[2026-07-21T05:04:10.763+0000] {processor.py:840} INFO - DAG(s) 'minio_to_snowflake_banking' retrieved from /opt/airflow/dags/minio_to_snowflake.py
[2026-07-21T05:04:10.798+0000] {logging_mixin.py:188} INFO - [2026-07-21T05:04:10.797+0000] {dag.py:3089} INFO - Sync 1 DAGs
[2026-07-21T05:04:10.827+0000] {logging_mixin.py:188} INFO - [2026-07-21T05:04:10.826+0000] {dag.py:3947} INFO - Setting next_dagrun for minio_to_snowflake_banking to 2026-07-21 05:03:00+00:00, run_after=2026-07-21 05:04:00+00:00
[2026-07-21T05:04:10.854+0000] {processor.py:183} INFO - Processing /opt/airflow/dags/minio_to_snowflake.py took 0.916 seconds
[2026-07-21T05:04:41.323+0000] {processor.py:161} INFO - Started process (PID=3554) to work on /opt/airflow/dags/minio_to_snowflake.py
[2026-07-21T05:04:41.325+0000] {processor.py:830} INFO - Processing file /opt/airflow/dags/minio_to_snowflake.py for tasks to queue
[2026-07-21T05:04:41.328+0000] {logging_mixin.py:188} INFO - [2026-07-21T05:04:41.328+0000] {dagbag.py:545} INFO - Filling up the DagBag from /opt/airflow/dags/minio_to_snowflake.py
[2026-07-21T05:04:42.277+0000] {processor.py:840} INFO - DAG(s) 'minio_to_snowflake_banking' retrieved from /opt/airflow/dags/minio_to_snowflake.py
[2026-07-21T05:04:42.306+0000] {logging_mixin.py:188} INFO - [2026-07-21T05:04:42.306+0000] {dag.py:3089} INFO - Sync 1 DAGs
[2026-07-21T05:04:42.330+0000] {logging_mixin.py:188} INFO - [2026-07-21T05:04:42.330+0000] {dag.py:3947} INFO - Setting next_dagrun for minio_to_snowflake_banking to 2026-07-21 05:03:00+00:00, run_after=2026-07-21 05:04:00+00:00
[2026-07-21T05:04:42.351+0000] {processor.py:183} INFO - Processing /opt/airflow/dags/minio_to_snowflake.py took 1.036 seconds
[2026-07-21T05:05:12.723+0000] {processor.py:161} INFO - Started process (PID=3559) to work on /opt/airflow/dags/minio_to_snowflake.py
[2026-07-21T05:05:12.726+0000] {processor.py:830} INFO - Processing file /opt/airflow/dags/minio_to_snowflake.py for tasks to queue
[2026-07-21T05:05:12.731+0000] {logging_mixin.py:188} INFO - [2026-07-21T05:05:12.730+0000] {dagbag.py:545} INFO - Filling up the DagBag from /opt/airflow/dags/minio_to_snowflake.py
[2026-07-21T05:05:13.602+0000] {processor.py:840} INFO - DAG(s) 'minio_to_snowflake_banking' retrieved from /opt/airflow/dags/minio_to_snowflake.py
[2026-07-21T05:05:13.663+0000] {logging_mixin.py:188} INFO - [2026-07-21T05:05:13.662+0000] {dag.py:3089} INFO - Sync 1 DAGs
[2026-07-21T05:05:13.706+0000] {logging_mixin.py:188} INFO - [2026-07-21T05:05:13.705+0000] {dag.py:3947} INFO - Setting next_dagrun for minio_to_snowflake_banking to 2026-07-21 05:04:00+00:00, run_after=2026-07-21 05:05:00+00:00
[2026-07-21T05:05:13.735+0000] {processor.py:183} INFO - Processing /opt/airflow/dags/minio_to_snowflake.py took 1.028 seconds
[2026-07-21T05:05:44.082+0000] {processor.py:161} INFO - Started process (PID=3564) to work on /opt/airflow/dags/minio_to_snowflake.py
[2026-07-21T05:05:44.084+0000] {processor.py:830} INFO - Processing file /opt/airflow/dags/minio_to_snowflake.py for tasks to queue
[2026-07-21T05:05:44.086+0000] {logging_mixin.py:188} INFO - [2026-07-21T05:05:44.086+0000] {dagbag.py:545} INFO - Filling up the DagBag from /opt/airflow/dags/minio_to_snowflake.py
[2026-07-21T05:05:44.894+0000] {processor.py:840} INFO - DAG(s) 'minio_to_snowflake_banking' retrieved from /opt/airflow/dags/minio_to_snowflake.py
[2026-07-21T05:05:44.922+0000] {logging_mixin.py:188} INFO - [2026-07-21T05:05:44.921+0000] {dag.py:3089} INFO - Sync 1 DAGs
[2026-07-21T05:05:44.947+0000] {logging_mixin.py:188} INFO - [2026-07-21T05:05:44.947+0000] {dag.py:3947} INFO - Setting next_dagrun for minio_to_snowflake_banking to 2026-07-21 05:04:00+00:00, run_after=2026-07-21 05:05:00+00:00
[2026-07-21T05:05:44.970+0000] {processor.py:183} INFO - Processing /opt/airflow/dags/minio_to_snowflake.py took 0.898 seconds
[2026-07-21T05:06:15.433+0000] {processor.py:161} INFO - Started process (PID=3569) to work on /opt/airflow/dags/minio_to_snowflake.py
[2026-07-21T05:06:15.435+0000] {processor.py:830} INFO - Processing file /opt/airflow/dags/minio_to_snowflake.py for tasks to queue
[2026-07-21T05:06:15.437+0000] {logging_mixin.py:188} INFO - [2026-07-21T05:06:15.437+0000] {dagbag.py:545} INFO - Filling up the DagBag from /opt/airflow/dags/minio_to_snowflake.py
[2026-07-21T05:06:16.228+0000] {processor.py:840} INFO - DAG(s) 'minio_to_snowflake_banking' retrieved from /opt/airflow/dags/minio_to_snowflake.py
[2026-07-21T05:06:16.259+0000] {logging_mixin.py:188} INFO - [2026-07-21T05:06:16.258+0000] {dag.py:3089} INFO - Sync 1 DAGs
[2026-07-21T05:06:16.281+0000] {logging_mixin.py:188} INFO - [2026-07-21T05:06:16.281+0000] {dag.py:3947} INFO - Setting next_dagrun for minio_to_snowflake_banking to 2026-07-21 05:05:00+00:00, run_after=2026-07-21 05:06:00+00:00
[2026-07-21T05:06:16.303+0000] {processor.py:183} INFO - Processing /opt/airflow/dags/minio_to_snowflake.py took 0.877 seconds
[2026-07-21T05:06:46.787+0000] {processor.py:161} INFO - Started process (PID=3574) to work on /opt/airflow/dags/minio_to_snowflake.py
[2026-07-21T05:06:46.789+0000] {processor.py:830} INFO - Processing file /opt/airflow/dags/minio_to_snowflake.py for tasks to queue
[2026-07-21T05:06:46.791+0000] {logging_mixin.py:188} INFO - [2026-07-21T05:06:46.791+0000] {dagbag.py:545} INFO - Filling up the DagBag from /opt/airflow/dags/minio_to_snowflake.py
[2026-07-21T05:06:47.584+0000] {processor.py:840} INFO - DAG(s) 'minio_to_snowflake_banking' retrieved from /opt/airflow/dags/minio_to_snowflake.py
[2026-07-21T05:06:47.613+0000] {logging_mixin.py:188} INFO - [2026-07-21T05:06:47.612+0000] {dag.py:3089} INFO - Sync 1 DAGs
[2026-07-21T05:06:47.645+0000] {logging_mixin.py:188} INFO - [2026-07-21T05:06:47.644+0000] {dag.py:3947} INFO - Setting next_dagrun for minio_to_snowflake_banking to 2026-07-21 05:05:00+00:00, run_after=2026-07-21 05:06:00+00:00
[2026-07-21T05:06:47.673+0000] {processor.py:183} INFO - Processing /opt/airflow/dags/minio_to_snowflake.py took 0.894 seconds
[2026-07-21T05:07:18.196+0000] {processor.py:161} INFO - Started process (PID=3579) to work on /opt/airflow/dags/minio_to_snowflake.py
[2026-07-21T05:07:18.198+0000] {processor.py:830} INFO - Processing file /opt/airflow/dags/minio_to_snowflake.py for tasks to queue
[2026-07-21T05:07:18.201+0000] {logging_mixin.py:188} INFO - [2026-07-21T05:07:18.200+0000] {dagbag.py:545} INFO - Filling up the DagBag from /opt/airflow/dags/minio_to_snowflake.py
[2026-07-21T05:07:19.094+0000] {processor.py:840} INFO - DAG(s) 'minio_to_snowflake_banking' retrieved from /opt/airflow/dags/minio_to_snowflake.py
[2026-07-21T05:07:19.122+0000] {logging_mixin.py:188} INFO - [2026-07-21T05:07:19.122+0000] {dag.py:3089} INFO - Sync 1 DAGs
[2026-07-21T05:07:19.145+0000] {logging_mixin.py:188} INFO - [2026-07-21T05:07:19.145+0000] {dag.py:3947} INFO - Setting next_dagrun for minio_to_snowflake_banking to 2026-07-21 05:06:00+00:00, run_after=2026-07-21 05:07:00+00:00
[2026-07-21T05:07:19.167+0000] {processor.py:183} INFO - Processing /opt/airflow/dags/minio_to_snowflake.py took 0.978 seconds
[2026-07-21T05:07:49.688+0000] {processor.py:161} INFO - Started process (PID=3584) to work on /opt/airflow/dags/minio_to_snowflake.py
[2026-07-21T05:07:49.690+0000] {processor.py:830} INFO - Processing file /opt/airflow/dags/minio_to_snowflake.py for tasks to queue
[2026-07-21T05:07:49.693+0000] {logging_mixin.py:188} INFO - [2026-07-21T05:07:49.692+0000] {dagbag.py:545} INFO - Filling up the DagBag from /opt/airflow/dags/minio_to_snowflake.py
[2026-07-21T05:07:50.546+0000] {processor.py:840} INFO - DAG(s) 'minio_to_snowflake_banking' retrieved from /opt/airflow/dags/minio_to_snowflake.py
[2026-07-21T05:07:50.577+0000] {logging_mixin.py:188} INFO - [2026-07-21T05:07:50.576+0000] {dag.py:3089} INFO - Sync 1 DAGs
[2026-07-21T05:07:50.602+0000] {logging_mixin.py:188} INFO - [2026-07-21T05:07:50.602+0000] {dag.py:3947} INFO - Setting next_dagrun for minio_to_snowflake_banking to 2026-07-21 05:06:00+00:00, run_after=2026-07-21 05:07:00+00:00
[2026-07-21T05:07:50.624+0000] {processor.py:183} INFO - Processing /opt/airflow/dags/minio_to_snowflake.py took 0.945 seconds
[2026-07-21T05:08:21.009+0000] {processor.py:161} INFO - Started process (PID=3589) to work on /opt/airflow/dags/minio_to_snowflake.py
[2026-07-21T05:08:21.010+0000] {processor.py:830} INFO - Processing file /opt/airflow/dags/minio_to_snowflake.py for tasks to queue
[2026-07-21T05:08:21.013+0000] {logging_mixin.py:188} INFO - [2026-07-21T05:08:21.012+0000] {dagbag.py:545} INFO - Filling up the DagBag from /opt/airflow/dags/minio_to_snowflake.py
[2026-07-21T05:08:21.965+0000] {processor.py:840} INFO - DAG(s) 'minio_to_snowflake_banking' retrieved from /opt/airflow/dags/minio_to_snowflake.py
[2026-07-21T05:08:22.015+0000] {logging_mixin.py:188} INFO - [2026-07-21T05:08:22.015+0000] {dag.py:3089} INFO - Sync 1 DAGs
[2026-07-21T05:08:22.059+0000] {logging_mixin.py:188} INFO - [2026-07-21T05:08:22.058+0000] {dag.py:3947} INFO - Setting next_dagrun for minio_to_snowflake_banking to 2026-07-21 05:07:00+00:00, run_after=2026-07-21 05:08:00+00:00
[2026-07-21T05:08:22.097+0000] {processor.py:183} INFO - Processing /opt/airflow/dags/minio_to_snowflake.py took 1.097 seconds
[2026-07-21T05:08:52.501+0000] {processor.py:161} INFO - Started process (PID=3594) to work on /opt/airflow/dags/minio_to_snowflake.py
[2026-07-21T05:08:52.503+0000] {processor.py:830} INFO - Processing file /opt/airflow/dags/minio_to_snowflake.py for tasks to queue
[2026-07-21T05:08:52.506+0000] {logging_mixin.py:188} INFO - [2026-07-21T05:08:52.505+0000] {dagbag.py:545} INFO - Filling up the DagBag from /opt/airflow/dags/minio_to_snowflake.py
[2026-07-21T05:08:53.385+0000] {processor.py:840} INFO - DAG(s) 'minio_to_snowflake_banking' retrieved from /opt/airflow/dags/minio_to_snowflake.py
[2026-07-21T05:08:53.412+0000] {logging_mixin.py:188} INFO - [2026-07-21T05:08:53.411+0000] {dag.py:3089} INFO - Sync 1 DAGs
[2026-07-21T05:08:53.436+0000] {logging_mixin.py:188} INFO - [2026-07-21T05:08:53.436+0000] {dag.py:3947} INFO - Setting next_dagrun for minio_to_snowflake_banking to 2026-07-21 05:07:00+00:00, run_after=2026-07-21 05:08:00+00:00
[2026-07-21T05:08:53.461+0000] {processor.py:183} INFO - Processing /opt/airflow/dags/minio_to_snowflake.py took 0.968 seconds
[2026-07-21T05:09:23.853+0000] {processor.py:161} INFO - Started process (PID=3599) to work on /opt/airflow/dags/minio_to_snowflake.py
[2026-07-21T05:09:23.855+0000] {processor.py:830} INFO - Processing file /opt/airflow/dags/minio_to_snowflake.py for tasks to queue
[2026-07-21T05:09:23.858+0000] {logging_mixin.py:188} INFO - [2026-07-21T05:09:23.857+0000] {dagbag.py:545} INFO - Filling up the DagBag from /opt/airflow/dags/minio_to_snowflake.py
[2026-07-21T05:09:25.087+0000] {processor.py:840} INFO - DAG(s) 'minio_to_snowflake_banking' retrieved from /opt/airflow/dags/minio_to_snowflake.py
[2026-07-21T05:09:25.127+0000] {logging_mixin.py:188} INFO - [2026-07-21T05:09:25.126+0000] {dag.py:3089} INFO - Sync 1 DAGs
[2026-07-21T05:09:25.167+0000] {logging_mixin.py:188} INFO - [2026-07-21T05:09:25.166+0000] {dag.py:3947} INFO - Setting next_dagrun for minio_to_snowflake_banking to 2026-07-21 05:08:00+00:00, run_after=2026-07-21 05:09:00+00:00
[2026-07-21T05:09:25.206+0000] {processor.py:183} INFO - Processing /opt/airflow/dags/minio_to_snowflake.py took 1.367 seconds
[2026-07-21T05:09:55.292+0000] {processor.py:161} INFO - Started process (PID=3604) to work on /opt/airflow/dags/minio_to_snowflake.py
[2026-07-21T05:09:55.294+0000] {processor.py:830} INFO - Processing file /opt/airflow/dags/minio_to_snowflake.py for tasks to queue
[2026-07-21T05:09:55.297+0000] {logging_mixin.py:188} INFO - [2026-07-21T05:09:55.297+0000] {dagbag.py:545} INFO - Filling up the DagBag from /opt/airflow/dags/minio_to_snowflake.py
[2026-07-21T05:09:56.382+0000] {processor.py:840} INFO - DAG(s) 'minio_to_snowflake_banking' retrieved from /opt/airflow/dags/minio_to_snowflake.py
[2026-07-21T05:09:56.421+0000] {logging_mixin.py:188} INFO - [2026-07-21T05:09:56.420+0000] {dag.py:3089} INFO - Sync 1 DAGs
[2026-07-21T05:09:56.472+0000] {logging_mixin.py:188} INFO - [2026-07-21T05:09:56.471+0000] {dag.py:3947} INFO - Setting next_dagrun for minio_to_snowflake_banking to 2026-07-21 05:08:00+00:00, run_after=2026-07-21 05:09:00+00:00
[2026-07-21T05:09:56.507+0000] {processor.py:183} INFO - Processing /opt/airflow/dags/minio_to_snowflake.py took 1.225 seconds
[2026-07-21T05:10:26.782+0000] {processor.py:161} INFO - Started process (PID=3610) to work on /opt/airflow/dags/minio_to_snowflake.py
[2026-07-21T05:10:26.784+0000] {processor.py:830} INFO - Processing file /opt/airflow/dags/minio_to_snowflake.py for tasks to queue
[2026-07-21T05:10:26.788+0000] {logging_mixin.py:188} INFO - [2026-07-21T05:10:26.787+0000] {dagbag.py:545} INFO - Filling up the DagBag from /opt/airflow/dags/minio_to_snowflake.py
[2026-07-21T05:10:27.816+0000] {processor.py:840} INFO - DAG(s) 'minio_to_snowflake_banking' retrieved from /opt/airflow/dags/minio_to_snowflake.py
[2026-07-21T05:10:27.852+0000] {logging_mixin.py:188} INFO - [2026-07-21T05:10:27.851+0000] {dag.py:3089} INFO - Sync 1 DAGs
[2026-07-21T05:10:27.878+0000] {logging_mixin.py:188} INFO - [2026-07-21T05:10:27.878+0000] {dag.py:3947} INFO - Setting next_dagrun for minio_to_snowflake_banking to 2026-07-21 05:09:00+00:00, run_after=2026-07-21 05:10:00+00:00
[2026-07-21T05:10:27.901+0000] {processor.py:183} INFO - Processing /opt/airflow/dags/minio_to_snowflake.py took 1.135 seconds
[2026-07-21T05:10:58.187+0000] {processor.py:161} INFO - Started process (PID=3615) to work on /opt/airflow/dags/minio_to_snowflake.py
[2026-07-21T05:10:58.189+0000] {processor.py:830} INFO - Processing file /opt/airflow/dags/minio_to_snowflake.py for tasks to queue
[2026-07-21T05:10:58.191+0000] {logging_mixin.py:188} INFO - [2026-07-21T05:10:58.191+0000] {dagbag.py:545} INFO - Filling up the DagBag from /opt/airflow/dags/minio_to_snowflake.py
[2026-07-21T05:10:58.934+0000] {processor.py:840} INFO - DAG(s) 'minio_to_snowflake_banking' retrieved from /opt/airflow/dags/minio_to_snowflake.py
[2026-07-21T05:10:58.964+0000] {logging_mixin.py:188} INFO - [2026-07-21T05:10:58.964+0000] {dag.py:3089} INFO - Sync 1 DAGs
[2026-07-21T05:10:58.986+0000] {logging_mixin.py:188} INFO - [2026-07-21T05:10:58.986+0000] {dag.py:3947} INFO - Setting next_dagrun for minio_to_snowflake_banking to 2026-07-21 05:09:00+00:00, run_after=2026-07-21 05:10:00+00:00
[2026-07-21T05:10:59.009+0000] {processor.py:183} INFO - Processing /opt/airflow/dags/minio_to_snowflake.py took 0.830 seconds
[2026-07-21T05:11:29.630+0000] {processor.py:161} INFO - Started process (PID=3620) to work on /opt/airflow/dags/minio_to_snowflake.py
[2026-07-21T05:11:29.632+0000] {processor.py:830} INFO - Processing file /opt/airflow/dags/minio_to_snowflake.py for tasks to queue
[2026-07-21T05:11:29.635+0000] {logging_mixin.py:188} INFO - [2026-07-21T05:11:29.635+0000] {dagbag.py:545} INFO - Filling up the DagBag from /opt/airflow/dags/minio_to_snowflake.py
[2026-07-21T05:11:30.423+0000] {processor.py:840} INFO - DAG(s) 'minio_to_snowflake_banking' retrieved from /opt/airflow/dags/minio_to_snowflake.py
[2026-07-21T05:11:30.452+0000] {logging_mixin.py:188} INFO - [2026-07-21T05:11:30.452+0000] {dag.py:3089} INFO - Sync 1 DAGs
[2026-07-21T05:11:30.476+0000] {logging_mixin.py:188} INFO - [2026-07-21T05:11:30.476+0000] {dag.py:3947} INFO - Setting next_dagrun for minio_to_snowflake_banking to 2026-07-21 05:10:00+00:00, run_after=2026-07-21 05:11:00+00:00
[2026-07-21T05:11:30.496+0000] {processor.py:183} INFO - Processing /opt/airflow/dags/minio_to_snowflake.py took 0.873 seconds
[2026-07-21T05:12:01.023+0000] {processor.py:161} INFO - Started process (PID=3625) to work on /opt/airflow/dags/minio_to_snowflake.py
[2026-07-21T05:12:01.025+0000] {processor.py:830} INFO - Processing file /opt/airflow/dags/minio_to_snowflake.py for tasks to queue
[2026-07-21T05:12:01.027+0000] {logging_mixin.py:188} INFO - [2026-07-21T05:12:01.027+0000] {dagbag.py:545} INFO - Filling up the DagBag from /opt/airflow/dags/minio_to_snowflake.py
[2026-07-21T05:12:01.808+0000] {processor.py:840} INFO - DAG(s) 'minio_to_snowflake_banking' retrieved from /opt/airflow/dags/minio_to_snowflake.py
[2026-07-21T05:12:01.835+0000] {logging_mixin.py:188} INFO - [2026-07-21T05:12:01.834+0000] {dag.py:3089} INFO - Sync 1 DAGs
[2026-07-21T05:12:01.859+0000] {logging_mixin.py:188} INFO - [2026-07-21T05:12:01.858+0000] {dag.py:3947} INFO - Setting next_dagrun for minio_to_snowflake_banking to 2026-07-21 05:11:00+00:00, run_after=2026-07-21 05:12:00+00:00
[2026-07-21T05:12:01.881+0000] {processor.py:183} INFO - Processing /opt/airflow/dags/minio_to_snowflake.py took 0.865 seconds
[2026-07-21T05:12:32.376+0000] {processor.py:161} INFO - Started process (PID=3630) to work on /opt/airflow/dags/minio_to_snowflake.py
[2026-07-21T05:12:32.378+0000] {processor.py:830} INFO - Processing file /opt/airflow/dags/minio_to_snowflake.py for tasks to queue
[2026-07-21T05:12:32.381+0000] {logging_mixin.py:188} INFO - [2026-07-21T05:12:32.380+0000] {dagbag.py:545} INFO - Filling up the DagBag from /opt/airflow/dags/minio_to_snowflake.py
[2026-07-21T05:12:33.343+0000] {processor.py:840} INFO - DAG(s) 'minio_to_snowflake_banking' retrieved from /opt/airflow/dags/minio_to_snowflake.py
[2026-07-21T05:12:33.379+0000] {logging_mixin.py:188} INFO - [2026-07-21T05:12:33.378+0000] {dag.py:3089} INFO - Sync 1 DAGs
[2026-07-21T05:12:33.406+0000] {logging_mixin.py:188} INFO - [2026-07-21T05:12:33.406+0000] {dag.py:3947} INFO - Setting next_dagrun for minio_to_snowflake_banking to 2026-07-21 05:11:00+00:00, run_after=2026-07-21 05:12:00+00:00
[2026-07-21T05:12:33.439+0000] {processor.py:183} INFO - Processing /opt/airflow/dags/minio_to_snowflake.py took 1.078 seconds
[2026-07-21T05:13:03.822+0000] {processor.py:161} INFO - Started process (PID=3635) to work on /opt/airflow/dags/minio_to_snowflake.py
[2026-07-21T05:13:03.824+0000] {processor.py:830} INFO - Processing file /opt/airflow/dags/minio_to_snowflake.py for tasks to queue
[2026-07-21T05:13:03.826+0000] {logging_mixin.py:188} INFO - [2026-07-21T05:13:03.826+0000] {dagbag.py:545} INFO - Filling up the DagBag from /opt/airflow/dags/minio_to_snowflake.py
[2026-07-21T05:13:05.053+0000] {processor.py:840} INFO - DAG(s) 'minio_to_snowflake_banking' retrieved from /opt/airflow/dags/minio_to_snowflake.py
[2026-07-21T05:13:05.092+0000] {logging_mixin.py:188} INFO - [2026-07-21T05:13:05.091+0000] {dag.py:3089} INFO - Sync 1 DAGs
[2026-07-21T05:13:05.118+0000] {logging_mixin.py:188} INFO - [2026-07-21T05:13:05.117+0000] {dag.py:3947} INFO - Setting next_dagrun for minio_to_snowflake_banking to 2026-07-21 05:12:00+00:00, run_after=2026-07-21 05:13:00+00:00
[2026-07-21T05:13:05.135+0000] {processor.py:183} INFO - Processing /opt/airflow/dags/minio_to_snowflake.py took 1.324 seconds
[2026-07-21T05:13:35.456+0000] {processor.py:161} INFO - Started process (PID=3640) to work on /opt/airflow/dags/minio_to_snowflake.py
[2026-07-21T05:13:35.457+0000] {processor.py:830} INFO - Processing file /opt/airflow/dags/minio_to_snowflake.py for tasks to queue
[2026-07-21T05:13:35.460+0000] {logging_mixin.py:188} INFO - [2026-07-21T05:13:35.459+0000] {dagbag.py:545} INFO - Filling up the DagBag from /opt/airflow/dags/minio_to_snowflake.py
[2026-07-21T05:13:36.274+0000] {processor.py:840} INFO - DAG(s) 'minio_to_snowflake_banking' retrieved from /opt/airflow/dags/minio_to_snowflake.py
[2026-07-21T05:13:36.304+0000] {logging_mixin.py:188} INFO - [2026-07-21T05:13:36.304+0000] {dag.py:3089} INFO - Sync 1 DAGs
[2026-07-21T05:13:36.326+0000] {logging_mixin.py:188} INFO - [2026-07-21T05:13:36.326+0000] {dag.py:3947} INFO - Setting next_dagrun for minio_to_snowflake_banking to 2026-07-21 05:12:00+00:00, run_after=2026-07-21 05:13:00+00:00
[2026-07-21T05:13:36.351+0000] {processor.py:183} INFO - Processing /opt/airflow/dags/minio_to_snowflake.py took 0.903 seconds
[2026-07-21T05:14:06.484+0000] {processor.py:161} INFO - Started process (PID=3645) to work on /opt/airflow/dags/minio_to_snowflake.py
[2026-07-21T05:14:06.486+0000] {processor.py:830} INFO - Processing file /opt/airflow/dags/minio_to_snowflake.py for tasks to queue
[2026-07-21T05:14:06.489+0000] {logging_mixin.py:188} INFO - [2026-07-21T05:14:06.488+0000] {dagbag.py:545} INFO - Filling up the DagBag from /opt/airflow/dags/minio_to_snowflake.py
[2026-07-21T05:14:07.351+0000] {processor.py:840} INFO - DAG(s) 'minio_to_snowflake_banking' retrieved from /opt/airflow/dags/minio_to_snowflake.py
[2026-07-21T05:14:07.382+0000] {logging_mixin.py:188} INFO - [2026-07-21T05:14:07.381+0000] {dag.py:3089} INFO - Sync 1 DAGs
[2026-07-21T05:14:07.407+0000] {logging_mixin.py:188} INFO - [2026-07-21T05:14:07.407+0000] {dag.py:3947} INFO - Setting next_dagrun for minio_to_snowflake_banking to 2026-07-21 05:13:00+00:00, run_after=2026-07-21 05:14:00+00:00
[2026-07-21T05:14:07.432+0000] {processor.py:183} INFO - Processing /opt/airflow/dags/minio_to_snowflake.py took 0.956 seconds
[2026-07-21T05:14:37.953+0000] {processor.py:161} INFO - Started process (PID=3650) to work on /opt/airflow/dags/minio_to_snowflake.py
[2026-07-21T05:14:37.954+0000] {processor.py:830} INFO - Processing file /opt/airflow/dags/minio_to_snowflake.py for tasks to queue
[2026-07-21T05:14:37.956+0000] {logging_mixin.py:188} INFO - [2026-07-21T05:14:37.956+0000] {dagbag.py:545} INFO - Filling up the DagBag from /opt/airflow/dags/minio_to_snowflake.py
[2026-07-21T05:14:38.924+0000] {processor.py:840} INFO - DAG(s) 'minio_to_snowflake_banking' retrieved from /opt/airflow/dags/minio_to_snowflake.py
[2026-07-21T05:14:38.968+0000] {logging_mixin.py:188} INFO - [2026-07-21T05:14:38.968+0000] {dag.py:3089} INFO - Sync 1 DAGs
[2026-07-21T05:14:39.000+0000] {logging_mixin.py:188} INFO - [2026-07-21T05:14:38.999+0000] {dag.py:3947} INFO - Setting next_dagrun for minio_to_snowflake_banking to 2026-07-21 05:13:00+00:00, run_after=2026-07-21 05:14:00+00:00
[2026-07-21T05:14:39.023+0000] {processor.py:183} INFO - Processing /opt/airflow/dags/minio_to_snowflake.py took 1.077 seconds
[2026-07-21T05:15:09.394+0000] {processor.py:161} INFO - Started process (PID=3655) to work on /opt/airflow/dags/minio_to_snowflake.py
[2026-07-21T05:15:09.396+0000] {processor.py:830} INFO - Processing file /opt/airflow/dags/minio_to_snowflake.py for tasks to queue
[2026-07-21T05:15:09.398+0000] {logging_mixin.py:188} INFO - [2026-07-21T05:15:09.398+0000] {dagbag.py:545} INFO - Filling up the DagBag from /opt/airflow/dags/minio_to_snowflake.py
[2026-07-21T05:15:10.172+0000] {processor.py:840} INFO - DAG(s) 'minio_to_snowflake_banking' retrieved from /opt/airflow/dags/minio_to_snowflake.py
[2026-07-21T05:15:10.201+0000] {logging_mixin.py:188} INFO - [2026-07-21T05:15:10.200+0000] {dag.py:3089} INFO - Sync 1 DAGs
[2026-07-21T05:15:10.222+0000] {logging_mixin.py:188} INFO - [2026-07-21T05:15:10.222+0000] {dag.py:3947} INFO - Setting next_dagrun for minio_to_snowflake_banking to 2026-07-21 05:14:00+00:00, run_after=2026-07-21 05:15:00+00:00
[2026-07-21T05:15:10.247+0000] {processor.py:183} INFO - Processing /opt/airflow/dags/minio_to_snowflake.py took 0.862 seconds
[2026-07-21T05:15:40.606+0000] {processor.py:161} INFO - Started process (PID=3660) to work on /opt/airflow/dags/minio_to_snowflake.py
[2026-07-21T05:15:40.607+0000] {processor.py:830} INFO - Processing file /opt/airflow/dags/minio_to_snowflake.py for tasks to queue
[2026-07-21T05:15:40.610+0000] {logging_mixin.py:188} INFO - [2026-07-21T05:15:40.609+0000] {dagbag.py:545} INFO - Filling up the DagBag from /opt/airflow/dags/minio_to_snowflake.py
[2026-07-21T05:15:41.376+0000] {processor.py:840} INFO - DAG(s) 'minio_to_snowflake_banking' retrieved from /opt/airflow/dags/minio_to_snowflake.py
[2026-07-21T05:15:41.410+0000] {logging_mixin.py:188} INFO - [2026-07-21T05:15:41.410+0000] {dag.py:3089} INFO - Sync 1 DAGs
[2026-07-21T05:15:41.436+0000] {logging_mixin.py:188} INFO - [2026-07-21T05:15:41.436+0000] {dag.py:3947} INFO - Setting next_dagrun for minio_to_snowflake_banking to 2026-07-21 05:14:00+00:00, run_after=2026-07-21 05:15:00+00:00
[2026-07-21T05:15:41.463+0000] {processor.py:183} INFO - Processing /opt/airflow/dags/minio_to_snowflake.py took 0.865 seconds
[2026-07-21T05:16:11.879+0000] {processor.py:161} INFO - Started process (PID=3665) to work on /opt/airflow/dags/minio_to_snowflake.py
[2026-07-21T05:16:11.881+0000] {processor.py:830} INFO - Processing file /opt/airflow/dags/minio_to_snowflake.py for tasks to queue
[2026-07-21T05:16:11.883+0000] {logging_mixin.py:188} INFO - [2026-07-21T05:16:11.882+0000] {dagbag.py:545} INFO - Filling up the DagBag from /opt/airflow/dags/minio_to_snowflake.py
[2026-07-21T05:16:12.797+0000] {processor.py:840} INFO - DAG(s) 'minio_to_snowflake_banking' retrieved from /opt/airflow/dags/minio_to_snowflake.py
[2026-07-21T05:16:12.827+0000] {logging_mixin.py:188} INFO - [2026-07-21T05:16:12.826+0000] {dag.py:3089} INFO - Sync 1 DAGs
[2026-07-21T05:16:12.850+0000] {logging_mixin.py:188} INFO - [2026-07-21T05:16:12.850+0000] {dag.py:3947} INFO - Setting next_dagrun for minio_to_snowflake_banking to 2026-07-21 05:15:00+00:00, run_after=2026-07-21 05:16:00+00:00
[2026-07-21T05:16:12.872+0000] {processor.py:183} INFO - Processing /opt/airflow/dags/minio_to_snowflake.py took 1.000 seconds
[2026-07-21T05:16:43.228+0000] {processor.py:161} INFO - Started process (PID=3670) to work on /opt/airflow/dags/minio_to_snowflake.py
[2026-07-21T05:16:43.229+0000] {processor.py:830} INFO - Processing file /opt/airflow/dags/minio_to_snowflake.py for tasks to queue
[2026-07-21T05:16:43.232+0000] {logging_mixin.py:188} INFO - [2026-07-21T05:16:43.231+0000] {dagbag.py:545} INFO - Filling up the DagBag from /opt/airflow/dags/minio_to_snowflake.py
[2026-07-21T05:16:44.045+0000] {processor.py:840} INFO - DAG(s) 'minio_to_snowflake_banking' retrieved from /opt/airflow/dags/minio_to_snowflake.py
[2026-07-21T05:16:44.080+0000] {logging_mixin.py:188} INFO - [2026-07-21T05:16:44.080+0000] {dag.py:3089} INFO - Sync 1 DAGs
[2026-07-21T05:16:44.105+0000] {logging_mixin.py:188} INFO - [2026-07-21T05:16:44.105+0000] {dag.py:3947} INFO - Setting next_dagrun for minio_to_snowflake_banking to 2026-07-21 05:15:00+00:00, run_after=2026-07-21 05:16:00+00:00
[2026-07-21T05:16:44.129+0000] {processor.py:183} INFO - Processing /opt/airflow/dags/minio_to_snowflake.py took 0.910 seconds
[2026-07-21T05:17:14.659+0000] {processor.py:161} INFO - Started process (PID=3675) to work on /opt/airflow/dags/minio_to_snowflake.py
[2026-07-21T05:17:14.660+0000] {processor.py:830} INFO - Processing file /opt/airflow/dags/minio_to_snowflake.py for tasks to queue
[2026-07-21T05:17:14.663+0000] {logging_mixin.py:188} INFO - [2026-07-21T05:17:14.662+0000] {dagbag.py:545} INFO - Filling up the DagBag from /opt/airflow/dags/minio_to_snowflake.py
[2026-07-21T05:17:15.471+0000] {processor.py:840} INFO - DAG(s) 'minio_to_snowflake_banking' retrieved from /opt/airflow/dags/minio_to_snowflake.py
[2026-07-21T05:17:15.499+0000] {logging_mixin.py:188} INFO - [2026-07-21T05:17:15.498+0000] {dag.py:3089} INFO - Sync 1 DAGs
[2026-07-21T05:17:15.522+0000] {logging_mixin.py:188} INFO - [2026-07-21T05:17:15.522+0000] {dag.py:3947} INFO - Setting next_dagrun for minio_to_snowflake_banking to 2026-07-21 05:16:00+00:00, run_after=2026-07-21 05:17:00+00:00
[2026-07-21T05:17:15.545+0000] {processor.py:183} INFO - Processing /opt/airflow/dags/minio_to_snowflake.py took 0.893 seconds
[2026-07-21T05:17:46.051+0000] {processor.py:161} INFO - Started process (PID=3680) to work on /opt/airflow/dags/minio_to_snowflake.py
[2026-07-21T05:17:46.053+0000] {processor.py:830} INFO - Processing file /opt/airflow/dags/minio_to_snowflake.py for tasks to queue
[2026-07-21T05:17:46.058+0000] {logging_mixin.py:188} INFO - [2026-07-21T05:17:46.058+0000] {dagbag.py:545} INFO - Filling up the DagBag from /opt/airflow/dags/minio_to_snowflake.py
[2026-07-21T05:17:46.903+0000] {processor.py:840} INFO - DAG(s) 'minio_to_snowflake_banking' retrieved from /opt/airflow/dags/minio_to_snowflake.py
[2026-07-21T05:17:46.932+0000] {logging_mixin.py:188} INFO - [2026-07-21T05:17:46.931+0000] {dag.py:3089} INFO - Sync 1 DAGs
[2026-07-21T05:17:46.954+0000] {logging_mixin.py:188} INFO - [2026-07-21T05:17:46.954+0000] {dag.py:3947} INFO - Setting next_dagrun for minio_to_snowflake_banking to 2026-07-21 05:16:00+00:00, run_after=2026-07-21 05:17:00+00:00
[2026-07-21T05:17:46.977+0000] {processor.py:183} INFO - Processing /opt/airflow/dags/minio_to_snowflake.py took 0.937 seconds
[2026-07-21T05:18:17.431+0000] {processor.py:161} INFO - Started process (PID=3685) to work on /opt/airflow/dags/minio_to_snowflake.py
[2026-07-21T05:18:17.433+0000] {processor.py:830} INFO - Processing file /opt/airflow/dags/minio_to_snowflake.py for tasks to queue
[2026-07-21T05:18:17.435+0000] {logging_mixin.py:188} INFO - [2026-07-21T05:18:17.435+0000] {dagbag.py:545} INFO - Filling up the DagBag from /opt/airflow/dags/minio_to_snowflake.py
[2026-07-21T05:18:18.230+0000] {processor.py:840} INFO - DAG(s) 'minio_to_snowflake_banking' retrieved from /opt/airflow/dags/minio_to_snowflake.py
[2026-07-21T05:18:18.265+0000] {logging_mixin.py:188} INFO - [2026-07-21T05:18:18.265+0000] {dag.py:3089} INFO - Sync 1 DAGs
[2026-07-21T05:18:18.297+0000] {logging_mixin.py:188} INFO - [2026-07-21T05:18:18.297+0000] {dag.py:3947} INFO - Setting next_dagrun for minio_to_snowflake_banking to 2026-07-21 05:17:00+00:00, run_after=2026-07-21 05:18:00+00:00
[2026-07-21T05:18:18.320+0000] {processor.py:183} INFO - Processing /opt/airflow/dags/minio_to_snowflake.py took 0.898 seconds
[2026-07-21T05:18:48.875+0000] {processor.py:161} INFO - Started process (PID=3690) to work on /opt/airflow/dags/minio_to_snowflake.py
[2026-07-21T05:18:48.877+0000] {processor.py:830} INFO - Processing file /opt/airflow/dags/minio_to_snowflake.py for tasks to queue
[2026-07-21T05:18:48.879+0000] {logging_mixin.py:188} INFO - [2026-07-21T05:18:48.879+0000] {dagbag.py:545} INFO - Filling up the DagBag from /opt/airflow/dags/minio_to_snowflake.py
[2026-07-21T05:18:49.674+0000] {processor.py:840} INFO - DAG(s) 'minio_to_snowflake_banking' retrieved from /opt/airflow/dags/minio_to_snowflake.py
[2026-07-21T05:18:49.703+0000] {logging_mixin.py:188} INFO - [2026-07-21T05:18:49.703+0000] {dag.py:3089} INFO - Sync 1 DAGs
[2026-07-21T05:18:49.726+0000] {logging_mixin.py:188} INFO - [2026-07-21T05:18:49.726+0000] {dag.py:3947} INFO - Setting next_dagrun for minio_to_snowflake_banking to 2026-07-21 05:17:00+00:00, run_after=2026-07-21 05:18:00+00:00
[2026-07-21T05:18:49.750+0000] {processor.py:183} INFO - Processing /opt/airflow/dags/minio_to_snowflake.py took 0.883 seconds
[2026-07-21T05:19:20.118+0000] {processor.py:161} INFO - Started process (PID=3695) to work on /opt/airflow/dags/minio_to_snowflake.py
[2026-07-21T05:19:20.119+0000] {processor.py:830} INFO - Processing file /opt/airflow/dags/minio_to_snowflake.py for tasks to queue
[2026-07-21T05:19:20.122+0000] {logging_mixin.py:188} INFO - [2026-07-21T05:19:20.122+0000] {dagbag.py:545} INFO - Filling up the DagBag from /opt/airflow/dags/minio_to_snowflake.py
[2026-07-21T05:19:20.873+0000] {processor.py:840} INFO - DAG(s) 'minio_to_snowflake_banking' retrieved from /opt/airflow/dags/minio_to_snowflake.py
[2026-07-21T05:19:20.905+0000] {logging_mixin.py:188} INFO - [2026-07-21T05:19:20.905+0000] {dag.py:3089} INFO - Sync 1 DAGs
[2026-07-21T05:19:20.934+0000] {logging_mixin.py:188} INFO - [2026-07-21T05:19:20.934+0000] {dag.py:3947} INFO - Setting next_dagrun for minio_to_snowflake_banking to 2026-07-21 05:18:00+00:00, run_after=2026-07-21 05:19:00+00:00
[2026-07-21T05:19:20.965+0000] {processor.py:183} INFO - Processing /opt/airflow/dags/minio_to_snowflake.py took 0.858 seconds
[2026-07-21T05:19:51.590+0000] {processor.py:161} INFO - Started process (PID=3700) to work on /opt/airflow/dags/minio_to_snowflake.py
[2026-07-21T05:19:51.592+0000] {processor.py:830} INFO - Processing file /opt/airflow/dags/minio_to_snowflake.py for tasks to queue
[2026-07-21T05:19:51.594+0000] {logging_mixin.py:188} INFO - [2026-07-21T05:19:51.593+0000] {dagbag.py:545} INFO - Filling up the DagBag from /opt/airflow/dags/minio_to_snowflake.py
[2026-07-21T05:19:52.419+0000] {processor.py:840} INFO - DAG(s) 'minio_to_snowflake_banking' retrieved from /opt/airflow/dags/minio_to_snowflake.py
[2026-07-21T05:19:52.456+0000] {logging_mixin.py:188} INFO - [2026-07-21T05:19:52.455+0000] {dag.py:3089} INFO - Sync 1 DAGs
[2026-07-21T05:19:52.485+0000] {logging_mixin.py:188} INFO - [2026-07-21T05:19:52.485+0000] {dag.py:3947} INFO - Setting next_dagrun for minio_to_snowflake_banking to 2026-07-21 05:18:00+00:00, run_after=2026-07-21 05:19:00+00:00
[2026-07-21T05:19:52.513+0000] {processor.py:183} INFO - Processing /opt/airflow/dags/minio_to_snowflake.py took 0.931 seconds
[2026-07-21T05:20:22.881+0000] {processor.py:161} INFO - Started process (PID=3705) to work on /opt/airflow/dags/minio_to_snowflake.py
[2026-07-21T05:20:22.883+0000] {processor.py:830} INFO - Processing file /opt/airflow/dags/minio_to_snowflake.py for tasks to queue
[2026-07-21T05:20:22.885+0000] {logging_mixin.py:188} INFO - [2026-07-21T05:20:22.885+0000] {dagbag.py:545} INFO - Filling up the DagBag from /opt/airflow/dags/minio_to_snowflake.py
[2026-07-21T05:20:23.786+0000] {processor.py:840} INFO - DAG(s) 'minio_to_snowflake_banking' retrieved from /opt/airflow/dags/minio_to_snowflake.py
[2026-07-21T05:20:23.815+0000] {logging_mixin.py:188} INFO - [2026-07-21T05:20:23.815+0000] {dag.py:3089} INFO - Sync 1 DAGs
[2026-07-21T05:20:23.840+0000] {logging_mixin.py:188} INFO - [2026-07-21T05:20:23.839+0000] {dag.py:3947} INFO - Setting next_dagrun for minio_to_snowflake_banking to 2026-07-21 05:19:00+00:00, run_after=2026-07-21 05:20:00+00:00
[2026-07-21T05:20:23.862+0000] {processor.py:183} INFO - Processing /opt/airflow/dags/minio_to_snowflake.py took 0.990 seconds
[2026-07-21T05:20:54.185+0000] {processor.py:161} INFO - Started process (PID=3710) to work on /opt/airflow/dags/minio_to_snowflake.py
[2026-07-21T05:20:54.187+0000] {processor.py:830} INFO - Processing file /opt/airflow/dags/minio_to_snowflake.py for tasks to queue
[2026-07-21T05:20:54.190+0000] {logging_mixin.py:188} INFO - [2026-07-21T05:20:54.190+0000] {dagbag.py:545} INFO - Filling up the DagBag from /opt/airflow/dags/minio_to_snowflake.py
[2026-07-21T05:20:55.031+0000] {processor.py:840} INFO - DAG(s) 'minio_to_snowflake_banking' retrieved from /opt/airflow/dags/minio_to_snowflake.py
[2026-07-21T05:20:55.075+0000] {logging_mixin.py:188} INFO - [2026-07-21T05:20:55.075+0000] {dag.py:3089} INFO - Sync 1 DAGs
[2026-07-21T05:20:55.100+0000] {logging_mixin.py:188} INFO - [2026-07-21T05:20:55.100+0000] {dag.py:3947} INFO - Setting next_dagrun for minio_to_snowflake_banking to 2026-07-21 05:19:00+00:00, run_after=2026-07-21 05:20:00+00:00
[2026-07-21T05:20:55.123+0000] {processor.py:183} INFO - Processing /opt/airflow/dags/minio_to_snowflake.py took 0.947 seconds
[2026-07-21T05:21:25.622+0000] {processor.py:161} INFO - Started process (PID=3715) to work on /opt/airflow/dags/minio_to_snowflake.py
[2026-07-21T05:21:25.624+0000] {processor.py:830} INFO - Processing file /opt/airflow/dags/minio_to_snowflake.py for tasks to queue
[2026-07-21T05:21:25.627+0000] {logging_mixin.py:188} INFO - [2026-07-21T05:21:25.626+0000] {dagbag.py:545} INFO - Filling up the DagBag from /opt/airflow/dags/minio_to_snowflake.py
[2026-07-21T05:21:26.397+0000] {processor.py:840} INFO - DAG(s) 'minio_to_snowflake_banking' retrieved from /opt/airflow/dags/minio_to_snowflake.py
[2026-07-21T05:21:26.426+0000] {logging_mixin.py:188} INFO - [2026-07-21T05:21:26.426+0000] {dag.py:3089} INFO - Sync 1 DAGs
[2026-07-21T05:21:26.449+0000] {logging_mixin.py:188} INFO - [2026-07-21T05:21:26.448+0000] {dag.py:3947} INFO - Setting next_dagrun for minio_to_snowflake_banking to 2026-07-21 05:20:00+00:00, run_after=2026-07-21 05:21:00+00:00
[2026-07-21T05:21:26.472+0000] {processor.py:183} INFO - Processing /opt/airflow/dags/minio_to_snowflake.py took 0.859 seconds
[2026-07-21T05:21:56.923+0000] {processor.py:161} INFO - Started process (PID=3720) to work on /opt/airflow/dags/minio_to_snowflake.py
[2026-07-21T05:21:56.924+0000] {processor.py:830} INFO - Processing file /opt/airflow/dags/minio_to_snowflake.py for tasks to queue
[2026-07-21T05:21:56.927+0000] {logging_mixin.py:188} INFO - [2026-07-21T05:21:56.926+0000] {dagbag.py:545} INFO - Filling up the DagBag from /opt/airflow/dags/minio_to_snowflake.py
[2026-07-21T05:21:57.710+0000] {processor.py:840} INFO - DAG(s) 'minio_to_snowflake_banking' retrieved from /opt/airflow/dags/minio_to_snowflake.py
[2026-07-21T05:21:57.739+0000] {logging_mixin.py:188} INFO - [2026-07-21T05:21:57.738+0000] {dag.py:3089} INFO - Sync 1 DAGs
[2026-07-21T05:21:57.761+0000] {logging_mixin.py:188} INFO - [2026-07-21T05:21:57.761+0000] {dag.py:3947} INFO - Setting next_dagrun for minio_to_snowflake_banking to 2026-07-21 05:20:00+00:00, run_after=2026-07-21 05:21:00+00:00
[2026-07-21T05:21:57.786+0000] {processor.py:183} INFO - Processing /opt/airflow/dags/minio_to_snowflake.py took 0.874 seconds
[2026-07-21T05:22:28.259+0000] {processor.py:161} INFO - Started process (PID=3725) to work on /opt/airflow/dags/minio_to_snowflake.py
[2026-07-21T05:22:28.260+0000] {processor.py:830} INFO - Processing file /opt/airflow/dags/minio_to_snowflake.py for tasks to queue
[2026-07-21T05:22:28.264+0000] {logging_mixin.py:188} INFO - [2026-07-21T05:22:28.263+0000] {dagbag.py:545} INFO - Filling up the DagBag from /opt/airflow/dags/minio_to_snowflake.py
[2026-07-21T05:22:29.025+0000] {processor.py:840} INFO - DAG(s) 'minio_to_snowflake_banking' retrieved from /opt/airflow/dags/minio_to_snowflake.py
[2026-07-21T05:22:29.063+0000] {logging_mixin.py:188} INFO - [2026-07-21T05:22:29.063+0000] {dag.py:3089} INFO - Sync 1 DAGs
[2026-07-21T05:22:29.099+0000] {logging_mixin.py:188} INFO - [2026-07-21T05:22:29.099+0000] {dag.py:3947} INFO - Setting next_dagrun for minio_to_snowflake_banking to 2026-07-21 05:21:00+00:00, run_after=2026-07-21 05:22:00+00:00
[2026-07-21T05:22:29.127+0000] {processor.py:183} INFO - Processing /opt/airflow/dags/minio_to_snowflake.py took 0.876 seconds
[2026-07-21T05:22:59.640+0000] {processor.py:161} INFO - Started process (PID=3730) to work on /opt/airflow/dags/minio_to_snowflake.py
[2026-07-21T05:22:59.642+0000] {processor.py:830} INFO - Processing file /opt/airflow/dags/minio_to_snowflake.py for tasks to queue
[2026-07-21T05:22:59.645+0000] {logging_mixin.py:188} INFO - [2026-07-21T05:22:59.645+0000] {dagbag.py:545} INFO - Filling up the DagBag from /opt/airflow/dags/minio_to_snowflake.py
[2026-07-21T05:23:00.423+0000] {processor.py:840} INFO - DAG(s) 'minio_to_snowflake_banking' retrieved from /opt/airflow/dags/minio_to_snowflake.py
[2026-07-21T05:23:00.452+0000] {logging_mixin.py:188} INFO - [2026-07-21T05:23:00.452+0000] {dag.py:3089} INFO - Sync 1 DAGs
[2026-07-21T05:23:00.474+0000] {logging_mixin.py:188} INFO - [2026-07-21T05:23:00.474+0000] {dag.py:3947} INFO - Setting next_dagrun for minio_to_snowflake_banking to 2026-07-21 05:22:00+00:00, run_after=2026-07-21 05:23:00+00:00
[2026-07-21T05:23:00.496+0000] {processor.py:183} INFO - Processing /opt/airflow/dags/minio_to_snowflake.py took 0.863 seconds
[2026-07-21T05:23:30.946+0000] {processor.py:161} INFO - Started process (PID=3735) to work on /opt/airflow/dags/minio_to_snowflake.py
[2026-07-21T05:23:30.947+0000] {processor.py:830} INFO - Processing file /opt/airflow/dags/minio_to_snowflake.py for tasks to queue
[2026-07-21T05:23:30.950+0000] {logging_mixin.py:188} INFO - [2026-07-21T05:23:30.949+0000] {dagbag.py:545} INFO - Filling up the DagBag from /opt/airflow/dags/minio_to_snowflake.py
[2026-07-21T05:23:31.727+0000] {processor.py:840} INFO - DAG(s) 'minio_to_snowflake_banking' retrieved from /opt/airflow/dags/minio_to_snowflake.py
[2026-07-21T05:23:31.757+0000] {logging_mixin.py:188} INFO - [2026-07-21T05:23:31.757+0000] {dag.py:3089} INFO - Sync 1 DAGs
[2026-07-21T05:23:31.782+0000] {logging_mixin.py:188} INFO - [2026-07-21T05:23:31.782+0000] {dag.py:3947} INFO - Setting next_dagrun for minio_to_snowflake_banking to 2026-07-21 05:22:00+00:00, run_after=2026-07-21 05:23:00+00:00
[2026-07-21T05:23:31.804+0000] {processor.py:183} INFO - Processing /opt/airflow/dags/minio_to_snowflake.py took 0.866 seconds
[2026-07-21T05:24:02.350+0000] {processor.py:161} INFO - Started process (PID=3740) to work on /opt/airflow/dags/minio_to_snowflake.py
[2026-07-21T05:24:02.352+0000] {processor.py:830} INFO - Processing file /opt/airflow/dags/minio_to_snowflake.py for tasks to queue
[2026-07-21T05:24:02.354+0000] {logging_mixin.py:188} INFO - [2026-07-21T05:24:02.353+0000] {dagbag.py:545} INFO - Filling up the DagBag from /opt/airflow/dags/minio_to_snowflake.py
[2026-07-21T05:24:03.262+0000] {processor.py:840} INFO - DAG(s) 'minio_to_snowflake_banking' retrieved from /opt/airflow/dags/minio_to_snowflake.py
[2026-07-21T05:24:03.297+0000] {logging_mixin.py:188} INFO - [2026-07-21T05:24:03.296+0000] {dag.py:3089} INFO - Sync 1 DAGs
[2026-07-21T05:24:03.321+0000] {logging_mixin.py:188} INFO - [2026-07-21T05:24:03.321+0000] {dag.py:3947} INFO - Setting next_dagrun for minio_to_snowflake_banking to 2026-07-21 05:23:00+00:00, run_after=2026-07-21 05:24:00+00:00
[2026-07-21T05:24:03.345+0000] {processor.py:183} INFO - Processing /opt/airflow/dags/minio_to_snowflake.py took 1.001 seconds
[2026-07-21T05:24:33.715+0000] {processor.py:161} INFO - Started process (PID=3745) to work on /opt/airflow/dags/minio_to_snowflake.py
[2026-07-21T05:24:33.718+0000] {processor.py:830} INFO - Processing file /opt/airflow/dags/minio_to_snowflake.py for tasks to queue
[2026-07-21T05:24:33.723+0000] {logging_mixin.py:188} INFO - [2026-07-21T05:24:33.722+0000] {dagbag.py:545} INFO - Filling up the DagBag from /opt/airflow/dags/minio_to_snowflake.py
[2026-07-21T05:24:34.694+0000] {processor.py:840} INFO - DAG(s) 'minio_to_snowflake_banking' retrieved from /opt/airflow/dags/minio_to_snowflake.py
[2026-07-21T05:24:34.729+0000] {logging_mixin.py:188} INFO - [2026-07-21T05:24:34.729+0000] {dag.py:3089} INFO - Sync 1 DAGs
[2026-07-21T05:24:34.755+0000] {logging_mixin.py:188} INFO - [2026-07-21T05:24:34.755+0000] {dag.py:3947} INFO - Setting next_dagrun for minio_to_snowflake_banking to 2026-07-21 05:23:00+00:00, run_after=2026-07-21 05:24:00+00:00
[2026-07-21T05:24:34.779+0000] {processor.py:183} INFO - Processing /opt/airflow/dags/minio_to_snowflake.py took 1.084 seconds
[2026-07-21T05:25:05.139+0000] {processor.py:161} INFO - Started process (PID=3750) to work on /opt/airflow/dags/minio_to_snowflake.py
[2026-07-21T05:25:05.142+0000] {processor.py:830} INFO - Processing file /opt/airflow/dags/minio_to_snowflake.py for tasks to queue
[2026-07-21T05:25:05.145+0000] {logging_mixin.py:188} INFO - [2026-07-21T05:25:05.145+0000] {dagbag.py:545} INFO - Filling up the DagBag from /opt/airflow/dags/minio_to_snowflake.py
[2026-07-21T05:25:05.951+0000] {processor.py:840} INFO - DAG(s) 'minio_to_snowflake_banking' retrieved from /opt/airflow/dags/minio_to_snowflake.py
[2026-07-21T05:25:05.981+0000] {logging_mixin.py:188} INFO - [2026-07-21T05:25:05.981+0000] {dag.py:3089} INFO - Sync 1 DAGs
[2026-07-21T05:25:06.004+0000] {logging_mixin.py:188} INFO - [2026-07-21T05:25:06.003+0000] {dag.py:3947} INFO - Setting next_dagrun for minio_to_snowflake_banking to 2026-07-21 05:24:00+00:00, run_after=2026-07-21 05:25:00+00:00
[2026-07-21T05:25:06.026+0000] {processor.py:183} INFO - Processing /opt/airflow/dags/minio_to_snowflake.py took 0.902 seconds
[2026-07-21T05:25:36.507+0000] {processor.py:161} INFO - Started process (PID=3755) to work on /opt/airflow/dags/minio_to_snowflake.py
[2026-07-21T05:25:36.508+0000] {processor.py:830} INFO - Processing file /opt/airflow/dags/minio_to_snowflake.py for tasks to queue
[2026-07-21T05:25:36.510+0000] {logging_mixin.py:188} INFO - [2026-07-21T05:25:36.510+0000] {dagbag.py:545} INFO - Filling up the DagBag from /opt/airflow/dags/minio_to_snowflake.py
[2026-07-21T05:25:37.323+0000] {processor.py:840} INFO - DAG(s) 'minio_to_snowflake_banking' retrieved from /opt/airflow/dags/minio_to_snowflake.py
[2026-07-21T05:25:37.354+0000] {logging_mixin.py:188} INFO - [2026-07-21T05:25:37.354+0000] {dag.py:3089} INFO - Sync 1 DAGs
[2026-07-21T05:25:37.381+0000] {logging_mixin.py:188} INFO - [2026-07-21T05:25:37.381+0000] {dag.py:3947} INFO - Setting next_dagrun for minio_to_snowflake_banking to 2026-07-21 05:24:00+00:00, run_after=2026-07-21 05:25:00+00:00
[2026-07-21T05:25:37.408+0000] {processor.py:183} INFO - Processing /opt/airflow/dags/minio_to_snowflake.py took 0.908 seconds
[2026-07-21T05:26:07.804+0000] {processor.py:161} INFO - Started process (PID=3761) to work on /opt/airflow/dags/minio_to_snowflake.py
[2026-07-21T05:26:07.806+0000] {processor.py:830} INFO - Processing file /opt/airflow/dags/minio_to_snowflake.py for tasks to queue
[2026-07-21T05:26:07.810+0000] {logging_mixin.py:188} INFO - [2026-07-21T05:26:07.809+0000] {dagbag.py:545} INFO - Filling up the DagBag from /opt/airflow/dags/minio_to_snowflake.py
[2026-07-21T05:26:08.591+0000] {processor.py:840} INFO - DAG(s) 'minio_to_snowflake_banking' retrieved from /opt/airflow/dags/minio_to_snowflake.py
[2026-07-21T05:26:08.620+0000] {logging_mixin.py:188} INFO - [2026-07-21T05:26:08.620+0000] {dag.py:3089} INFO - Sync 1 DAGs
[2026-07-21T05:26:08.643+0000] {logging_mixin.py:188} INFO - [2026-07-21T05:26:08.643+0000] {dag.py:3947} INFO - Setting next_dagrun for minio_to_snowflake_banking to 2026-07-21 05:25:00+00:00, run_after=2026-07-21 05:26:00+00:00
[2026-07-21T05:26:08.666+0000] {processor.py:183} INFO - Processing /opt/airflow/dags/minio_to_snowflake.py took 0.871 seconds
[2026-07-21T05:26:39.231+0000] {processor.py:161} INFO - Started process (PID=3766) to work on /opt/airflow/dags/minio_to_snowflake.py
[2026-07-21T05:26:39.233+0000] {processor.py:830} INFO - Processing file /opt/airflow/dags/minio_to_snowflake.py for tasks to queue
[2026-07-21T05:26:39.236+0000] {logging_mixin.py:188} INFO - [2026-07-21T05:26:39.235+0000] {dagbag.py:545} INFO - Filling up the DagBag from /opt/airflow/dags/minio_to_snowflake.py
[2026-07-21T05:26:40.001+0000] {processor.py:840} INFO - DAG(s) 'minio_to_snowflake_banking' retrieved from /opt/airflow/dags/minio_to_snowflake.py
[2026-07-21T05:26:40.031+0000] {logging_mixin.py:188} INFO - [2026-07-21T05:26:40.030+0000] {dag.py:3089} INFO - Sync 1 DAGs
[2026-07-21T05:26:40.062+0000] {logging_mixin.py:188} INFO - [2026-07-21T05:26:40.062+0000] {dag.py:3947} INFO - Setting next_dagrun for minio_to_snowflake_banking to 2026-07-21 05:25:00+00:00, run_after=2026-07-21 05:26:00+00:00
[2026-07-21T05:26:40.090+0000] {processor.py:183} INFO - Processing /opt/airflow/dags/minio_to_snowflake.py took 0.866 seconds
[2026-07-21T05:27:10.731+0000] {processor.py:161} INFO - Started process (PID=3771) to work on /opt/airflow/dags/minio_to_snowflake.py
[2026-07-21T05:27:10.732+0000] {processor.py:830} INFO - Processing file /opt/airflow/dags/minio_to_snowflake.py for tasks to queue
[2026-07-21T05:27:10.734+0000] {logging_mixin.py:188} INFO - [2026-07-21T05:27:10.734+0000] {dagbag.py:545} INFO - Filling up the DagBag from /opt/airflow/dags/minio_to_snowflake.py
[2026-07-21T05:27:11.630+0000] {processor.py:840} INFO - DAG(s) 'minio_to_snowflake_banking' retrieved from /opt/airflow/dags/minio_to_snowflake.py
[2026-07-21T05:27:11.661+0000] {logging_mixin.py:188} INFO - [2026-07-21T05:27:11.661+0000] {dag.py:3089} INFO - Sync 1 DAGs
[2026-07-21T05:27:11.706+0000] {logging_mixin.py:188} INFO - [2026-07-21T05:27:11.705+0000] {dag.py:3947} INFO - Setting next_dagrun for minio_to_snowflake_banking to 2026-07-21 05:26:00+00:00, run_after=2026-07-21 05:27:00+00:00
[2026-07-21T05:27:11.753+0000] {processor.py:183} INFO - Processing /opt/airflow/dags/minio_to_snowflake.py took 1.030 seconds
[2026-07-21T05:27:42.130+0000] {processor.py:161} INFO - Started process (PID=3776) to work on /opt/airflow/dags/minio_to_snowflake.py
[2026-07-21T05:27:42.132+0000] {processor.py:830} INFO - Processing file /opt/airflow/dags/minio_to_snowflake.py for tasks to queue
[2026-07-21T05:27:42.134+0000] {logging_mixin.py:188} INFO - [2026-07-21T05:27:42.134+0000] {dagbag.py:545} INFO - Filling up the DagBag from /opt/airflow/dags/minio_to_snowflake.py
[2026-07-21T05:27:42.911+0000] {processor.py:840} INFO - DAG(s) 'minio_to_snowflake_banking' retrieved from /opt/airflow/dags/minio_to_snowflake.py
[2026-07-21T05:27:42.948+0000] {logging_mixin.py:188} INFO - [2026-07-21T05:27:42.947+0000] {dag.py:3089} INFO - Sync 1 DAGs
[2026-07-21T05:27:42.982+0000] {logging_mixin.py:188} INFO - [2026-07-21T05:27:42.982+0000] {dag.py:3947} INFO - Setting next_dagrun for minio_to_snowflake_banking to 2026-07-21 05:26:00+00:00, run_after=2026-07-21 05:27:00+00:00
[2026-07-21T05:27:43.012+0000] {processor.py:183} INFO - Processing /opt/airflow/dags/minio_to_snowflake.py took 0.889 seconds
[2026-07-21T05:28:13.507+0000] {processor.py:161} INFO - Started process (PID=3781) to work on /opt/airflow/dags/minio_to_snowflake.py
[2026-07-21T05:28:13.508+0000] {processor.py:830} INFO - Processing file /opt/airflow/dags/minio_to_snowflake.py for tasks to queue
[2026-07-21T05:28:13.511+0000] {logging_mixin.py:188} INFO - [2026-07-21T05:28:13.510+0000] {dagbag.py:545} INFO - Filling up the DagBag from /opt/airflow/dags/minio_to_snowflake.py
[2026-07-21T05:28:14.564+0000] {processor.py:840} INFO - DAG(s) 'minio_to_snowflake_banking' retrieved from /opt/airflow/dags/minio_to_snowflake.py
[2026-07-21T05:28:14.617+0000] {logging_mixin.py:188} INFO - [2026-07-21T05:28:14.617+0000] {dag.py:3089} INFO - Sync 1 DAGs
[2026-07-21T05:28:14.665+0000] {logging_mixin.py:188} INFO - [2026-07-21T05:28:14.665+0000] {dag.py:3947} INFO - Setting next_dagrun for minio_to_snowflake_banking to 2026-07-21 05:27:00+00:00, run_after=2026-07-21 05:28:00+00:00
[2026-07-21T05:28:14.698+0000] {processor.py:183} INFO - Processing /opt/airflow/dags/minio_to_snowflake.py took 1.198 seconds
[2026-07-21T05:28:44.983+0000] {processor.py:161} INFO - Started process (PID=3786) to work on /opt/airflow/dags/minio_to_snowflake.py
[2026-07-21T05:28:44.984+0000] {processor.py:830} INFO - Processing file /opt/airflow/dags/minio_to_snowflake.py for tasks to queue
[2026-07-21T05:28:44.986+0000] {logging_mixin.py:188} INFO - [2026-07-21T05:28:44.986+0000] {dagbag.py:545} INFO - Filling up the DagBag from /opt/airflow/dags/minio_to_snowflake.py
[2026-07-21T05:28:45.857+0000] {processor.py:840} INFO - DAG(s) 'minio_to_snowflake_banking' retrieved from /opt/airflow/dags/minio_to_snowflake.py
[2026-07-21T05:28:45.885+0000] {logging_mixin.py:188} INFO - [2026-07-21T05:28:45.884+0000] {dag.py:3089} INFO - Sync 1 DAGs
[2026-07-21T05:28:45.909+0000] {logging_mixin.py:188} INFO - [2026-07-21T05:28:45.908+0000] {dag.py:3947} INFO - Setting next_dagrun for minio_to_snowflake_banking to 2026-07-21 05:27:00+00:00, run_after=2026-07-21 05:28:00+00:00
[2026-07-21T05:28:45.933+0000] {processor.py:183} INFO - Processing /opt/airflow/dags/minio_to_snowflake.py took 0.958 seconds
[2026-07-21T05:29:16.339+0000] {processor.py:161} INFO - Started process (PID=3791) to work on /opt/airflow/dags/minio_to_snowflake.py
[2026-07-21T05:29:16.340+0000] {processor.py:830} INFO - Processing file /opt/airflow/dags/minio_to_snowflake.py for tasks to queue
[2026-07-21T05:29:16.342+0000] {logging_mixin.py:188} INFO - [2026-07-21T05:29:16.342+0000] {dagbag.py:545} INFO - Filling up the DagBag from /opt/airflow/dags/minio_to_snowflake.py
[2026-07-21T05:29:17.122+0000] {processor.py:840} INFO - DAG(s) 'minio_to_snowflake_banking' retrieved from /opt/airflow/dags/minio_to_snowflake.py
[2026-07-21T05:29:17.152+0000] {logging_mixin.py:188} INFO - [2026-07-21T05:29:17.151+0000] {dag.py:3089} INFO - Sync 1 DAGs
[2026-07-21T05:29:17.175+0000] {logging_mixin.py:188} INFO - [2026-07-21T05:29:17.174+0000] {dag.py:3947} INFO - Setting next_dagrun for minio_to_snowflake_banking to 2026-07-21 05:28:00+00:00, run_after=2026-07-21 05:29:00+00:00
[2026-07-21T05:29:17.195+0000] {processor.py:183} INFO - Processing /opt/airflow/dags/minio_to_snowflake.py took 0.863 seconds
[2026-07-21T05:29:47.725+0000] {processor.py:161} INFO - Started process (PID=3796) to work on /opt/airflow/dags/minio_to_snowflake.py
[2026-07-21T05:29:47.726+0000] {processor.py:830} INFO - Processing file /opt/airflow/dags/minio_to_snowflake.py for tasks to queue
[2026-07-21T05:29:47.729+0000] {logging_mixin.py:188} INFO - [2026-07-21T05:29:47.728+0000] {dagbag.py:545} INFO - Filling up the DagBag from /opt/airflow/dags/minio_to_snowflake.py
[2026-07-21T05:29:48.497+0000] {processor.py:840} INFO - DAG(s) 'minio_to_snowflake_banking' retrieved from /opt/airflow/dags/minio_to_snowflake.py
[2026-07-21T05:29:48.529+0000] {logging_mixin.py:188} INFO - [2026-07-21T05:29:48.528+0000] {dag.py:3089} INFO - Sync 1 DAGs
[2026-07-21T05:29:48.550+0000] {logging_mixin.py:188} INFO - [2026-07-21T05:29:48.550+0000] {dag.py:3947} INFO - Setting next_dagrun for minio_to_snowflake_banking to 2026-07-21 05:28:00+00:00, run_after=2026-07-21 05:29:00+00:00
[2026-07-21T05:29:48.571+0000] {processor.py:183} INFO - Processing /opt/airflow/dags/minio_to_snowflake.py took 0.855 seconds
[2026-07-21T05:30:19.006+0000] {processor.py:161} INFO - Started process (PID=3801) to work on /opt/airflow/dags/minio_to_snowflake.py
[2026-07-21T05:30:19.007+0000] {processor.py:830} INFO - Processing file /opt/airflow/dags/minio_to_snowflake.py for tasks to queue
[2026-07-21T05:30:19.009+0000] {logging_mixin.py:188} INFO - [2026-07-21T05:30:19.009+0000] {dagbag.py:545} INFO - Filling up the DagBag from /opt/airflow/dags/minio_to_snowflake.py
[2026-07-21T05:30:19.772+0000] {processor.py:840} INFO - DAG(s) 'minio_to_snowflake_banking' retrieved from /opt/airflow/dags/minio_to_snowflake.py
[2026-07-21T05:30:19.800+0000] {logging_mixin.py:188} INFO - [2026-07-21T05:30:19.800+0000] {dag.py:3089} INFO - Sync 1 DAGs
[2026-07-21T05:30:19.822+0000] {logging_mixin.py:188} INFO - [2026-07-21T05:30:19.822+0000] {dag.py:3947} INFO - Setting next_dagrun for minio_to_snowflake_banking to 2026-07-21 05:29:00+00:00, run_after=2026-07-21 05:30:00+00:00
[2026-07-21T05:30:19.843+0000] {processor.py:183} INFO - Processing /opt/airflow/dags/minio_to_snowflake.py took 0.845 seconds
[2026-07-21T05:30:50.334+0000] {processor.py:161} INFO - Started process (PID=3806) to work on /opt/airflow/dags/minio_to_snowflake.py
[2026-07-21T05:30:50.336+0000] {processor.py:830} INFO - Processing file /opt/airflow/dags/minio_to_snowflake.py for tasks to queue
[2026-07-21T05:30:50.338+0000] {logging_mixin.py:188} INFO - [2026-07-21T05:30:50.337+0000] {dagbag.py:545} INFO - Filling up the DagBag from /opt/airflow/dags/minio_to_snowflake.py
[2026-07-21T05:30:51.103+0000] {processor.py:840} INFO - DAG(s) 'minio_to_snowflake_banking' retrieved from /opt/airflow/dags/minio_to_snowflake.py
[2026-07-21T05:30:51.130+0000] {logging_mixin.py:188} INFO - [2026-07-21T05:30:51.130+0000] {dag.py:3089} INFO - Sync 1 DAGs
[2026-07-21T05:30:51.155+0000] {logging_mixin.py:188} INFO - [2026-07-21T05:30:51.155+0000] {dag.py:3947} INFO - Setting next_dagrun for minio_to_snowflake_banking to 2026-07-21 05:29:00+00:00, run_after=2026-07-21 05:30:00+00:00
[2026-07-21T05:30:51.175+0000] {processor.py:183} INFO - Processing /opt/airflow/dags/minio_to_snowflake.py took 0.848 seconds
[2026-07-21T05:31:21.631+0000] {processor.py:161} INFO - Started process (PID=3811) to work on /opt/airflow/dags/minio_to_snowflake.py
[2026-07-21T05:31:21.633+0000] {processor.py:830} INFO - Processing file /opt/airflow/dags/minio_to_snowflake.py for tasks to queue
[2026-07-21T05:31:21.636+0000] {logging_mixin.py:188} INFO - [2026-07-21T05:31:21.635+0000] {dagbag.py:545} INFO - Filling up the DagBag from /opt/airflow/dags/minio_to_snowflake.py
[2026-07-21T05:31:22.426+0000] {processor.py:840} INFO - DAG(s) 'minio_to_snowflake_banking' retrieved from /opt/airflow/dags/minio_to_snowflake.py
[2026-07-21T05:31:22.458+0000] {logging_mixin.py:188} INFO - [2026-07-21T05:31:22.457+0000] {dag.py:3089} INFO - Sync 1 DAGs
[2026-07-21T05:31:22.481+0000] {logging_mixin.py:188} INFO - [2026-07-21T05:31:22.481+0000] {dag.py:3947} INFO - Setting next_dagrun for minio_to_snowflake_banking to 2026-07-21 05:30:00+00:00, run_after=2026-07-21 05:31:00+00:00
[2026-07-21T05:31:22.502+0000] {processor.py:183} INFO - Processing /opt/airflow/dags/minio_to_snowflake.py took 0.880 seconds
[2026-07-21T05:31:52.986+0000] {processor.py:161} INFO - Started process (PID=3816) to work on /opt/airflow/dags/minio_to_snowflake.py
[2026-07-21T05:31:52.987+0000] {processor.py:830} INFO - Processing file /opt/airflow/dags/minio_to_snowflake.py for tasks to queue
[2026-07-21T05:31:52.990+0000] {logging_mixin.py:188} INFO - [2026-07-21T05:31:52.989+0000] {dagbag.py:545} INFO - Filling up the DagBag from /opt/airflow/dags/minio_to_snowflake.py
[2026-07-21T05:31:53.913+0000] {processor.py:840} INFO - DAG(s) 'minio_to_snowflake_banking' retrieved from /opt/airflow/dags/minio_to_snowflake.py
[2026-07-21T05:31:53.942+0000] {logging_mixin.py:188} INFO - [2026-07-21T05:31:53.942+0000] {dag.py:3089} INFO - Sync 1 DAGs
[2026-07-21T05:31:53.968+0000] {logging_mixin.py:188} INFO - [2026-07-21T05:31:53.968+0000] {dag.py:3947} INFO - Setting next_dagrun for minio_to_snowflake_banking to 2026-07-21 05:30:00+00:00, run_after=2026-07-21 05:31:00+00:00
[2026-07-21T05:31:53.994+0000] {processor.py:183} INFO - Processing /opt/airflow/dags/minio_to_snowflake.py took 1.016 seconds
[2026-07-21T05:32:24.377+0000] {processor.py:161} INFO - Started process (PID=3821) to work on /opt/airflow/dags/minio_to_snowflake.py
[2026-07-21T05:32:24.380+0000] {processor.py:830} INFO - Processing file /opt/airflow/dags/minio_to_snowflake.py for tasks to queue
[2026-07-21T05:32:24.383+0000] {logging_mixin.py:188} INFO - [2026-07-21T05:32:24.383+0000] {dagbag.py:545} INFO - Filling up the DagBag from /opt/airflow/dags/minio_to_snowflake.py
[2026-07-21T05:32:25.326+0000] {processor.py:840} INFO - DAG(s) 'minio_to_snowflake_banking' retrieved from /opt/airflow/dags/minio_to_snowflake.py
[2026-07-21T05:32:25.354+0000] {logging_mixin.py:188} INFO - [2026-07-21T05:32:25.354+0000] {dag.py:3089} INFO - Sync 1 DAGs
[2026-07-21T05:32:25.378+0000] {logging_mixin.py:188} INFO - [2026-07-21T05:32:25.378+0000] {dag.py:3947} INFO - Setting next_dagrun for minio_to_snowflake_banking to 2026-07-21 05:31:00+00:00, run_after=2026-07-21 05:32:00+00:00
[2026-07-21T05:32:25.402+0000] {processor.py:183} INFO - Processing /opt/airflow/dags/minio_to_snowflake.py took 1.036 seconds
[2026-07-21T05:32:55.736+0000] {processor.py:161} INFO - Started process (PID=3826) to work on /opt/airflow/dags/minio_to_snowflake.py
[2026-07-21T05:32:55.738+0000] {processor.py:830} INFO - Processing file /opt/airflow/dags/minio_to_snowflake.py for tasks to queue
[2026-07-21T05:32:55.740+0000] {logging_mixin.py:188} INFO - [2026-07-21T05:32:55.740+0000] {dagbag.py:545} INFO - Filling up the DagBag from /opt/airflow/dags/minio_to_snowflake.py
[2026-07-21T05:32:56.723+0000] {processor.py:840} INFO - DAG(s) 'minio_to_snowflake_banking' retrieved from /opt/airflow/dags/minio_to_snowflake.py
[2026-07-21T05:32:56.756+0000] {logging_mixin.py:188} INFO - [2026-07-21T05:32:56.755+0000] {dag.py:3089} INFO - Sync 1 DAGs
[2026-07-21T05:32:56.786+0000] {logging_mixin.py:188} INFO - [2026-07-21T05:32:56.786+0000] {dag.py:3947} INFO - Setting next_dagrun for minio_to_snowflake_banking to 2026-07-21 05:31:00+00:00, run_after=2026-07-21 05:32:00+00:00
[2026-07-21T05:32:56.807+0000] {processor.py:183} INFO - Processing /opt/airflow/dags/minio_to_snowflake.py took 1.079 seconds
[2026-07-21T05:33:27.169+0000] {processor.py:161} INFO - Started process (PID=3831) to work on /opt/airflow/dags/minio_to_snowflake.py
[2026-07-21T05:33:27.171+0000] {processor.py:830} INFO - Processing file /opt/airflow/dags/minio_to_snowflake.py for tasks to queue
[2026-07-21T05:33:27.174+0000] {logging_mixin.py:188} INFO - [2026-07-21T05:33:27.173+0000] {dagbag.py:545} INFO - Filling up the DagBag from /opt/airflow/dags/minio_to_snowflake.py
[2026-07-21T05:33:27.936+0000] {processor.py:840} INFO - DAG(s) 'minio_to_snowflake_banking' retrieved from /opt/airflow/dags/minio_to_snowflake.py
[2026-07-21T05:33:27.973+0000] {logging_mixin.py:188} INFO - [2026-07-21T05:33:27.972+0000] {dag.py:3089} INFO - Sync 1 DAGs
[2026-07-21T05:33:28.012+0000] {logging_mixin.py:188} INFO - [2026-07-21T05:33:28.011+0000] {dag.py:3947} INFO - Setting next_dagrun for minio_to_snowflake_banking to 2026-07-21 05:32:00+00:00, run_after=2026-07-21 05:33:00+00:00
[2026-07-21T05:33:28.039+0000] {processor.py:183} INFO - Processing /opt/airflow/dags/minio_to_snowflake.py took 0.877 seconds
[2026-07-21T05:33:58.499+0000] {processor.py:161} INFO - Started process (PID=3836) to work on /opt/airflow/dags/minio_to_snowflake.py
[2026-07-21T05:33:58.500+0000] {processor.py:830} INFO - Processing file /opt/airflow/dags/minio_to_snowflake.py for tasks to queue
[2026-07-21T05:33:58.503+0000] {logging_mixin.py:188} INFO - [2026-07-21T05:33:58.503+0000] {dagbag.py:545} INFO - Filling up the DagBag from /opt/airflow/dags/minio_to_snowflake.py
[2026-07-21T05:33:59.377+0000] {processor.py:840} INFO - DAG(s) 'minio_to_snowflake_banking' retrieved from /opt/airflow/dags/minio_to_snowflake.py
[2026-07-21T05:33:59.407+0000] {logging_mixin.py:188} INFO - [2026-07-21T05:33:59.407+0000] {dag.py:3089} INFO - Sync 1 DAGs
[2026-07-21T05:33:59.430+0000] {logging_mixin.py:188} INFO - [2026-07-21T05:33:59.430+0000] {dag.py:3947} INFO - Setting next_dagrun for minio_to_snowflake_banking to 2026-07-21 05:32:00+00:00, run_after=2026-07-21 05:33:00+00:00
[2026-07-21T05:33:59.452+0000] {processor.py:183} INFO - Processing /opt/airflow/dags/minio_to_snowflake.py took 0.961 seconds
[2026-07-21T05:34:29.976+0000] {processor.py:161} INFO - Started process (PID=3841) to work on /opt/airflow/dags/minio_to_snowflake.py
[2026-07-21T05:34:29.978+0000] {processor.py:830} INFO - Processing file /opt/airflow/dags/minio_to_snowflake.py for tasks to queue
[2026-07-21T05:34:29.981+0000] {logging_mixin.py:188} INFO - [2026-07-21T05:34:29.980+0000] {dagbag.py:545} INFO - Filling up the DagBag from /opt/airflow/dags/minio_to_snowflake.py
[2026-07-21T05:34:30.842+0000] {processor.py:840} INFO - DAG(s) 'minio_to_snowflake_banking' retrieved from /opt/airflow/dags/minio_to_snowflake.py
[2026-07-21T05:34:30.871+0000] {logging_mixin.py:188} INFO - [2026-07-21T05:34:30.870+0000] {dag.py:3089} INFO - Sync 1 DAGs
[2026-07-21T05:34:30.894+0000] {logging_mixin.py:188} INFO - [2026-07-21T05:34:30.894+0000] {dag.py:3947} INFO - Setting next_dagrun for minio_to_snowflake_banking to 2026-07-21 05:33:00+00:00, run_after=2026-07-21 05:34:00+00:00
[2026-07-21T05:34:30.915+0000] {processor.py:183} INFO - Processing /opt/airflow/dags/minio_to_snowflake.py took 0.946 seconds
[2026-07-21T05:35:01.322+0000] {processor.py:161} INFO - Started process (PID=3846) to work on /opt/airflow/dags/minio_to_snowflake.py
[2026-07-21T05:35:01.324+0000] {processor.py:830} INFO - Processing file /opt/airflow/dags/minio_to_snowflake.py for tasks to queue
[2026-07-21T05:35:01.326+0000] {logging_mixin.py:188} INFO - [2026-07-21T05:35:01.326+0000] {dagbag.py:545} INFO - Filling up the DagBag from /opt/airflow/dags/minio_to_snowflake.py
[2026-07-21T05:35:02.103+0000] {processor.py:840} INFO - DAG(s) 'minio_to_snowflake_banking' retrieved from /opt/airflow/dags/minio_to_snowflake.py
[2026-07-21T05:35:02.131+0000] {logging_mixin.py:188} INFO - [2026-07-21T05:35:02.131+0000] {dag.py:3089} INFO - Sync 1 DAGs
[2026-07-21T05:35:02.155+0000] {logging_mixin.py:188} INFO - [2026-07-21T05:35:02.155+0000] {dag.py:3947} INFO - Setting next_dagrun for minio_to_snowflake_banking to 2026-07-21 05:34:00+00:00, run_after=2026-07-21 05:35:00+00:00
[2026-07-21T05:35:02.175+0000] {processor.py:183} INFO - Processing /opt/airflow/dags/minio_to_snowflake.py took 0.862 seconds
[2026-07-21T05:35:32.864+0000] {processor.py:161} INFO - Started process (PID=3851) to work on /opt/airflow/dags/minio_to_snowflake.py
[2026-07-21T05:35:32.865+0000] {processor.py:830} INFO - Processing file /opt/airflow/dags/minio_to_snowflake.py for tasks to queue
[2026-07-21T05:35:32.868+0000] {logging_mixin.py:188} INFO - [2026-07-21T05:35:32.868+0000] {dagbag.py:545} INFO - Filling up the DagBag from /opt/airflow/dags/minio_to_snowflake.py
[2026-07-21T05:35:33.765+0000] {processor.py:840} INFO - DAG(s) 'minio_to_snowflake_banking' retrieved from /opt/airflow/dags/minio_to_snowflake.py
[2026-07-21T05:35:33.801+0000] {logging_mixin.py:188} INFO - [2026-07-21T05:35:33.800+0000] {dag.py:3089} INFO - Sync 1 DAGs
[2026-07-21T05:35:33.827+0000] {logging_mixin.py:188} INFO - [2026-07-21T05:35:33.826+0000] {dag.py:3947} INFO - Setting next_dagrun for minio_to_snowflake_banking to 2026-07-21 05:34:00+00:00, run_after=2026-07-21 05:35:00+00:00
[2026-07-21T05:35:33.852+0000] {processor.py:183} INFO - Processing /opt/airflow/dags/minio_to_snowflake.py took 0.995 seconds
[2026-07-21T05:36:04.226+0000] {processor.py:161} INFO - Started process (PID=3856) to work on /opt/airflow/dags/minio_to_snowflake.py
[2026-07-21T05:36:04.228+0000] {processor.py:830} INFO - Processing file /opt/airflow/dags/minio_to_snowflake.py for tasks to queue
[2026-07-21T05:36:04.233+0000] {logging_mixin.py:188} INFO - [2026-07-21T05:36:04.232+0000] {dagbag.py:545} INFO - Filling up the DagBag from /opt/airflow/dags/minio_to_snowflake.py
[2026-07-21T05:36:05.110+0000] {processor.py:840} INFO - DAG(s) 'minio_to_snowflake_banking' retrieved from /opt/airflow/dags/minio_to_snowflake.py
[2026-07-21T05:36:05.139+0000] {logging_mixin.py:188} INFO - [2026-07-21T05:36:05.138+0000] {dag.py:3089} INFO - Sync 1 DAGs
[2026-07-21T05:36:05.169+0000] {logging_mixin.py:188} INFO - [2026-07-21T05:36:05.169+0000] {dag.py:3947} INFO - Setting next_dagrun for minio_to_snowflake_banking to 2026-07-21 05:35:00+00:00, run_after=2026-07-21 05:36:00+00:00
[2026-07-21T05:36:05.192+0000] {processor.py:183} INFO - Processing /opt/airflow/dags/minio_to_snowflake.py took 0.976 seconds
[2026-07-21T05:36:35.549+0000] {processor.py:161} INFO - Started process (PID=3861) to work on /opt/airflow/dags/minio_to_snowflake.py
[2026-07-21T05:36:35.551+0000] {processor.py:830} INFO - Processing file /opt/airflow/dags/minio_to_snowflake.py for tasks to queue
[2026-07-21T05:36:35.553+0000] {logging_mixin.py:188} INFO - [2026-07-21T05:36:35.553+0000] {dagbag.py:545} INFO - Filling up the DagBag from /opt/airflow/dags/minio_to_snowflake.py
[2026-07-21T05:36:36.460+0000] {processor.py:840} INFO - DAG(s) 'minio_to_snowflake_banking' retrieved from /opt/airflow/dags/minio_to_snowflake.py
[2026-07-21T05:36:36.489+0000] {logging_mixin.py:188} INFO - [2026-07-21T05:36:36.488+0000] {dag.py:3089} INFO - Sync 1 DAGs
[2026-07-21T05:36:36.515+0000] {logging_mixin.py:188} INFO - [2026-07-21T05:36:36.515+0000] {dag.py:3947} INFO - Setting next_dagrun for minio_to_snowflake_banking to 2026-07-21 05:35:00+00:00, run_after=2026-07-21 05:36:00+00:00
[2026-07-21T05:36:36.537+0000] {processor.py:183} INFO - Processing /opt/airflow/dags/minio_to_snowflake.py took 0.997 seconds
[2026-07-21T05:37:06.865+0000] {processor.py:161} INFO - Started process (PID=3866) to work on /opt/airflow/dags/minio_to_snowflake.py
[2026-07-21T05:37:06.866+0000] {processor.py:830} INFO - Processing file /opt/airflow/dags/minio_to_snowflake.py for tasks to queue
[2026-07-21T05:37:06.868+0000] {logging_mixin.py:188} INFO - [2026-07-21T05:37:06.868+0000] {dagbag.py:545} INFO - Filling up the DagBag from /opt/airflow/dags/minio_to_snowflake.py
[2026-07-21T05:37:07.722+0000] {processor.py:840} INFO - DAG(s) 'minio_to_snowflake_banking' retrieved from /opt/airflow/dags/minio_to_snowflake.py
[2026-07-21T05:37:07.753+0000] {logging_mixin.py:188} INFO - [2026-07-21T05:37:07.752+0000] {dag.py:3089} INFO - Sync 1 DAGs
[2026-07-21T05:37:07.778+0000] {logging_mixin.py:188} INFO - [2026-07-21T05:37:07.778+0000] {dag.py:3947} INFO - Setting next_dagrun for minio_to_snowflake_banking to 2026-07-21 05:36:00+00:00, run_after=2026-07-21 05:37:00+00:00
[2026-07-21T05:37:07.799+0000] {processor.py:183} INFO - Processing /opt/airflow/dags/minio_to_snowflake.py took 0.943 seconds
[2026-07-21T05:37:38.280+0000] {processor.py:161} INFO - Started process (PID=3871) to work on /opt/airflow/dags/minio_to_snowflake.py
[2026-07-21T05:37:38.281+0000] {processor.py:830} INFO - Processing file /opt/airflow/dags/minio_to_snowflake.py for tasks to queue
[2026-07-21T05:37:38.284+0000] {logging_mixin.py:188} INFO - [2026-07-21T05:37:38.284+0000] {dagbag.py:545} INFO - Filling up the DagBag from /opt/airflow/dags/minio_to_snowflake.py
[2026-07-21T05:37:39.095+0000] {processor.py:840} INFO - DAG(s) 'minio_to_snowflake_banking' retrieved from /opt/airflow/dags/minio_to_snowflake.py
[2026-07-21T05:37:39.124+0000] {logging_mixin.py:188} INFO - [2026-07-21T05:37:39.124+0000] {dag.py:3089} INFO - Sync 1 DAGs
[2026-07-21T05:37:39.148+0000] {logging_mixin.py:188} INFO - [2026-07-21T05:37:39.147+0000] {dag.py:3947} INFO - Setting next_dagrun for minio_to_snowflake_banking to 2026-07-21 05:36:00+00:00, run_after=2026-07-21 05:37:00+00:00
[2026-07-21T05:37:39.168+0000] {processor.py:183} INFO - Processing /opt/airflow/dags/minio_to_snowflake.py took 0.898 seconds
[2026-07-21T05:38:09.623+0000] {processor.py:161} INFO - Started process (PID=3876) to work on /opt/airflow/dags/minio_to_snowflake.py
[2026-07-21T05:38:09.625+0000] {processor.py:830} INFO - Processing file /opt/airflow/dags/minio_to_snowflake.py for tasks to queue
[2026-07-21T05:38:09.627+0000] {logging_mixin.py:188} INFO - [2026-07-21T05:38:09.627+0000] {dagbag.py:545} INFO - Filling up the DagBag from /opt/airflow/dags/minio_to_snowflake.py
[2026-07-21T05:38:10.432+0000] {processor.py:840} INFO - DAG(s) 'minio_to_snowflake_banking' retrieved from /opt/airflow/dags/minio_to_snowflake.py
[2026-07-21T05:38:10.461+0000] {logging_mixin.py:188} INFO - [2026-07-21T05:38:10.460+0000] {dag.py:3089} INFO - Sync 1 DAGs
[2026-07-21T05:38:10.483+0000] {logging_mixin.py:188} INFO - [2026-07-21T05:38:10.483+0000] {dag.py:3947} INFO - Setting next_dagrun for minio_to_snowflake_banking to 2026-07-21 05:37:00+00:00, run_after=2026-07-21 05:38:00+00:00
[2026-07-21T05:38:10.504+0000] {processor.py:183} INFO - Processing /opt/airflow/dags/minio_to_snowflake.py took 0.889 seconds
[2026-07-21T05:38:40.937+0000] {processor.py:161} INFO - Started process (PID=3881) to work on /opt/airflow/dags/minio_to_snowflake.py
[2026-07-21T05:38:40.938+0000] {processor.py:830} INFO - Processing file /opt/airflow/dags/minio_to_snowflake.py for tasks to queue
[2026-07-21T05:38:40.941+0000] {logging_mixin.py:188} INFO - [2026-07-21T05:38:40.940+0000] {dagbag.py:545} INFO - Filling up the DagBag from /opt/airflow/dags/minio_to_snowflake.py
[2026-07-21T05:38:41.736+0000] {processor.py:840} INFO - DAG(s) 'minio_to_snowflake_banking' retrieved from /opt/airflow/dags/minio_to_snowflake.py
[2026-07-21T05:38:41.772+0000] {logging_mixin.py:188} INFO - [2026-07-21T05:38:41.771+0000] {dag.py:3089} INFO - Sync 1 DAGs
[2026-07-21T05:38:41.795+0000] {logging_mixin.py:188} INFO - [2026-07-21T05:38:41.794+0000] {dag.py:3947} INFO - Setting next_dagrun for minio_to_snowflake_banking to 2026-07-21 05:37:00+00:00, run_after=2026-07-21 05:38:00+00:00
[2026-07-21T05:38:41.816+0000] {processor.py:183} INFO - Processing /opt/airflow/dags/minio_to_snowflake.py took 0.888 seconds
[2026-07-21T05:39:12.274+0000] {processor.py:161} INFO - Started process (PID=3886) to work on /opt/airflow/dags/minio_to_snowflake.py
[2026-07-21T05:39:12.276+0000] {processor.py:830} INFO - Processing file /opt/airflow/dags/minio_to_snowflake.py for tasks to queue
[2026-07-21T05:39:12.279+0000] {logging_mixin.py:188} INFO - [2026-07-21T05:39:12.278+0000] {dagbag.py:545} INFO - Filling up the DagBag from /opt/airflow/dags/minio_to_snowflake.py
[2026-07-21T05:39:13.101+0000] {processor.py:840} INFO - DAG(s) 'minio_to_snowflake_banking' retrieved from /opt/airflow/dags/minio_to_snowflake.py
[2026-07-21T05:39:13.131+0000] {logging_mixin.py:188} INFO - [2026-07-21T05:39:13.131+0000] {dag.py:3089} INFO - Sync 1 DAGs
[2026-07-21T05:39:13.155+0000] {logging_mixin.py:188} INFO - [2026-07-21T05:39:13.155+0000] {dag.py:3947} INFO - Setting next_dagrun for minio_to_snowflake_banking to 2026-07-21 05:38:00+00:00, run_after=2026-07-21 05:39:00+00:00
[2026-07-21T05:39:13.177+0000] {processor.py:183} INFO - Processing /opt/airflow/dags/minio_to_snowflake.py took 0.911 seconds
[2026-07-21T05:39:43.651+0000] {processor.py:161} INFO - Started process (PID=3891) to work on /opt/airflow/dags/minio_to_snowflake.py
[2026-07-21T05:39:43.653+0000] {processor.py:830} INFO - Processing file /opt/airflow/dags/minio_to_snowflake.py for tasks to queue
[2026-07-21T05:39:43.657+0000] {logging_mixin.py:188} INFO - [2026-07-21T05:39:43.656+0000] {dagbag.py:545} INFO - Filling up the DagBag from /opt/airflow/dags/minio_to_snowflake.py
[2026-07-21T05:39:44.613+0000] {processor.py:840} INFO - DAG(s) 'minio_to_snowflake_banking' retrieved from /opt/airflow/dags/minio_to_snowflake.py
[2026-07-21T05:39:44.646+0000] {logging_mixin.py:188} INFO - [2026-07-21T05:39:44.645+0000] {dag.py:3089} INFO - Sync 1 DAGs
[2026-07-21T05:39:44.669+0000] {logging_mixin.py:188} INFO - [2026-07-21T05:39:44.668+0000] {dag.py:3947} INFO - Setting next_dagrun for minio_to_snowflake_banking to 2026-07-21 05:38:00+00:00, run_after=2026-07-21 05:39:00+00:00
[2026-07-21T05:39:44.689+0000] {processor.py:183} INFO - Processing /opt/airflow/dags/minio_to_snowflake.py took 1.053 seconds
[2026-07-21T05:40:15.050+0000] {processor.py:161} INFO - Started process (PID=3896) to work on /opt/airflow/dags/minio_to_snowflake.py
[2026-07-21T05:40:15.052+0000] {processor.py:830} INFO - Processing file /opt/airflow/dags/minio_to_snowflake.py for tasks to queue
[2026-07-21T05:40:15.055+0000] {logging_mixin.py:188} INFO - [2026-07-21T05:40:15.055+0000] {dagbag.py:545} INFO - Filling up the DagBag from /opt/airflow/dags/minio_to_snowflake.py
[2026-07-21T05:40:15.906+0000] {processor.py:840} INFO - DAG(s) 'minio_to_snowflake_banking' retrieved from /opt/airflow/dags/minio_to_snowflake.py
[2026-07-21T05:40:15.937+0000] {logging_mixin.py:188} INFO - [2026-07-21T05:40:15.937+0000] {dag.py:3089} INFO - Sync 1 DAGs
[2026-07-21T05:40:15.962+0000] {logging_mixin.py:188} INFO - [2026-07-21T05:40:15.962+0000] {dag.py:3947} INFO - Setting next_dagrun for minio_to_snowflake_banking to 2026-07-21 05:39:00+00:00, run_after=2026-07-21 05:40:00+00:00
[2026-07-21T05:40:15.983+0000] {processor.py:183} INFO - Processing /opt/airflow/dags/minio_to_snowflake.py took 0.940 seconds
[2026-07-21T05:40:46.401+0000] {processor.py:161} INFO - Started process (PID=3901) to work on /opt/airflow/dags/minio_to_snowflake.py
[2026-07-21T05:40:46.402+0000] {processor.py:830} INFO - Processing file /opt/airflow/dags/minio_to_snowflake.py for tasks to queue
[2026-07-21T05:40:46.405+0000] {logging_mixin.py:188} INFO - [2026-07-21T05:40:46.405+0000] {dagbag.py:545} INFO - Filling up the DagBag from /opt/airflow/dags/minio_to_snowflake.py
[2026-07-21T05:40:47.207+0000] {processor.py:840} INFO - DAG(s) 'minio_to_snowflake_banking' retrieved from /opt/airflow/dags/minio_to_snowflake.py
[2026-07-21T05:40:47.236+0000] {logging_mixin.py:188} INFO - [2026-07-21T05:40:47.236+0000] {dag.py:3089} INFO - Sync 1 DAGs
[2026-07-21T05:40:47.260+0000] {logging_mixin.py:188} INFO - [2026-07-21T05:40:47.260+0000] {dag.py:3947} INFO - Setting next_dagrun for minio_to_snowflake_banking to 2026-07-21 05:39:00+00:00, run_after=2026-07-21 05:40:00+00:00
[2026-07-21T05:40:47.282+0000] {processor.py:183} INFO - Processing /opt/airflow/dags/minio_to_snowflake.py took 0.891 seconds
[2026-07-21T05:41:17.751+0000] {processor.py:161} INFO - Started process (PID=3906) to work on /opt/airflow/dags/minio_to_snowflake.py
[2026-07-21T05:41:17.752+0000] {processor.py:830} INFO - Processing file /opt/airflow/dags/minio_to_snowflake.py for tasks to queue
[2026-07-21T05:41:17.754+0000] {logging_mixin.py:188} INFO - [2026-07-21T05:41:17.754+0000] {dagbag.py:545} INFO - Filling up the DagBag from /opt/airflow/dags/minio_to_snowflake.py
[2026-07-21T05:41:18.538+0000] {processor.py:840} INFO - DAG(s) 'minio_to_snowflake_banking' retrieved from /opt/airflow/dags/minio_to_snowflake.py
[2026-07-21T05:41:18.568+0000] {logging_mixin.py:188} INFO - [2026-07-21T05:41:18.567+0000] {dag.py:3089} INFO - Sync 1 DAGs
[2026-07-21T05:41:18.593+0000] {logging_mixin.py:188} INFO - [2026-07-21T05:41:18.593+0000] {dag.py:3947} INFO - Setting next_dagrun for minio_to_snowflake_banking to 2026-07-21 05:40:00+00:00, run_after=2026-07-21 05:41:00+00:00
[2026-07-21T05:41:18.613+0000] {processor.py:183} INFO - Processing /opt/airflow/dags/minio_to_snowflake.py took 0.870 seconds
[2026-07-21T05:41:49.189+0000] {processor.py:161} INFO - Started process (PID=3912) to work on /opt/airflow/dags/minio_to_snowflake.py
[2026-07-21T05:41:49.191+0000] {processor.py:830} INFO - Processing file /opt/airflow/dags/minio_to_snowflake.py for tasks to queue
[2026-07-21T05:41:49.198+0000] {logging_mixin.py:188} INFO - [2026-07-21T05:41:49.197+0000] {dagbag.py:545} INFO - Filling up the DagBag from /opt/airflow/dags/minio_to_snowflake.py
[2026-07-21T05:41:50.325+0000] {processor.py:840} INFO - DAG(s) 'minio_to_snowflake_banking' retrieved from /opt/airflow/dags/minio_to_snowflake.py
[2026-07-21T05:41:50.359+0000] {logging_mixin.py:188} INFO - [2026-07-21T05:41:50.358+0000] {dag.py:3089} INFO - Sync 1 DAGs
[2026-07-21T05:41:50.388+0000] {logging_mixin.py:188} INFO - [2026-07-21T05:41:50.387+0000] {dag.py:3947} INFO - Setting next_dagrun for minio_to_snowflake_banking to 2026-07-21 05:40:00+00:00, run_after=2026-07-21 05:41:00+00:00
[2026-07-21T05:41:50.408+0000] {processor.py:183} INFO - Processing /opt/airflow/dags/minio_to_snowflake.py took 1.229 seconds
[2026-07-21T05:42:20.829+0000] {processor.py:161} INFO - Started process (PID=3917) to work on /opt/airflow/dags/minio_to_snowflake.py
[2026-07-21T05:42:20.832+0000] {processor.py:830} INFO - Processing file /opt/airflow/dags/minio_to_snowflake.py for tasks to queue
[2026-07-21T05:42:20.838+0000] {logging_mixin.py:188} INFO - [2026-07-21T05:42:20.837+0000] {dagbag.py:545} INFO - Filling up the DagBag from /opt/airflow/dags/minio_to_snowflake.py
[2026-07-21T05:42:21.902+0000] {processor.py:840} INFO - DAG(s) 'minio_to_snowflake_banking' retrieved from /opt/airflow/dags/minio_to_snowflake.py
[2026-07-21T05:42:21.942+0000] {logging_mixin.py:188} INFO - [2026-07-21T05:42:21.942+0000] {dag.py:3089} INFO - Sync 1 DAGs
[2026-07-21T05:42:21.989+0000] {logging_mixin.py:188} INFO - [2026-07-21T05:42:21.989+0000] {dag.py:3947} INFO - Setting next_dagrun for minio_to_snowflake_banking to 2026-07-21 05:41:00+00:00, run_after=2026-07-21 05:42:00+00:00
[2026-07-21T05:42:22.036+0000] {processor.py:183} INFO - Processing /opt/airflow/dags/minio_to_snowflake.py took 1.222 seconds
[2026-07-21T05:42:52.270+0000] {processor.py:161} INFO - Started process (PID=3922) to work on /opt/airflow/dags/minio_to_snowflake.py
[2026-07-21T05:42:52.271+0000] {processor.py:830} INFO - Processing file /opt/airflow/dags/minio_to_snowflake.py for tasks to queue
[2026-07-21T05:42:52.277+0000] {logging_mixin.py:188} INFO - [2026-07-21T05:42:52.276+0000] {dagbag.py:545} INFO - Filling up the DagBag from /opt/airflow/dags/minio_to_snowflake.py
[2026-07-21T05:42:53.486+0000] {processor.py:840} INFO - DAG(s) 'minio_to_snowflake_banking' retrieved from /opt/airflow/dags/minio_to_snowflake.py
[2026-07-21T05:42:53.551+0000] {logging_mixin.py:188} INFO - [2026-07-21T05:42:53.550+0000] {dag.py:3089} INFO - Sync 1 DAGs
[2026-07-21T05:42:53.597+0000] {logging_mixin.py:188} INFO - [2026-07-21T05:42:53.596+0000] {dag.py:3947} INFO - Setting next_dagrun for minio_to_snowflake_banking to 2026-07-21 05:41:00+00:00, run_after=2026-07-21 05:42:00+00:00
[2026-07-21T05:42:53.650+0000] {processor.py:183} INFO - Processing /opt/airflow/dags/minio_to_snowflake.py took 1.394 seconds
[2026-07-21T05:43:24.084+0000] {processor.py:161} INFO - Started process (PID=3927) to work on /opt/airflow/dags/minio_to_snowflake.py
[2026-07-21T05:43:24.087+0000] {processor.py:830} INFO - Processing file /opt/airflow/dags/minio_to_snowflake.py for tasks to queue
[2026-07-21T05:43:24.090+0000] {logging_mixin.py:188} INFO - [2026-07-21T05:43:24.090+0000] {dagbag.py:545} INFO - Filling up the DagBag from /opt/airflow/dags/minio_to_snowflake.py
[2026-07-21T05:43:25.026+0000] {processor.py:840} INFO - DAG(s) 'minio_to_snowflake_banking' retrieved from /opt/airflow/dags/minio_to_snowflake.py
[2026-07-21T05:43:25.066+0000] {logging_mixin.py:188} INFO - [2026-07-21T05:43:25.065+0000] {dag.py:3089} INFO - Sync 1 DAGs
[2026-07-21T05:43:25.101+0000] {logging_mixin.py:188} INFO - [2026-07-21T05:43:25.101+0000] {dag.py:3947} INFO - Setting next_dagrun for minio_to_snowflake_banking to 2026-07-21 05:42:00+00:00, run_after=2026-07-21 05:43:00+00:00
[2026-07-21T05:43:25.130+0000] {processor.py:183} INFO - Processing /opt/airflow/dags/minio_to_snowflake.py took 1.058 seconds
[2026-07-21T05:43:55.585+0000] {processor.py:161} INFO - Started process (PID=3932) to work on /opt/airflow/dags/minio_to_snowflake.py
[2026-07-21T05:43:55.587+0000] {processor.py:830} INFO - Processing file /opt/airflow/dags/minio_to_snowflake.py for tasks to queue
[2026-07-21T05:43:55.591+0000] {logging_mixin.py:188} INFO - [2026-07-21T05:43:55.590+0000] {dagbag.py:545} INFO - Filling up the DagBag from /opt/airflow/dags/minio_to_snowflake.py
[2026-07-21T05:43:56.815+0000] {processor.py:840} INFO - DAG(s) 'minio_to_snowflake_banking' retrieved from /opt/airflow/dags/minio_to_snowflake.py
[2026-07-21T05:43:56.860+0000] {logging_mixin.py:188} INFO - [2026-07-21T05:43:56.860+0000] {dag.py:3089} INFO - Sync 1 DAGs
[2026-07-21T05:43:56.895+0000] {logging_mixin.py:188} INFO - [2026-07-21T05:43:56.895+0000] {dag.py:3947} INFO - Setting next_dagrun for minio_to_snowflake_banking to 2026-07-21 05:42:00+00:00, run_after=2026-07-21 05:43:00+00:00
[2026-07-21T05:43:56.922+0000] {processor.py:183} INFO - Processing /opt/airflow/dags/minio_to_snowflake.py took 1.347 seconds
[2026-07-21T05:44:27.220+0000] {processor.py:161} INFO - Started process (PID=3937) to work on /opt/airflow/dags/minio_to_snowflake.py
[2026-07-21T05:44:27.221+0000] {processor.py:830} INFO - Processing file /opt/airflow/dags/minio_to_snowflake.py for tasks to queue
[2026-07-21T05:44:27.224+0000] {logging_mixin.py:188} INFO - [2026-07-21T05:44:27.223+0000] {dagbag.py:545} INFO - Filling up the DagBag from /opt/airflow/dags/minio_to_snowflake.py
[2026-07-21T05:44:28.111+0000] {processor.py:840} INFO - DAG(s) 'minio_to_snowflake_banking' retrieved from /opt/airflow/dags/minio_to_snowflake.py
[2026-07-21T05:44:28.141+0000] {logging_mixin.py:188} INFO - [2026-07-21T05:44:28.141+0000] {dag.py:3089} INFO - Sync 1 DAGs
[2026-07-21T05:44:28.168+0000] {logging_mixin.py:188} INFO - [2026-07-21T05:44:28.167+0000] {dag.py:3947} INFO - Setting next_dagrun for minio_to_snowflake_banking to 2026-07-21 05:43:00+00:00, run_after=2026-07-21 05:44:00+00:00
[2026-07-21T05:44:28.189+0000] {processor.py:183} INFO - Processing /opt/airflow/dags/minio_to_snowflake.py took 0.976 seconds
[2026-07-21T05:44:58.504+0000] {processor.py:161} INFO - Started process (PID=3942) to work on /opt/airflow/dags/minio_to_snowflake.py
[2026-07-21T05:44:58.505+0000] {processor.py:830} INFO - Processing file /opt/airflow/dags/minio_to_snowflake.py for tasks to queue
[2026-07-21T05:44:58.508+0000] {logging_mixin.py:188} INFO - [2026-07-21T05:44:58.508+0000] {dagbag.py:545} INFO - Filling up the DagBag from /opt/airflow/dags/minio_to_snowflake.py
[2026-07-21T05:44:59.297+0000] {processor.py:840} INFO - DAG(s) 'minio_to_snowflake_banking' retrieved from /opt/airflow/dags/minio_to_snowflake.py
[2026-07-21T05:44:59.327+0000] {logging_mixin.py:188} INFO - [2026-07-21T05:44:59.327+0000] {dag.py:3089} INFO - Sync 1 DAGs
[2026-07-21T05:44:59.349+0000] {logging_mixin.py:188} INFO - [2026-07-21T05:44:59.349+0000] {dag.py:3947} INFO - Setting next_dagrun for minio_to_snowflake_banking to 2026-07-21 05:43:00+00:00, run_after=2026-07-21 05:44:00+00:00
[2026-07-21T05:44:59.373+0000] {processor.py:183} INFO - Processing /opt/airflow/dags/minio_to_snowflake.py took 0.876 seconds
[2026-07-21T05:45:29.722+0000] {processor.py:161} INFO - Started process (PID=3947) to work on /opt/airflow/dags/minio_to_snowflake.py
[2026-07-21T05:45:29.724+0000] {processor.py:830} INFO - Processing file /opt/airflow/dags/minio_to_snowflake.py for tasks to queue
[2026-07-21T05:45:29.727+0000] {logging_mixin.py:188} INFO - [2026-07-21T05:45:29.726+0000] {dagbag.py:545} INFO - Filling up the DagBag from /opt/airflow/dags/minio_to_snowflake.py
[2026-07-21T05:45:30.480+0000] {processor.py:840} INFO - DAG(s) 'minio_to_snowflake_banking' retrieved from /opt/airflow/dags/minio_to_snowflake.py
[2026-07-21T05:45:30.507+0000] {logging_mixin.py:188} INFO - [2026-07-21T05:45:30.506+0000] {dag.py:3089} INFO - Sync 1 DAGs
[2026-07-21T05:45:30.529+0000] {logging_mixin.py:188} INFO - [2026-07-21T05:45:30.529+0000] {dag.py:3947} INFO - Setting next_dagrun for minio_to_snowflake_banking to 2026-07-21 05:44:00+00:00, run_after=2026-07-21 05:45:00+00:00
[2026-07-21T05:45:30.550+0000] {processor.py:183} INFO - Processing /opt/airflow/dags/minio_to_snowflake.py took 0.838 seconds
[2026-07-21T05:46:01.214+0000] {processor.py:161} INFO - Started process (PID=3952) to work on /opt/airflow/dags/minio_to_snowflake.py
[2026-07-21T05:46:01.216+0000] {processor.py:830} INFO - Processing file /opt/airflow/dags/minio_to_snowflake.py for tasks to queue
[2026-07-21T05:46:01.218+0000] {logging_mixin.py:188} INFO - [2026-07-21T05:46:01.217+0000] {dagbag.py:545} INFO - Filling up the DagBag from /opt/airflow/dags/minio_to_snowflake.py
[2026-07-21T05:46:02.034+0000] {processor.py:840} INFO - DAG(s) 'minio_to_snowflake_banking' retrieved from /opt/airflow/dags/minio_to_snowflake.py
[2026-07-21T05:46:02.067+0000] {logging_mixin.py:188} INFO - [2026-07-21T05:46:02.066+0000] {dag.py:3089} INFO - Sync 1 DAGs
[2026-07-21T05:46:02.091+0000] {logging_mixin.py:188} INFO - [2026-07-21T05:46:02.091+0000] {dag.py:3947} INFO - Setting next_dagrun for minio_to_snowflake_banking to 2026-07-21 05:45:00+00:00, run_after=2026-07-21 05:46:00+00:00
[2026-07-21T05:46:02.112+0000] {processor.py:183} INFO - Processing /opt/airflow/dags/minio_to_snowflake.py took 0.906 seconds
[2026-07-21T05:46:32.423+0000] {processor.py:161} INFO - Started process (PID=3957) to work on /opt/airflow/dags/minio_to_snowflake.py
[2026-07-21T05:46:32.424+0000] {processor.py:830} INFO - Processing file /opt/airflow/dags/minio_to_snowflake.py for tasks to queue
[2026-07-21T05:46:32.427+0000] {logging_mixin.py:188} INFO - [2026-07-21T05:46:32.426+0000] {dagbag.py:545} INFO - Filling up the DagBag from /opt/airflow/dags/minio_to_snowflake.py
[2026-07-21T05:46:33.167+0000] {processor.py:840} INFO - DAG(s) 'minio_to_snowflake_banking' retrieved from /opt/airflow/dags/minio_to_snowflake.py
[2026-07-21T05:46:33.195+0000] {logging_mixin.py:188} INFO - [2026-07-21T05:46:33.194+0000] {dag.py:3089} INFO - Sync 1 DAGs
[2026-07-21T05:46:33.218+0000] {logging_mixin.py:188} INFO - [2026-07-21T05:46:33.218+0000] {dag.py:3947} INFO - Setting next_dagrun for minio_to_snowflake_banking to 2026-07-21 05:45:00+00:00, run_after=2026-07-21 05:46:00+00:00
[2026-07-21T05:46:33.239+0000] {processor.py:183} INFO - Processing /opt/airflow/dags/minio_to_snowflake.py took 0.823 seconds
[2026-07-21T05:47:03.880+0000] {processor.py:161} INFO - Started process (PID=3962) to work on /opt/airflow/dags/minio_to_snowflake.py
[2026-07-21T05:47:03.882+0000] {processor.py:830} INFO - Processing file /opt/airflow/dags/minio_to_snowflake.py for tasks to queue
[2026-07-21T05:47:03.884+0000] {logging_mixin.py:188} INFO - [2026-07-21T05:47:03.884+0000] {dagbag.py:545} INFO - Filling up the DagBag from /opt/airflow/dags/minio_to_snowflake.py
[2026-07-21T05:47:04.808+0000] {processor.py:840} INFO - DAG(s) 'minio_to_snowflake_banking' retrieved from /opt/airflow/dags/minio_to_snowflake.py
[2026-07-21T05:47:04.845+0000] {logging_mixin.py:188} INFO - [2026-07-21T05:47:04.844+0000] {dag.py:3089} INFO - Sync 1 DAGs
[2026-07-21T05:47:04.873+0000] {logging_mixin.py:188} INFO - [2026-07-21T05:47:04.873+0000] {dag.py:3947} INFO - Setting next_dagrun for minio_to_snowflake_banking to 2026-07-21 05:46:00+00:00, run_after=2026-07-21 05:47:00+00:00
[2026-07-21T05:47:04.903+0000] {processor.py:183} INFO - Processing /opt/airflow/dags/minio_to_snowflake.py took 1.031 seconds
[2026-07-21T05:47:35.231+0000] {processor.py:161} INFO - Started process (PID=3967) to work on /opt/airflow/dags/minio_to_snowflake.py
[2026-07-21T05:47:35.233+0000] {processor.py:830} INFO - Processing file /opt/airflow/dags/minio_to_snowflake.py for tasks to queue
[2026-07-21T05:47:35.237+0000] {logging_mixin.py:188} INFO - [2026-07-21T05:47:35.236+0000] {dagbag.py:545} INFO - Filling up the DagBag from /opt/airflow/dags/minio_to_snowflake.py
[2026-07-21T05:47:36.033+0000] {processor.py:840} INFO - DAG(s) 'minio_to_snowflake_banking' retrieved from /opt/airflow/dags/minio_to_snowflake.py
[2026-07-21T05:47:36.067+0000] {logging_mixin.py:188} INFO - [2026-07-21T05:47:36.066+0000] {dag.py:3089} INFO - Sync 1 DAGs
[2026-07-21T05:47:36.094+0000] {logging_mixin.py:188} INFO - [2026-07-21T05:47:36.094+0000] {dag.py:3947} INFO - Setting next_dagrun for minio_to_snowflake_banking to 2026-07-21 05:46:00+00:00, run_after=2026-07-21 05:47:00+00:00
[2026-07-21T05:47:36.116+0000] {processor.py:183} INFO - Processing /opt/airflow/dags/minio_to_snowflake.py took 0.895 seconds
[2026-07-21T05:48:06.958+0000] {processor.py:161} INFO - Started process (PID=3972) to work on /opt/airflow/dags/minio_to_snowflake.py
[2026-07-21T05:48:06.960+0000] {processor.py:830} INFO - Processing file /opt/airflow/dags/minio_to_snowflake.py for tasks to queue
[2026-07-21T05:48:06.962+0000] {logging_mixin.py:188} INFO - [2026-07-21T05:48:06.962+0000] {dagbag.py:545} INFO - Filling up the DagBag from /opt/airflow/dags/minio_to_snowflake.py
[2026-07-21T05:48:07.746+0000] {processor.py:840} INFO - DAG(s) 'minio_to_snowflake_banking' retrieved from /opt/airflow/dags/minio_to_snowflake.py
[2026-07-21T05:48:07.777+0000] {logging_mixin.py:188} INFO - [2026-07-21T05:48:07.776+0000] {dag.py:3089} INFO - Sync 1 DAGs
[2026-07-21T05:48:07.799+0000] {logging_mixin.py:188} INFO - [2026-07-21T05:48:07.799+0000] {dag.py:3947} INFO - Setting next_dagrun for minio_to_snowflake_banking to 2026-07-21 05:47:00+00:00, run_after=2026-07-21 05:48:00+00:00
[2026-07-21T05:48:07.822+0000] {processor.py:183} INFO - Processing /opt/airflow/dags/minio_to_snowflake.py took 0.871 seconds
[2026-07-21T05:48:38.424+0000] {processor.py:161} INFO - Started process (PID=3977) to work on /opt/airflow/dags/minio_to_snowflake.py
[2026-07-21T05:48:38.426+0000] {processor.py:830} INFO - Processing file /opt/airflow/dags/minio_to_snowflake.py for tasks to queue
[2026-07-21T05:48:38.429+0000] {logging_mixin.py:188} INFO - [2026-07-21T05:48:38.429+0000] {dagbag.py:545} INFO - Filling up the DagBag from /opt/airflow/dags/minio_to_snowflake.py
[2026-07-21T05:48:39.267+0000] {processor.py:840} INFO - DAG(s) 'minio_to_snowflake_banking' retrieved from /opt/airflow/dags/minio_to_snowflake.py
[2026-07-21T05:48:39.298+0000] {logging_mixin.py:188} INFO - [2026-07-21T05:48:39.297+0000] {dag.py:3089} INFO - Sync 1 DAGs
[2026-07-21T05:48:39.330+0000] {logging_mixin.py:188} INFO - [2026-07-21T05:48:39.330+0000] {dag.py:3947} INFO - Setting next_dagrun for minio_to_snowflake_banking to 2026-07-21 05:47:00+00:00, run_after=2026-07-21 05:48:00+00:00
[2026-07-21T05:48:39.360+0000] {processor.py:183} INFO - Processing /opt/airflow/dags/minio_to_snowflake.py took 0.944 seconds
[2026-07-21T05:49:09.891+0000] {processor.py:161} INFO - Started process (PID=3982) to work on /opt/airflow/dags/minio_to_snowflake.py
[2026-07-21T05:49:09.893+0000] {processor.py:830} INFO - Processing file /opt/airflow/dags/minio_to_snowflake.py for tasks to queue
[2026-07-21T05:49:09.896+0000] {logging_mixin.py:188} INFO - [2026-07-21T05:49:09.895+0000] {dagbag.py:545} INFO - Filling up the DagBag from /opt/airflow/dags/minio_to_snowflake.py
[2026-07-21T05:49:10.778+0000] {processor.py:840} INFO - DAG(s) 'minio_to_snowflake_banking' retrieved from /opt/airflow/dags/minio_to_snowflake.py
[2026-07-21T05:49:10.807+0000] {logging_mixin.py:188} INFO - [2026-07-21T05:49:10.807+0000] {dag.py:3089} INFO - Sync 1 DAGs
[2026-07-21T05:49:10.834+0000] {logging_mixin.py:188} INFO - [2026-07-21T05:49:10.833+0000] {dag.py:3947} INFO - Setting next_dagrun for minio_to_snowflake_banking to 2026-07-21 05:48:00+00:00, run_after=2026-07-21 05:49:00+00:00
[2026-07-21T05:49:10.858+0000] {processor.py:183} INFO - Processing /opt/airflow/dags/minio_to_snowflake.py took 0.975 seconds
[2026-07-21T05:49:41.179+0000] {processor.py:161} INFO - Started process (PID=3987) to work on /opt/airflow/dags/minio_to_snowflake.py
[2026-07-21T05:49:41.181+0000] {processor.py:830} INFO - Processing file /opt/airflow/dags/minio_to_snowflake.py for tasks to queue
[2026-07-21T05:49:41.186+0000] {logging_mixin.py:188} INFO - [2026-07-21T05:49:41.185+0000] {dagbag.py:545} INFO - Filling up the DagBag from /opt/airflow/dags/minio_to_snowflake.py
[2026-07-21T05:49:42.029+0000] {processor.py:840} INFO - DAG(s) 'minio_to_snowflake_banking' retrieved from /opt/airflow/dags/minio_to_snowflake.py
[2026-07-21T05:49:42.058+0000] {logging_mixin.py:188} INFO - [2026-07-21T05:49:42.057+0000] {dag.py:3089} INFO - Sync 1 DAGs
[2026-07-21T05:49:42.091+0000] {logging_mixin.py:188} INFO - [2026-07-21T05:49:42.090+0000] {dag.py:3947} INFO - Setting next_dagrun for minio_to_snowflake_banking to 2026-07-21 05:48:00+00:00, run_after=2026-07-21 05:49:00+00:00
[2026-07-21T05:49:42.115+0000] {processor.py:183} INFO - Processing /opt/airflow/dags/minio_to_snowflake.py took 0.951 seconds
[2026-07-21T05:50:12.604+0000] {processor.py:161} INFO - Started process (PID=3992) to work on /opt/airflow/dags/minio_to_snowflake.py
[2026-07-21T05:50:12.605+0000] {processor.py:830} INFO - Processing file /opt/airflow/dags/minio_to_snowflake.py for tasks to queue
[2026-07-21T05:50:12.608+0000] {logging_mixin.py:188} INFO - [2026-07-21T05:50:12.607+0000] {dagbag.py:545} INFO - Filling up the DagBag from /opt/airflow/dags/minio_to_snowflake.py
[2026-07-21T05:50:13.646+0000] {processor.py:840} INFO - DAG(s) 'minio_to_snowflake_banking' retrieved from /opt/airflow/dags/minio_to_snowflake.py
[2026-07-21T05:50:13.679+0000] {logging_mixin.py:188} INFO - [2026-07-21T05:50:13.678+0000] {dag.py:3089} INFO - Sync 1 DAGs
[2026-07-21T05:50:13.703+0000] {logging_mixin.py:188} INFO - [2026-07-21T05:50:13.703+0000] {dag.py:3947} INFO - Setting next_dagrun for minio_to_snowflake_banking to 2026-07-21 05:49:00+00:00, run_after=2026-07-21 05:50:00+00:00
[2026-07-21T05:50:13.725+0000] {processor.py:183} INFO - Processing /opt/airflow/dags/minio_to_snowflake.py took 1.131 seconds
[2026-07-21T05:50:44.023+0000] {processor.py:161} INFO - Started process (PID=3997) to work on /opt/airflow/dags/minio_to_snowflake.py
[2026-07-21T05:50:44.025+0000] {processor.py:830} INFO - Processing file /opt/airflow/dags/minio_to_snowflake.py for tasks to queue
[2026-07-21T05:50:44.027+0000] {logging_mixin.py:188} INFO - [2026-07-21T05:50:44.027+0000] {dagbag.py:545} INFO - Filling up the DagBag from /opt/airflow/dags/minio_to_snowflake.py
[2026-07-21T05:50:45.034+0000] {processor.py:840} INFO - DAG(s) 'minio_to_snowflake_banking' retrieved from /opt/airflow/dags/minio_to_snowflake.py
[2026-07-21T05:50:45.081+0000] {logging_mixin.py:188} INFO - [2026-07-21T05:50:45.079+0000] {dag.py:3089} INFO - Sync 1 DAGs
[2026-07-21T05:50:45.110+0000] {logging_mixin.py:188} INFO - [2026-07-21T05:50:45.110+0000] {dag.py:3947} INFO - Setting next_dagrun for minio_to_snowflake_banking to 2026-07-21 05:49:00+00:00, run_after=2026-07-21 05:50:00+00:00
[2026-07-21T05:50:45.132+0000] {processor.py:183} INFO - Processing /opt/airflow/dags/minio_to_snowflake.py took 1.117 seconds
[2026-07-21T05:51:15.424+0000] {processor.py:161} INFO - Started process (PID=4002) to work on /opt/airflow/dags/minio_to_snowflake.py
[2026-07-21T05:51:15.426+0000] {processor.py:830} INFO - Processing file /opt/airflow/dags/minio_to_snowflake.py for tasks to queue
[2026-07-21T05:51:15.429+0000] {logging_mixin.py:188} INFO - [2026-07-21T05:51:15.428+0000] {dagbag.py:545} INFO - Filling up the DagBag from /opt/airflow/dags/minio_to_snowflake.py
[2026-07-21T05:51:16.227+0000] {processor.py:840} INFO - DAG(s) 'minio_to_snowflake_banking' retrieved from /opt/airflow/dags/minio_to_snowflake.py
[2026-07-21T05:51:16.258+0000] {logging_mixin.py:188} INFO - [2026-07-21T05:51:16.258+0000] {dag.py:3089} INFO - Sync 1 DAGs
[2026-07-21T05:51:16.287+0000] {logging_mixin.py:188} INFO - [2026-07-21T05:51:16.287+0000] {dag.py:3947} INFO - Setting next_dagrun for minio_to_snowflake_banking to 2026-07-21 05:50:00+00:00, run_after=2026-07-21 05:51:00+00:00
[2026-07-21T05:51:16.313+0000] {processor.py:183} INFO - Processing /opt/airflow/dags/minio_to_snowflake.py took 0.895 seconds
[2026-07-21T05:51:46.718+0000] {processor.py:161} INFO - Started process (PID=4007) to work on /opt/airflow/dags/minio_to_snowflake.py
[2026-07-21T05:51:46.721+0000] {processor.py:830} INFO - Processing file /opt/airflow/dags/minio_to_snowflake.py for tasks to queue
[2026-07-21T05:51:46.725+0000] {logging_mixin.py:188} INFO - [2026-07-21T05:51:46.724+0000] {dagbag.py:545} INFO - Filling up the DagBag from /opt/airflow/dags/minio_to_snowflake.py
[2026-07-21T05:51:47.552+0000] {processor.py:840} INFO - DAG(s) 'minio_to_snowflake_banking' retrieved from /opt/airflow/dags/minio_to_snowflake.py
[2026-07-21T05:51:47.580+0000] {logging_mixin.py:188} INFO - [2026-07-21T05:51:47.580+0000] {dag.py:3089} INFO - Sync 1 DAGs
[2026-07-21T05:51:47.606+0000] {logging_mixin.py:188} INFO - [2026-07-21T05:51:47.606+0000] {dag.py:3947} INFO - Setting next_dagrun for minio_to_snowflake_banking to 2026-07-21 05:50:00+00:00, run_after=2026-07-21 05:51:00+00:00
[2026-07-21T05:51:47.627+0000] {processor.py:183} INFO - Processing /opt/airflow/dags/minio_to_snowflake.py took 0.928 seconds
[2026-07-21T05:52:17.954+0000] {processor.py:161} INFO - Started process (PID=4012) to work on /opt/airflow/dags/minio_to_snowflake.py
[2026-07-21T05:52:17.956+0000] {processor.py:830} INFO - Processing file /opt/airflow/dags/minio_to_snowflake.py for tasks to queue
[2026-07-21T05:52:17.960+0000] {logging_mixin.py:188} INFO - [2026-07-21T05:52:17.959+0000] {dagbag.py:545} INFO - Filling up the DagBag from /opt/airflow/dags/minio_to_snowflake.py
[2026-07-21T05:52:18.980+0000] {processor.py:840} INFO - DAG(s) 'minio_to_snowflake_banking' retrieved from /opt/airflow/dags/minio_to_snowflake.py
[2026-07-21T05:52:19.016+0000] {logging_mixin.py:188} INFO - [2026-07-21T05:52:19.016+0000] {dag.py:3089} INFO - Sync 1 DAGs
[2026-07-21T05:52:19.042+0000] {logging_mixin.py:188} INFO - [2026-07-21T05:52:19.042+0000] {dag.py:3947} INFO - Setting next_dagrun for minio_to_snowflake_banking to 2026-07-21 05:51:00+00:00, run_after=2026-07-21 05:52:00+00:00
[2026-07-21T05:52:19.078+0000] {processor.py:183} INFO - Processing /opt/airflow/dags/minio_to_snowflake.py took 1.134 seconds
[2026-07-21T05:52:49.592+0000] {processor.py:161} INFO - Started process (PID=4017) to work on /opt/airflow/dags/minio_to_snowflake.py
[2026-07-21T05:52:49.595+0000] {processor.py:830} INFO - Processing file /opt/airflow/dags/minio_to_snowflake.py for tasks to queue
[2026-07-21T05:52:49.603+0000] {logging_mixin.py:188} INFO - [2026-07-21T05:52:49.603+0000] {dagbag.py:545} INFO - Filling up the DagBag from /opt/airflow/dags/minio_to_snowflake.py
[2026-07-21T05:52:50.824+0000] {processor.py:840} INFO - DAG(s) 'minio_to_snowflake_banking' retrieved from /opt/airflow/dags/minio_to_snowflake.py
[2026-07-21T05:52:50.857+0000] {logging_mixin.py:188} INFO - [2026-07-21T05:52:50.857+0000] {dag.py:3089} INFO - Sync 1 DAGs
[2026-07-21T05:52:50.881+0000] {logging_mixin.py:188} INFO - [2026-07-21T05:52:50.880+0000] {dag.py:3947} INFO - Setting next_dagrun for minio_to_snowflake_banking to 2026-07-21 05:51:00+00:00, run_after=2026-07-21 05:52:00+00:00
[2026-07-21T05:52:50.901+0000] {processor.py:183} INFO - Processing /opt/airflow/dags/minio_to_snowflake.py took 1.365 seconds
[2026-07-21T05:53:21.060+0000] {processor.py:161} INFO - Started process (PID=4022) to work on /opt/airflow/dags/minio_to_snowflake.py
[2026-07-21T05:53:21.062+0000] {processor.py:830} INFO - Processing file /opt/airflow/dags/minio_to_snowflake.py for tasks to queue
[2026-07-21T05:53:21.064+0000] {logging_mixin.py:188} INFO - [2026-07-21T05:53:21.064+0000] {dagbag.py:545} INFO - Filling up the DagBag from /opt/airflow/dags/minio_to_snowflake.py
[2026-07-21T05:53:22.010+0000] {processor.py:840} INFO - DAG(s) 'minio_to_snowflake_banking' retrieved from /opt/airflow/dags/minio_to_snowflake.py
[2026-07-21T05:53:22.042+0000] {logging_mixin.py:188} INFO - [2026-07-21T05:53:22.041+0000] {dag.py:3089} INFO - Sync 1 DAGs
[2026-07-21T05:53:22.074+0000] {logging_mixin.py:188} INFO - [2026-07-21T05:53:22.074+0000] {dag.py:3947} INFO - Setting next_dagrun for minio_to_snowflake_banking to 2026-07-21 05:52:00+00:00, run_after=2026-07-21 05:53:00+00:00
[2026-07-21T05:53:22.101+0000] {processor.py:183} INFO - Processing /opt/airflow/dags/minio_to_snowflake.py took 1.052 seconds
[2026-07-21T05:53:52.406+0000] {processor.py:161} INFO - Started process (PID=4027) to work on /opt/airflow/dags/minio_to_snowflake.py
[2026-07-21T05:53:52.408+0000] {processor.py:830} INFO - Processing file /opt/airflow/dags/minio_to_snowflake.py for tasks to queue
[2026-07-21T05:53:52.410+0000] {logging_mixin.py:188} INFO - [2026-07-21T05:53:52.410+0000] {dagbag.py:545} INFO - Filling up the DagBag from /opt/airflow/dags/minio_to_snowflake.py
[2026-07-21T05:53:53.272+0000] {processor.py:840} INFO - DAG(s) 'minio_to_snowflake_banking' retrieved from /opt/airflow/dags/minio_to_snowflake.py
[2026-07-21T05:53:53.319+0000] {logging_mixin.py:188} INFO - [2026-07-21T05:53:53.318+0000] {dag.py:3089} INFO - Sync 1 DAGs
[2026-07-21T05:53:53.347+0000] {logging_mixin.py:188} INFO - [2026-07-21T05:53:53.347+0000] {dag.py:3947} INFO - Setting next_dagrun for minio_to_snowflake_banking to 2026-07-21 05:52:00+00:00, run_after=2026-07-21 05:53:00+00:00
[2026-07-21T05:53:53.371+0000] {processor.py:183} INFO - Processing /opt/airflow/dags/minio_to_snowflake.py took 0.972 seconds
[2026-07-21T05:54:23.826+0000] {processor.py:161} INFO - Started process (PID=4032) to work on /opt/airflow/dags/minio_to_snowflake.py
[2026-07-21T05:54:23.827+0000] {processor.py:830} INFO - Processing file /opt/airflow/dags/minio_to_snowflake.py for tasks to queue
[2026-07-21T05:54:23.830+0000] {logging_mixin.py:188} INFO - [2026-07-21T05:54:23.829+0000] {dagbag.py:545} INFO - Filling up the DagBag from /opt/airflow/dags/minio_to_snowflake.py
[2026-07-21T05:54:24.951+0000] {processor.py:840} INFO - DAG(s) 'minio_to_snowflake_banking' retrieved from /opt/airflow/dags/minio_to_snowflake.py
[2026-07-21T05:54:24.984+0000] {logging_mixin.py:188} INFO - [2026-07-21T05:54:24.984+0000] {dag.py:3089} INFO - Sync 1 DAGs
[2026-07-21T05:54:25.007+0000] {logging_mixin.py:188} INFO - [2026-07-21T05:54:25.007+0000] {dag.py:3947} INFO - Setting next_dagrun for minio_to_snowflake_banking to 2026-07-21 05:53:00+00:00, run_after=2026-07-21 05:54:00+00:00
[2026-07-21T05:54:25.026+0000] {processor.py:183} INFO - Processing /opt/airflow/dags/minio_to_snowflake.py took 1.210 seconds
[2026-07-21T05:54:55.406+0000] {processor.py:161} INFO - Started process (PID=4037) to work on /opt/airflow/dags/minio_to_snowflake.py
[2026-07-21T05:54:55.408+0000] {processor.py:830} INFO - Processing file /opt/airflow/dags/minio_to_snowflake.py for tasks to queue
[2026-07-21T05:54:55.413+0000] {logging_mixin.py:188} INFO - [2026-07-21T05:54:55.412+0000] {dagbag.py:545} INFO - Filling up the DagBag from /opt/airflow/dags/minio_to_snowflake.py
[2026-07-21T05:54:56.284+0000] {processor.py:840} INFO - DAG(s) 'minio_to_snowflake_banking' retrieved from /opt/airflow/dags/minio_to_snowflake.py
[2026-07-21T05:54:56.315+0000] {logging_mixin.py:188} INFO - [2026-07-21T05:54:56.315+0000] {dag.py:3089} INFO - Sync 1 DAGs
[2026-07-21T05:54:56.339+0000] {logging_mixin.py:188} INFO - [2026-07-21T05:54:56.339+0000] {dag.py:3947} INFO - Setting next_dagrun for minio_to_snowflake_banking to 2026-07-21 05:53:00+00:00, run_after=2026-07-21 05:54:00+00:00
[2026-07-21T05:54:56.362+0000] {processor.py:183} INFO - Processing /opt/airflow/dags/minio_to_snowflake.py took 0.971 seconds
[2026-07-21T05:55:26.810+0000] {processor.py:161} INFO - Started process (PID=4042) to work on /opt/airflow/dags/minio_to_snowflake.py
[2026-07-21T05:55:26.822+0000] {processor.py:830} INFO - Processing file /opt/airflow/dags/minio_to_snowflake.py for tasks to queue
[2026-07-21T05:55:26.830+0000] {logging_mixin.py:188} INFO - [2026-07-21T05:55:26.829+0000] {dagbag.py:545} INFO - Filling up the DagBag from /opt/airflow/dags/minio_to_snowflake.py
[2026-07-21T05:55:27.710+0000] {processor.py:840} INFO - DAG(s) 'minio_to_snowflake_banking' retrieved from /opt/airflow/dags/minio_to_snowflake.py
[2026-07-21T05:55:27.741+0000] {logging_mixin.py:188} INFO - [2026-07-21T05:55:27.741+0000] {dag.py:3089} INFO - Sync 1 DAGs
[2026-07-21T05:55:27.765+0000] {logging_mixin.py:188} INFO - [2026-07-21T05:55:27.765+0000] {dag.py:3947} INFO - Setting next_dagrun for minio_to_snowflake_banking to 2026-07-21 05:54:00+00:00, run_after=2026-07-21 05:55:00+00:00
[2026-07-21T05:55:27.788+0000] {processor.py:183} INFO - Processing /opt/airflow/dags/minio_to_snowflake.py took 0.996 seconds
[2026-07-21T05:55:58.171+0000] {processor.py:161} INFO - Started process (PID=4047) to work on /opt/airflow/dags/minio_to_snowflake.py
[2026-07-21T05:55:58.173+0000] {processor.py:830} INFO - Processing file /opt/airflow/dags/minio_to_snowflake.py for tasks to queue
[2026-07-21T05:55:58.176+0000] {logging_mixin.py:188} INFO - [2026-07-21T05:55:58.175+0000] {dagbag.py:545} INFO - Filling up the DagBag from /opt/airflow/dags/minio_to_snowflake.py
[2026-07-21T05:55:59.143+0000] {processor.py:840} INFO - DAG(s) 'minio_to_snowflake_banking' retrieved from /opt/airflow/dags/minio_to_snowflake.py
[2026-07-21T05:55:59.174+0000] {logging_mixin.py:188} INFO - [2026-07-21T05:55:59.173+0000] {dag.py:3089} INFO - Sync 1 DAGs
[2026-07-21T05:55:59.201+0000] {logging_mixin.py:188} INFO - [2026-07-21T05:55:59.201+0000] {dag.py:3947} INFO - Setting next_dagrun for minio_to_snowflake_banking to 2026-07-21 05:54:00+00:00, run_after=2026-07-21 05:55:00+00:00
[2026-07-21T05:55:59.224+0000] {processor.py:183} INFO - Processing /opt/airflow/dags/minio_to_snowflake.py took 1.061 seconds
[2026-07-21T05:56:29.565+0000] {processor.py:161} INFO - Started process (PID=4052) to work on /opt/airflow/dags/minio_to_snowflake.py
[2026-07-21T05:56:29.567+0000] {processor.py:830} INFO - Processing file /opt/airflow/dags/minio_to_snowflake.py for tasks to queue
[2026-07-21T05:56:29.570+0000] {logging_mixin.py:188} INFO - [2026-07-21T05:56:29.570+0000] {dagbag.py:545} INFO - Filling up the DagBag from /opt/airflow/dags/minio_to_snowflake.py
[2026-07-21T05:56:30.396+0000] {processor.py:840} INFO - DAG(s) 'minio_to_snowflake_banking' retrieved from /opt/airflow/dags/minio_to_snowflake.py
[2026-07-21T05:56:30.430+0000] {logging_mixin.py:188} INFO - [2026-07-21T05:56:30.429+0000] {dag.py:3089} INFO - Sync 1 DAGs
[2026-07-21T05:56:30.458+0000] {logging_mixin.py:188} INFO - [2026-07-21T05:56:30.458+0000] {dag.py:3947} INFO - Setting next_dagrun for minio_to_snowflake_banking to 2026-07-21 05:55:00+00:00, run_after=2026-07-21 05:56:00+00:00
[2026-07-21T05:56:30.484+0000] {processor.py:183} INFO - Processing /opt/airflow/dags/minio_to_snowflake.py took 0.930 seconds
[2026-07-21T05:57:00.946+0000] {processor.py:161} INFO - Started process (PID=4057) to work on /opt/airflow/dags/minio_to_snowflake.py
[2026-07-21T05:57:00.947+0000] {processor.py:830} INFO - Processing file /opt/airflow/dags/minio_to_snowflake.py for tasks to queue
[2026-07-21T05:57:00.950+0000] {logging_mixin.py:188} INFO - [2026-07-21T05:57:00.950+0000] {dagbag.py:545} INFO - Filling up the DagBag from /opt/airflow/dags/minio_to_snowflake.py
[2026-07-21T05:57:01.761+0000] {processor.py:840} INFO - DAG(s) 'minio_to_snowflake_banking' retrieved from /opt/airflow/dags/minio_to_snowflake.py
[2026-07-21T05:57:01.792+0000] {logging_mixin.py:188} INFO - [2026-07-21T05:57:01.791+0000] {dag.py:3089} INFO - Sync 1 DAGs
[2026-07-21T05:57:01.815+0000] {logging_mixin.py:188} INFO - [2026-07-21T05:57:01.815+0000] {dag.py:3947} INFO - Setting next_dagrun for minio_to_snowflake_banking to 2026-07-21 05:56:00+00:00, run_after=2026-07-21 05:57:00+00:00
[2026-07-21T05:57:01.835+0000] {processor.py:183} INFO - Processing /opt/airflow/dags/minio_to_snowflake.py took 0.900 seconds
[2026-07-21T05:57:32.229+0000] {processor.py:161} INFO - Started process (PID=4063) to work on /opt/airflow/dags/minio_to_snowflake.py
[2026-07-21T05:57:32.230+0000] {processor.py:830} INFO - Processing file /opt/airflow/dags/minio_to_snowflake.py for tasks to queue
[2026-07-21T05:57:32.233+0000] {logging_mixin.py:188} INFO - [2026-07-21T05:57:32.232+0000] {dagbag.py:545} INFO - Filling up the DagBag from /opt/airflow/dags/minio_to_snowflake.py
[2026-07-21T05:57:33.079+0000] {processor.py:840} INFO - DAG(s) 'minio_to_snowflake_banking' retrieved from /opt/airflow/dags/minio_to_snowflake.py
[2026-07-21T05:57:33.115+0000] {logging_mixin.py:188} INFO - [2026-07-21T05:57:33.114+0000] {dag.py:3089} INFO - Sync 1 DAGs
[2026-07-21T05:57:33.142+0000] {logging_mixin.py:188} INFO - [2026-07-21T05:57:33.142+0000] {dag.py:3947} INFO - Setting next_dagrun for minio_to_snowflake_banking to 2026-07-21 05:56:00+00:00, run_after=2026-07-21 05:57:00+00:00
[2026-07-21T05:57:33.166+0000] {processor.py:183} INFO - Processing /opt/airflow/dags/minio_to_snowflake.py took 0.945 seconds
[2026-07-21T05:58:03.707+0000] {processor.py:161} INFO - Started process (PID=4068) to work on /opt/airflow/dags/minio_to_snowflake.py
[2026-07-21T05:58:03.708+0000] {processor.py:830} INFO - Processing file /opt/airflow/dags/minio_to_snowflake.py for tasks to queue
[2026-07-21T05:58:03.712+0000] {logging_mixin.py:188} INFO - [2026-07-21T05:58:03.711+0000] {dagbag.py:545} INFO - Filling up the DagBag from /opt/airflow/dags/minio_to_snowflake.py
[2026-07-21T05:58:04.614+0000] {processor.py:840} INFO - DAG(s) 'minio_to_snowflake_banking' retrieved from /opt/airflow/dags/minio_to_snowflake.py
[2026-07-21T05:58:04.657+0000] {logging_mixin.py:188} INFO - [2026-07-21T05:58:04.656+0000] {dag.py:3089} INFO - Sync 1 DAGs
[2026-07-21T05:58:04.689+0000] {logging_mixin.py:188} INFO - [2026-07-21T05:58:04.689+0000] {dag.py:3947} INFO - Setting next_dagrun for minio_to_snowflake_banking to 2026-07-21 05:57:00+00:00, run_after=2026-07-21 05:58:00+00:00
[2026-07-21T05:58:04.721+0000] {processor.py:183} INFO - Processing /opt/airflow/dags/minio_to_snowflake.py took 1.024 seconds
[2026-07-21T05:58:35.113+0000] {processor.py:161} INFO - Started process (PID=4073) to work on /opt/airflow/dags/minio_to_snowflake.py
[2026-07-21T05:58:35.115+0000] {processor.py:830} INFO - Processing file /opt/airflow/dags/minio_to_snowflake.py for tasks to queue
[2026-07-21T05:58:35.118+0000] {logging_mixin.py:188} INFO - [2026-07-21T05:58:35.118+0000] {dagbag.py:545} INFO - Filling up the DagBag from /opt/airflow/dags/minio_to_snowflake.py
[2026-07-21T05:58:35.987+0000] {processor.py:840} INFO - DAG(s) 'minio_to_snowflake_banking' retrieved from /opt/airflow/dags/minio_to_snowflake.py
[2026-07-21T05:58:36.015+0000] {logging_mixin.py:188} INFO - [2026-07-21T05:58:36.015+0000] {dag.py:3089} INFO - Sync 1 DAGs
[2026-07-21T05:58:36.039+0000] {logging_mixin.py:188} INFO - [2026-07-21T05:58:36.039+0000] {dag.py:3947} INFO - Setting next_dagrun for minio_to_snowflake_banking to 2026-07-21 05:57:00+00:00, run_after=2026-07-21 05:58:00+00:00
[2026-07-21T05:58:36.064+0000] {processor.py:183} INFO - Processing /opt/airflow/dags/minio_to_snowflake.py took 0.961 seconds
[2026-07-21T05:59:06.570+0000] {processor.py:161} INFO - Started process (PID=4078) to work on /opt/airflow/dags/minio_to_snowflake.py
[2026-07-21T05:59:06.572+0000] {processor.py:830} INFO - Processing file /opt/airflow/dags/minio_to_snowflake.py for tasks to queue
[2026-07-21T05:59:06.577+0000] {logging_mixin.py:188} INFO - [2026-07-21T05:59:06.576+0000] {dagbag.py:545} INFO - Filling up the DagBag from /opt/airflow/dags/minio_to_snowflake.py
[2026-07-21T05:59:07.917+0000] {processor.py:840} INFO - DAG(s) 'minio_to_snowflake_banking' retrieved from /opt/airflow/dags/minio_to_snowflake.py
[2026-07-21T05:59:07.945+0000] {logging_mixin.py:188} INFO - [2026-07-21T05:59:07.944+0000] {dag.py:3089} INFO - Sync 1 DAGs
[2026-07-21T05:59:07.969+0000] {logging_mixin.py:188} INFO - [2026-07-21T05:59:07.969+0000] {dag.py:3947} INFO - Setting next_dagrun for minio_to_snowflake_banking to 2026-07-21 05:58:00+00:00, run_after=2026-07-21 05:59:00+00:00
[2026-07-21T05:59:07.990+0000] {processor.py:183} INFO - Processing /opt/airflow/dags/minio_to_snowflake.py took 1.436 seconds
[2026-07-21T05:59:38.191+0000] {processor.py:161} INFO - Started process (PID=4083) to work on /opt/airflow/dags/minio_to_snowflake.py
[2026-07-21T05:59:38.193+0000] {processor.py:830} INFO - Processing file /opt/airflow/dags/minio_to_snowflake.py for tasks to queue
[2026-07-21T05:59:38.196+0000] {logging_mixin.py:188} INFO - [2026-07-21T05:59:38.195+0000] {dagbag.py:545} INFO - Filling up the DagBag from /opt/airflow/dags/minio_to_snowflake.py
[2026-07-21T05:59:39.064+0000] {processor.py:840} INFO - DAG(s) 'minio_to_snowflake_banking' retrieved from /opt/airflow/dags/minio_to_snowflake.py
[2026-07-21T05:59:39.095+0000] {logging_mixin.py:188} INFO - [2026-07-21T05:59:39.095+0000] {dag.py:3089} INFO - Sync 1 DAGs
[2026-07-21T05:59:39.117+0000] {logging_mixin.py:188} INFO - [2026-07-21T05:59:39.117+0000] {dag.py:3947} INFO - Setting next_dagrun for minio_to_snowflake_banking to 2026-07-21 05:58:00+00:00, run_after=2026-07-21 05:59:00+00:00
[2026-07-21T05:59:39.140+0000] {processor.py:183} INFO - Processing /opt/airflow/dags/minio_to_snowflake.py took 0.958 seconds
[2026-07-21T06:00:09.265+0000] {processor.py:161} INFO - Started process (PID=4088) to work on /opt/airflow/dags/minio_to_snowflake.py
[2026-07-21T06:00:09.266+0000] {processor.py:830} INFO - Processing file /opt/airflow/dags/minio_to_snowflake.py for tasks to queue
[2026-07-21T06:00:09.270+0000] {logging_mixin.py:188} INFO - [2026-07-21T06:00:09.270+0000] {dagbag.py:545} INFO - Filling up the DagBag from /opt/airflow/dags/minio_to_snowflake.py
[2026-07-21T06:00:10.029+0000] {processor.py:840} INFO - DAG(s) 'minio_to_snowflake_banking' retrieved from /opt/airflow/dags/minio_to_snowflake.py
[2026-07-21T06:00:10.060+0000] {logging_mixin.py:188} INFO - [2026-07-21T06:00:10.059+0000] {dag.py:3089} INFO - Sync 1 DAGs
[2026-07-21T06:00:10.092+0000] {logging_mixin.py:188} INFO - [2026-07-21T06:00:10.092+0000] {dag.py:3947} INFO - Setting next_dagrun for minio_to_snowflake_banking to 2026-07-21 05:59:00+00:00, run_after=2026-07-21 06:00:00+00:00
[2026-07-21T06:00:10.113+0000] {processor.py:183} INFO - Processing /opt/airflow/dags/minio_to_snowflake.py took 0.859 seconds
[2026-07-21T06:00:40.685+0000] {processor.py:161} INFO - Started process (PID=4093) to work on /opt/airflow/dags/minio_to_snowflake.py
[2026-07-21T06:00:40.687+0000] {processor.py:830} INFO - Processing file /opt/airflow/dags/minio_to_snowflake.py for tasks to queue
[2026-07-21T06:00:40.690+0000] {logging_mixin.py:188} INFO - [2026-07-21T06:00:40.689+0000] {dagbag.py:545} INFO - Filling up the DagBag from /opt/airflow/dags/minio_to_snowflake.py
[2026-07-21T06:00:41.488+0000] {processor.py:840} INFO - DAG(s) 'minio_to_snowflake_banking' retrieved from /opt/airflow/dags/minio_to_snowflake.py
[2026-07-21T06:00:41.517+0000] {logging_mixin.py:188} INFO - [2026-07-21T06:00:41.517+0000] {dag.py:3089} INFO - Sync 1 DAGs
[2026-07-21T06:00:41.539+0000] {logging_mixin.py:188} INFO - [2026-07-21T06:00:41.539+0000] {dag.py:3947} INFO - Setting next_dagrun for minio_to_snowflake_banking to 2026-07-21 05:59:00+00:00, run_after=2026-07-21 06:00:00+00:00
[2026-07-21T06:00:41.560+0000] {processor.py:183} INFO - Processing /opt/airflow/dags/minio_to_snowflake.py took 0.883 seconds
[2026-07-21T06:01:12.000+0000] {processor.py:161} INFO - Started process (PID=4098) to work on /opt/airflow/dags/minio_to_snowflake.py
[2026-07-21T06:01:12.001+0000] {processor.py:830} INFO - Processing file /opt/airflow/dags/minio_to_snowflake.py for tasks to queue
[2026-07-21T06:01:12.003+0000] {logging_mixin.py:188} INFO - [2026-07-21T06:01:12.003+0000] {dagbag.py:545} INFO - Filling up the DagBag from /opt/airflow/dags/minio_to_snowflake.py
[2026-07-21T06:01:12.824+0000] {processor.py:840} INFO - DAG(s) 'minio_to_snowflake_banking' retrieved from /opt/airflow/dags/minio_to_snowflake.py
[2026-07-21T06:01:12.858+0000] {logging_mixin.py:188} INFO - [2026-07-21T06:01:12.857+0000] {dag.py:3089} INFO - Sync 1 DAGs
[2026-07-21T06:01:12.884+0000] {logging_mixin.py:188} INFO - [2026-07-21T06:01:12.884+0000] {dag.py:3947} INFO - Setting next_dagrun for minio_to_snowflake_banking to 2026-07-21 06:00:00+00:00, run_after=2026-07-21 06:01:00+00:00
[2026-07-21T06:01:12.905+0000] {processor.py:183} INFO - Processing /opt/airflow/dags/minio_to_snowflake.py took 0.913 seconds
[2026-07-21T06:01:43.586+0000] {processor.py:161} INFO - Started process (PID=4103) to work on /opt/airflow/dags/minio_to_snowflake.py
[2026-07-21T06:01:43.588+0000] {processor.py:830} INFO - Processing file /opt/airflow/dags/minio_to_snowflake.py for tasks to queue
[2026-07-21T06:01:43.590+0000] {logging_mixin.py:188} INFO - [2026-07-21T06:01:43.590+0000] {dagbag.py:545} INFO - Filling up the DagBag from /opt/airflow/dags/minio_to_snowflake.py
[2026-07-21T06:01:44.477+0000] {processor.py:840} INFO - DAG(s) 'minio_to_snowflake_banking' retrieved from /opt/airflow/dags/minio_to_snowflake.py
[2026-07-21T06:01:44.520+0000] {logging_mixin.py:188} INFO - [2026-07-21T06:01:44.519+0000] {dag.py:3089} INFO - Sync 1 DAGs
[2026-07-21T06:01:44.545+0000] {logging_mixin.py:188} INFO - [2026-07-21T06:01:44.545+0000] {dag.py:3947} INFO - Setting next_dagrun for minio_to_snowflake_banking to 2026-07-21 06:00:00+00:00, run_after=2026-07-21 06:01:00+00:00
[2026-07-21T06:01:44.568+0000] {processor.py:183} INFO - Processing /opt/airflow/dags/minio_to_snowflake.py took 0.990 seconds
[2026-07-21T06:02:14.940+0000] {processor.py:161} INFO - Started process (PID=4108) to work on /opt/airflow/dags/minio_to_snowflake.py
[2026-07-21T06:02:14.943+0000] {processor.py:830} INFO - Processing file /opt/airflow/dags/minio_to_snowflake.py for tasks to queue
[2026-07-21T06:02:14.946+0000] {logging_mixin.py:188} INFO - [2026-07-21T06:02:14.945+0000] {dagbag.py:545} INFO - Filling up the DagBag from /opt/airflow/dags/minio_to_snowflake.py
[2026-07-21T06:02:15.910+0000] {processor.py:840} INFO - DAG(s) 'minio_to_snowflake_banking' retrieved from /opt/airflow/dags/minio_to_snowflake.py
[2026-07-21T06:02:15.940+0000] {logging_mixin.py:188} INFO - [2026-07-21T06:02:15.940+0000] {dag.py:3089} INFO - Sync 1 DAGs
[2026-07-21T06:02:15.965+0000] {logging_mixin.py:188} INFO - [2026-07-21T06:02:15.965+0000] {dag.py:3947} INFO - Setting next_dagrun for minio_to_snowflake_banking to 2026-07-21 06:01:00+00:00, run_after=2026-07-21 06:02:00+00:00
[2026-07-21T06:02:15.985+0000] {processor.py:183} INFO - Processing /opt/airflow/dags/minio_to_snowflake.py took 1.056 seconds
[2026-07-21T06:02:46.330+0000] {processor.py:161} INFO - Started process (PID=4113) to work on /opt/airflow/dags/minio_to_snowflake.py
[2026-07-21T06:02:46.331+0000] {processor.py:830} INFO - Processing file /opt/airflow/dags/minio_to_snowflake.py for tasks to queue
[2026-07-21T06:02:46.333+0000] {logging_mixin.py:188} INFO - [2026-07-21T06:02:46.333+0000] {dagbag.py:545} INFO - Filling up the DagBag from /opt/airflow/dags/minio_to_snowflake.py
[2026-07-21T06:02:47.140+0000] {processor.py:840} INFO - DAG(s) 'minio_to_snowflake_banking' retrieved from /opt/airflow/dags/minio_to_snowflake.py
[2026-07-21T06:02:47.186+0000] {logging_mixin.py:188} INFO - [2026-07-21T06:02:47.185+0000] {dag.py:3089} INFO - Sync 1 DAGs
[2026-07-21T06:02:47.216+0000] {logging_mixin.py:188} INFO - [2026-07-21T06:02:47.216+0000] {dag.py:3947} INFO - Setting next_dagrun for minio_to_snowflake_banking to 2026-07-21 06:01:00+00:00, run_after=2026-07-21 06:02:00+00:00
[2026-07-21T06:02:47.239+0000] {processor.py:183} INFO - Processing /opt/airflow/dags/minio_to_snowflake.py took 0.917 seconds
[2026-07-21T06:03:17.723+0000] {processor.py:161} INFO - Started process (PID=4118) to work on /opt/airflow/dags/minio_to_snowflake.py
[2026-07-21T06:03:17.724+0000] {processor.py:830} INFO - Processing file /opt/airflow/dags/minio_to_snowflake.py for tasks to queue
[2026-07-21T06:03:17.726+0000] {logging_mixin.py:188} INFO - [2026-07-21T06:03:17.726+0000] {dagbag.py:545} INFO - Filling up the DagBag from /opt/airflow/dags/minio_to_snowflake.py
[2026-07-21T06:03:18.535+0000] {processor.py:840} INFO - DAG(s) 'minio_to_snowflake_banking' retrieved from /opt/airflow/dags/minio_to_snowflake.py
[2026-07-21T06:03:18.564+0000] {logging_mixin.py:188} INFO - [2026-07-21T06:03:18.564+0000] {dag.py:3089} INFO - Sync 1 DAGs
[2026-07-21T06:03:18.588+0000] {logging_mixin.py:188} INFO - [2026-07-21T06:03:18.588+0000] {dag.py:3947} INFO - Setting next_dagrun for minio_to_snowflake_banking to 2026-07-21 06:02:00+00:00, run_after=2026-07-21 06:03:00+00:00
[2026-07-21T06:03:18.611+0000] {processor.py:183} INFO - Processing /opt/airflow/dags/minio_to_snowflake.py took 0.896 seconds
[2026-07-21T06:03:49.045+0000] {processor.py:161} INFO - Started process (PID=4123) to work on /opt/airflow/dags/minio_to_snowflake.py
[2026-07-21T06:03:49.047+0000] {processor.py:830} INFO - Processing file /opt/airflow/dags/minio_to_snowflake.py for tasks to queue
[2026-07-21T06:03:49.051+0000] {logging_mixin.py:188} INFO - [2026-07-21T06:03:49.050+0000] {dagbag.py:545} INFO - Filling up the DagBag from /opt/airflow/dags/minio_to_snowflake.py
[2026-07-21T06:03:49.907+0000] {processor.py:840} INFO - DAG(s) 'minio_to_snowflake_banking' retrieved from /opt/airflow/dags/minio_to_snowflake.py
[2026-07-21T06:03:49.944+0000] {logging_mixin.py:188} INFO - [2026-07-21T06:03:49.943+0000] {dag.py:3089} INFO - Sync 1 DAGs
[2026-07-21T06:03:49.975+0000] {logging_mixin.py:188} INFO - [2026-07-21T06:03:49.975+0000] {dag.py:3947} INFO - Setting next_dagrun for minio_to_snowflake_banking to 2026-07-21 06:02:00+00:00, run_after=2026-07-21 06:03:00+00:00
[2026-07-21T06:03:50.006+0000] {processor.py:183} INFO - Processing /opt/airflow/dags/minio_to_snowflake.py took 0.969 seconds
[2026-07-21T06:04:20.336+0000] {processor.py:161} INFO - Started process (PID=4128) to work on /opt/airflow/dags/minio_to_snowflake.py
[2026-07-21T06:04:20.337+0000] {processor.py:830} INFO - Processing file /opt/airflow/dags/minio_to_snowflake.py for tasks to queue
[2026-07-21T06:04:20.339+0000] {logging_mixin.py:188} INFO - [2026-07-21T06:04:20.339+0000] {dagbag.py:545} INFO - Filling up the DagBag from /opt/airflow/dags/minio_to_snowflake.py
[2026-07-21T06:04:21.142+0000] {processor.py:840} INFO - DAG(s) 'minio_to_snowflake_banking' retrieved from /opt/airflow/dags/minio_to_snowflake.py
[2026-07-21T06:04:21.171+0000] {logging_mixin.py:188} INFO - [2026-07-21T06:04:21.170+0000] {dag.py:3089} INFO - Sync 1 DAGs
[2026-07-21T06:04:21.196+0000] {logging_mixin.py:188} INFO - [2026-07-21T06:04:21.196+0000] {dag.py:3947} INFO - Setting next_dagrun for minio_to_snowflake_banking to 2026-07-21 06:03:00+00:00, run_after=2026-07-21 06:04:00+00:00
[2026-07-21T06:04:21.215+0000] {processor.py:183} INFO - Processing /opt/airflow/dags/minio_to_snowflake.py took 0.888 seconds
[2026-07-21T06:04:51.862+0000] {processor.py:161} INFO - Started process (PID=4133) to work on /opt/airflow/dags/minio_to_snowflake.py
[2026-07-21T06:04:51.864+0000] {processor.py:830} INFO - Processing file /opt/airflow/dags/minio_to_snowflake.py for tasks to queue
[2026-07-21T06:04:51.867+0000] {logging_mixin.py:188} INFO - [2026-07-21T06:04:51.867+0000] {dagbag.py:545} INFO - Filling up the DagBag from /opt/airflow/dags/minio_to_snowflake.py
[2026-07-21T06:04:52.661+0000] {processor.py:840} INFO - DAG(s) 'minio_to_snowflake_banking' retrieved from /opt/airflow/dags/minio_to_snowflake.py
[2026-07-21T06:04:52.692+0000] {logging_mixin.py:188} INFO - [2026-07-21T06:04:52.692+0000] {dag.py:3089} INFO - Sync 1 DAGs
[2026-07-21T06:04:52.715+0000] {logging_mixin.py:188} INFO - [2026-07-21T06:04:52.715+0000] {dag.py:3947} INFO - Setting next_dagrun for minio_to_snowflake_banking to 2026-07-21 06:03:00+00:00, run_after=2026-07-21 06:04:00+00:00
[2026-07-21T06:04:52.736+0000] {processor.py:183} INFO - Processing /opt/airflow/dags/minio_to_snowflake.py took 0.881 seconds
[2026-07-21T06:05:23.067+0000] {processor.py:161} INFO - Started process (PID=4138) to work on /opt/airflow/dags/minio_to_snowflake.py
[2026-07-21T06:05:23.070+0000] {processor.py:830} INFO - Processing file /opt/airflow/dags/minio_to_snowflake.py for tasks to queue
[2026-07-21T06:05:23.075+0000] {logging_mixin.py:188} INFO - [2026-07-21T06:05:23.074+0000] {dagbag.py:545} INFO - Filling up the DagBag from /opt/airflow/dags/minio_to_snowflake.py
[2026-07-21T06:05:23.852+0000] {processor.py:840} INFO - DAG(s) 'minio_to_snowflake_banking' retrieved from /opt/airflow/dags/minio_to_snowflake.py
[2026-07-21T06:05:23.881+0000] {logging_mixin.py:188} INFO - [2026-07-21T06:05:23.881+0000] {dag.py:3089} INFO - Sync 1 DAGs
[2026-07-21T06:05:23.904+0000] {logging_mixin.py:188} INFO - [2026-07-21T06:05:23.904+0000] {dag.py:3947} INFO - Setting next_dagrun for minio_to_snowflake_banking to 2026-07-21 06:04:00+00:00, run_after=2026-07-21 06:05:00+00:00
[2026-07-21T06:05:23.926+0000] {processor.py:183} INFO - Processing /opt/airflow/dags/minio_to_snowflake.py took 0.870 seconds
[2026-07-21T06:05:54.276+0000] {processor.py:161} INFO - Started process (PID=4143) to work on /opt/airflow/dags/minio_to_snowflake.py
[2026-07-21T06:05:54.278+0000] {processor.py:830} INFO - Processing file /opt/airflow/dags/minio_to_snowflake.py for tasks to queue
[2026-07-21T06:05:54.280+0000] {logging_mixin.py:188} INFO - [2026-07-21T06:05:54.280+0000] {dagbag.py:545} INFO - Filling up the DagBag from /opt/airflow/dags/minio_to_snowflake.py
[2026-07-21T06:05:55.029+0000] {processor.py:840} INFO - DAG(s) 'minio_to_snowflake_banking' retrieved from /opt/airflow/dags/minio_to_snowflake.py
[2026-07-21T06:05:55.066+0000] {logging_mixin.py:188} INFO - [2026-07-21T06:05:55.065+0000] {dag.py:3089} INFO - Sync 1 DAGs
[2026-07-21T06:05:55.122+0000] {logging_mixin.py:188} INFO - [2026-07-21T06:05:55.122+0000] {dag.py:3947} INFO - Setting next_dagrun for minio_to_snowflake_banking to 2026-07-21 06:04:00+00:00, run_after=2026-07-21 06:05:00+00:00
[2026-07-21T06:05:55.170+0000] {processor.py:183} INFO - Processing /opt/airflow/dags/minio_to_snowflake.py took 0.902 seconds
[2026-07-21T06:06:25.508+0000] {processor.py:161} INFO - Started process (PID=4148) to work on /opt/airflow/dags/minio_to_snowflake.py
[2026-07-21T06:06:25.510+0000] {processor.py:830} INFO - Processing file /opt/airflow/dags/minio_to_snowflake.py for tasks to queue
[2026-07-21T06:06:25.512+0000] {logging_mixin.py:188} INFO - [2026-07-21T06:06:25.512+0000] {dagbag.py:545} INFO - Filling up the DagBag from /opt/airflow/dags/minio_to_snowflake.py
[2026-07-21T06:06:26.385+0000] {processor.py:840} INFO - DAG(s) 'minio_to_snowflake_banking' retrieved from /opt/airflow/dags/minio_to_snowflake.py
[2026-07-21T06:06:26.416+0000] {logging_mixin.py:188} INFO - [2026-07-21T06:06:26.416+0000] {dag.py:3089} INFO - Sync 1 DAGs
[2026-07-21T06:06:26.441+0000] {logging_mixin.py:188} INFO - [2026-07-21T06:06:26.441+0000] {dag.py:3947} INFO - Setting next_dagrun for minio_to_snowflake_banking to 2026-07-21 06:05:00+00:00, run_after=2026-07-21 06:06:00+00:00
[2026-07-21T06:06:26.460+0000] {processor.py:183} INFO - Processing /opt/airflow/dags/minio_to_snowflake.py took 0.960 seconds
[2026-07-21T06:06:56.996+0000] {processor.py:161} INFO - Started process (PID=4153) to work on /opt/airflow/dags/minio_to_snowflake.py
[2026-07-21T06:06:56.998+0000] {processor.py:830} INFO - Processing file /opt/airflow/dags/minio_to_snowflake.py for tasks to queue
[2026-07-21T06:06:57.000+0000] {logging_mixin.py:188} INFO - [2026-07-21T06:06:57.000+0000] {dagbag.py:545} INFO - Filling up the DagBag from /opt/airflow/dags/minio_to_snowflake.py
[2026-07-21T06:06:57.905+0000] {processor.py:840} INFO - DAG(s) 'minio_to_snowflake_banking' retrieved from /opt/airflow/dags/minio_to_snowflake.py
[2026-07-21T06:06:57.936+0000] {logging_mixin.py:188} INFO - [2026-07-21T06:06:57.936+0000] {dag.py:3089} INFO - Sync 1 DAGs
[2026-07-21T06:06:57.964+0000] {logging_mixin.py:188} INFO - [2026-07-21T06:06:57.963+0000] {dag.py:3947} INFO - Setting next_dagrun for minio_to_snowflake_banking to 2026-07-21 06:05:00+00:00, run_after=2026-07-21 06:06:00+00:00
[2026-07-21T06:06:57.985+0000] {processor.py:183} INFO - Processing /opt/airflow/dags/minio_to_snowflake.py took 0.998 seconds
[2026-07-21T06:07:28.317+0000] {processor.py:161} INFO - Started process (PID=4158) to work on /opt/airflow/dags/minio_to_snowflake.py
[2026-07-21T06:07:28.319+0000] {processor.py:830} INFO - Processing file /opt/airflow/dags/minio_to_snowflake.py for tasks to queue
[2026-07-21T06:07:28.323+0000] {logging_mixin.py:188} INFO - [2026-07-21T06:07:28.323+0000] {dagbag.py:545} INFO - Filling up the DagBag from /opt/airflow/dags/minio_to_snowflake.py
[2026-07-21T06:07:29.558+0000] {processor.py:840} INFO - DAG(s) 'minio_to_snowflake_banking' retrieved from /opt/airflow/dags/minio_to_snowflake.py
[2026-07-21T06:07:29.586+0000] {logging_mixin.py:188} INFO - [2026-07-21T06:07:29.586+0000] {dag.py:3089} INFO - Sync 1 DAGs
[2026-07-21T06:07:29.617+0000] {logging_mixin.py:188} INFO - [2026-07-21T06:07:29.616+0000] {dag.py:3947} INFO - Setting next_dagrun for minio_to_snowflake_banking to 2026-07-21 06:06:00+00:00, run_after=2026-07-21 06:07:00+00:00
[2026-07-21T06:07:29.645+0000] {processor.py:183} INFO - Processing /opt/airflow/dags/minio_to_snowflake.py took 1.339 seconds
[2026-07-21T06:07:59.778+0000] {processor.py:161} INFO - Started process (PID=4163) to work on /opt/airflow/dags/minio_to_snowflake.py
[2026-07-21T06:07:59.781+0000] {processor.py:830} INFO - Processing file /opt/airflow/dags/minio_to_snowflake.py for tasks to queue
[2026-07-21T06:07:59.784+0000] {logging_mixin.py:188} INFO - [2026-07-21T06:07:59.783+0000] {dagbag.py:545} INFO - Filling up the DagBag from /opt/airflow/dags/minio_to_snowflake.py
[2026-07-21T06:08:00.636+0000] {processor.py:840} INFO - DAG(s) 'minio_to_snowflake_banking' retrieved from /opt/airflow/dags/minio_to_snowflake.py
[2026-07-21T06:08:00.673+0000] {logging_mixin.py:188} INFO - [2026-07-21T06:08:00.672+0000] {dag.py:3089} INFO - Sync 1 DAGs
[2026-07-21T06:08:00.701+0000] {logging_mixin.py:188} INFO - [2026-07-21T06:08:00.701+0000] {dag.py:3947} INFO - Setting next_dagrun for minio_to_snowflake_banking to 2026-07-21 06:07:00+00:00, run_after=2026-07-21 06:08:00+00:00
[2026-07-21T06:08:00.736+0000] {processor.py:183} INFO - Processing /opt/airflow/dags/minio_to_snowflake.py took 0.972 seconds
[2026-07-21T06:08:31.070+0000] {processor.py:161} INFO - Started process (PID=4168) to work on /opt/airflow/dags/minio_to_snowflake.py
[2026-07-21T06:08:31.073+0000] {processor.py:830} INFO - Processing file /opt/airflow/dags/minio_to_snowflake.py for tasks to queue
[2026-07-21T06:08:31.076+0000] {logging_mixin.py:188} INFO - [2026-07-21T06:08:31.075+0000] {dagbag.py:545} INFO - Filling up the DagBag from /opt/airflow/dags/minio_to_snowflake.py
[2026-07-21T06:08:31.852+0000] {processor.py:840} INFO - DAG(s) 'minio_to_snowflake_banking' retrieved from /opt/airflow/dags/minio_to_snowflake.py
[2026-07-21T06:08:31.881+0000] {logging_mixin.py:188} INFO - [2026-07-21T06:08:31.881+0000] {dag.py:3089} INFO - Sync 1 DAGs
[2026-07-21T06:08:31.904+0000] {logging_mixin.py:188} INFO - [2026-07-21T06:08:31.904+0000] {dag.py:3947} INFO - Setting next_dagrun for minio_to_snowflake_banking to 2026-07-21 06:07:00+00:00, run_after=2026-07-21 06:08:00+00:00
[2026-07-21T06:08:31.927+0000] {processor.py:183} INFO - Processing /opt/airflow/dags/minio_to_snowflake.py took 0.869 seconds
[2026-07-21T06:09:02.540+0000] {processor.py:161} INFO - Started process (PID=4173) to work on /opt/airflow/dags/minio_to_snowflake.py
[2026-07-21T06:09:02.542+0000] {processor.py:830} INFO - Processing file /opt/airflow/dags/minio_to_snowflake.py for tasks to queue
[2026-07-21T06:09:02.545+0000] {logging_mixin.py:188} INFO - [2026-07-21T06:09:02.545+0000] {dagbag.py:545} INFO - Filling up the DagBag from /opt/airflow/dags/minio_to_snowflake.py
[2026-07-21T06:09:03.393+0000] {processor.py:840} INFO - DAG(s) 'minio_to_snowflake_banking' retrieved from /opt/airflow/dags/minio_to_snowflake.py
[2026-07-21T06:09:03.425+0000] {logging_mixin.py:188} INFO - [2026-07-21T06:09:03.425+0000] {dag.py:3089} INFO - Sync 1 DAGs
[2026-07-21T06:09:03.454+0000] {logging_mixin.py:188} INFO - [2026-07-21T06:09:03.454+0000] {dag.py:3947} INFO - Setting next_dagrun for minio_to_snowflake_banking to 2026-07-21 06:08:00+00:00, run_after=2026-07-21 06:09:00+00:00
[2026-07-21T06:09:03.479+0000] {processor.py:183} INFO - Processing /opt/airflow/dags/minio_to_snowflake.py took 0.950 seconds
[2026-07-21T06:09:33.951+0000] {processor.py:161} INFO - Started process (PID=4178) to work on /opt/airflow/dags/minio_to_snowflake.py
[2026-07-21T06:09:33.952+0000] {processor.py:830} INFO - Processing file /opt/airflow/dags/minio_to_snowflake.py for tasks to queue
[2026-07-21T06:09:33.955+0000] {logging_mixin.py:188} INFO - [2026-07-21T06:09:33.954+0000] {dagbag.py:545} INFO - Filling up the DagBag from /opt/airflow/dags/minio_to_snowflake.py
[2026-07-21T06:09:34.780+0000] {processor.py:840} INFO - DAG(s) 'minio_to_snowflake_banking' retrieved from /opt/airflow/dags/minio_to_snowflake.py
[2026-07-21T06:09:34.814+0000] {logging_mixin.py:188} INFO - [2026-07-21T06:09:34.813+0000] {dag.py:3089} INFO - Sync 1 DAGs
[2026-07-21T06:09:34.836+0000] {logging_mixin.py:188} INFO - [2026-07-21T06:09:34.835+0000] {dag.py:3947} INFO - Setting next_dagrun for minio_to_snowflake_banking to 2026-07-21 06:08:00+00:00, run_after=2026-07-21 06:09:00+00:00
[2026-07-21T06:09:34.858+0000] {processor.py:183} INFO - Processing /opt/airflow/dags/minio_to_snowflake.py took 0.914 seconds
[2026-07-21T06:10:05.219+0000] {processor.py:161} INFO - Started process (PID=4183) to work on /opt/airflow/dags/minio_to_snowflake.py
[2026-07-21T06:10:05.222+0000] {processor.py:830} INFO - Processing file /opt/airflow/dags/minio_to_snowflake.py for tasks to queue
[2026-07-21T06:10:05.225+0000] {logging_mixin.py:188} INFO - [2026-07-21T06:10:05.224+0000] {dagbag.py:545} INFO - Filling up the DagBag from /opt/airflow/dags/minio_to_snowflake.py
[2026-07-21T06:10:06.167+0000] {processor.py:840} INFO - DAG(s) 'minio_to_snowflake_banking' retrieved from /opt/airflow/dags/minio_to_snowflake.py
[2026-07-21T06:10:06.212+0000] {logging_mixin.py:188} INFO - [2026-07-21T06:10:06.211+0000] {dag.py:3089} INFO - Sync 1 DAGs
[2026-07-21T06:10:06.241+0000] {logging_mixin.py:188} INFO - [2026-07-21T06:10:06.241+0000] {dag.py:3947} INFO - Setting next_dagrun for minio_to_snowflake_banking to 2026-07-21 06:09:00+00:00, run_after=2026-07-21 06:10:00+00:00
[2026-07-21T06:10:06.274+0000] {processor.py:183} INFO - Processing /opt/airflow/dags/minio_to_snowflake.py took 1.063 seconds
[2026-07-21T06:10:36.650+0000] {processor.py:161} INFO - Started process (PID=4188) to work on /opt/airflow/dags/minio_to_snowflake.py
[2026-07-21T06:10:36.653+0000] {processor.py:830} INFO - Processing file /opt/airflow/dags/minio_to_snowflake.py for tasks to queue
[2026-07-21T06:10:36.656+0000] {logging_mixin.py:188} INFO - [2026-07-21T06:10:36.655+0000] {dagbag.py:545} INFO - Filling up the DagBag from /opt/airflow/dags/minio_to_snowflake.py
[2026-07-21T06:10:37.492+0000] {processor.py:840} INFO - DAG(s) 'minio_to_snowflake_banking' retrieved from /opt/airflow/dags/minio_to_snowflake.py
[2026-07-21T06:10:37.521+0000] {logging_mixin.py:188} INFO - [2026-07-21T06:10:37.520+0000] {dag.py:3089} INFO - Sync 1 DAGs
[2026-07-21T06:10:37.545+0000] {logging_mixin.py:188} INFO - [2026-07-21T06:10:37.545+0000] {dag.py:3947} INFO - Setting next_dagrun for minio_to_snowflake_banking to 2026-07-21 06:09:00+00:00, run_after=2026-07-21 06:10:00+00:00
[2026-07-21T06:10:37.567+0000] {processor.py:183} INFO - Processing /opt/airflow/dags/minio_to_snowflake.py took 0.927 seconds
[2026-07-21T06:11:08.030+0000] {processor.py:161} INFO - Started process (PID=4193) to work on /opt/airflow/dags/minio_to_snowflake.py
[2026-07-21T06:11:08.031+0000] {processor.py:830} INFO - Processing file /opt/airflow/dags/minio_to_snowflake.py for tasks to queue
[2026-07-21T06:11:08.034+0000] {logging_mixin.py:188} INFO - [2026-07-21T06:11:08.033+0000] {dagbag.py:545} INFO - Filling up the DagBag from /opt/airflow/dags/minio_to_snowflake.py
[2026-07-21T06:11:08.994+0000] {processor.py:840} INFO - DAG(s) 'minio_to_snowflake_banking' retrieved from /opt/airflow/dags/minio_to_snowflake.py
[2026-07-21T06:11:09.093+0000] {logging_mixin.py:188} INFO - [2026-07-21T06:11:09.092+0000] {dag.py:3089} INFO - Sync 1 DAGs
[2026-07-21T06:11:09.191+0000] {logging_mixin.py:188} INFO - [2026-07-21T06:11:09.191+0000] {dag.py:3947} INFO - Setting next_dagrun for minio_to_snowflake_banking to 2026-07-21 06:10:00+00:00, run_after=2026-07-21 06:11:00+00:00
[2026-07-21T06:11:09.219+0000] {processor.py:183} INFO - Processing /opt/airflow/dags/minio_to_snowflake.py took 1.196 seconds
[2026-07-21T06:11:39.568+0000] {processor.py:161} INFO - Started process (PID=4198) to work on /opt/airflow/dags/minio_to_snowflake.py
[2026-07-21T06:11:39.570+0000] {processor.py:830} INFO - Processing file /opt/airflow/dags/minio_to_snowflake.py for tasks to queue
[2026-07-21T06:11:39.572+0000] {logging_mixin.py:188} INFO - [2026-07-21T06:11:39.571+0000] {dagbag.py:545} INFO - Filling up the DagBag from /opt/airflow/dags/minio_to_snowflake.py
[2026-07-21T06:11:40.330+0000] {processor.py:840} INFO - DAG(s) 'minio_to_snowflake_banking' retrieved from /opt/airflow/dags/minio_to_snowflake.py
[2026-07-21T06:11:40.358+0000] {logging_mixin.py:188} INFO - [2026-07-21T06:11:40.357+0000] {dag.py:3089} INFO - Sync 1 DAGs
[2026-07-21T06:11:40.381+0000] {logging_mixin.py:188} INFO - [2026-07-21T06:11:40.381+0000] {dag.py:3947} INFO - Setting next_dagrun for minio_to_snowflake_banking to 2026-07-21 06:10:00+00:00, run_after=2026-07-21 06:11:00+00:00
[2026-07-21T06:11:40.404+0000] {processor.py:183} INFO - Processing /opt/airflow/dags/minio_to_snowflake.py took 0.844 seconds
[2026-07-21T06:12:10.868+0000] {processor.py:161} INFO - Started process (PID=4203) to work on /opt/airflow/dags/minio_to_snowflake.py
[2026-07-21T06:12:10.871+0000] {processor.py:830} INFO - Processing file /opt/airflow/dags/minio_to_snowflake.py for tasks to queue
[2026-07-21T06:12:10.873+0000] {logging_mixin.py:188} INFO - [2026-07-21T06:12:10.873+0000] {dagbag.py:545} INFO - Filling up the DagBag from /opt/airflow/dags/minio_to_snowflake.py
[2026-07-21T06:12:11.743+0000] {processor.py:840} INFO - DAG(s) 'minio_to_snowflake_banking' retrieved from /opt/airflow/dags/minio_to_snowflake.py
[2026-07-21T06:12:11.770+0000] {logging_mixin.py:188} INFO - [2026-07-21T06:12:11.769+0000] {dag.py:3089} INFO - Sync 1 DAGs
[2026-07-21T06:12:11.792+0000] {logging_mixin.py:188} INFO - [2026-07-21T06:12:11.791+0000] {dag.py:3947} INFO - Setting next_dagrun for minio_to_snowflake_banking to 2026-07-21 06:11:00+00:00, run_after=2026-07-21 06:12:00+00:00
[2026-07-21T06:12:11.815+0000] {processor.py:183} INFO - Processing /opt/airflow/dags/minio_to_snowflake.py took 0.955 seconds
