[2026-07-21T03:07:24.576+0000] {processor.py:161} INFO - Started process (PID=2367) to work on /opt/airflow/dags/scd.py
[2026-07-21T03:07:24.597+0000] {processor.py:830} INFO - Processing file /opt/airflow/dags/scd.py for tasks to queue
[2026-07-21T03:07:24.615+0000] {logging_mixin.py:188} INFO - [2026-07-21T03:07:24.614+0000] {dagbag.py:545} INFO - Filling up the DagBag from /opt/airflow/dags/scd.py
[2026-07-21T03:07:25.340+0000] {processor.py:840} INFO - DAG(s) 'SCD2_snapshots' retrieved from /opt/airflow/dags/scd.py
[2026-07-21T03:07:25.545+0000] {logging_mixin.py:188} INFO - [2026-07-21T03:07:25.544+0000] {dag.py:3089} INFO - Sync 1 DAGs
[2026-07-21T03:07:25.654+0000] {logging_mixin.py:188} INFO - [2026-07-21T03:07:25.654+0000] {dag.py:3947} INFO - Setting next_dagrun for SCD2_snapshots to 2026-07-21 00:00:00+00:00, run_after=2026-07-22 00:00:00+00:00
[2026-07-21T03:07:25.753+0000] {processor.py:183} INFO - Processing /opt/airflow/dags/scd.py took 1.200 seconds
[2026-07-21T03:07:56.313+0000] {processor.py:161} INFO - Started process (PID=2393) to work on /opt/airflow/dags/scd.py
[2026-07-21T03:07:56.318+0000] {processor.py:830} INFO - Processing file /opt/airflow/dags/scd.py for tasks to queue
[2026-07-21T03:07:56.330+0000] {logging_mixin.py:188} INFO - [2026-07-21T03:07:56.328+0000] {dagbag.py:545} INFO - Filling up the DagBag from /opt/airflow/dags/scd.py
[2026-07-21T03:07:56.451+0000] {processor.py:840} INFO - DAG(s) 'SCD2_snapshots' retrieved from /opt/airflow/dags/scd.py
[2026-07-21T03:07:56.607+0000] {logging_mixin.py:188} INFO - [2026-07-21T03:07:56.606+0000] {dag.py:3089} INFO - Sync 1 DAGs
[2026-07-21T03:07:56.723+0000] {logging_mixin.py:188} INFO - [2026-07-21T03:07:56.722+0000] {dag.py:3947} INFO - Setting next_dagrun for SCD2_snapshots to 2026-07-21 00:00:00+00:00, run_after=2026-07-22 00:00:00+00:00
[2026-07-21T03:07:56.774+0000] {processor.py:183} INFO - Processing /opt/airflow/dags/scd.py took 0.499 seconds
[2026-07-21T03:08:27.207+0000] {processor.py:161} INFO - Started process (PID=2436) to work on /opt/airflow/dags/scd.py
[2026-07-21T03:08:27.209+0000] {processor.py:830} INFO - Processing file /opt/airflow/dags/scd.py for tasks to queue
[2026-07-21T03:08:27.215+0000] {logging_mixin.py:188} INFO - [2026-07-21T03:08:27.213+0000] {dagbag.py:545} INFO - Filling up the DagBag from /opt/airflow/dags/scd.py
[2026-07-21T03:08:27.265+0000] {processor.py:840} INFO - DAG(s) 'SCD2_snapshots' retrieved from /opt/airflow/dags/scd.py
[2026-07-21T03:08:27.318+0000] {logging_mixin.py:188} INFO - [2026-07-21T03:08:27.317+0000] {dag.py:3089} INFO - Sync 1 DAGs
[2026-07-21T03:08:27.364+0000] {logging_mixin.py:188} INFO - [2026-07-21T03:08:27.363+0000] {dag.py:3947} INFO - Setting next_dagrun for SCD2_snapshots to 2026-07-21 00:00:00+00:00, run_after=2026-07-22 00:00:00+00:00
[2026-07-21T03:08:27.395+0000] {processor.py:183} INFO - Processing /opt/airflow/dags/scd.py took 0.201 seconds
[2026-07-21T03:08:57.708+0000] {processor.py:161} INFO - Started process (PID=2441) to work on /opt/airflow/dags/scd.py
[2026-07-21T03:08:57.709+0000] {processor.py:830} INFO - Processing file /opt/airflow/dags/scd.py for tasks to queue
[2026-07-21T03:08:57.712+0000] {logging_mixin.py:188} INFO - [2026-07-21T03:08:57.711+0000] {dagbag.py:545} INFO - Filling up the DagBag from /opt/airflow/dags/scd.py
[2026-07-21T03:08:57.739+0000] {processor.py:840} INFO - DAG(s) 'SCD2_snapshots' retrieved from /opt/airflow/dags/scd.py
[2026-07-21T03:08:57.776+0000] {logging_mixin.py:188} INFO - [2026-07-21T03:08:57.775+0000] {dag.py:3089} INFO - Sync 1 DAGs
[2026-07-21T03:08:57.800+0000] {logging_mixin.py:188} INFO - [2026-07-21T03:08:57.800+0000] {dag.py:3947} INFO - Setting next_dagrun for SCD2_snapshots to 2026-07-21 00:00:00+00:00, run_after=2026-07-22 00:00:00+00:00
[2026-07-21T03:08:57.820+0000] {processor.py:183} INFO - Processing /opt/airflow/dags/scd.py took 0.120 seconds
[2026-07-21T03:09:28.213+0000] {processor.py:161} INFO - Started process (PID=2446) to work on /opt/airflow/dags/scd.py
[2026-07-21T03:09:28.217+0000] {processor.py:830} INFO - Processing file /opt/airflow/dags/scd.py for tasks to queue
[2026-07-21T03:09:28.227+0000] {logging_mixin.py:188} INFO - [2026-07-21T03:09:28.226+0000] {dagbag.py:545} INFO - Filling up the DagBag from /opt/airflow/dags/scd.py
[2026-07-21T03:09:28.263+0000] {processor.py:840} INFO - DAG(s) 'SCD2_snapshots' retrieved from /opt/airflow/dags/scd.py
[2026-07-21T03:09:28.301+0000] {logging_mixin.py:188} INFO - [2026-07-21T03:09:28.300+0000] {dag.py:3089} INFO - Sync 1 DAGs
[2026-07-21T03:09:28.326+0000] {logging_mixin.py:188} INFO - [2026-07-21T03:09:28.325+0000] {dag.py:3947} INFO - Setting next_dagrun for SCD2_snapshots to 2026-07-21 00:00:00+00:00, run_after=2026-07-22 00:00:00+00:00
[2026-07-21T03:09:28.350+0000] {processor.py:183} INFO - Processing /opt/airflow/dags/scd.py took 0.154 seconds
[2026-07-21T03:09:58.691+0000] {processor.py:161} INFO - Started process (PID=2451) to work on /opt/airflow/dags/scd.py
[2026-07-21T03:09:58.693+0000] {processor.py:830} INFO - Processing file /opt/airflow/dags/scd.py for tasks to queue
[2026-07-21T03:09:58.696+0000] {logging_mixin.py:188} INFO - [2026-07-21T03:09:58.696+0000] {dagbag.py:545} INFO - Filling up the DagBag from /opt/airflow/dags/scd.py
[2026-07-21T03:09:58.725+0000] {processor.py:840} INFO - DAG(s) 'SCD2_snapshots' retrieved from /opt/airflow/dags/scd.py
[2026-07-21T03:09:58.765+0000] {logging_mixin.py:188} INFO - [2026-07-21T03:09:58.765+0000] {dag.py:3089} INFO - Sync 1 DAGs
[2026-07-21T03:09:58.796+0000] {logging_mixin.py:188} INFO - [2026-07-21T03:09:58.796+0000] {dag.py:3947} INFO - Setting next_dagrun for SCD2_snapshots to 2026-07-21 00:00:00+00:00, run_after=2026-07-22 00:00:00+00:00
[2026-07-21T03:09:58.820+0000] {processor.py:183} INFO - Processing /opt/airflow/dags/scd.py took 0.152 seconds
[2026-07-21T03:10:29.193+0000] {processor.py:161} INFO - Started process (PID=2456) to work on /opt/airflow/dags/scd.py
[2026-07-21T03:10:29.195+0000] {processor.py:830} INFO - Processing file /opt/airflow/dags/scd.py for tasks to queue
[2026-07-21T03:10:29.199+0000] {logging_mixin.py:188} INFO - [2026-07-21T03:10:29.198+0000] {dagbag.py:545} INFO - Filling up the DagBag from /opt/airflow/dags/scd.py
[2026-07-21T03:10:29.231+0000] {processor.py:840} INFO - DAG(s) 'SCD2_snapshots' retrieved from /opt/airflow/dags/scd.py
[2026-07-21T03:10:29.279+0000] {logging_mixin.py:188} INFO - [2026-07-21T03:10:29.279+0000] {dag.py:3089} INFO - Sync 1 DAGs
[2026-07-21T03:10:29.309+0000] {logging_mixin.py:188} INFO - [2026-07-21T03:10:29.309+0000] {dag.py:3947} INFO - Setting next_dagrun for SCD2_snapshots to 2026-07-21 00:00:00+00:00, run_after=2026-07-22 00:00:00+00:00
[2026-07-21T03:10:29.332+0000] {processor.py:183} INFO - Processing /opt/airflow/dags/scd.py took 0.149 seconds
[2026-07-21T03:10:59.583+0000] {processor.py:161} INFO - Started process (PID=2461) to work on /opt/airflow/dags/scd.py
[2026-07-21T03:10:59.585+0000] {processor.py:830} INFO - Processing file /opt/airflow/dags/scd.py for tasks to queue
[2026-07-21T03:10:59.587+0000] {logging_mixin.py:188} INFO - [2026-07-21T03:10:59.586+0000] {dagbag.py:545} INFO - Filling up the DagBag from /opt/airflow/dags/scd.py
[2026-07-21T03:10:59.616+0000] {processor.py:840} INFO - DAG(s) 'SCD2_snapshots' retrieved from /opt/airflow/dags/scd.py
[2026-07-21T03:10:59.653+0000] {logging_mixin.py:188} INFO - [2026-07-21T03:10:59.652+0000] {dag.py:3089} INFO - Sync 1 DAGs
[2026-07-21T03:10:59.677+0000] {logging_mixin.py:188} INFO - [2026-07-21T03:10:59.677+0000] {dag.py:3947} INFO - Setting next_dagrun for SCD2_snapshots to 2026-07-21 00:00:00+00:00, run_after=2026-07-22 00:00:00+00:00
[2026-07-21T03:10:59.700+0000] {processor.py:183} INFO - Processing /opt/airflow/dags/scd.py took 0.123 seconds
[2026-07-21T03:11:29.846+0000] {processor.py:161} INFO - Started process (PID=2466) to work on /opt/airflow/dags/scd.py
[2026-07-21T03:11:29.848+0000] {processor.py:830} INFO - Processing file /opt/airflow/dags/scd.py for tasks to queue
[2026-07-21T03:11:29.850+0000] {logging_mixin.py:188} INFO - [2026-07-21T03:11:29.850+0000] {dagbag.py:545} INFO - Filling up the DagBag from /opt/airflow/dags/scd.py
[2026-07-21T03:11:29.876+0000] {processor.py:840} INFO - DAG(s) 'SCD2_snapshots' retrieved from /opt/airflow/dags/scd.py
[2026-07-21T03:11:29.914+0000] {logging_mixin.py:188} INFO - [2026-07-21T03:11:29.913+0000] {dag.py:3089} INFO - Sync 1 DAGs
[2026-07-21T03:11:29.937+0000] {logging_mixin.py:188} INFO - [2026-07-21T03:11:29.937+0000] {dag.py:3947} INFO - Setting next_dagrun for SCD2_snapshots to 2026-07-21 00:00:00+00:00, run_after=2026-07-22 00:00:00+00:00
[2026-07-21T03:11:29.961+0000] {processor.py:183} INFO - Processing /opt/airflow/dags/scd.py took 0.122 seconds
[2026-07-21T03:12:00.409+0000] {processor.py:161} INFO - Started process (PID=2471) to work on /opt/airflow/dags/scd.py
[2026-07-21T03:12:00.411+0000] {processor.py:830} INFO - Processing file /opt/airflow/dags/scd.py for tasks to queue
[2026-07-21T03:12:00.413+0000] {logging_mixin.py:188} INFO - [2026-07-21T03:12:00.413+0000] {dagbag.py:545} INFO - Filling up the DagBag from /opt/airflow/dags/scd.py
[2026-07-21T03:12:00.441+0000] {processor.py:840} INFO - DAG(s) 'SCD2_snapshots' retrieved from /opt/airflow/dags/scd.py
[2026-07-21T03:12:00.477+0000] {logging_mixin.py:188} INFO - [2026-07-21T03:12:00.477+0000] {dag.py:3089} INFO - Sync 1 DAGs
[2026-07-21T03:12:00.504+0000] {logging_mixin.py:188} INFO - [2026-07-21T03:12:00.504+0000] {dag.py:3947} INFO - Setting next_dagrun for SCD2_snapshots to 2026-07-21 00:00:00+00:00, run_after=2026-07-22 00:00:00+00:00
[2026-07-21T03:12:00.529+0000] {processor.py:183} INFO - Processing /opt/airflow/dags/scd.py took 0.127 seconds
[2026-07-21T03:12:30.784+0000] {processor.py:161} INFO - Started process (PID=2476) to work on /opt/airflow/dags/scd.py
[2026-07-21T03:12:30.786+0000] {processor.py:830} INFO - Processing file /opt/airflow/dags/scd.py for tasks to queue
[2026-07-21T03:12:30.789+0000] {logging_mixin.py:188} INFO - [2026-07-21T03:12:30.789+0000] {dagbag.py:545} INFO - Filling up the DagBag from /opt/airflow/dags/scd.py
[2026-07-21T03:12:30.816+0000] {processor.py:840} INFO - DAG(s) 'SCD2_snapshots' retrieved from /opt/airflow/dags/scd.py
[2026-07-21T03:12:30.852+0000] {logging_mixin.py:188} INFO - [2026-07-21T03:12:30.851+0000] {dag.py:3089} INFO - Sync 1 DAGs
[2026-07-21T03:12:30.878+0000] {logging_mixin.py:188} INFO - [2026-07-21T03:12:30.878+0000] {dag.py:3947} INFO - Setting next_dagrun for SCD2_snapshots to 2026-07-21 00:00:00+00:00, run_after=2026-07-22 00:00:00+00:00
[2026-07-21T03:12:30.902+0000] {processor.py:183} INFO - Processing /opt/airflow/dags/scd.py took 0.125 seconds
[2026-07-21T03:13:01.088+0000] {processor.py:161} INFO - Started process (PID=2481) to work on /opt/airflow/dags/scd.py
[2026-07-21T03:13:01.090+0000] {processor.py:830} INFO - Processing file /opt/airflow/dags/scd.py for tasks to queue
[2026-07-21T03:13:01.093+0000] {logging_mixin.py:188} INFO - [2026-07-21T03:13:01.092+0000] {dagbag.py:545} INFO - Filling up the DagBag from /opt/airflow/dags/scd.py
[2026-07-21T03:13:01.120+0000] {processor.py:840} INFO - DAG(s) 'SCD2_snapshots' retrieved from /opt/airflow/dags/scd.py
[2026-07-21T03:13:01.158+0000] {logging_mixin.py:188} INFO - [2026-07-21T03:13:01.157+0000] {dag.py:3089} INFO - Sync 1 DAGs
[2026-07-21T03:13:01.181+0000] {logging_mixin.py:188} INFO - [2026-07-21T03:13:01.180+0000] {dag.py:3947} INFO - Setting next_dagrun for SCD2_snapshots to 2026-07-21 00:00:00+00:00, run_after=2026-07-22 00:00:00+00:00
[2026-07-21T03:13:01.206+0000] {processor.py:183} INFO - Processing /opt/airflow/dags/scd.py took 0.125 seconds
[2026-07-21T03:13:31.452+0000] {processor.py:161} INFO - Started process (PID=2486) to work on /opt/airflow/dags/scd.py
[2026-07-21T03:13:31.454+0000] {processor.py:830} INFO - Processing file /opt/airflow/dags/scd.py for tasks to queue
[2026-07-21T03:13:31.456+0000] {logging_mixin.py:188} INFO - [2026-07-21T03:13:31.456+0000] {dagbag.py:545} INFO - Filling up the DagBag from /opt/airflow/dags/scd.py
[2026-07-21T03:13:31.483+0000] {processor.py:840} INFO - DAG(s) 'SCD2_snapshots' retrieved from /opt/airflow/dags/scd.py
[2026-07-21T03:13:31.519+0000] {logging_mixin.py:188} INFO - [2026-07-21T03:13:31.518+0000] {dag.py:3089} INFO - Sync 1 DAGs
[2026-07-21T03:13:31.544+0000] {logging_mixin.py:188} INFO - [2026-07-21T03:13:31.543+0000] {dag.py:3947} INFO - Setting next_dagrun for SCD2_snapshots to 2026-07-21 00:00:00+00:00, run_after=2026-07-22 00:00:00+00:00
[2026-07-21T03:13:31.569+0000] {processor.py:183} INFO - Processing /opt/airflow/dags/scd.py took 0.123 seconds
[2026-07-21T03:14:01.844+0000] {processor.py:161} INFO - Started process (PID=2491) to work on /opt/airflow/dags/scd.py
[2026-07-21T03:14:01.846+0000] {processor.py:830} INFO - Processing file /opt/airflow/dags/scd.py for tasks to queue
[2026-07-21T03:14:01.849+0000] {logging_mixin.py:188} INFO - [2026-07-21T03:14:01.848+0000] {dagbag.py:545} INFO - Filling up the DagBag from /opt/airflow/dags/scd.py
[2026-07-21T03:14:01.880+0000] {processor.py:840} INFO - DAG(s) 'SCD2_snapshots' retrieved from /opt/airflow/dags/scd.py
[2026-07-21T03:14:01.917+0000] {logging_mixin.py:188} INFO - [2026-07-21T03:14:01.917+0000] {dag.py:3089} INFO - Sync 1 DAGs
[2026-07-21T03:14:01.940+0000] {logging_mixin.py:188} INFO - [2026-07-21T03:14:01.940+0000] {dag.py:3947} INFO - Setting next_dagrun for SCD2_snapshots to 2026-07-21 00:00:00+00:00, run_after=2026-07-22 00:00:00+00:00
[2026-07-21T03:14:01.963+0000] {processor.py:183} INFO - Processing /opt/airflow/dags/scd.py took 0.129 seconds
[2026-07-21T03:14:32.270+0000] {processor.py:161} INFO - Started process (PID=2496) to work on /opt/airflow/dags/scd.py
[2026-07-21T03:14:32.272+0000] {processor.py:830} INFO - Processing file /opt/airflow/dags/scd.py for tasks to queue
[2026-07-21T03:14:32.274+0000] {logging_mixin.py:188} INFO - [2026-07-21T03:14:32.274+0000] {dagbag.py:545} INFO - Filling up the DagBag from /opt/airflow/dags/scd.py
[2026-07-21T03:14:32.300+0000] {processor.py:840} INFO - DAG(s) 'SCD2_snapshots' retrieved from /opt/airflow/dags/scd.py
[2026-07-21T03:14:32.336+0000] {logging_mixin.py:188} INFO - [2026-07-21T03:14:32.335+0000] {dag.py:3089} INFO - Sync 1 DAGs
[2026-07-21T03:14:32.360+0000] {logging_mixin.py:188} INFO - [2026-07-21T03:14:32.359+0000] {dag.py:3947} INFO - Setting next_dagrun for SCD2_snapshots to 2026-07-21 00:00:00+00:00, run_after=2026-07-22 00:00:00+00:00
[2026-07-21T03:14:32.382+0000] {processor.py:183} INFO - Processing /opt/airflow/dags/scd.py took 0.119 seconds
[2026-07-21T03:15:02.471+0000] {processor.py:161} INFO - Started process (PID=2501) to work on /opt/airflow/dags/scd.py
[2026-07-21T03:15:02.472+0000] {processor.py:830} INFO - Processing file /opt/airflow/dags/scd.py for tasks to queue
[2026-07-21T03:15:02.475+0000] {logging_mixin.py:188} INFO - [2026-07-21T03:15:02.474+0000] {dagbag.py:545} INFO - Filling up the DagBag from /opt/airflow/dags/scd.py
[2026-07-21T03:15:02.502+0000] {processor.py:840} INFO - DAG(s) 'SCD2_snapshots' retrieved from /opt/airflow/dags/scd.py
[2026-07-21T03:15:02.538+0000] {logging_mixin.py:188} INFO - [2026-07-21T03:15:02.538+0000] {dag.py:3089} INFO - Sync 1 DAGs
[2026-07-21T03:15:02.562+0000] {logging_mixin.py:188} INFO - [2026-07-21T03:15:02.561+0000] {dag.py:3947} INFO - Setting next_dagrun for SCD2_snapshots to 2026-07-21 00:00:00+00:00, run_after=2026-07-22 00:00:00+00:00
[2026-07-21T03:15:02.587+0000] {processor.py:183} INFO - Processing /opt/airflow/dags/scd.py took 0.123 seconds
[2026-07-21T03:15:32.705+0000] {processor.py:161} INFO - Started process (PID=2506) to work on /opt/airflow/dags/scd.py
[2026-07-21T03:15:32.707+0000] {processor.py:830} INFO - Processing file /opt/airflow/dags/scd.py for tasks to queue
[2026-07-21T03:15:32.710+0000] {logging_mixin.py:188} INFO - [2026-07-21T03:15:32.709+0000] {dagbag.py:545} INFO - Filling up the DagBag from /opt/airflow/dags/scd.py
[2026-07-21T03:15:32.745+0000] {processor.py:840} INFO - DAG(s) 'SCD2_snapshots' retrieved from /opt/airflow/dags/scd.py
[2026-07-21T03:15:32.787+0000] {logging_mixin.py:188} INFO - [2026-07-21T03:15:32.787+0000] {dag.py:3089} INFO - Sync 1 DAGs
[2026-07-21T03:15:32.811+0000] {logging_mixin.py:188} INFO - [2026-07-21T03:15:32.811+0000] {dag.py:3947} INFO - Setting next_dagrun for SCD2_snapshots to 2026-07-21 00:00:00+00:00, run_after=2026-07-22 00:00:00+00:00
[2026-07-21T03:15:32.833+0000] {processor.py:183} INFO - Processing /opt/airflow/dags/scd.py took 0.136 seconds
[2026-07-21T03:16:03.170+0000] {processor.py:161} INFO - Started process (PID=2511) to work on /opt/airflow/dags/scd.py
[2026-07-21T03:16:03.171+0000] {processor.py:830} INFO - Processing file /opt/airflow/dags/scd.py for tasks to queue
[2026-07-21T03:16:03.174+0000] {logging_mixin.py:188} INFO - [2026-07-21T03:16:03.174+0000] {dagbag.py:545} INFO - Filling up the DagBag from /opt/airflow/dags/scd.py
[2026-07-21T03:16:03.199+0000] {processor.py:840} INFO - DAG(s) 'SCD2_snapshots' retrieved from /opt/airflow/dags/scd.py
[2026-07-21T03:16:03.238+0000] {logging_mixin.py:188} INFO - [2026-07-21T03:16:03.237+0000] {dag.py:3089} INFO - Sync 1 DAGs
[2026-07-21T03:16:03.264+0000] {logging_mixin.py:188} INFO - [2026-07-21T03:16:03.264+0000] {dag.py:3947} INFO - Setting next_dagrun for SCD2_snapshots to 2026-07-21 00:00:00+00:00, run_after=2026-07-22 00:00:00+00:00
[2026-07-21T03:16:03.289+0000] {processor.py:183} INFO - Processing /opt/airflow/dags/scd.py took 0.127 seconds
[2026-07-21T03:16:33.612+0000] {processor.py:161} INFO - Started process (PID=2516) to work on /opt/airflow/dags/scd.py
[2026-07-21T03:16:33.614+0000] {processor.py:830} INFO - Processing file /opt/airflow/dags/scd.py for tasks to queue
[2026-07-21T03:16:33.616+0000] {logging_mixin.py:188} INFO - [2026-07-21T03:16:33.616+0000] {dagbag.py:545} INFO - Filling up the DagBag from /opt/airflow/dags/scd.py
[2026-07-21T03:16:33.643+0000] {processor.py:840} INFO - DAG(s) 'SCD2_snapshots' retrieved from /opt/airflow/dags/scd.py
[2026-07-21T03:16:33.680+0000] {logging_mixin.py:188} INFO - [2026-07-21T03:16:33.679+0000] {dag.py:3089} INFO - Sync 1 DAGs
[2026-07-21T03:16:33.705+0000] {logging_mixin.py:188} INFO - [2026-07-21T03:16:33.705+0000] {dag.py:3947} INFO - Setting next_dagrun for SCD2_snapshots to 2026-07-21 00:00:00+00:00, run_after=2026-07-22 00:00:00+00:00
[2026-07-21T03:16:33.727+0000] {processor.py:183} INFO - Processing /opt/airflow/dags/scd.py took 0.123 seconds
[2026-07-21T03:17:04.093+0000] {processor.py:161} INFO - Started process (PID=2521) to work on /opt/airflow/dags/scd.py
[2026-07-21T03:17:04.095+0000] {processor.py:830} INFO - Processing file /opt/airflow/dags/scd.py for tasks to queue
[2026-07-21T03:17:04.097+0000] {logging_mixin.py:188} INFO - [2026-07-21T03:17:04.097+0000] {dagbag.py:545} INFO - Filling up the DagBag from /opt/airflow/dags/scd.py
[2026-07-21T03:17:04.123+0000] {processor.py:840} INFO - DAG(s) 'SCD2_snapshots' retrieved from /opt/airflow/dags/scd.py
[2026-07-21T03:17:04.160+0000] {logging_mixin.py:188} INFO - [2026-07-21T03:17:04.160+0000] {dag.py:3089} INFO - Sync 1 DAGs
[2026-07-21T03:17:04.184+0000] {logging_mixin.py:188} INFO - [2026-07-21T03:17:04.184+0000] {dag.py:3947} INFO - Setting next_dagrun for SCD2_snapshots to 2026-07-21 00:00:00+00:00, run_after=2026-07-22 00:00:00+00:00
[2026-07-21T03:17:04.207+0000] {processor.py:183} INFO - Processing /opt/airflow/dags/scd.py took 0.121 seconds
[2026-07-21T03:17:34.511+0000] {processor.py:161} INFO - Started process (PID=2526) to work on /opt/airflow/dags/scd.py
[2026-07-21T03:17:34.512+0000] {processor.py:830} INFO - Processing file /opt/airflow/dags/scd.py for tasks to queue
[2026-07-21T03:17:34.514+0000] {logging_mixin.py:188} INFO - [2026-07-21T03:17:34.514+0000] {dagbag.py:545} INFO - Filling up the DagBag from /opt/airflow/dags/scd.py
[2026-07-21T03:17:34.539+0000] {processor.py:840} INFO - DAG(s) 'SCD2_snapshots' retrieved from /opt/airflow/dags/scd.py
[2026-07-21T03:17:34.575+0000] {logging_mixin.py:188} INFO - [2026-07-21T03:17:34.574+0000] {dag.py:3089} INFO - Sync 1 DAGs
[2026-07-21T03:17:34.598+0000] {logging_mixin.py:188} INFO - [2026-07-21T03:17:34.597+0000] {dag.py:3947} INFO - Setting next_dagrun for SCD2_snapshots to 2026-07-21 00:00:00+00:00, run_after=2026-07-22 00:00:00+00:00
[2026-07-21T03:17:34.623+0000] {processor.py:183} INFO - Processing /opt/airflow/dags/scd.py took 0.120 seconds
[2026-07-21T03:18:04.955+0000] {processor.py:161} INFO - Started process (PID=2531) to work on /opt/airflow/dags/scd.py
[2026-07-21T03:18:04.957+0000] {processor.py:830} INFO - Processing file /opt/airflow/dags/scd.py for tasks to queue
[2026-07-21T03:18:04.960+0000] {logging_mixin.py:188} INFO - [2026-07-21T03:18:04.960+0000] {dagbag.py:545} INFO - Filling up the DagBag from /opt/airflow/dags/scd.py
[2026-07-21T03:18:04.986+0000] {processor.py:840} INFO - DAG(s) 'SCD2_snapshots' retrieved from /opt/airflow/dags/scd.py
[2026-07-21T03:18:05.023+0000] {logging_mixin.py:188} INFO - [2026-07-21T03:18:05.023+0000] {dag.py:3089} INFO - Sync 1 DAGs
[2026-07-21T03:18:05.047+0000] {logging_mixin.py:188} INFO - [2026-07-21T03:18:05.047+0000] {dag.py:3947} INFO - Setting next_dagrun for SCD2_snapshots to 2026-07-21 00:00:00+00:00, run_after=2026-07-22 00:00:00+00:00
[2026-07-21T03:18:05.071+0000] {processor.py:183} INFO - Processing /opt/airflow/dags/scd.py took 0.126 seconds
[2026-07-21T03:18:35.222+0000] {processor.py:161} INFO - Started process (PID=2536) to work on /opt/airflow/dags/scd.py
[2026-07-21T03:18:35.224+0000] {processor.py:830} INFO - Processing file /opt/airflow/dags/scd.py for tasks to queue
[2026-07-21T03:18:35.229+0000] {logging_mixin.py:188} INFO - [2026-07-21T03:18:35.229+0000] {dagbag.py:545} INFO - Filling up the DagBag from /opt/airflow/dags/scd.py
[2026-07-21T03:18:35.270+0000] {processor.py:840} INFO - DAG(s) 'SCD2_snapshots' retrieved from /opt/airflow/dags/scd.py
[2026-07-21T03:18:35.313+0000] {logging_mixin.py:188} INFO - [2026-07-21T03:18:35.313+0000] {dag.py:3089} INFO - Sync 1 DAGs
[2026-07-21T03:18:35.337+0000] {logging_mixin.py:188} INFO - [2026-07-21T03:18:35.337+0000] {dag.py:3947} INFO - Setting next_dagrun for SCD2_snapshots to 2026-07-21 00:00:00+00:00, run_after=2026-07-22 00:00:00+00:00
[2026-07-21T03:18:35.360+0000] {processor.py:183} INFO - Processing /opt/airflow/dags/scd.py took 0.148 seconds
[2026-07-21T03:19:05.715+0000] {processor.py:161} INFO - Started process (PID=2541) to work on /opt/airflow/dags/scd.py
[2026-07-21T03:19:05.717+0000] {processor.py:830} INFO - Processing file /opt/airflow/dags/scd.py for tasks to queue
[2026-07-21T03:19:05.719+0000] {logging_mixin.py:188} INFO - [2026-07-21T03:19:05.718+0000] {dagbag.py:545} INFO - Filling up the DagBag from /opt/airflow/dags/scd.py
[2026-07-21T03:19:05.746+0000] {processor.py:840} INFO - DAG(s) 'SCD2_snapshots' retrieved from /opt/airflow/dags/scd.py
[2026-07-21T03:19:05.790+0000] {logging_mixin.py:188} INFO - [2026-07-21T03:19:05.790+0000] {dag.py:3089} INFO - Sync 1 DAGs
[2026-07-21T03:19:05.815+0000] {logging_mixin.py:188} INFO - [2026-07-21T03:19:05.815+0000] {dag.py:3947} INFO - Setting next_dagrun for SCD2_snapshots to 2026-07-21 00:00:00+00:00, run_after=2026-07-22 00:00:00+00:00
[2026-07-21T03:19:05.839+0000] {processor.py:183} INFO - Processing /opt/airflow/dags/scd.py took 0.131 seconds
[2026-07-21T03:19:36.079+0000] {processor.py:161} INFO - Started process (PID=2546) to work on /opt/airflow/dags/scd.py
[2026-07-21T03:19:36.081+0000] {processor.py:830} INFO - Processing file /opt/airflow/dags/scd.py for tasks to queue
[2026-07-21T03:19:36.084+0000] {logging_mixin.py:188} INFO - [2026-07-21T03:19:36.084+0000] {dagbag.py:545} INFO - Filling up the DagBag from /opt/airflow/dags/scd.py
[2026-07-21T03:19:36.120+0000] {processor.py:840} INFO - DAG(s) 'SCD2_snapshots' retrieved from /opt/airflow/dags/scd.py
[2026-07-21T03:19:36.168+0000] {logging_mixin.py:188} INFO - [2026-07-21T03:19:36.167+0000] {dag.py:3089} INFO - Sync 1 DAGs
[2026-07-21T03:19:36.199+0000] {logging_mixin.py:188} INFO - [2026-07-21T03:19:36.199+0000] {dag.py:3947} INFO - Setting next_dagrun for SCD2_snapshots to 2026-07-21 00:00:00+00:00, run_after=2026-07-22 00:00:00+00:00
[2026-07-21T03:19:36.227+0000] {processor.py:183} INFO - Processing /opt/airflow/dags/scd.py took 0.161 seconds
[2026-07-21T03:20:06.544+0000] {processor.py:161} INFO - Started process (PID=2551) to work on /opt/airflow/dags/scd.py
[2026-07-21T03:20:06.545+0000] {processor.py:830} INFO - Processing file /opt/airflow/dags/scd.py for tasks to queue
[2026-07-21T03:20:06.548+0000] {logging_mixin.py:188} INFO - [2026-07-21T03:20:06.548+0000] {dagbag.py:545} INFO - Filling up the DagBag from /opt/airflow/dags/scd.py
[2026-07-21T03:20:06.580+0000] {processor.py:840} INFO - DAG(s) 'SCD2_snapshots' retrieved from /opt/airflow/dags/scd.py
[2026-07-21T03:20:06.631+0000] {logging_mixin.py:188} INFO - [2026-07-21T03:20:06.630+0000] {dag.py:3089} INFO - Sync 1 DAGs
[2026-07-21T03:20:06.672+0000] {logging_mixin.py:188} INFO - [2026-07-21T03:20:06.672+0000] {dag.py:3947} INFO - Setting next_dagrun for SCD2_snapshots to 2026-07-21 00:00:00+00:00, run_after=2026-07-22 00:00:00+00:00
[2026-07-21T03:20:06.705+0000] {processor.py:183} INFO - Processing /opt/airflow/dags/scd.py took 0.170 seconds
[2026-07-21T03:20:36.772+0000] {processor.py:161} INFO - Started process (PID=2556) to work on /opt/airflow/dags/scd.py
[2026-07-21T03:20:36.774+0000] {processor.py:830} INFO - Processing file /opt/airflow/dags/scd.py for tasks to queue
[2026-07-21T03:20:36.776+0000] {logging_mixin.py:188} INFO - [2026-07-21T03:20:36.776+0000] {dagbag.py:545} INFO - Filling up the DagBag from /opt/airflow/dags/scd.py
[2026-07-21T03:20:36.810+0000] {processor.py:840} INFO - DAG(s) 'SCD2_snapshots' retrieved from /opt/airflow/dags/scd.py
[2026-07-21T03:20:36.846+0000] {logging_mixin.py:188} INFO - [2026-07-21T03:20:36.846+0000] {dag.py:3089} INFO - Sync 1 DAGs
[2026-07-21T03:20:36.871+0000] {logging_mixin.py:188} INFO - [2026-07-21T03:20:36.871+0000] {dag.py:3947} INFO - Setting next_dagrun for SCD2_snapshots to 2026-07-21 00:00:00+00:00, run_after=2026-07-22 00:00:00+00:00
[2026-07-21T03:20:36.892+0000] {processor.py:183} INFO - Processing /opt/airflow/dags/scd.py took 0.129 seconds
[2026-07-21T03:21:06.972+0000] {processor.py:161} INFO - Started process (PID=2561) to work on /opt/airflow/dags/scd.py
[2026-07-21T03:21:06.974+0000] {processor.py:830} INFO - Processing file /opt/airflow/dags/scd.py for tasks to queue
[2026-07-21T03:21:06.977+0000] {logging_mixin.py:188} INFO - [2026-07-21T03:21:06.976+0000] {dagbag.py:545} INFO - Filling up the DagBag from /opt/airflow/dags/scd.py
[2026-07-21T03:21:07.003+0000] {processor.py:840} INFO - DAG(s) 'SCD2_snapshots' retrieved from /opt/airflow/dags/scd.py
[2026-07-21T03:21:07.041+0000] {logging_mixin.py:188} INFO - [2026-07-21T03:21:07.041+0000] {dag.py:3089} INFO - Sync 1 DAGs
[2026-07-21T03:21:07.065+0000] {logging_mixin.py:188} INFO - [2026-07-21T03:21:07.064+0000] {dag.py:3947} INFO - Setting next_dagrun for SCD2_snapshots to 2026-07-21 00:00:00+00:00, run_after=2026-07-22 00:00:00+00:00
[2026-07-21T03:21:07.088+0000] {processor.py:183} INFO - Processing /opt/airflow/dags/scd.py took 0.123 seconds
[2026-07-21T03:21:37.183+0000] {processor.py:161} INFO - Started process (PID=2566) to work on /opt/airflow/dags/scd.py
[2026-07-21T03:21:37.186+0000] {processor.py:830} INFO - Processing file /opt/airflow/dags/scd.py for tasks to queue
[2026-07-21T03:21:37.191+0000] {logging_mixin.py:188} INFO - [2026-07-21T03:21:37.190+0000] {dagbag.py:545} INFO - Filling up the DagBag from /opt/airflow/dags/scd.py
[2026-07-21T03:21:37.221+0000] {processor.py:840} INFO - DAG(s) 'SCD2_snapshots' retrieved from /opt/airflow/dags/scd.py
[2026-07-21T03:21:37.258+0000] {logging_mixin.py:188} INFO - [2026-07-21T03:21:37.258+0000] {dag.py:3089} INFO - Sync 1 DAGs
[2026-07-21T03:21:37.281+0000] {logging_mixin.py:188} INFO - [2026-07-21T03:21:37.281+0000] {dag.py:3947} INFO - Setting next_dagrun for SCD2_snapshots to 2026-07-21 00:00:00+00:00, run_after=2026-07-22 00:00:00+00:00
[2026-07-21T03:21:37.303+0000] {processor.py:183} INFO - Processing /opt/airflow/dags/scd.py took 0.130 seconds
[2026-07-21T03:22:07.694+0000] {processor.py:161} INFO - Started process (PID=2571) to work on /opt/airflow/dags/scd.py
[2026-07-21T03:22:07.696+0000] {processor.py:830} INFO - Processing file /opt/airflow/dags/scd.py for tasks to queue
[2026-07-21T03:22:07.699+0000] {logging_mixin.py:188} INFO - [2026-07-21T03:22:07.698+0000] {dagbag.py:545} INFO - Filling up the DagBag from /opt/airflow/dags/scd.py
[2026-07-21T03:22:07.724+0000] {processor.py:840} INFO - DAG(s) 'SCD2_snapshots' retrieved from /opt/airflow/dags/scd.py
[2026-07-21T03:22:07.760+0000] {logging_mixin.py:188} INFO - [2026-07-21T03:22:07.760+0000] {dag.py:3089} INFO - Sync 1 DAGs
[2026-07-21T03:22:07.784+0000] {logging_mixin.py:188} INFO - [2026-07-21T03:22:07.784+0000] {dag.py:3947} INFO - Setting next_dagrun for SCD2_snapshots to 2026-07-21 00:00:00+00:00, run_after=2026-07-22 00:00:00+00:00
[2026-07-21T03:22:07.808+0000] {processor.py:183} INFO - Processing /opt/airflow/dags/scd.py took 0.121 seconds
[2026-07-21T03:22:37.968+0000] {processor.py:161} INFO - Started process (PID=2576) to work on /opt/airflow/dags/scd.py
[2026-07-21T03:22:37.969+0000] {processor.py:830} INFO - Processing file /opt/airflow/dags/scd.py for tasks to queue
[2026-07-21T03:22:37.972+0000] {logging_mixin.py:188} INFO - [2026-07-21T03:22:37.972+0000] {dagbag.py:545} INFO - Filling up the DagBag from /opt/airflow/dags/scd.py
[2026-07-21T03:22:38.002+0000] {processor.py:840} INFO - DAG(s) 'SCD2_snapshots' retrieved from /opt/airflow/dags/scd.py
[2026-07-21T03:22:38.052+0000] {logging_mixin.py:188} INFO - [2026-07-21T03:22:38.052+0000] {dag.py:3089} INFO - Sync 1 DAGs
[2026-07-21T03:22:38.084+0000] {logging_mixin.py:188} INFO - [2026-07-21T03:22:38.084+0000] {dag.py:3947} INFO - Setting next_dagrun for SCD2_snapshots to 2026-07-21 00:00:00+00:00, run_after=2026-07-22 00:00:00+00:00
[2026-07-21T03:22:38.106+0000] {processor.py:183} INFO - Processing /opt/airflow/dags/scd.py took 0.147 seconds
[2026-07-21T03:23:08.450+0000] {processor.py:161} INFO - Started process (PID=2577) to work on /opt/airflow/dags/scd.py
[2026-07-21T03:23:08.452+0000] {processor.py:830} INFO - Processing file /opt/airflow/dags/scd.py for tasks to queue
[2026-07-21T03:23:08.455+0000] {logging_mixin.py:188} INFO - [2026-07-21T03:23:08.455+0000] {dagbag.py:545} INFO - Filling up the DagBag from /opt/airflow/dags/scd.py
[2026-07-21T03:23:08.488+0000] {processor.py:840} INFO - DAG(s) 'SCD2_snapshots' retrieved from /opt/airflow/dags/scd.py
[2026-07-21T03:23:08.552+0000] {logging_mixin.py:188} INFO - [2026-07-21T03:23:08.552+0000] {dag.py:3089} INFO - Sync 1 DAGs
[2026-07-21T03:23:08.580+0000] {logging_mixin.py:188} INFO - [2026-07-21T03:23:08.580+0000] {dag.py:3947} INFO - Setting next_dagrun for SCD2_snapshots to 2026-07-21 00:00:00+00:00, run_after=2026-07-22 00:00:00+00:00
[2026-07-21T03:23:08.609+0000] {processor.py:183} INFO - Processing /opt/airflow/dags/scd.py took 0.167 seconds
[2026-07-21T03:23:38.973+0000] {processor.py:161} INFO - Started process (PID=2582) to work on /opt/airflow/dags/scd.py
[2026-07-21T03:23:38.975+0000] {processor.py:830} INFO - Processing file /opt/airflow/dags/scd.py for tasks to queue
[2026-07-21T03:23:38.978+0000] {logging_mixin.py:188} INFO - [2026-07-21T03:23:38.977+0000] {dagbag.py:545} INFO - Filling up the DagBag from /opt/airflow/dags/scd.py
[2026-07-21T03:23:39.005+0000] {processor.py:840} INFO - DAG(s) 'SCD2_snapshots' retrieved from /opt/airflow/dags/scd.py
[2026-07-21T03:23:39.043+0000] {logging_mixin.py:188} INFO - [2026-07-21T03:23:39.042+0000] {dag.py:3089} INFO - Sync 1 DAGs
[2026-07-21T03:23:39.066+0000] {logging_mixin.py:188} INFO - [2026-07-21T03:23:39.066+0000] {dag.py:3947} INFO - Setting next_dagrun for SCD2_snapshots to 2026-07-21 00:00:00+00:00, run_after=2026-07-22 00:00:00+00:00
[2026-07-21T03:23:39.092+0000] {processor.py:183} INFO - Processing /opt/airflow/dags/scd.py took 0.128 seconds
[2026-07-21T03:24:09.445+0000] {processor.py:161} INFO - Started process (PID=2587) to work on /opt/airflow/dags/scd.py
[2026-07-21T03:24:09.447+0000] {processor.py:830} INFO - Processing file /opt/airflow/dags/scd.py for tasks to queue
[2026-07-21T03:24:09.449+0000] {logging_mixin.py:188} INFO - [2026-07-21T03:24:09.449+0000] {dagbag.py:545} INFO - Filling up the DagBag from /opt/airflow/dags/scd.py
[2026-07-21T03:24:09.475+0000] {processor.py:840} INFO - DAG(s) 'SCD2_snapshots' retrieved from /opt/airflow/dags/scd.py
[2026-07-21T03:24:09.514+0000] {logging_mixin.py:188} INFO - [2026-07-21T03:24:09.513+0000] {dag.py:3089} INFO - Sync 1 DAGs
[2026-07-21T03:24:09.537+0000] {logging_mixin.py:188} INFO - [2026-07-21T03:24:09.537+0000] {dag.py:3947} INFO - Setting next_dagrun for SCD2_snapshots to 2026-07-21 00:00:00+00:00, run_after=2026-07-22 00:00:00+00:00
[2026-07-21T03:24:09.559+0000] {processor.py:183} INFO - Processing /opt/airflow/dags/scd.py took 0.121 seconds
[2026-07-21T03:24:39.919+0000] {processor.py:161} INFO - Started process (PID=2592) to work on /opt/airflow/dags/scd.py
[2026-07-21T03:24:39.921+0000] {processor.py:830} INFO - Processing file /opt/airflow/dags/scd.py for tasks to queue
[2026-07-21T03:24:39.923+0000] {logging_mixin.py:188} INFO - [2026-07-21T03:24:39.923+0000] {dagbag.py:545} INFO - Filling up the DagBag from /opt/airflow/dags/scd.py
[2026-07-21T03:24:39.951+0000] {processor.py:840} INFO - DAG(s) 'SCD2_snapshots' retrieved from /opt/airflow/dags/scd.py
[2026-07-21T03:24:39.988+0000] {logging_mixin.py:188} INFO - [2026-07-21T03:24:39.988+0000] {dag.py:3089} INFO - Sync 1 DAGs
[2026-07-21T03:24:40.014+0000] {logging_mixin.py:188} INFO - [2026-07-21T03:24:40.013+0000] {dag.py:3947} INFO - Setting next_dagrun for SCD2_snapshots to 2026-07-21 00:00:00+00:00, run_after=2026-07-22 00:00:00+00:00
[2026-07-21T03:24:40.039+0000] {processor.py:183} INFO - Processing /opt/airflow/dags/scd.py took 0.128 seconds
[2026-07-21T03:25:10.100+0000] {processor.py:161} INFO - Started process (PID=2597) to work on /opt/airflow/dags/scd.py
[2026-07-21T03:25:10.104+0000] {processor.py:830} INFO - Processing file /opt/airflow/dags/scd.py for tasks to queue
[2026-07-21T03:25:10.107+0000] {logging_mixin.py:188} INFO - [2026-07-21T03:25:10.106+0000] {dagbag.py:545} INFO - Filling up the DagBag from /opt/airflow/dags/scd.py
[2026-07-21T03:25:10.133+0000] {processor.py:840} INFO - DAG(s) 'SCD2_snapshots' retrieved from /opt/airflow/dags/scd.py
[2026-07-21T03:25:10.168+0000] {logging_mixin.py:188} INFO - [2026-07-21T03:25:10.168+0000] {dag.py:3089} INFO - Sync 1 DAGs
[2026-07-21T03:25:10.194+0000] {logging_mixin.py:188} INFO - [2026-07-21T03:25:10.194+0000] {dag.py:3947} INFO - Setting next_dagrun for SCD2_snapshots to 2026-07-21 00:00:00+00:00, run_after=2026-07-22 00:00:00+00:00
[2026-07-21T03:25:10.216+0000] {processor.py:183} INFO - Processing /opt/airflow/dags/scd.py took 0.124 seconds
[2026-07-21T03:25:40.396+0000] {processor.py:161} INFO - Started process (PID=2602) to work on /opt/airflow/dags/scd.py
[2026-07-21T03:25:40.398+0000] {processor.py:830} INFO - Processing file /opt/airflow/dags/scd.py for tasks to queue
[2026-07-21T03:25:40.401+0000] {logging_mixin.py:188} INFO - [2026-07-21T03:25:40.400+0000] {dagbag.py:545} INFO - Filling up the DagBag from /opt/airflow/dags/scd.py
[2026-07-21T03:25:40.427+0000] {processor.py:840} INFO - DAG(s) 'SCD2_snapshots' retrieved from /opt/airflow/dags/scd.py
[2026-07-21T03:25:40.466+0000] {logging_mixin.py:188} INFO - [2026-07-21T03:25:40.466+0000] {dag.py:3089} INFO - Sync 1 DAGs
[2026-07-21T03:25:40.491+0000] {logging_mixin.py:188} INFO - [2026-07-21T03:25:40.491+0000] {dag.py:3947} INFO - Setting next_dagrun for SCD2_snapshots to 2026-07-21 00:00:00+00:00, run_after=2026-07-22 00:00:00+00:00
[2026-07-21T03:25:40.513+0000] {processor.py:183} INFO - Processing /opt/airflow/dags/scd.py took 0.125 seconds
[2026-07-21T03:26:10.758+0000] {processor.py:161} INFO - Started process (PID=2607) to work on /opt/airflow/dags/scd.py
[2026-07-21T03:26:10.759+0000] {processor.py:830} INFO - Processing file /opt/airflow/dags/scd.py for tasks to queue
[2026-07-21T03:26:10.763+0000] {logging_mixin.py:188} INFO - [2026-07-21T03:26:10.763+0000] {dagbag.py:545} INFO - Filling up the DagBag from /opt/airflow/dags/scd.py
[2026-07-21T03:26:10.794+0000] {processor.py:840} INFO - DAG(s) 'SCD2_snapshots' retrieved from /opt/airflow/dags/scd.py
[2026-07-21T03:26:10.836+0000] {logging_mixin.py:188} INFO - [2026-07-21T03:26:10.836+0000] {dag.py:3089} INFO - Sync 1 DAGs
[2026-07-21T03:26:10.863+0000] {logging_mixin.py:188} INFO - [2026-07-21T03:26:10.862+0000] {dag.py:3947} INFO - Setting next_dagrun for SCD2_snapshots to 2026-07-21 00:00:00+00:00, run_after=2026-07-22 00:00:00+00:00
[2026-07-21T03:26:10.887+0000] {processor.py:183} INFO - Processing /opt/airflow/dags/scd.py took 0.142 seconds
[2026-07-21T03:26:41.268+0000] {processor.py:161} INFO - Started process (PID=2612) to work on /opt/airflow/dags/scd.py
[2026-07-21T03:26:41.270+0000] {processor.py:830} INFO - Processing file /opt/airflow/dags/scd.py for tasks to queue
[2026-07-21T03:26:41.273+0000] {logging_mixin.py:188} INFO - [2026-07-21T03:26:41.273+0000] {dagbag.py:545} INFO - Filling up the DagBag from /opt/airflow/dags/scd.py
[2026-07-21T03:26:41.299+0000] {processor.py:840} INFO - DAG(s) 'SCD2_snapshots' retrieved from /opt/airflow/dags/scd.py
[2026-07-21T03:26:41.336+0000] {logging_mixin.py:188} INFO - [2026-07-21T03:26:41.336+0000] {dag.py:3089} INFO - Sync 1 DAGs
[2026-07-21T03:26:41.361+0000] {logging_mixin.py:188} INFO - [2026-07-21T03:26:41.361+0000] {dag.py:3947} INFO - Setting next_dagrun for SCD2_snapshots to 2026-07-21 00:00:00+00:00, run_after=2026-07-22 00:00:00+00:00
[2026-07-21T03:26:41.384+0000] {processor.py:183} INFO - Processing /opt/airflow/dags/scd.py took 0.123 seconds
[2026-07-21T03:27:11.520+0000] {processor.py:161} INFO - Started process (PID=2617) to work on /opt/airflow/dags/scd.py
[2026-07-21T03:27:11.522+0000] {processor.py:830} INFO - Processing file /opt/airflow/dags/scd.py for tasks to queue
[2026-07-21T03:27:11.525+0000] {logging_mixin.py:188} INFO - [2026-07-21T03:27:11.524+0000] {dagbag.py:545} INFO - Filling up the DagBag from /opt/airflow/dags/scd.py
[2026-07-21T03:27:11.556+0000] {processor.py:840} INFO - DAG(s) 'SCD2_snapshots' retrieved from /opt/airflow/dags/scd.py
[2026-07-21T03:27:11.600+0000] {logging_mixin.py:188} INFO - [2026-07-21T03:27:11.600+0000] {dag.py:3089} INFO - Sync 1 DAGs
[2026-07-21T03:27:11.625+0000] {logging_mixin.py:188} INFO - [2026-07-21T03:27:11.625+0000] {dag.py:3947} INFO - Setting next_dagrun for SCD2_snapshots to 2026-07-21 00:00:00+00:00, run_after=2026-07-22 00:00:00+00:00
[2026-07-21T03:27:11.650+0000] {processor.py:183} INFO - Processing /opt/airflow/dags/scd.py took 0.144 seconds
[2026-07-21T03:27:42.068+0000] {processor.py:161} INFO - Started process (PID=2622) to work on /opt/airflow/dags/scd.py
[2026-07-21T03:27:42.070+0000] {processor.py:830} INFO - Processing file /opt/airflow/dags/scd.py for tasks to queue
[2026-07-21T03:27:42.073+0000] {logging_mixin.py:188} INFO - [2026-07-21T03:27:42.073+0000] {dagbag.py:545} INFO - Filling up the DagBag from /opt/airflow/dags/scd.py
[2026-07-21T03:27:42.099+0000] {processor.py:840} INFO - DAG(s) 'SCD2_snapshots' retrieved from /opt/airflow/dags/scd.py
[2026-07-21T03:27:42.138+0000] {logging_mixin.py:188} INFO - [2026-07-21T03:27:42.138+0000] {dag.py:3089} INFO - Sync 1 DAGs
[2026-07-21T03:27:42.163+0000] {logging_mixin.py:188} INFO - [2026-07-21T03:27:42.163+0000] {dag.py:3947} INFO - Setting next_dagrun for SCD2_snapshots to 2026-07-21 00:00:00+00:00, run_after=2026-07-22 00:00:00+00:00
[2026-07-21T03:27:42.186+0000] {processor.py:183} INFO - Processing /opt/airflow/dags/scd.py took 0.128 seconds
[2026-07-21T03:28:12.294+0000] {processor.py:161} INFO - Started process (PID=2627) to work on /opt/airflow/dags/scd.py
[2026-07-21T03:28:12.296+0000] {processor.py:830} INFO - Processing file /opt/airflow/dags/scd.py for tasks to queue
[2026-07-21T03:28:12.298+0000] {logging_mixin.py:188} INFO - [2026-07-21T03:28:12.298+0000] {dagbag.py:545} INFO - Filling up the DagBag from /opt/airflow/dags/scd.py
[2026-07-21T03:28:12.327+0000] {processor.py:840} INFO - DAG(s) 'SCD2_snapshots' retrieved from /opt/airflow/dags/scd.py
[2026-07-21T03:28:12.366+0000] {logging_mixin.py:188} INFO - [2026-07-21T03:28:12.366+0000] {dag.py:3089} INFO - Sync 1 DAGs
[2026-07-21T03:28:12.392+0000] {logging_mixin.py:188} INFO - [2026-07-21T03:28:12.392+0000] {dag.py:3947} INFO - Setting next_dagrun for SCD2_snapshots to 2026-07-21 00:00:00+00:00, run_after=2026-07-22 00:00:00+00:00
[2026-07-21T03:28:12.419+0000] {processor.py:183} INFO - Processing /opt/airflow/dags/scd.py took 0.138 seconds
[2026-07-21T03:28:42.547+0000] {processor.py:161} INFO - Started process (PID=2632) to work on /opt/airflow/dags/scd.py
[2026-07-21T03:28:42.549+0000] {processor.py:830} INFO - Processing file /opt/airflow/dags/scd.py for tasks to queue
[2026-07-21T03:28:42.551+0000] {logging_mixin.py:188} INFO - [2026-07-21T03:28:42.551+0000] {dagbag.py:545} INFO - Filling up the DagBag from /opt/airflow/dags/scd.py
[2026-07-21T03:28:42.578+0000] {processor.py:840} INFO - DAG(s) 'SCD2_snapshots' retrieved from /opt/airflow/dags/scd.py
[2026-07-21T03:28:42.615+0000] {logging_mixin.py:188} INFO - [2026-07-21T03:28:42.614+0000] {dag.py:3089} INFO - Sync 1 DAGs
[2026-07-21T03:28:42.643+0000] {logging_mixin.py:188} INFO - [2026-07-21T03:28:42.643+0000] {dag.py:3947} INFO - Setting next_dagrun for SCD2_snapshots to 2026-07-21 00:00:00+00:00, run_after=2026-07-22 00:00:00+00:00
[2026-07-21T03:28:42.671+0000] {processor.py:183} INFO - Processing /opt/airflow/dags/scd.py took 0.131 seconds
[2026-07-21T03:29:12.807+0000] {processor.py:161} INFO - Started process (PID=2637) to work on /opt/airflow/dags/scd.py
[2026-07-21T03:29:12.808+0000] {processor.py:830} INFO - Processing file /opt/airflow/dags/scd.py for tasks to queue
[2026-07-21T03:29:12.811+0000] {logging_mixin.py:188} INFO - [2026-07-21T03:29:12.810+0000] {dagbag.py:545} INFO - Filling up the DagBag from /opt/airflow/dags/scd.py
[2026-07-21T03:29:12.838+0000] {processor.py:840} INFO - DAG(s) 'SCD2_snapshots' retrieved from /opt/airflow/dags/scd.py
[2026-07-21T03:29:12.875+0000] {logging_mixin.py:188} INFO - [2026-07-21T03:29:12.874+0000] {dag.py:3089} INFO - Sync 1 DAGs
[2026-07-21T03:29:12.900+0000] {logging_mixin.py:188} INFO - [2026-07-21T03:29:12.900+0000] {dag.py:3947} INFO - Setting next_dagrun for SCD2_snapshots to 2026-07-21 00:00:00+00:00, run_after=2026-07-22 00:00:00+00:00
[2026-07-21T03:29:12.921+0000] {processor.py:183} INFO - Processing /opt/airflow/dags/scd.py took 0.122 seconds
[2026-07-21T03:29:43.032+0000] {processor.py:161} INFO - Started process (PID=2642) to work on /opt/airflow/dags/scd.py
[2026-07-21T03:29:43.034+0000] {processor.py:830} INFO - Processing file /opt/airflow/dags/scd.py for tasks to queue
[2026-07-21T03:29:43.036+0000] {logging_mixin.py:188} INFO - [2026-07-21T03:29:43.036+0000] {dagbag.py:545} INFO - Filling up the DagBag from /opt/airflow/dags/scd.py
[2026-07-21T03:29:43.063+0000] {processor.py:840} INFO - DAG(s) 'SCD2_snapshots' retrieved from /opt/airflow/dags/scd.py
[2026-07-21T03:29:43.099+0000] {logging_mixin.py:188} INFO - [2026-07-21T03:29:43.099+0000] {dag.py:3089} INFO - Sync 1 DAGs
[2026-07-21T03:29:43.125+0000] {logging_mixin.py:188} INFO - [2026-07-21T03:29:43.125+0000] {dag.py:3947} INFO - Setting next_dagrun for SCD2_snapshots to 2026-07-21 00:00:00+00:00, run_after=2026-07-22 00:00:00+00:00
[2026-07-21T03:29:43.153+0000] {processor.py:183} INFO - Processing /opt/airflow/dags/scd.py took 0.128 seconds
[2026-07-21T03:30:13.440+0000] {processor.py:161} INFO - Started process (PID=2647) to work on /opt/airflow/dags/scd.py
[2026-07-21T03:30:13.442+0000] {processor.py:830} INFO - Processing file /opt/airflow/dags/scd.py for tasks to queue
[2026-07-21T03:30:13.444+0000] {logging_mixin.py:188} INFO - [2026-07-21T03:30:13.444+0000] {dagbag.py:545} INFO - Filling up the DagBag from /opt/airflow/dags/scd.py
[2026-07-21T03:30:13.472+0000] {processor.py:840} INFO - DAG(s) 'SCD2_snapshots' retrieved from /opt/airflow/dags/scd.py
[2026-07-21T03:30:13.509+0000] {logging_mixin.py:188} INFO - [2026-07-21T03:30:13.508+0000] {dag.py:3089} INFO - Sync 1 DAGs
[2026-07-21T03:30:13.533+0000] {logging_mixin.py:188} INFO - [2026-07-21T03:30:13.533+0000] {dag.py:3947} INFO - Setting next_dagrun for SCD2_snapshots to 2026-07-21 00:00:00+00:00, run_after=2026-07-22 00:00:00+00:00
[2026-07-21T03:30:13.556+0000] {processor.py:183} INFO - Processing /opt/airflow/dags/scd.py took 0.124 seconds
[2026-07-21T03:30:43.741+0000] {processor.py:161} INFO - Started process (PID=2652) to work on /opt/airflow/dags/scd.py
[2026-07-21T03:30:43.744+0000] {processor.py:830} INFO - Processing file /opt/airflow/dags/scd.py for tasks to queue
[2026-07-21T03:30:43.747+0000] {logging_mixin.py:188} INFO - [2026-07-21T03:30:43.746+0000] {dagbag.py:545} INFO - Filling up the DagBag from /opt/airflow/dags/scd.py
[2026-07-21T03:30:43.776+0000] {processor.py:840} INFO - DAG(s) 'SCD2_snapshots' retrieved from /opt/airflow/dags/scd.py
[2026-07-21T03:30:43.813+0000] {logging_mixin.py:188} INFO - [2026-07-21T03:30:43.813+0000] {dag.py:3089} INFO - Sync 1 DAGs
[2026-07-21T03:30:43.838+0000] {logging_mixin.py:188} INFO - [2026-07-21T03:30:43.838+0000] {dag.py:3947} INFO - Setting next_dagrun for SCD2_snapshots to 2026-07-21 00:00:00+00:00, run_after=2026-07-22 00:00:00+00:00
[2026-07-21T03:30:43.864+0000] {processor.py:183} INFO - Processing /opt/airflow/dags/scd.py took 0.130 seconds
[2026-07-21T03:31:14.054+0000] {processor.py:161} INFO - Started process (PID=2657) to work on /opt/airflow/dags/scd.py
[2026-07-21T03:31:14.056+0000] {processor.py:830} INFO - Processing file /opt/airflow/dags/scd.py for tasks to queue
[2026-07-21T03:31:14.058+0000] {logging_mixin.py:188} INFO - [2026-07-21T03:31:14.058+0000] {dagbag.py:545} INFO - Filling up the DagBag from /opt/airflow/dags/scd.py
[2026-07-21T03:31:14.083+0000] {processor.py:840} INFO - DAG(s) 'SCD2_snapshots' retrieved from /opt/airflow/dags/scd.py
[2026-07-21T03:31:14.119+0000] {logging_mixin.py:188} INFO - [2026-07-21T03:31:14.119+0000] {dag.py:3089} INFO - Sync 1 DAGs
[2026-07-21T03:31:14.145+0000] {logging_mixin.py:188} INFO - [2026-07-21T03:31:14.145+0000] {dag.py:3947} INFO - Setting next_dagrun for SCD2_snapshots to 2026-07-21 00:00:00+00:00, run_after=2026-07-22 00:00:00+00:00
[2026-07-21T03:31:14.170+0000] {processor.py:183} INFO - Processing /opt/airflow/dags/scd.py took 0.123 seconds
[2026-07-21T03:31:44.288+0000] {processor.py:161} INFO - Started process (PID=2662) to work on /opt/airflow/dags/scd.py
[2026-07-21T03:31:44.290+0000] {processor.py:830} INFO - Processing file /opt/airflow/dags/scd.py for tasks to queue
[2026-07-21T03:31:44.292+0000] {logging_mixin.py:188} INFO - [2026-07-21T03:31:44.292+0000] {dagbag.py:545} INFO - Filling up the DagBag from /opt/airflow/dags/scd.py
[2026-07-21T03:31:44.319+0000] {processor.py:840} INFO - DAG(s) 'SCD2_snapshots' retrieved from /opt/airflow/dags/scd.py
[2026-07-21T03:31:44.358+0000] {logging_mixin.py:188} INFO - [2026-07-21T03:31:44.358+0000] {dag.py:3089} INFO - Sync 1 DAGs
[2026-07-21T03:31:44.395+0000] {logging_mixin.py:188} INFO - [2026-07-21T03:31:44.395+0000] {dag.py:3947} INFO - Setting next_dagrun for SCD2_snapshots to 2026-07-21 00:00:00+00:00, run_after=2026-07-22 00:00:00+00:00
[2026-07-21T03:31:44.427+0000] {processor.py:183} INFO - Processing /opt/airflow/dags/scd.py took 0.147 seconds
[2026-07-21T03:32:14.542+0000] {processor.py:161} INFO - Started process (PID=2667) to work on /opt/airflow/dags/scd.py
[2026-07-21T03:32:14.543+0000] {processor.py:830} INFO - Processing file /opt/airflow/dags/scd.py for tasks to queue
[2026-07-21T03:32:14.546+0000] {logging_mixin.py:188} INFO - [2026-07-21T03:32:14.545+0000] {dagbag.py:545} INFO - Filling up the DagBag from /opt/airflow/dags/scd.py
[2026-07-21T03:32:14.573+0000] {processor.py:840} INFO - DAG(s) 'SCD2_snapshots' retrieved from /opt/airflow/dags/scd.py
[2026-07-21T03:32:14.610+0000] {logging_mixin.py:188} INFO - [2026-07-21T03:32:14.609+0000] {dag.py:3089} INFO - Sync 1 DAGs
[2026-07-21T03:32:14.633+0000] {logging_mixin.py:188} INFO - [2026-07-21T03:32:14.633+0000] {dag.py:3947} INFO - Setting next_dagrun for SCD2_snapshots to 2026-07-21 00:00:00+00:00, run_after=2026-07-22 00:00:00+00:00
[2026-07-21T03:32:14.657+0000] {processor.py:183} INFO - Processing /opt/airflow/dags/scd.py took 0.124 seconds
[2026-07-21T03:32:44.847+0000] {processor.py:161} INFO - Started process (PID=2672) to work on /opt/airflow/dags/scd.py
[2026-07-21T03:32:44.849+0000] {processor.py:830} INFO - Processing file /opt/airflow/dags/scd.py for tasks to queue
[2026-07-21T03:32:44.851+0000] {logging_mixin.py:188} INFO - [2026-07-21T03:32:44.851+0000] {dagbag.py:545} INFO - Filling up the DagBag from /opt/airflow/dags/scd.py
[2026-07-21T03:32:44.875+0000] {processor.py:840} INFO - DAG(s) 'SCD2_snapshots' retrieved from /opt/airflow/dags/scd.py
[2026-07-21T03:32:44.911+0000] {logging_mixin.py:188} INFO - [2026-07-21T03:32:44.910+0000] {dag.py:3089} INFO - Sync 1 DAGs
[2026-07-21T03:32:44.935+0000] {logging_mixin.py:188} INFO - [2026-07-21T03:32:44.934+0000] {dag.py:3947} INFO - Setting next_dagrun for SCD2_snapshots to 2026-07-21 00:00:00+00:00, run_after=2026-07-22 00:00:00+00:00
[2026-07-21T03:32:44.962+0000] {processor.py:183} INFO - Processing /opt/airflow/dags/scd.py took 0.122 seconds
[2026-07-21T03:33:15.062+0000] {processor.py:161} INFO - Started process (PID=2677) to work on /opt/airflow/dags/scd.py
[2026-07-21T03:33:15.063+0000] {processor.py:830} INFO - Processing file /opt/airflow/dags/scd.py for tasks to queue
[2026-07-21T03:33:15.066+0000] {logging_mixin.py:188} INFO - [2026-07-21T03:33:15.066+0000] {dagbag.py:545} INFO - Filling up the DagBag from /opt/airflow/dags/scd.py
[2026-07-21T03:33:15.095+0000] {processor.py:840} INFO - DAG(s) 'SCD2_snapshots' retrieved from /opt/airflow/dags/scd.py
[2026-07-21T03:33:15.131+0000] {logging_mixin.py:188} INFO - [2026-07-21T03:33:15.131+0000] {dag.py:3089} INFO - Sync 1 DAGs
[2026-07-21T03:33:15.156+0000] {logging_mixin.py:188} INFO - [2026-07-21T03:33:15.156+0000] {dag.py:3947} INFO - Setting next_dagrun for SCD2_snapshots to 2026-07-21 00:00:00+00:00, run_after=2026-07-22 00:00:00+00:00
[2026-07-21T03:33:15.179+0000] {processor.py:183} INFO - Processing /opt/airflow/dags/scd.py took 0.125 seconds
[2026-07-21T03:33:45.277+0000] {processor.py:161} INFO - Started process (PID=2682) to work on /opt/airflow/dags/scd.py
[2026-07-21T03:33:45.279+0000] {processor.py:830} INFO - Processing file /opt/airflow/dags/scd.py for tasks to queue
[2026-07-21T03:33:45.281+0000] {logging_mixin.py:188} INFO - [2026-07-21T03:33:45.281+0000] {dagbag.py:545} INFO - Filling up the DagBag from /opt/airflow/dags/scd.py
[2026-07-21T03:33:45.306+0000] {processor.py:840} INFO - DAG(s) 'SCD2_snapshots' retrieved from /opt/airflow/dags/scd.py
[2026-07-21T03:33:45.342+0000] {logging_mixin.py:188} INFO - [2026-07-21T03:33:45.342+0000] {dag.py:3089} INFO - Sync 1 DAGs
[2026-07-21T03:33:45.367+0000] {logging_mixin.py:188} INFO - [2026-07-21T03:33:45.366+0000] {dag.py:3947} INFO - Setting next_dagrun for SCD2_snapshots to 2026-07-21 00:00:00+00:00, run_after=2026-07-22 00:00:00+00:00
[2026-07-21T03:33:45.388+0000] {processor.py:183} INFO - Processing /opt/airflow/dags/scd.py took 0.118 seconds
[2026-07-21T03:34:15.652+0000] {processor.py:161} INFO - Started process (PID=2687) to work on /opt/airflow/dags/scd.py
[2026-07-21T03:34:15.654+0000] {processor.py:830} INFO - Processing file /opt/airflow/dags/scd.py for tasks to queue
[2026-07-21T03:34:15.658+0000] {logging_mixin.py:188} INFO - [2026-07-21T03:34:15.657+0000] {dagbag.py:545} INFO - Filling up the DagBag from /opt/airflow/dags/scd.py
[2026-07-21T03:34:15.692+0000] {processor.py:840} INFO - DAG(s) 'SCD2_snapshots' retrieved from /opt/airflow/dags/scd.py
[2026-07-21T03:34:15.738+0000] {logging_mixin.py:188} INFO - [2026-07-21T03:34:15.738+0000] {dag.py:3089} INFO - Sync 1 DAGs
[2026-07-21T03:34:15.768+0000] {logging_mixin.py:188} INFO - [2026-07-21T03:34:15.768+0000] {dag.py:3947} INFO - Setting next_dagrun for SCD2_snapshots to 2026-07-21 00:00:00+00:00, run_after=2026-07-22 00:00:00+00:00
[2026-07-21T03:34:15.793+0000] {processor.py:183} INFO - Processing /opt/airflow/dags/scd.py took 0.149 seconds
[2026-07-21T03:34:46.001+0000] {processor.py:161} INFO - Started process (PID=2692) to work on /opt/airflow/dags/scd.py
[2026-07-21T03:34:46.003+0000] {processor.py:830} INFO - Processing file /opt/airflow/dags/scd.py for tasks to queue
[2026-07-21T03:34:46.006+0000] {logging_mixin.py:188} INFO - [2026-07-21T03:34:46.006+0000] {dagbag.py:545} INFO - Filling up the DagBag from /opt/airflow/dags/scd.py
[2026-07-21T03:34:46.034+0000] {processor.py:840} INFO - DAG(s) 'SCD2_snapshots' retrieved from /opt/airflow/dags/scd.py
[2026-07-21T03:34:46.072+0000] {logging_mixin.py:188} INFO - [2026-07-21T03:34:46.071+0000] {dag.py:3089} INFO - Sync 1 DAGs
[2026-07-21T03:34:46.095+0000] {logging_mixin.py:188} INFO - [2026-07-21T03:34:46.095+0000] {dag.py:3947} INFO - Setting next_dagrun for SCD2_snapshots to 2026-07-21 00:00:00+00:00, run_after=2026-07-22 00:00:00+00:00
[2026-07-21T03:34:46.117+0000] {processor.py:183} INFO - Processing /opt/airflow/dags/scd.py took 0.123 seconds
[2026-07-21T03:35:16.374+0000] {processor.py:161} INFO - Started process (PID=2697) to work on /opt/airflow/dags/scd.py
[2026-07-21T03:35:16.376+0000] {processor.py:830} INFO - Processing file /opt/airflow/dags/scd.py for tasks to queue
[2026-07-21T03:35:16.378+0000] {logging_mixin.py:188} INFO - [2026-07-21T03:35:16.378+0000] {dagbag.py:545} INFO - Filling up the DagBag from /opt/airflow/dags/scd.py
[2026-07-21T03:35:16.405+0000] {processor.py:840} INFO - DAG(s) 'SCD2_snapshots' retrieved from /opt/airflow/dags/scd.py
[2026-07-21T03:35:16.441+0000] {logging_mixin.py:188} INFO - [2026-07-21T03:35:16.441+0000] {dag.py:3089} INFO - Sync 1 DAGs
[2026-07-21T03:35:16.467+0000] {logging_mixin.py:188} INFO - [2026-07-21T03:35:16.467+0000] {dag.py:3947} INFO - Setting next_dagrun for SCD2_snapshots to 2026-07-21 00:00:00+00:00, run_after=2026-07-22 00:00:00+00:00
[2026-07-21T03:35:16.490+0000] {processor.py:183} INFO - Processing /opt/airflow/dags/scd.py took 0.123 seconds
[2026-07-21T03:35:46.677+0000] {processor.py:161} INFO - Started process (PID=2702) to work on /opt/airflow/dags/scd.py
[2026-07-21T03:35:46.678+0000] {processor.py:830} INFO - Processing file /opt/airflow/dags/scd.py for tasks to queue
[2026-07-21T03:35:46.681+0000] {logging_mixin.py:188} INFO - [2026-07-21T03:35:46.681+0000] {dagbag.py:545} INFO - Filling up the DagBag from /opt/airflow/dags/scd.py
[2026-07-21T03:35:46.711+0000] {processor.py:840} INFO - DAG(s) 'SCD2_snapshots' retrieved from /opt/airflow/dags/scd.py
[2026-07-21T03:35:46.749+0000] {logging_mixin.py:188} INFO - [2026-07-21T03:35:46.748+0000] {dag.py:3089} INFO - Sync 1 DAGs
[2026-07-21T03:35:46.781+0000] {logging_mixin.py:188} INFO - [2026-07-21T03:35:46.781+0000] {dag.py:3947} INFO - Setting next_dagrun for SCD2_snapshots to 2026-07-21 00:00:00+00:00, run_after=2026-07-22 00:00:00+00:00
[2026-07-21T03:35:46.812+0000] {processor.py:183} INFO - Processing /opt/airflow/dags/scd.py took 0.143 seconds
[2026-07-21T03:36:17.041+0000] {processor.py:161} INFO - Started process (PID=2707) to work on /opt/airflow/dags/scd.py
[2026-07-21T03:36:17.043+0000] {processor.py:830} INFO - Processing file /opt/airflow/dags/scd.py for tasks to queue
[2026-07-21T03:36:17.045+0000] {logging_mixin.py:188} INFO - [2026-07-21T03:36:17.045+0000] {dagbag.py:545} INFO - Filling up the DagBag from /opt/airflow/dags/scd.py
[2026-07-21T03:36:17.075+0000] {processor.py:840} INFO - DAG(s) 'SCD2_snapshots' retrieved from /opt/airflow/dags/scd.py
[2026-07-21T03:36:17.128+0000] {logging_mixin.py:188} INFO - [2026-07-21T03:36:17.127+0000] {dag.py:3089} INFO - Sync 1 DAGs
[2026-07-21T03:36:17.153+0000] {logging_mixin.py:188} INFO - [2026-07-21T03:36:17.152+0000] {dag.py:3947} INFO - Setting next_dagrun for SCD2_snapshots to 2026-07-21 00:00:00+00:00, run_after=2026-07-22 00:00:00+00:00
[2026-07-21T03:36:17.175+0000] {processor.py:183} INFO - Processing /opt/airflow/dags/scd.py took 0.144 seconds
[2026-07-21T03:36:47.422+0000] {processor.py:161} INFO - Started process (PID=2712) to work on /opt/airflow/dags/scd.py
[2026-07-21T03:36:47.424+0000] {processor.py:830} INFO - Processing file /opt/airflow/dags/scd.py for tasks to queue
[2026-07-21T03:36:47.426+0000] {logging_mixin.py:188} INFO - [2026-07-21T03:36:47.426+0000] {dagbag.py:545} INFO - Filling up the DagBag from /opt/airflow/dags/scd.py
[2026-07-21T03:36:47.455+0000] {processor.py:840} INFO - DAG(s) 'SCD2_snapshots' retrieved from /opt/airflow/dags/scd.py
[2026-07-21T03:36:47.502+0000] {logging_mixin.py:188} INFO - [2026-07-21T03:36:47.502+0000] {dag.py:3089} INFO - Sync 1 DAGs
[2026-07-21T03:36:47.538+0000] {logging_mixin.py:188} INFO - [2026-07-21T03:36:47.537+0000] {dag.py:3947} INFO - Setting next_dagrun for SCD2_snapshots to 2026-07-21 00:00:00+00:00, run_after=2026-07-22 00:00:00+00:00
[2026-07-21T03:36:47.572+0000] {processor.py:183} INFO - Processing /opt/airflow/dags/scd.py took 0.159 seconds
[2026-07-21T03:37:17.740+0000] {processor.py:161} INFO - Started process (PID=2717) to work on /opt/airflow/dags/scd.py
[2026-07-21T03:37:17.742+0000] {processor.py:830} INFO - Processing file /opt/airflow/dags/scd.py for tasks to queue
[2026-07-21T03:37:17.745+0000] {logging_mixin.py:188} INFO - [2026-07-21T03:37:17.745+0000] {dagbag.py:545} INFO - Filling up the DagBag from /opt/airflow/dags/scd.py
[2026-07-21T03:37:17.776+0000] {processor.py:840} INFO - DAG(s) 'SCD2_snapshots' retrieved from /opt/airflow/dags/scd.py
[2026-07-21T03:37:17.817+0000] {logging_mixin.py:188} INFO - [2026-07-21T03:37:17.817+0000] {dag.py:3089} INFO - Sync 1 DAGs
[2026-07-21T03:37:17.845+0000] {logging_mixin.py:188} INFO - [2026-07-21T03:37:17.845+0000] {dag.py:3947} INFO - Setting next_dagrun for SCD2_snapshots to 2026-07-21 00:00:00+00:00, run_after=2026-07-22 00:00:00+00:00
[2026-07-21T03:37:17.870+0000] {processor.py:183} INFO - Processing /opt/airflow/dags/scd.py took 0.139 seconds
[2026-07-21T03:37:47.991+0000] {processor.py:161} INFO - Started process (PID=2722) to work on /opt/airflow/dags/scd.py
[2026-07-21T03:37:47.992+0000] {processor.py:830} INFO - Processing file /opt/airflow/dags/scd.py for tasks to queue
[2026-07-21T03:37:47.995+0000] {logging_mixin.py:188} INFO - [2026-07-21T03:37:47.994+0000] {dagbag.py:545} INFO - Filling up the DagBag from /opt/airflow/dags/scd.py
[2026-07-21T03:37:48.025+0000] {processor.py:840} INFO - DAG(s) 'SCD2_snapshots' retrieved from /opt/airflow/dags/scd.py
[2026-07-21T03:37:48.067+0000] {logging_mixin.py:188} INFO - [2026-07-21T03:37:48.067+0000] {dag.py:3089} INFO - Sync 1 DAGs
[2026-07-21T03:37:48.094+0000] {logging_mixin.py:188} INFO - [2026-07-21T03:37:48.094+0000] {dag.py:3947} INFO - Setting next_dagrun for SCD2_snapshots to 2026-07-21 00:00:00+00:00, run_after=2026-07-22 00:00:00+00:00
[2026-07-21T03:37:48.116+0000] {processor.py:183} INFO - Processing /opt/airflow/dags/scd.py took 0.133 seconds
[2026-07-21T03:38:18.269+0000] {processor.py:161} INFO - Started process (PID=2727) to work on /opt/airflow/dags/scd.py
[2026-07-21T03:38:18.271+0000] {processor.py:830} INFO - Processing file /opt/airflow/dags/scd.py for tasks to queue
[2026-07-21T03:38:18.273+0000] {logging_mixin.py:188} INFO - [2026-07-21T03:38:18.273+0000] {dagbag.py:545} INFO - Filling up the DagBag from /opt/airflow/dags/scd.py
[2026-07-21T03:38:18.300+0000] {processor.py:840} INFO - DAG(s) 'SCD2_snapshots' retrieved from /opt/airflow/dags/scd.py
[2026-07-21T03:38:18.336+0000] {logging_mixin.py:188} INFO - [2026-07-21T03:38:18.335+0000] {dag.py:3089} INFO - Sync 1 DAGs
[2026-07-21T03:38:18.362+0000] {logging_mixin.py:188} INFO - [2026-07-21T03:38:18.362+0000] {dag.py:3947} INFO - Setting next_dagrun for SCD2_snapshots to 2026-07-21 00:00:00+00:00, run_after=2026-07-22 00:00:00+00:00
[2026-07-21T03:38:18.384+0000] {processor.py:183} INFO - Processing /opt/airflow/dags/scd.py took 0.123 seconds
[2026-07-21T03:38:48.667+0000] {processor.py:161} INFO - Started process (PID=2728) to work on /opt/airflow/dags/scd.py
[2026-07-21T03:38:48.669+0000] {processor.py:830} INFO - Processing file /opt/airflow/dags/scd.py for tasks to queue
[2026-07-21T03:38:48.673+0000] {logging_mixin.py:188} INFO - [2026-07-21T03:38:48.672+0000] {dagbag.py:545} INFO - Filling up the DagBag from /opt/airflow/dags/scd.py
[2026-07-21T03:38:48.699+0000] {processor.py:840} INFO - DAG(s) 'SCD2_snapshots' retrieved from /opt/airflow/dags/scd.py
[2026-07-21T03:38:48.741+0000] {logging_mixin.py:188} INFO - [2026-07-21T03:38:48.741+0000] {dag.py:3089} INFO - Sync 1 DAGs
[2026-07-21T03:38:48.772+0000] {logging_mixin.py:188} INFO - [2026-07-21T03:38:48.772+0000] {dag.py:3947} INFO - Setting next_dagrun for SCD2_snapshots to 2026-07-21 00:00:00+00:00, run_after=2026-07-22 00:00:00+00:00
[2026-07-21T03:38:48.798+0000] {processor.py:183} INFO - Processing /opt/airflow/dags/scd.py took 0.138 seconds
[2026-07-21T03:39:18.959+0000] {processor.py:161} INFO - Started process (PID=2733) to work on /opt/airflow/dags/scd.py
[2026-07-21T03:39:18.960+0000] {processor.py:830} INFO - Processing file /opt/airflow/dags/scd.py for tasks to queue
[2026-07-21T03:39:18.963+0000] {logging_mixin.py:188} INFO - [2026-07-21T03:39:18.962+0000] {dagbag.py:545} INFO - Filling up the DagBag from /opt/airflow/dags/scd.py
[2026-07-21T03:39:18.990+0000] {processor.py:840} INFO - DAG(s) 'SCD2_snapshots' retrieved from /opt/airflow/dags/scd.py
[2026-07-21T03:39:19.028+0000] {logging_mixin.py:188} INFO - [2026-07-21T03:39:19.028+0000] {dag.py:3089} INFO - Sync 1 DAGs
[2026-07-21T03:39:19.054+0000] {logging_mixin.py:188} INFO - [2026-07-21T03:39:19.054+0000] {dag.py:3947} INFO - Setting next_dagrun for SCD2_snapshots to 2026-07-21 00:00:00+00:00, run_after=2026-07-22 00:00:00+00:00
[2026-07-21T03:39:19.076+0000] {processor.py:183} INFO - Processing /opt/airflow/dags/scd.py took 0.125 seconds
[2026-07-21T03:39:49.377+0000] {processor.py:161} INFO - Started process (PID=2738) to work on /opt/airflow/dags/scd.py
[2026-07-21T03:39:49.379+0000] {processor.py:830} INFO - Processing file /opt/airflow/dags/scd.py for tasks to queue
[2026-07-21T03:39:49.381+0000] {logging_mixin.py:188} INFO - [2026-07-21T03:39:49.381+0000] {dagbag.py:545} INFO - Filling up the DagBag from /opt/airflow/dags/scd.py
[2026-07-21T03:39:49.409+0000] {processor.py:840} INFO - DAG(s) 'SCD2_snapshots' retrieved from /opt/airflow/dags/scd.py
[2026-07-21T03:39:49.445+0000] {logging_mixin.py:188} INFO - [2026-07-21T03:39:49.445+0000] {dag.py:3089} INFO - Sync 1 DAGs
[2026-07-21T03:39:49.470+0000] {logging_mixin.py:188} INFO - [2026-07-21T03:39:49.470+0000] {dag.py:3947} INFO - Setting next_dagrun for SCD2_snapshots to 2026-07-21 00:00:00+00:00, run_after=2026-07-22 00:00:00+00:00
[2026-07-21T03:39:49.493+0000] {processor.py:183} INFO - Processing /opt/airflow/dags/scd.py took 0.124 seconds
[2026-07-21T03:40:19.589+0000] {processor.py:161} INFO - Started process (PID=2743) to work on /opt/airflow/dags/scd.py
[2026-07-21T03:40:19.590+0000] {processor.py:830} INFO - Processing file /opt/airflow/dags/scd.py for tasks to queue
[2026-07-21T03:40:19.593+0000] {logging_mixin.py:188} INFO - [2026-07-21T03:40:19.592+0000] {dagbag.py:545} INFO - Filling up the DagBag from /opt/airflow/dags/scd.py
[2026-07-21T03:40:19.619+0000] {processor.py:840} INFO - DAG(s) 'SCD2_snapshots' retrieved from /opt/airflow/dags/scd.py
[2026-07-21T03:40:19.662+0000] {logging_mixin.py:188} INFO - [2026-07-21T03:40:19.662+0000] {dag.py:3089} INFO - Sync 1 DAGs
[2026-07-21T03:40:19.698+0000] {logging_mixin.py:188} INFO - [2026-07-21T03:40:19.697+0000] {dag.py:3947} INFO - Setting next_dagrun for SCD2_snapshots to 2026-07-21 00:00:00+00:00, run_after=2026-07-22 00:00:00+00:00
[2026-07-21T03:40:19.727+0000] {processor.py:183} INFO - Processing /opt/airflow/dags/scd.py took 0.147 seconds
[2026-07-21T03:40:49.794+0000] {processor.py:161} INFO - Started process (PID=2748) to work on /opt/airflow/dags/scd.py
[2026-07-21T03:40:49.795+0000] {processor.py:830} INFO - Processing file /opt/airflow/dags/scd.py for tasks to queue
[2026-07-21T03:40:49.797+0000] {logging_mixin.py:188} INFO - [2026-07-21T03:40:49.797+0000] {dagbag.py:545} INFO - Filling up the DagBag from /opt/airflow/dags/scd.py
[2026-07-21T03:40:49.824+0000] {processor.py:840} INFO - DAG(s) 'SCD2_snapshots' retrieved from /opt/airflow/dags/scd.py
[2026-07-21T03:40:49.865+0000] {logging_mixin.py:188} INFO - [2026-07-21T03:40:49.865+0000] {dag.py:3089} INFO - Sync 1 DAGs
[2026-07-21T03:40:49.893+0000] {logging_mixin.py:188} INFO - [2026-07-21T03:40:49.893+0000] {dag.py:3947} INFO - Setting next_dagrun for SCD2_snapshots to 2026-07-21 00:00:00+00:00, run_after=2026-07-22 00:00:00+00:00
[2026-07-21T03:40:49.919+0000] {processor.py:183} INFO - Processing /opt/airflow/dags/scd.py took 0.134 seconds
[2026-07-21T03:41:19.987+0000] {processor.py:161} INFO - Started process (PID=2753) to work on /opt/airflow/dags/scd.py
[2026-07-21T03:41:19.989+0000] {processor.py:830} INFO - Processing file /opt/airflow/dags/scd.py for tasks to queue
[2026-07-21T03:41:19.992+0000] {logging_mixin.py:188} INFO - [2026-07-21T03:41:19.992+0000] {dagbag.py:545} INFO - Filling up the DagBag from /opt/airflow/dags/scd.py
[2026-07-21T03:41:20.022+0000] {processor.py:840} INFO - DAG(s) 'SCD2_snapshots' retrieved from /opt/airflow/dags/scd.py
[2026-07-21T03:41:20.065+0000] {logging_mixin.py:188} INFO - [2026-07-21T03:41:20.064+0000] {dag.py:3089} INFO - Sync 1 DAGs
[2026-07-21T03:41:20.092+0000] {logging_mixin.py:188} INFO - [2026-07-21T03:41:20.091+0000] {dag.py:3947} INFO - Setting next_dagrun for SCD2_snapshots to 2026-07-21 00:00:00+00:00, run_after=2026-07-22 00:00:00+00:00
[2026-07-21T03:41:20.116+0000] {processor.py:183} INFO - Processing /opt/airflow/dags/scd.py took 0.141 seconds
[2026-07-21T03:41:50.216+0000] {processor.py:161} INFO - Started process (PID=2758) to work on /opt/airflow/dags/scd.py
[2026-07-21T03:41:50.217+0000] {processor.py:830} INFO - Processing file /opt/airflow/dags/scd.py for tasks to queue
[2026-07-21T03:41:50.220+0000] {logging_mixin.py:188} INFO - [2026-07-21T03:41:50.220+0000] {dagbag.py:545} INFO - Filling up the DagBag from /opt/airflow/dags/scd.py
[2026-07-21T03:41:50.249+0000] {processor.py:840} INFO - DAG(s) 'SCD2_snapshots' retrieved from /opt/airflow/dags/scd.py
[2026-07-21T03:41:50.286+0000] {logging_mixin.py:188} INFO - [2026-07-21T03:41:50.286+0000] {dag.py:3089} INFO - Sync 1 DAGs
[2026-07-21T03:41:50.311+0000] {logging_mixin.py:188} INFO - [2026-07-21T03:41:50.311+0000] {dag.py:3947} INFO - Setting next_dagrun for SCD2_snapshots to 2026-07-21 00:00:00+00:00, run_after=2026-07-22 00:00:00+00:00
[2026-07-21T03:41:50.334+0000] {processor.py:183} INFO - Processing /opt/airflow/dags/scd.py took 0.126 seconds
[2026-07-21T03:42:20.477+0000] {processor.py:161} INFO - Started process (PID=2763) to work on /opt/airflow/dags/scd.py
[2026-07-21T03:42:20.480+0000] {processor.py:830} INFO - Processing file /opt/airflow/dags/scd.py for tasks to queue
[2026-07-21T03:42:20.485+0000] {logging_mixin.py:188} INFO - [2026-07-21T03:42:20.484+0000] {dagbag.py:545} INFO - Filling up the DagBag from /opt/airflow/dags/scd.py
[2026-07-21T03:42:20.535+0000] {processor.py:840} INFO - DAG(s) 'SCD2_snapshots' retrieved from /opt/airflow/dags/scd.py
[2026-07-21T03:42:20.593+0000] {logging_mixin.py:188} INFO - [2026-07-21T03:42:20.592+0000] {dag.py:3089} INFO - Sync 1 DAGs
[2026-07-21T03:42:20.632+0000] {logging_mixin.py:188} INFO - [2026-07-21T03:42:20.631+0000] {dag.py:3947} INFO - Setting next_dagrun for SCD2_snapshots to 2026-07-21 00:00:00+00:00, run_after=2026-07-22 00:00:00+00:00
[2026-07-21T03:42:20.652+0000] {processor.py:183} INFO - Processing /opt/airflow/dags/scd.py took 0.186 seconds
[2026-07-21T03:42:50.956+0000] {processor.py:161} INFO - Started process (PID=2768) to work on /opt/airflow/dags/scd.py
[2026-07-21T03:42:50.957+0000] {processor.py:830} INFO - Processing file /opt/airflow/dags/scd.py for tasks to queue
[2026-07-21T03:42:50.959+0000] {logging_mixin.py:188} INFO - [2026-07-21T03:42:50.959+0000] {dagbag.py:545} INFO - Filling up the DagBag from /opt/airflow/dags/scd.py
[2026-07-21T03:42:50.986+0000] {processor.py:840} INFO - DAG(s) 'SCD2_snapshots' retrieved from /opt/airflow/dags/scd.py
[2026-07-21T03:42:51.022+0000] {logging_mixin.py:188} INFO - [2026-07-21T03:42:51.021+0000] {dag.py:3089} INFO - Sync 1 DAGs
[2026-07-21T03:42:51.047+0000] {logging_mixin.py:188} INFO - [2026-07-21T03:42:51.047+0000] {dag.py:3947} INFO - Setting next_dagrun for SCD2_snapshots to 2026-07-21 00:00:00+00:00, run_after=2026-07-22 00:00:00+00:00
[2026-07-21T03:42:51.070+0000] {processor.py:183} INFO - Processing /opt/airflow/dags/scd.py took 0.122 seconds
[2026-07-21T03:43:21.236+0000] {processor.py:161} INFO - Started process (PID=2773) to work on /opt/airflow/dags/scd.py
[2026-07-21T03:43:21.239+0000] {processor.py:830} INFO - Processing file /opt/airflow/dags/scd.py for tasks to queue
[2026-07-21T03:43:21.242+0000] {logging_mixin.py:188} INFO - [2026-07-21T03:43:21.241+0000] {dagbag.py:545} INFO - Filling up the DagBag from /opt/airflow/dags/scd.py
[2026-07-21T03:43:21.267+0000] {processor.py:840} INFO - DAG(s) 'SCD2_snapshots' retrieved from /opt/airflow/dags/scd.py
[2026-07-21T03:43:21.307+0000] {logging_mixin.py:188} INFO - [2026-07-21T03:43:21.306+0000] {dag.py:3089} INFO - Sync 1 DAGs
[2026-07-21T03:43:21.334+0000] {logging_mixin.py:188} INFO - [2026-07-21T03:43:21.333+0000] {dag.py:3947} INFO - Setting next_dagrun for SCD2_snapshots to 2026-07-21 00:00:00+00:00, run_after=2026-07-22 00:00:00+00:00
[2026-07-21T03:43:21.357+0000] {processor.py:183} INFO - Processing /opt/airflow/dags/scd.py took 0.128 seconds
[2026-07-21T03:43:51.518+0000] {processor.py:161} INFO - Started process (PID=2778) to work on /opt/airflow/dags/scd.py
[2026-07-21T03:43:51.520+0000] {processor.py:830} INFO - Processing file /opt/airflow/dags/scd.py for tasks to queue
[2026-07-21T03:43:51.524+0000] {logging_mixin.py:188} INFO - [2026-07-21T03:43:51.523+0000] {dagbag.py:545} INFO - Filling up the DagBag from /opt/airflow/dags/scd.py
[2026-07-21T03:43:51.561+0000] {processor.py:840} INFO - DAG(s) 'SCD2_snapshots' retrieved from /opt/airflow/dags/scd.py
[2026-07-21T03:43:51.603+0000] {logging_mixin.py:188} INFO - [2026-07-21T03:43:51.602+0000] {dag.py:3089} INFO - Sync 1 DAGs
[2026-07-21T03:43:51.630+0000] {logging_mixin.py:188} INFO - [2026-07-21T03:43:51.630+0000] {dag.py:3947} INFO - Setting next_dagrun for SCD2_snapshots to 2026-07-21 00:00:00+00:00, run_after=2026-07-22 00:00:00+00:00
[2026-07-21T03:43:51.656+0000] {processor.py:183} INFO - Processing /opt/airflow/dags/scd.py took 0.149 seconds
[2026-07-21T03:44:21.878+0000] {processor.py:161} INFO - Started process (PID=2783) to work on /opt/airflow/dags/scd.py
[2026-07-21T03:44:21.879+0000] {processor.py:830} INFO - Processing file /opt/airflow/dags/scd.py for tasks to queue
[2026-07-21T03:44:21.882+0000] {logging_mixin.py:188} INFO - [2026-07-21T03:44:21.881+0000] {dagbag.py:545} INFO - Filling up the DagBag from /opt/airflow/dags/scd.py
[2026-07-21T03:44:21.908+0000] {processor.py:840} INFO - DAG(s) 'SCD2_snapshots' retrieved from /opt/airflow/dags/scd.py
[2026-07-21T03:44:21.945+0000] {logging_mixin.py:188} INFO - [2026-07-21T03:44:21.945+0000] {dag.py:3089} INFO - Sync 1 DAGs
[2026-07-21T03:44:21.972+0000] {logging_mixin.py:188} INFO - [2026-07-21T03:44:21.971+0000] {dag.py:3947} INFO - Setting next_dagrun for SCD2_snapshots to 2026-07-21 00:00:00+00:00, run_after=2026-07-22 00:00:00+00:00
[2026-07-21T03:44:21.997+0000] {processor.py:183} INFO - Processing /opt/airflow/dags/scd.py took 0.126 seconds
[2026-07-21T03:44:52.129+0000] {processor.py:161} INFO - Started process (PID=2788) to work on /opt/airflow/dags/scd.py
[2026-07-21T03:44:52.130+0000] {processor.py:830} INFO - Processing file /opt/airflow/dags/scd.py for tasks to queue
[2026-07-21T03:44:52.133+0000] {logging_mixin.py:188} INFO - [2026-07-21T03:44:52.133+0000] {dagbag.py:545} INFO - Filling up the DagBag from /opt/airflow/dags/scd.py
[2026-07-21T03:44:52.159+0000] {processor.py:840} INFO - DAG(s) 'SCD2_snapshots' retrieved from /opt/airflow/dags/scd.py
[2026-07-21T03:44:52.196+0000] {logging_mixin.py:188} INFO - [2026-07-21T03:44:52.195+0000] {dag.py:3089} INFO - Sync 1 DAGs
[2026-07-21T03:44:52.222+0000] {logging_mixin.py:188} INFO - [2026-07-21T03:44:52.222+0000] {dag.py:3947} INFO - Setting next_dagrun for SCD2_snapshots to 2026-07-21 00:00:00+00:00, run_after=2026-07-22 00:00:00+00:00
[2026-07-21T03:44:52.248+0000] {processor.py:183} INFO - Processing /opt/airflow/dags/scd.py took 0.126 seconds
[2026-07-21T03:45:22.330+0000] {processor.py:161} INFO - Started process (PID=2793) to work on /opt/airflow/dags/scd.py
[2026-07-21T03:45:22.332+0000] {processor.py:830} INFO - Processing file /opt/airflow/dags/scd.py for tasks to queue
[2026-07-21T03:45:22.334+0000] {logging_mixin.py:188} INFO - [2026-07-21T03:45:22.334+0000] {dagbag.py:545} INFO - Filling up the DagBag from /opt/airflow/dags/scd.py
[2026-07-21T03:45:22.360+0000] {processor.py:840} INFO - DAG(s) 'SCD2_snapshots' retrieved from /opt/airflow/dags/scd.py
[2026-07-21T03:45:22.405+0000] {logging_mixin.py:188} INFO - [2026-07-21T03:45:22.405+0000] {dag.py:3089} INFO - Sync 1 DAGs
[2026-07-21T03:45:22.436+0000] {logging_mixin.py:188} INFO - [2026-07-21T03:45:22.436+0000] {dag.py:3947} INFO - Setting next_dagrun for SCD2_snapshots to 2026-07-21 00:00:00+00:00, run_after=2026-07-22 00:00:00+00:00
[2026-07-21T03:45:22.464+0000] {processor.py:183} INFO - Processing /opt/airflow/dags/scd.py took 0.142 seconds
[2026-07-21T03:45:52.567+0000] {processor.py:161} INFO - Started process (PID=2798) to work on /opt/airflow/dags/scd.py
[2026-07-21T03:45:52.569+0000] {processor.py:830} INFO - Processing file /opt/airflow/dags/scd.py for tasks to queue
[2026-07-21T03:45:52.571+0000] {logging_mixin.py:188} INFO - [2026-07-21T03:45:52.570+0000] {dagbag.py:545} INFO - Filling up the DagBag from /opt/airflow/dags/scd.py
[2026-07-21T03:45:52.598+0000] {processor.py:840} INFO - DAG(s) 'SCD2_snapshots' retrieved from /opt/airflow/dags/scd.py
[2026-07-21T03:45:52.635+0000] {logging_mixin.py:188} INFO - [2026-07-21T03:45:52.635+0000] {dag.py:3089} INFO - Sync 1 DAGs
[2026-07-21T03:45:52.663+0000] {logging_mixin.py:188} INFO - [2026-07-21T03:45:52.663+0000] {dag.py:3947} INFO - Setting next_dagrun for SCD2_snapshots to 2026-07-21 00:00:00+00:00, run_after=2026-07-22 00:00:00+00:00
[2026-07-21T03:45:52.691+0000] {processor.py:183} INFO - Processing /opt/airflow/dags/scd.py took 0.132 seconds
[2026-07-21T03:46:22.822+0000] {processor.py:161} INFO - Started process (PID=2803) to work on /opt/airflow/dags/scd.py
[2026-07-21T03:46:22.824+0000] {processor.py:830} INFO - Processing file /opt/airflow/dags/scd.py for tasks to queue
[2026-07-21T03:46:22.827+0000] {logging_mixin.py:188} INFO - [2026-07-21T03:46:22.826+0000] {dagbag.py:545} INFO - Filling up the DagBag from /opt/airflow/dags/scd.py
[2026-07-21T03:46:22.856+0000] {processor.py:840} INFO - DAG(s) 'SCD2_snapshots' retrieved from /opt/airflow/dags/scd.py
[2026-07-21T03:46:22.896+0000] {logging_mixin.py:188} INFO - [2026-07-21T03:46:22.896+0000] {dag.py:3089} INFO - Sync 1 DAGs
[2026-07-21T03:46:22.926+0000] {logging_mixin.py:188} INFO - [2026-07-21T03:46:22.925+0000] {dag.py:3947} INFO - Setting next_dagrun for SCD2_snapshots to 2026-07-21 00:00:00+00:00, run_after=2026-07-22 00:00:00+00:00
[2026-07-21T03:46:22.955+0000] {processor.py:183} INFO - Processing /opt/airflow/dags/scd.py took 0.143 seconds
[2026-07-21T03:46:53.124+0000] {processor.py:161} INFO - Started process (PID=2808) to work on /opt/airflow/dags/scd.py
[2026-07-21T03:46:53.126+0000] {processor.py:830} INFO - Processing file /opt/airflow/dags/scd.py for tasks to queue
[2026-07-21T03:46:53.128+0000] {logging_mixin.py:188} INFO - [2026-07-21T03:46:53.127+0000] {dagbag.py:545} INFO - Filling up the DagBag from /opt/airflow/dags/scd.py
[2026-07-21T03:46:53.155+0000] {processor.py:840} INFO - DAG(s) 'SCD2_snapshots' retrieved from /opt/airflow/dags/scd.py
[2026-07-21T03:46:53.199+0000] {logging_mixin.py:188} INFO - [2026-07-21T03:46:53.199+0000] {dag.py:3089} INFO - Sync 1 DAGs
[2026-07-21T03:46:53.230+0000] {logging_mixin.py:188} INFO - [2026-07-21T03:46:53.230+0000] {dag.py:3947} INFO - Setting next_dagrun for SCD2_snapshots to 2026-07-21 00:00:00+00:00, run_after=2026-07-22 00:00:00+00:00
[2026-07-21T03:46:53.255+0000] {processor.py:183} INFO - Processing /opt/airflow/dags/scd.py took 0.140 seconds
[2026-07-21T03:47:23.483+0000] {processor.py:161} INFO - Started process (PID=2813) to work on /opt/airflow/dags/scd.py
[2026-07-21T03:47:23.485+0000] {processor.py:830} INFO - Processing file /opt/airflow/dags/scd.py for tasks to queue
[2026-07-21T03:47:23.487+0000] {logging_mixin.py:188} INFO - [2026-07-21T03:47:23.487+0000] {dagbag.py:545} INFO - Filling up the DagBag from /opt/airflow/dags/scd.py
[2026-07-21T03:47:23.520+0000] {processor.py:840} INFO - DAG(s) 'SCD2_snapshots' retrieved from /opt/airflow/dags/scd.py
[2026-07-21T03:47:23.562+0000] {logging_mixin.py:188} INFO - [2026-07-21T03:47:23.561+0000] {dag.py:3089} INFO - Sync 1 DAGs
[2026-07-21T03:47:23.589+0000] {logging_mixin.py:188} INFO - [2026-07-21T03:47:23.589+0000] {dag.py:3947} INFO - Setting next_dagrun for SCD2_snapshots to 2026-07-21 00:00:00+00:00, run_after=2026-07-22 00:00:00+00:00
[2026-07-21T03:47:23.613+0000] {processor.py:183} INFO - Processing /opt/airflow/dags/scd.py took 0.139 seconds
[2026-07-21T03:47:53.724+0000] {processor.py:161} INFO - Started process (PID=2818) to work on /opt/airflow/dags/scd.py
[2026-07-21T03:47:53.726+0000] {processor.py:830} INFO - Processing file /opt/airflow/dags/scd.py for tasks to queue
[2026-07-21T03:47:53.728+0000] {logging_mixin.py:188} INFO - [2026-07-21T03:47:53.728+0000] {dagbag.py:545} INFO - Filling up the DagBag from /opt/airflow/dags/scd.py
[2026-07-21T03:47:53.756+0000] {processor.py:840} INFO - DAG(s) 'SCD2_snapshots' retrieved from /opt/airflow/dags/scd.py
[2026-07-21T03:47:53.799+0000] {logging_mixin.py:188} INFO - [2026-07-21T03:47:53.799+0000] {dag.py:3089} INFO - Sync 1 DAGs
[2026-07-21T03:47:53.826+0000] {logging_mixin.py:188} INFO - [2026-07-21T03:47:53.826+0000] {dag.py:3947} INFO - Setting next_dagrun for SCD2_snapshots to 2026-07-21 00:00:00+00:00, run_after=2026-07-22 00:00:00+00:00
[2026-07-21T03:47:53.851+0000] {processor.py:183} INFO - Processing /opt/airflow/dags/scd.py took 0.135 seconds
[2026-07-21T03:48:24.100+0000] {processor.py:161} INFO - Started process (PID=2823) to work on /opt/airflow/dags/scd.py
[2026-07-21T03:48:24.101+0000] {processor.py:830} INFO - Processing file /opt/airflow/dags/scd.py for tasks to queue
[2026-07-21T03:48:24.103+0000] {logging_mixin.py:188} INFO - [2026-07-21T03:48:24.103+0000] {dagbag.py:545} INFO - Filling up the DagBag from /opt/airflow/dags/scd.py
[2026-07-21T03:48:24.131+0000] {processor.py:840} INFO - DAG(s) 'SCD2_snapshots' retrieved from /opt/airflow/dags/scd.py
[2026-07-21T03:48:24.167+0000] {logging_mixin.py:188} INFO - [2026-07-21T03:48:24.167+0000] {dag.py:3089} INFO - Sync 1 DAGs
[2026-07-21T03:48:24.193+0000] {logging_mixin.py:188} INFO - [2026-07-21T03:48:24.193+0000] {dag.py:3947} INFO - Setting next_dagrun for SCD2_snapshots to 2026-07-21 00:00:00+00:00, run_after=2026-07-22 00:00:00+00:00
[2026-07-21T03:48:24.217+0000] {processor.py:183} INFO - Processing /opt/airflow/dags/scd.py took 0.125 seconds
[2026-07-21T03:48:54.312+0000] {processor.py:161} INFO - Started process (PID=2828) to work on /opt/airflow/dags/scd.py
[2026-07-21T03:48:54.314+0000] {processor.py:830} INFO - Processing file /opt/airflow/dags/scd.py for tasks to queue
[2026-07-21T03:48:54.316+0000] {logging_mixin.py:188} INFO - [2026-07-21T03:48:54.315+0000] {dagbag.py:545} INFO - Filling up the DagBag from /opt/airflow/dags/scd.py
[2026-07-21T03:48:54.343+0000] {processor.py:840} INFO - DAG(s) 'SCD2_snapshots' retrieved from /opt/airflow/dags/scd.py
[2026-07-21T03:48:54.380+0000] {logging_mixin.py:188} INFO - [2026-07-21T03:48:54.380+0000] {dag.py:3089} INFO - Sync 1 DAGs
[2026-07-21T03:48:54.408+0000] {logging_mixin.py:188} INFO - [2026-07-21T03:48:54.408+0000] {dag.py:3947} INFO - Setting next_dagrun for SCD2_snapshots to 2026-07-21 00:00:00+00:00, run_after=2026-07-22 00:00:00+00:00
[2026-07-21T03:48:54.435+0000] {processor.py:183} INFO - Processing /opt/airflow/dags/scd.py took 0.132 seconds
[2026-07-21T03:49:24.780+0000] {processor.py:161} INFO - Started process (PID=2833) to work on /opt/airflow/dags/scd.py
[2026-07-21T03:49:24.781+0000] {processor.py:830} INFO - Processing file /opt/airflow/dags/scd.py for tasks to queue
[2026-07-21T03:49:24.784+0000] {logging_mixin.py:188} INFO - [2026-07-21T03:49:24.784+0000] {dagbag.py:545} INFO - Filling up the DagBag from /opt/airflow/dags/scd.py
[2026-07-21T03:49:24.812+0000] {processor.py:840} INFO - DAG(s) 'SCD2_snapshots' retrieved from /opt/airflow/dags/scd.py
[2026-07-21T03:49:24.850+0000] {logging_mixin.py:188} INFO - [2026-07-21T03:49:24.850+0000] {dag.py:3089} INFO - Sync 1 DAGs
[2026-07-21T03:49:24.879+0000] {logging_mixin.py:188} INFO - [2026-07-21T03:49:24.879+0000] {dag.py:3947} INFO - Setting next_dagrun for SCD2_snapshots to 2026-07-21 00:00:00+00:00, run_after=2026-07-22 00:00:00+00:00
[2026-07-21T03:49:24.906+0000] {processor.py:183} INFO - Processing /opt/airflow/dags/scd.py took 0.134 seconds
[2026-07-21T03:49:55.203+0000] {processor.py:161} INFO - Started process (PID=2838) to work on /opt/airflow/dags/scd.py
[2026-07-21T03:49:55.205+0000] {processor.py:830} INFO - Processing file /opt/airflow/dags/scd.py for tasks to queue
[2026-07-21T03:49:55.208+0000] {logging_mixin.py:188} INFO - [2026-07-21T03:49:55.207+0000] {dagbag.py:545} INFO - Filling up the DagBag from /opt/airflow/dags/scd.py
[2026-07-21T03:49:55.235+0000] {processor.py:840} INFO - DAG(s) 'SCD2_snapshots' retrieved from /opt/airflow/dags/scd.py
[2026-07-21T03:49:55.274+0000] {logging_mixin.py:188} INFO - [2026-07-21T03:49:55.274+0000] {dag.py:3089} INFO - Sync 1 DAGs
[2026-07-21T03:49:55.308+0000] {logging_mixin.py:188} INFO - [2026-07-21T03:49:55.308+0000] {dag.py:3947} INFO - Setting next_dagrun for SCD2_snapshots to 2026-07-21 00:00:00+00:00, run_after=2026-07-22 00:00:00+00:00
[2026-07-21T03:49:55.339+0000] {processor.py:183} INFO - Processing /opt/airflow/dags/scd.py took 0.143 seconds
[2026-07-21T03:50:25.633+0000] {processor.py:161} INFO - Started process (PID=2843) to work on /opt/airflow/dags/scd.py
[2026-07-21T03:50:25.635+0000] {processor.py:830} INFO - Processing file /opt/airflow/dags/scd.py for tasks to queue
[2026-07-21T03:50:25.638+0000] {logging_mixin.py:188} INFO - [2026-07-21T03:50:25.637+0000] {dagbag.py:545} INFO - Filling up the DagBag from /opt/airflow/dags/scd.py
[2026-07-21T03:50:25.667+0000] {processor.py:840} INFO - DAG(s) 'SCD2_snapshots' retrieved from /opt/airflow/dags/scd.py
[2026-07-21T03:50:25.707+0000] {logging_mixin.py:188} INFO - [2026-07-21T03:50:25.707+0000] {dag.py:3089} INFO - Sync 1 DAGs
[2026-07-21T03:50:25.734+0000] {logging_mixin.py:188} INFO - [2026-07-21T03:50:25.734+0000] {dag.py:3947} INFO - Setting next_dagrun for SCD2_snapshots to 2026-07-21 00:00:00+00:00, run_after=2026-07-22 00:00:00+00:00
[2026-07-21T03:50:25.759+0000] {processor.py:183} INFO - Processing /opt/airflow/dags/scd.py took 0.133 seconds
[2026-07-21T03:50:55.941+0000] {processor.py:161} INFO - Started process (PID=2848) to work on /opt/airflow/dags/scd.py
[2026-07-21T03:50:55.942+0000] {processor.py:830} INFO - Processing file /opt/airflow/dags/scd.py for tasks to queue
[2026-07-21T03:50:55.944+0000] {logging_mixin.py:188} INFO - [2026-07-21T03:50:55.944+0000] {dagbag.py:545} INFO - Filling up the DagBag from /opt/airflow/dags/scd.py
[2026-07-21T03:50:55.974+0000] {processor.py:840} INFO - DAG(s) 'SCD2_snapshots' retrieved from /opt/airflow/dags/scd.py
[2026-07-21T03:50:56.011+0000] {logging_mixin.py:188} INFO - [2026-07-21T03:50:56.011+0000] {dag.py:3089} INFO - Sync 1 DAGs
[2026-07-21T03:50:56.038+0000] {logging_mixin.py:188} INFO - [2026-07-21T03:50:56.038+0000] {dag.py:3947} INFO - Setting next_dagrun for SCD2_snapshots to 2026-07-21 00:00:00+00:00, run_after=2026-07-22 00:00:00+00:00
[2026-07-21T03:50:56.059+0000] {processor.py:183} INFO - Processing /opt/airflow/dags/scd.py took 0.127 seconds
[2026-07-21T03:51:26.344+0000] {processor.py:161} INFO - Started process (PID=2853) to work on /opt/airflow/dags/scd.py
[2026-07-21T03:51:26.346+0000] {processor.py:830} INFO - Processing file /opt/airflow/dags/scd.py for tasks to queue
[2026-07-21T03:51:26.349+0000] {logging_mixin.py:188} INFO - [2026-07-21T03:51:26.349+0000] {dagbag.py:545} INFO - Filling up the DagBag from /opt/airflow/dags/scd.py
[2026-07-21T03:51:26.389+0000] {processor.py:840} INFO - DAG(s) 'SCD2_snapshots' retrieved from /opt/airflow/dags/scd.py
[2026-07-21T03:51:26.437+0000] {logging_mixin.py:188} INFO - [2026-07-21T03:51:26.437+0000] {dag.py:3089} INFO - Sync 1 DAGs
[2026-07-21T03:51:26.476+0000] {logging_mixin.py:188} INFO - [2026-07-21T03:51:26.476+0000] {dag.py:3947} INFO - Setting next_dagrun for SCD2_snapshots to 2026-07-21 00:00:00+00:00, run_after=2026-07-22 00:00:00+00:00
[2026-07-21T03:51:26.503+0000] {processor.py:183} INFO - Processing /opt/airflow/dags/scd.py took 0.169 seconds
[2026-07-21T03:51:56.855+0000] {processor.py:161} INFO - Started process (PID=2858) to work on /opt/airflow/dags/scd.py
[2026-07-21T03:51:56.857+0000] {processor.py:830} INFO - Processing file /opt/airflow/dags/scd.py for tasks to queue
[2026-07-21T03:51:56.862+0000] {logging_mixin.py:188} INFO - [2026-07-21T03:51:56.861+0000] {dagbag.py:545} INFO - Filling up the DagBag from /opt/airflow/dags/scd.py
[2026-07-21T03:51:56.898+0000] {processor.py:840} INFO - DAG(s) 'SCD2_snapshots' retrieved from /opt/airflow/dags/scd.py
[2026-07-21T03:51:56.940+0000] {logging_mixin.py:188} INFO - [2026-07-21T03:51:56.940+0000] {dag.py:3089} INFO - Sync 1 DAGs
[2026-07-21T03:51:56.967+0000] {logging_mixin.py:188} INFO - [2026-07-21T03:51:56.967+0000] {dag.py:3947} INFO - Setting next_dagrun for SCD2_snapshots to 2026-07-21 00:00:00+00:00, run_after=2026-07-22 00:00:00+00:00
[2026-07-21T03:51:56.991+0000] {processor.py:183} INFO - Processing /opt/airflow/dags/scd.py took 0.147 seconds
[2026-07-21T03:52:27.088+0000] {processor.py:161} INFO - Started process (PID=2863) to work on /opt/airflow/dags/scd.py
[2026-07-21T03:52:27.090+0000] {processor.py:830} INFO - Processing file /opt/airflow/dags/scd.py for tasks to queue
[2026-07-21T03:52:27.092+0000] {logging_mixin.py:188} INFO - [2026-07-21T03:52:27.092+0000] {dagbag.py:545} INFO - Filling up the DagBag from /opt/airflow/dags/scd.py
[2026-07-21T03:52:27.120+0000] {processor.py:840} INFO - DAG(s) 'SCD2_snapshots' retrieved from /opt/airflow/dags/scd.py
[2026-07-21T03:52:27.159+0000] {logging_mixin.py:188} INFO - [2026-07-21T03:52:27.158+0000] {dag.py:3089} INFO - Sync 1 DAGs
[2026-07-21T03:52:27.183+0000] {logging_mixin.py:188} INFO - [2026-07-21T03:52:27.183+0000] {dag.py:3947} INFO - Setting next_dagrun for SCD2_snapshots to 2026-07-21 00:00:00+00:00, run_after=2026-07-22 00:00:00+00:00
[2026-07-21T03:52:27.204+0000] {processor.py:183} INFO - Processing /opt/airflow/dags/scd.py took 0.124 seconds
[2026-07-21T03:52:57.345+0000] {processor.py:161} INFO - Started process (PID=2868) to work on /opt/airflow/dags/scd.py
[2026-07-21T03:52:57.347+0000] {processor.py:830} INFO - Processing file /opt/airflow/dags/scd.py for tasks to queue
[2026-07-21T03:52:57.349+0000] {logging_mixin.py:188} INFO - [2026-07-21T03:52:57.348+0000] {dagbag.py:545} INFO - Filling up the DagBag from /opt/airflow/dags/scd.py
[2026-07-21T03:52:57.378+0000] {processor.py:840} INFO - DAG(s) 'SCD2_snapshots' retrieved from /opt/airflow/dags/scd.py
[2026-07-21T03:52:57.415+0000] {logging_mixin.py:188} INFO - [2026-07-21T03:52:57.415+0000] {dag.py:3089} INFO - Sync 1 DAGs
[2026-07-21T03:52:57.444+0000] {logging_mixin.py:188} INFO - [2026-07-21T03:52:57.443+0000] {dag.py:3947} INFO - Setting next_dagrun for SCD2_snapshots to 2026-07-21 00:00:00+00:00, run_after=2026-07-22 00:00:00+00:00
[2026-07-21T03:52:57.467+0000] {processor.py:183} INFO - Processing /opt/airflow/dags/scd.py took 0.130 seconds
[2026-07-21T03:53:27.574+0000] {processor.py:161} INFO - Started process (PID=2873) to work on /opt/airflow/dags/scd.py
[2026-07-21T03:53:27.575+0000] {processor.py:830} INFO - Processing file /opt/airflow/dags/scd.py for tasks to queue
[2026-07-21T03:53:27.579+0000] {logging_mixin.py:188} INFO - [2026-07-21T03:53:27.578+0000] {dagbag.py:545} INFO - Filling up the DagBag from /opt/airflow/dags/scd.py
[2026-07-21T03:53:27.611+0000] {processor.py:840} INFO - DAG(s) 'SCD2_snapshots' retrieved from /opt/airflow/dags/scd.py
[2026-07-21T03:53:27.657+0000] {logging_mixin.py:188} INFO - [2026-07-21T03:53:27.657+0000] {dag.py:3089} INFO - Sync 1 DAGs
[2026-07-21T03:53:27.693+0000] {logging_mixin.py:188} INFO - [2026-07-21T03:53:27.693+0000] {dag.py:3947} INFO - Setting next_dagrun for SCD2_snapshots to 2026-07-21 00:00:00+00:00, run_after=2026-07-22 00:00:00+00:00
[2026-07-21T03:53:27.722+0000] {processor.py:183} INFO - Processing /opt/airflow/dags/scd.py took 0.156 seconds
[2026-07-21T03:53:58.101+0000] {processor.py:161} INFO - Started process (PID=2878) to work on /opt/airflow/dags/scd.py
[2026-07-21T03:53:58.103+0000] {processor.py:830} INFO - Processing file /opt/airflow/dags/scd.py for tasks to queue
[2026-07-21T03:53:58.106+0000] {logging_mixin.py:188} INFO - [2026-07-21T03:53:58.105+0000] {dagbag.py:545} INFO - Filling up the DagBag from /opt/airflow/dags/scd.py
[2026-07-21T03:53:58.141+0000] {processor.py:840} INFO - DAG(s) 'SCD2_snapshots' retrieved from /opt/airflow/dags/scd.py
[2026-07-21T03:53:58.190+0000] {logging_mixin.py:188} INFO - [2026-07-21T03:53:58.190+0000] {dag.py:3089} INFO - Sync 1 DAGs
[2026-07-21T03:53:58.227+0000] {logging_mixin.py:188} INFO - [2026-07-21T03:53:58.226+0000] {dag.py:3947} INFO - Setting next_dagrun for SCD2_snapshots to 2026-07-21 00:00:00+00:00, run_after=2026-07-22 00:00:00+00:00
[2026-07-21T03:53:58.250+0000] {processor.py:183} INFO - Processing /opt/airflow/dags/scd.py took 0.162 seconds
[2026-07-21T03:54:28.595+0000] {processor.py:161} INFO - Started process (PID=2879) to work on /opt/airflow/dags/scd.py
[2026-07-21T03:54:28.597+0000] {processor.py:830} INFO - Processing file /opt/airflow/dags/scd.py for tasks to queue
[2026-07-21T03:54:28.602+0000] {logging_mixin.py:188} INFO - [2026-07-21T03:54:28.601+0000] {dagbag.py:545} INFO - Filling up the DagBag from /opt/airflow/dags/scd.py
[2026-07-21T03:54:28.646+0000] {processor.py:840} INFO - DAG(s) 'SCD2_snapshots' retrieved from /opt/airflow/dags/scd.py
[2026-07-21T03:54:28.695+0000] {logging_mixin.py:188} INFO - [2026-07-21T03:54:28.695+0000] {dag.py:3089} INFO - Sync 1 DAGs
[2026-07-21T03:54:28.731+0000] {logging_mixin.py:188} INFO - [2026-07-21T03:54:28.731+0000] {dag.py:3947} INFO - Setting next_dagrun for SCD2_snapshots to 2026-07-21 00:00:00+00:00, run_after=2026-07-22 00:00:00+00:00
[2026-07-21T03:54:28.757+0000] {processor.py:183} INFO - Processing /opt/airflow/dags/scd.py took 0.176 seconds
[2026-07-21T03:54:58.850+0000] {processor.py:161} INFO - Started process (PID=2884) to work on /opt/airflow/dags/scd.py
[2026-07-21T03:54:58.851+0000] {processor.py:830} INFO - Processing file /opt/airflow/dags/scd.py for tasks to queue
[2026-07-21T03:54:58.855+0000] {logging_mixin.py:188} INFO - [2026-07-21T03:54:58.854+0000] {dagbag.py:545} INFO - Filling up the DagBag from /opt/airflow/dags/scd.py
[2026-07-21T03:54:58.881+0000] {processor.py:840} INFO - DAG(s) 'SCD2_snapshots' retrieved from /opt/airflow/dags/scd.py
[2026-07-21T03:54:58.921+0000] {logging_mixin.py:188} INFO - [2026-07-21T03:54:58.921+0000] {dag.py:3089} INFO - Sync 1 DAGs
[2026-07-21T03:54:58.957+0000] {logging_mixin.py:188} INFO - [2026-07-21T03:54:58.956+0000] {dag.py:3947} INFO - Setting next_dagrun for SCD2_snapshots to 2026-07-21 00:00:00+00:00, run_after=2026-07-22 00:00:00+00:00
[2026-07-21T03:54:58.983+0000] {processor.py:183} INFO - Processing /opt/airflow/dags/scd.py took 0.141 seconds
[2026-07-21T03:55:29.335+0000] {processor.py:161} INFO - Started process (PID=2889) to work on /opt/airflow/dags/scd.py
[2026-07-21T03:55:29.337+0000] {processor.py:830} INFO - Processing file /opt/airflow/dags/scd.py for tasks to queue
[2026-07-21T03:55:29.340+0000] {logging_mixin.py:188} INFO - [2026-07-21T03:55:29.339+0000] {dagbag.py:545} INFO - Filling up the DagBag from /opt/airflow/dags/scd.py
[2026-07-21T03:55:29.371+0000] {processor.py:840} INFO - DAG(s) 'SCD2_snapshots' retrieved from /opt/airflow/dags/scd.py
[2026-07-21T03:55:29.421+0000] {logging_mixin.py:188} INFO - [2026-07-21T03:55:29.421+0000] {dag.py:3089} INFO - Sync 1 DAGs
[2026-07-21T03:55:29.449+0000] {logging_mixin.py:188} INFO - [2026-07-21T03:55:29.449+0000] {dag.py:3947} INFO - Setting next_dagrun for SCD2_snapshots to 2026-07-21 00:00:00+00:00, run_after=2026-07-22 00:00:00+00:00
[2026-07-21T03:55:29.478+0000] {processor.py:183} INFO - Processing /opt/airflow/dags/scd.py took 0.152 seconds
[2026-07-21T03:55:59.628+0000] {processor.py:161} INFO - Started process (PID=2894) to work on /opt/airflow/dags/scd.py
[2026-07-21T03:55:59.630+0000] {processor.py:830} INFO - Processing file /opt/airflow/dags/scd.py for tasks to queue
[2026-07-21T03:55:59.634+0000] {logging_mixin.py:188} INFO - [2026-07-21T03:55:59.633+0000] {dagbag.py:545} INFO - Filling up the DagBag from /opt/airflow/dags/scd.py
[2026-07-21T03:55:59.664+0000] {processor.py:840} INFO - DAG(s) 'SCD2_snapshots' retrieved from /opt/airflow/dags/scd.py
[2026-07-21T03:55:59.718+0000] {logging_mixin.py:188} INFO - [2026-07-21T03:55:59.718+0000] {dag.py:3089} INFO - Sync 1 DAGs
[2026-07-21T03:55:59.749+0000] {logging_mixin.py:188} INFO - [2026-07-21T03:55:59.748+0000] {dag.py:3947} INFO - Setting next_dagrun for SCD2_snapshots to 2026-07-21 00:00:00+00:00, run_after=2026-07-22 00:00:00+00:00
[2026-07-21T03:55:59.776+0000] {processor.py:183} INFO - Processing /opt/airflow/dags/scd.py took 0.157 seconds
[2026-07-21T03:56:29.971+0000] {processor.py:161} INFO - Started process (PID=2899) to work on /opt/airflow/dags/scd.py
[2026-07-21T03:56:29.973+0000] {processor.py:830} INFO - Processing file /opt/airflow/dags/scd.py for tasks to queue
[2026-07-21T03:56:29.977+0000] {logging_mixin.py:188} INFO - [2026-07-21T03:56:29.976+0000] {dagbag.py:545} INFO - Filling up the DagBag from /opt/airflow/dags/scd.py
[2026-07-21T03:56:30.003+0000] {processor.py:840} INFO - DAG(s) 'SCD2_snapshots' retrieved from /opt/airflow/dags/scd.py
[2026-07-21T03:56:30.055+0000] {logging_mixin.py:188} INFO - [2026-07-21T03:56:30.055+0000] {dag.py:3089} INFO - Sync 1 DAGs
[2026-07-21T03:56:30.088+0000] {logging_mixin.py:188} INFO - [2026-07-21T03:56:30.088+0000] {dag.py:3947} INFO - Setting next_dagrun for SCD2_snapshots to 2026-07-21 00:00:00+00:00, run_after=2026-07-22 00:00:00+00:00
[2026-07-21T03:56:30.111+0000] {processor.py:183} INFO - Processing /opt/airflow/dags/scd.py took 0.159 seconds
[2026-07-21T03:57:00.351+0000] {processor.py:161} INFO - Started process (PID=2904) to work on /opt/airflow/dags/scd.py
[2026-07-21T03:57:00.353+0000] {processor.py:830} INFO - Processing file /opt/airflow/dags/scd.py for tasks to queue
[2026-07-21T03:57:00.355+0000] {logging_mixin.py:188} INFO - [2026-07-21T03:57:00.355+0000] {dagbag.py:545} INFO - Filling up the DagBag from /opt/airflow/dags/scd.py
[2026-07-21T03:57:00.385+0000] {processor.py:840} INFO - DAG(s) 'SCD2_snapshots' retrieved from /opt/airflow/dags/scd.py
[2026-07-21T03:57:00.422+0000] {logging_mixin.py:188} INFO - [2026-07-21T03:57:00.422+0000] {dag.py:3089} INFO - Sync 1 DAGs
[2026-07-21T03:57:00.450+0000] {logging_mixin.py:188} INFO - [2026-07-21T03:57:00.450+0000] {dag.py:3947} INFO - Setting next_dagrun for SCD2_snapshots to 2026-07-21 00:00:00+00:00, run_after=2026-07-22 00:00:00+00:00
[2026-07-21T03:57:00.474+0000] {processor.py:183} INFO - Processing /opt/airflow/dags/scd.py took 0.132 seconds
[2026-07-21T03:57:30.792+0000] {processor.py:161} INFO - Started process (PID=2909) to work on /opt/airflow/dags/scd.py
[2026-07-21T03:57:30.793+0000] {processor.py:830} INFO - Processing file /opt/airflow/dags/scd.py for tasks to queue
[2026-07-21T03:57:30.796+0000] {logging_mixin.py:188} INFO - [2026-07-21T03:57:30.796+0000] {dagbag.py:545} INFO - Filling up the DagBag from /opt/airflow/dags/scd.py
[2026-07-21T03:57:30.824+0000] {processor.py:840} INFO - DAG(s) 'SCD2_snapshots' retrieved from /opt/airflow/dags/scd.py
[2026-07-21T03:57:30.870+0000] {logging_mixin.py:188} INFO - [2026-07-21T03:57:30.870+0000] {dag.py:3089} INFO - Sync 1 DAGs
[2026-07-21T03:57:30.904+0000] {logging_mixin.py:188} INFO - [2026-07-21T03:57:30.904+0000] {dag.py:3947} INFO - Setting next_dagrun for SCD2_snapshots to 2026-07-21 00:00:00+00:00, run_after=2026-07-22 00:00:00+00:00
[2026-07-21T03:57:30.940+0000] {processor.py:183} INFO - Processing /opt/airflow/dags/scd.py took 0.158 seconds
[2026-07-21T03:58:01.315+0000] {processor.py:161} INFO - Started process (PID=2914) to work on /opt/airflow/dags/scd.py
[2026-07-21T03:58:01.317+0000] {processor.py:830} INFO - Processing file /opt/airflow/dags/scd.py for tasks to queue
[2026-07-21T03:58:01.324+0000] {logging_mixin.py:188} INFO - [2026-07-21T03:58:01.324+0000] {dagbag.py:545} INFO - Filling up the DagBag from /opt/airflow/dags/scd.py
[2026-07-21T03:58:01.366+0000] {processor.py:840} INFO - DAG(s) 'SCD2_snapshots' retrieved from /opt/airflow/dags/scd.py
[2026-07-21T03:58:01.413+0000] {logging_mixin.py:188} INFO - [2026-07-21T03:58:01.413+0000] {dag.py:3089} INFO - Sync 1 DAGs
[2026-07-21T03:58:01.438+0000] {logging_mixin.py:188} INFO - [2026-07-21T03:58:01.438+0000] {dag.py:3947} INFO - Setting next_dagrun for SCD2_snapshots to 2026-07-21 00:00:00+00:00, run_after=2026-07-22 00:00:00+00:00
[2026-07-21T03:58:01.462+0000] {processor.py:183} INFO - Processing /opt/airflow/dags/scd.py took 0.157 seconds
[2026-07-21T03:58:31.602+0000] {processor.py:161} INFO - Started process (PID=2919) to work on /opt/airflow/dags/scd.py
[2026-07-21T03:58:31.604+0000] {processor.py:830} INFO - Processing file /opt/airflow/dags/scd.py for tasks to queue
[2026-07-21T03:58:31.607+0000] {logging_mixin.py:188} INFO - [2026-07-21T03:58:31.606+0000] {dagbag.py:545} INFO - Filling up the DagBag from /opt/airflow/dags/scd.py
[2026-07-21T03:58:31.636+0000] {processor.py:840} INFO - DAG(s) 'SCD2_snapshots' retrieved from /opt/airflow/dags/scd.py
[2026-07-21T03:58:31.676+0000] {logging_mixin.py:188} INFO - [2026-07-21T03:58:31.676+0000] {dag.py:3089} INFO - Sync 1 DAGs
[2026-07-21T03:58:31.709+0000] {logging_mixin.py:188} INFO - [2026-07-21T03:58:31.709+0000] {dag.py:3947} INFO - Setting next_dagrun for SCD2_snapshots to 2026-07-21 00:00:00+00:00, run_after=2026-07-22 00:00:00+00:00
[2026-07-21T03:58:31.739+0000] {processor.py:183} INFO - Processing /opt/airflow/dags/scd.py took 0.146 seconds
[2026-07-21T03:59:01.999+0000] {processor.py:161} INFO - Started process (PID=2924) to work on /opt/airflow/dags/scd.py
[2026-07-21T03:59:02.001+0000] {processor.py:830} INFO - Processing file /opt/airflow/dags/scd.py for tasks to queue
[2026-07-21T03:59:02.003+0000] {logging_mixin.py:188} INFO - [2026-07-21T03:59:02.003+0000] {dagbag.py:545} INFO - Filling up the DagBag from /opt/airflow/dags/scd.py
[2026-07-21T03:59:02.034+0000] {processor.py:840} INFO - DAG(s) 'SCD2_snapshots' retrieved from /opt/airflow/dags/scd.py
[2026-07-21T03:59:02.078+0000] {logging_mixin.py:188} INFO - [2026-07-21T03:59:02.078+0000] {dag.py:3089} INFO - Sync 1 DAGs
[2026-07-21T03:59:02.104+0000] {logging_mixin.py:188} INFO - [2026-07-21T03:59:02.104+0000] {dag.py:3947} INFO - Setting next_dagrun for SCD2_snapshots to 2026-07-21 00:00:00+00:00, run_after=2026-07-22 00:00:00+00:00
[2026-07-21T03:59:02.126+0000] {processor.py:183} INFO - Processing /opt/airflow/dags/scd.py took 0.135 seconds
[2026-07-21T03:59:32.243+0000] {processor.py:161} INFO - Started process (PID=2929) to work on /opt/airflow/dags/scd.py
[2026-07-21T03:59:32.245+0000] {processor.py:830} INFO - Processing file /opt/airflow/dags/scd.py for tasks to queue
[2026-07-21T03:59:32.248+0000] {logging_mixin.py:188} INFO - [2026-07-21T03:59:32.247+0000] {dagbag.py:545} INFO - Filling up the DagBag from /opt/airflow/dags/scd.py
[2026-07-21T03:59:32.274+0000] {processor.py:840} INFO - DAG(s) 'SCD2_snapshots' retrieved from /opt/airflow/dags/scd.py
[2026-07-21T03:59:32.313+0000] {logging_mixin.py:188} INFO - [2026-07-21T03:59:32.313+0000] {dag.py:3089} INFO - Sync 1 DAGs
[2026-07-21T03:59:32.339+0000] {logging_mixin.py:188} INFO - [2026-07-21T03:59:32.339+0000] {dag.py:3947} INFO - Setting next_dagrun for SCD2_snapshots to 2026-07-21 00:00:00+00:00, run_after=2026-07-22 00:00:00+00:00
[2026-07-21T03:59:32.363+0000] {processor.py:183} INFO - Processing /opt/airflow/dags/scd.py took 0.129 seconds
[2026-07-21T04:00:02.465+0000] {processor.py:161} INFO - Started process (PID=2934) to work on /opt/airflow/dags/scd.py
[2026-07-21T04:00:02.467+0000] {processor.py:830} INFO - Processing file /opt/airflow/dags/scd.py for tasks to queue
[2026-07-21T04:00:02.471+0000] {logging_mixin.py:188} INFO - [2026-07-21T04:00:02.470+0000] {dagbag.py:545} INFO - Filling up the DagBag from /opt/airflow/dags/scd.py
[2026-07-21T04:00:02.514+0000] {processor.py:840} INFO - DAG(s) 'SCD2_snapshots' retrieved from /opt/airflow/dags/scd.py
[2026-07-21T04:00:02.572+0000] {logging_mixin.py:188} INFO - [2026-07-21T04:00:02.571+0000] {dag.py:3089} INFO - Sync 1 DAGs
[2026-07-21T04:00:02.610+0000] {logging_mixin.py:188} INFO - [2026-07-21T04:00:02.610+0000] {dag.py:3947} INFO - Setting next_dagrun for SCD2_snapshots to 2026-07-21 00:00:00+00:00, run_after=2026-07-22 00:00:00+00:00
[2026-07-21T04:00:02.638+0000] {processor.py:183} INFO - Processing /opt/airflow/dags/scd.py took 0.190 seconds
[2026-07-21T04:00:33.009+0000] {processor.py:161} INFO - Started process (PID=2939) to work on /opt/airflow/dags/scd.py
[2026-07-21T04:00:33.012+0000] {processor.py:830} INFO - Processing file /opt/airflow/dags/scd.py for tasks to queue
[2026-07-21T04:00:33.015+0000] {logging_mixin.py:188} INFO - [2026-07-21T04:00:33.014+0000] {dagbag.py:545} INFO - Filling up the DagBag from /opt/airflow/dags/scd.py
[2026-07-21T04:00:33.071+0000] {processor.py:840} INFO - DAG(s) 'SCD2_snapshots' retrieved from /opt/airflow/dags/scd.py
[2026-07-21T04:00:33.167+0000] {logging_mixin.py:188} INFO - [2026-07-21T04:00:33.166+0000] {dag.py:3089} INFO - Sync 1 DAGs
[2026-07-21T04:00:33.212+0000] {logging_mixin.py:188} INFO - [2026-07-21T04:00:33.211+0000] {dag.py:3947} INFO - Setting next_dagrun for SCD2_snapshots to 2026-07-21 00:00:00+00:00, run_after=2026-07-22 00:00:00+00:00
[2026-07-21T04:00:33.250+0000] {processor.py:183} INFO - Processing /opt/airflow/dags/scd.py took 0.249 seconds
[2026-07-21T04:01:03.608+0000] {processor.py:161} INFO - Started process (PID=2944) to work on /opt/airflow/dags/scd.py
[2026-07-21T04:01:03.609+0000] {processor.py:830} INFO - Processing file /opt/airflow/dags/scd.py for tasks to queue
[2026-07-21T04:01:03.612+0000] {logging_mixin.py:188} INFO - [2026-07-21T04:01:03.612+0000] {dagbag.py:545} INFO - Filling up the DagBag from /opt/airflow/dags/scd.py
[2026-07-21T04:01:03.644+0000] {processor.py:840} INFO - DAG(s) 'SCD2_snapshots' retrieved from /opt/airflow/dags/scd.py
[2026-07-21T04:01:03.684+0000] {logging_mixin.py:188} INFO - [2026-07-21T04:01:03.684+0000] {dag.py:3089} INFO - Sync 1 DAGs
[2026-07-21T04:01:03.714+0000] {logging_mixin.py:188} INFO - [2026-07-21T04:01:03.714+0000] {dag.py:3947} INFO - Setting next_dagrun for SCD2_snapshots to 2026-07-21 00:00:00+00:00, run_after=2026-07-22 00:00:00+00:00
[2026-07-21T04:01:03.744+0000] {processor.py:183} INFO - Processing /opt/airflow/dags/scd.py took 0.145 seconds
[2026-07-21T04:01:34.061+0000] {processor.py:161} INFO - Started process (PID=2949) to work on /opt/airflow/dags/scd.py
[2026-07-21T04:01:34.064+0000] {processor.py:830} INFO - Processing file /opt/airflow/dags/scd.py for tasks to queue
[2026-07-21T04:01:34.068+0000] {logging_mixin.py:188} INFO - [2026-07-21T04:01:34.067+0000] {dagbag.py:545} INFO - Filling up the DagBag from /opt/airflow/dags/scd.py
[2026-07-21T04:01:34.105+0000] {processor.py:840} INFO - DAG(s) 'SCD2_snapshots' retrieved from /opt/airflow/dags/scd.py
[2026-07-21T04:01:34.160+0000] {logging_mixin.py:188} INFO - [2026-07-21T04:01:34.159+0000] {dag.py:3089} INFO - Sync 1 DAGs
[2026-07-21T04:01:34.196+0000] {logging_mixin.py:188} INFO - [2026-07-21T04:01:34.196+0000] {dag.py:3947} INFO - Setting next_dagrun for SCD2_snapshots to 2026-07-21 00:00:00+00:00, run_after=2026-07-22 00:00:00+00:00
[2026-07-21T04:01:34.223+0000] {processor.py:183} INFO - Processing /opt/airflow/dags/scd.py took 0.175 seconds
[2026-07-21T04:02:04.444+0000] {processor.py:161} INFO - Started process (PID=2954) to work on /opt/airflow/dags/scd.py
[2026-07-21T04:02:04.446+0000] {processor.py:830} INFO - Processing file /opt/airflow/dags/scd.py for tasks to queue
[2026-07-21T04:02:04.449+0000] {logging_mixin.py:188} INFO - [2026-07-21T04:02:04.449+0000] {dagbag.py:545} INFO - Filling up the DagBag from /opt/airflow/dags/scd.py
[2026-07-21T04:02:04.477+0000] {processor.py:840} INFO - DAG(s) 'SCD2_snapshots' retrieved from /opt/airflow/dags/scd.py
[2026-07-21T04:02:04.520+0000] {logging_mixin.py:188} INFO - [2026-07-21T04:02:04.520+0000] {dag.py:3089} INFO - Sync 1 DAGs
[2026-07-21T04:02:04.563+0000] {logging_mixin.py:188} INFO - [2026-07-21T04:02:04.562+0000] {dag.py:3947} INFO - Setting next_dagrun for SCD2_snapshots to 2026-07-21 00:00:00+00:00, run_after=2026-07-22 00:00:00+00:00
[2026-07-21T04:02:04.593+0000] {processor.py:183} INFO - Processing /opt/airflow/dags/scd.py took 0.158 seconds
[2026-07-21T04:02:34.882+0000] {processor.py:161} INFO - Started process (PID=2959) to work on /opt/airflow/dags/scd.py
[2026-07-21T04:02:34.884+0000] {processor.py:830} INFO - Processing file /opt/airflow/dags/scd.py for tasks to queue
[2026-07-21T04:02:34.886+0000] {logging_mixin.py:188} INFO - [2026-07-21T04:02:34.886+0000] {dagbag.py:545} INFO - Filling up the DagBag from /opt/airflow/dags/scd.py
[2026-07-21T04:02:34.917+0000] {processor.py:840} INFO - DAG(s) 'SCD2_snapshots' retrieved from /opt/airflow/dags/scd.py
[2026-07-21T04:02:34.964+0000] {logging_mixin.py:188} INFO - [2026-07-21T04:02:34.964+0000] {dag.py:3089} INFO - Sync 1 DAGs
[2026-07-21T04:02:35.000+0000] {logging_mixin.py:188} INFO - [2026-07-21T04:02:34.999+0000] {dag.py:3947} INFO - Setting next_dagrun for SCD2_snapshots to 2026-07-21 00:00:00+00:00, run_after=2026-07-22 00:00:00+00:00
[2026-07-21T04:02:35.027+0000] {processor.py:183} INFO - Processing /opt/airflow/dags/scd.py took 0.156 seconds
[2026-07-21T04:03:05.242+0000] {processor.py:161} INFO - Started process (PID=2964) to work on /opt/airflow/dags/scd.py
[2026-07-21T04:03:05.244+0000] {processor.py:830} INFO - Processing file /opt/airflow/dags/scd.py for tasks to queue
[2026-07-21T04:03:05.247+0000] {logging_mixin.py:188} INFO - [2026-07-21T04:03:05.247+0000] {dagbag.py:545} INFO - Filling up the DagBag from /opt/airflow/dags/scd.py
[2026-07-21T04:03:05.278+0000] {processor.py:840} INFO - DAG(s) 'SCD2_snapshots' retrieved from /opt/airflow/dags/scd.py
[2026-07-21T04:03:05.317+0000] {logging_mixin.py:188} INFO - [2026-07-21T04:03:05.317+0000] {dag.py:3089} INFO - Sync 1 DAGs
[2026-07-21T04:03:05.345+0000] {logging_mixin.py:188} INFO - [2026-07-21T04:03:05.345+0000] {dag.py:3947} INFO - Setting next_dagrun for SCD2_snapshots to 2026-07-21 00:00:00+00:00, run_after=2026-07-22 00:00:00+00:00
[2026-07-21T04:03:05.371+0000] {processor.py:183} INFO - Processing /opt/airflow/dags/scd.py took 0.138 seconds
[2026-07-21T04:03:35.791+0000] {processor.py:161} INFO - Started process (PID=2969) to work on /opt/airflow/dags/scd.py
[2026-07-21T04:03:35.792+0000] {processor.py:830} INFO - Processing file /opt/airflow/dags/scd.py for tasks to queue
[2026-07-21T04:03:35.795+0000] {logging_mixin.py:188} INFO - [2026-07-21T04:03:35.795+0000] {dagbag.py:545} INFO - Filling up the DagBag from /opt/airflow/dags/scd.py
[2026-07-21T04:03:35.821+0000] {processor.py:840} INFO - DAG(s) 'SCD2_snapshots' retrieved from /opt/airflow/dags/scd.py
[2026-07-21T04:03:35.857+0000] {logging_mixin.py:188} INFO - [2026-07-21T04:03:35.857+0000] {dag.py:3089} INFO - Sync 1 DAGs
[2026-07-21T04:03:35.885+0000] {logging_mixin.py:188} INFO - [2026-07-21T04:03:35.885+0000] {dag.py:3947} INFO - Setting next_dagrun for SCD2_snapshots to 2026-07-21 00:00:00+00:00, run_after=2026-07-22 00:00:00+00:00
[2026-07-21T04:03:35.911+0000] {processor.py:183} INFO - Processing /opt/airflow/dags/scd.py took 0.127 seconds
[2026-07-21T04:04:06.024+0000] {processor.py:161} INFO - Started process (PID=2974) to work on /opt/airflow/dags/scd.py
[2026-07-21T04:04:06.027+0000] {processor.py:830} INFO - Processing file /opt/airflow/dags/scd.py for tasks to queue
[2026-07-21T04:04:06.032+0000] {logging_mixin.py:188} INFO - [2026-07-21T04:04:06.030+0000] {dagbag.py:545} INFO - Filling up the DagBag from /opt/airflow/dags/scd.py
[2026-07-21T04:04:06.078+0000] {processor.py:840} INFO - DAG(s) 'SCD2_snapshots' retrieved from /opt/airflow/dags/scd.py
[2026-07-21T04:04:06.126+0000] {logging_mixin.py:188} INFO - [2026-07-21T04:04:06.126+0000] {dag.py:3089} INFO - Sync 1 DAGs
[2026-07-21T04:04:06.180+0000] {logging_mixin.py:188} INFO - [2026-07-21T04:04:06.179+0000] {dag.py:3947} INFO - Setting next_dagrun for SCD2_snapshots to 2026-07-21 00:00:00+00:00, run_after=2026-07-22 00:00:00+00:00
[2026-07-21T04:04:06.225+0000] {processor.py:183} INFO - Processing /opt/airflow/dags/scd.py took 0.215 seconds
[2026-07-21T04:04:36.605+0000] {processor.py:161} INFO - Started process (PID=2979) to work on /opt/airflow/dags/scd.py
[2026-07-21T04:04:36.607+0000] {processor.py:830} INFO - Processing file /opt/airflow/dags/scd.py for tasks to queue
[2026-07-21T04:04:36.610+0000] {logging_mixin.py:188} INFO - [2026-07-21T04:04:36.609+0000] {dagbag.py:545} INFO - Filling up the DagBag from /opt/airflow/dags/scd.py
[2026-07-21T04:04:36.639+0000] {processor.py:840} INFO - DAG(s) 'SCD2_snapshots' retrieved from /opt/airflow/dags/scd.py
[2026-07-21T04:04:36.677+0000] {logging_mixin.py:188} INFO - [2026-07-21T04:04:36.677+0000] {dag.py:3089} INFO - Sync 1 DAGs
[2026-07-21T04:04:36.706+0000] {logging_mixin.py:188} INFO - [2026-07-21T04:04:36.705+0000] {dag.py:3947} INFO - Setting next_dagrun for SCD2_snapshots to 2026-07-21 00:00:00+00:00, run_after=2026-07-22 00:00:00+00:00
[2026-07-21T04:04:36.729+0000] {processor.py:183} INFO - Processing /opt/airflow/dags/scd.py took 0.132 seconds
[2026-07-21T04:05:07.081+0000] {processor.py:161} INFO - Started process (PID=2984) to work on /opt/airflow/dags/scd.py
[2026-07-21T04:05:07.090+0000] {processor.py:830} INFO - Processing file /opt/airflow/dags/scd.py for tasks to queue
[2026-07-21T04:05:07.101+0000] {logging_mixin.py:188} INFO - [2026-07-21T04:05:07.100+0000] {dagbag.py:545} INFO - Filling up the DagBag from /opt/airflow/dags/scd.py
[2026-07-21T04:05:07.143+0000] {processor.py:840} INFO - DAG(s) 'SCD2_snapshots' retrieved from /opt/airflow/dags/scd.py
[2026-07-21T04:05:07.226+0000] {logging_mixin.py:188} INFO - [2026-07-21T04:05:07.223+0000] {dag.py:3089} INFO - Sync 1 DAGs
[2026-07-21T04:05:07.307+0000] {logging_mixin.py:188} INFO - [2026-07-21T04:05:07.306+0000] {dag.py:3947} INFO - Setting next_dagrun for SCD2_snapshots to 2026-07-21 00:00:00+00:00, run_after=2026-07-22 00:00:00+00:00
[2026-07-21T04:05:07.375+0000] {processor.py:183} INFO - Processing /opt/airflow/dags/scd.py took 0.312 seconds
[2026-07-21T04:05:37.473+0000] {processor.py:161} INFO - Started process (PID=2989) to work on /opt/airflow/dags/scd.py
[2026-07-21T04:05:37.475+0000] {processor.py:830} INFO - Processing file /opt/airflow/dags/scd.py for tasks to queue
[2026-07-21T04:05:37.478+0000] {logging_mixin.py:188} INFO - [2026-07-21T04:05:37.478+0000] {dagbag.py:545} INFO - Filling up the DagBag from /opt/airflow/dags/scd.py
[2026-07-21T04:05:37.512+0000] {processor.py:840} INFO - DAG(s) 'SCD2_snapshots' retrieved from /opt/airflow/dags/scd.py
[2026-07-21T04:05:37.556+0000] {logging_mixin.py:188} INFO - [2026-07-21T04:05:37.556+0000] {dag.py:3089} INFO - Sync 1 DAGs
[2026-07-21T04:05:37.587+0000] {logging_mixin.py:188} INFO - [2026-07-21T04:05:37.587+0000] {dag.py:3947} INFO - Setting next_dagrun for SCD2_snapshots to 2026-07-21 00:00:00+00:00, run_after=2026-07-22 00:00:00+00:00
[2026-07-21T04:05:37.620+0000] {processor.py:183} INFO - Processing /opt/airflow/dags/scd.py took 0.156 seconds
[2026-07-21T04:06:07.954+0000] {processor.py:161} INFO - Started process (PID=2994) to work on /opt/airflow/dags/scd.py
[2026-07-21T04:06:07.956+0000] {processor.py:830} INFO - Processing file /opt/airflow/dags/scd.py for tasks to queue
[2026-07-21T04:06:07.960+0000] {logging_mixin.py:188} INFO - [2026-07-21T04:06:07.959+0000] {dagbag.py:545} INFO - Filling up the DagBag from /opt/airflow/dags/scd.py
[2026-07-21T04:06:07.998+0000] {processor.py:840} INFO - DAG(s) 'SCD2_snapshots' retrieved from /opt/airflow/dags/scd.py
[2026-07-21T04:06:08.070+0000] {logging_mixin.py:188} INFO - [2026-07-21T04:06:08.069+0000] {dag.py:3089} INFO - Sync 1 DAGs
[2026-07-21T04:06:08.107+0000] {logging_mixin.py:188} INFO - [2026-07-21T04:06:08.106+0000] {dag.py:3947} INFO - Setting next_dagrun for SCD2_snapshots to 2026-07-21 00:00:00+00:00, run_after=2026-07-22 00:00:00+00:00
[2026-07-21T04:06:08.157+0000] {processor.py:183} INFO - Processing /opt/airflow/dags/scd.py took 0.212 seconds
[2026-07-21T04:06:38.568+0000] {processor.py:161} INFO - Started process (PID=2999) to work on /opt/airflow/dags/scd.py
[2026-07-21T04:06:38.571+0000] {processor.py:830} INFO - Processing file /opt/airflow/dags/scd.py for tasks to queue
[2026-07-21T04:06:38.579+0000] {logging_mixin.py:188} INFO - [2026-07-21T04:06:38.578+0000] {dagbag.py:545} INFO - Filling up the DagBag from /opt/airflow/dags/scd.py
[2026-07-21T04:06:38.653+0000] {processor.py:840} INFO - DAG(s) 'SCD2_snapshots' retrieved from /opt/airflow/dags/scd.py
[2026-07-21T04:06:38.753+0000] {logging_mixin.py:188} INFO - [2026-07-21T04:06:38.752+0000] {dag.py:3089} INFO - Sync 1 DAGs
[2026-07-21T04:06:38.804+0000] {logging_mixin.py:188} INFO - [2026-07-21T04:06:38.803+0000] {dag.py:3947} INFO - Setting next_dagrun for SCD2_snapshots to 2026-07-21 00:00:00+00:00, run_after=2026-07-22 00:00:00+00:00
[2026-07-21T04:06:38.837+0000] {processor.py:183} INFO - Processing /opt/airflow/dags/scd.py took 0.286 seconds
[2026-07-21T04:07:09.161+0000] {processor.py:161} INFO - Started process (PID=3004) to work on /opt/airflow/dags/scd.py
[2026-07-21T04:07:09.163+0000] {processor.py:830} INFO - Processing file /opt/airflow/dags/scd.py for tasks to queue
[2026-07-21T04:07:09.165+0000] {logging_mixin.py:188} INFO - [2026-07-21T04:07:09.165+0000] {dagbag.py:545} INFO - Filling up the DagBag from /opt/airflow/dags/scd.py
[2026-07-21T04:07:09.197+0000] {processor.py:840} INFO - DAG(s) 'SCD2_snapshots' retrieved from /opt/airflow/dags/scd.py
[2026-07-21T04:07:09.245+0000] {logging_mixin.py:188} INFO - [2026-07-21T04:07:09.244+0000] {dag.py:3089} INFO - Sync 1 DAGs
[2026-07-21T04:07:09.276+0000] {logging_mixin.py:188} INFO - [2026-07-21T04:07:09.276+0000] {dag.py:3947} INFO - Setting next_dagrun for SCD2_snapshots to 2026-07-21 00:00:00+00:00, run_after=2026-07-22 00:00:00+00:00
[2026-07-21T04:07:09.308+0000] {processor.py:183} INFO - Processing /opt/airflow/dags/scd.py took 0.154 seconds
[2026-07-21T04:07:39.446+0000] {processor.py:161} INFO - Started process (PID=3009) to work on /opt/airflow/dags/scd.py
[2026-07-21T04:07:39.448+0000] {processor.py:830} INFO - Processing file /opt/airflow/dags/scd.py for tasks to queue
[2026-07-21T04:07:39.450+0000] {logging_mixin.py:188} INFO - [2026-07-21T04:07:39.450+0000] {dagbag.py:545} INFO - Filling up the DagBag from /opt/airflow/dags/scd.py
[2026-07-21T04:07:39.481+0000] {processor.py:840} INFO - DAG(s) 'SCD2_snapshots' retrieved from /opt/airflow/dags/scd.py
[2026-07-21T04:07:39.530+0000] {logging_mixin.py:188} INFO - [2026-07-21T04:07:39.529+0000] {dag.py:3089} INFO - Sync 1 DAGs
[2026-07-21T04:07:39.563+0000] {logging_mixin.py:188} INFO - [2026-07-21T04:07:39.563+0000] {dag.py:3947} INFO - Setting next_dagrun for SCD2_snapshots to 2026-07-21 00:00:00+00:00, run_after=2026-07-22 00:00:00+00:00
[2026-07-21T04:07:39.590+0000] {processor.py:183} INFO - Processing /opt/airflow/dags/scd.py took 0.157 seconds
[2026-07-21T04:08:09.864+0000] {processor.py:161} INFO - Started process (PID=3014) to work on /opt/airflow/dags/scd.py
[2026-07-21T04:08:09.866+0000] {processor.py:830} INFO - Processing file /opt/airflow/dags/scd.py for tasks to queue
[2026-07-21T04:08:09.868+0000] {logging_mixin.py:188} INFO - [2026-07-21T04:08:09.868+0000] {dagbag.py:545} INFO - Filling up the DagBag from /opt/airflow/dags/scd.py
[2026-07-21T04:08:09.894+0000] {processor.py:840} INFO - DAG(s) 'SCD2_snapshots' retrieved from /opt/airflow/dags/scd.py
[2026-07-21T04:08:09.931+0000] {logging_mixin.py:188} INFO - [2026-07-21T04:08:09.931+0000] {dag.py:3089} INFO - Sync 1 DAGs
[2026-07-21T04:08:09.960+0000] {logging_mixin.py:188} INFO - [2026-07-21T04:08:09.959+0000] {dag.py:3947} INFO - Setting next_dagrun for SCD2_snapshots to 2026-07-21 00:00:00+00:00, run_after=2026-07-22 00:00:00+00:00
[2026-07-21T04:08:09.983+0000] {processor.py:183} INFO - Processing /opt/airflow/dags/scd.py took 0.126 seconds
[2026-07-21T04:08:40.130+0000] {processor.py:161} INFO - Started process (PID=3015) to work on /opt/airflow/dags/scd.py
[2026-07-21T04:08:40.131+0000] {processor.py:830} INFO - Processing file /opt/airflow/dags/scd.py for tasks to queue
[2026-07-21T04:08:40.133+0000] {logging_mixin.py:188} INFO - [2026-07-21T04:08:40.133+0000] {dagbag.py:545} INFO - Filling up the DagBag from /opt/airflow/dags/scd.py
[2026-07-21T04:08:40.165+0000] {processor.py:840} INFO - DAG(s) 'SCD2_snapshots' retrieved from /opt/airflow/dags/scd.py
[2026-07-21T04:08:40.206+0000] {logging_mixin.py:188} INFO - [2026-07-21T04:08:40.206+0000] {dag.py:3089} INFO - Sync 1 DAGs
[2026-07-21T04:08:40.239+0000] {logging_mixin.py:188} INFO - [2026-07-21T04:08:40.239+0000] {dag.py:3947} INFO - Setting next_dagrun for SCD2_snapshots to 2026-07-21 00:00:00+00:00, run_after=2026-07-22 00:00:00+00:00
[2026-07-21T04:08:40.265+0000] {processor.py:183} INFO - Processing /opt/airflow/dags/scd.py took 0.144 seconds
[2026-07-21T04:09:10.353+0000] {processor.py:161} INFO - Started process (PID=3020) to work on /opt/airflow/dags/scd.py
[2026-07-21T04:09:10.355+0000] {processor.py:830} INFO - Processing file /opt/airflow/dags/scd.py for tasks to queue
[2026-07-21T04:09:10.357+0000] {logging_mixin.py:188} INFO - [2026-07-21T04:09:10.356+0000] {dagbag.py:545} INFO - Filling up the DagBag from /opt/airflow/dags/scd.py
[2026-07-21T04:09:10.388+0000] {processor.py:840} INFO - DAG(s) 'SCD2_snapshots' retrieved from /opt/airflow/dags/scd.py
[2026-07-21T04:09:10.429+0000] {logging_mixin.py:188} INFO - [2026-07-21T04:09:10.428+0000] {dag.py:3089} INFO - Sync 1 DAGs
[2026-07-21T04:09:10.455+0000] {logging_mixin.py:188} INFO - [2026-07-21T04:09:10.455+0000] {dag.py:3947} INFO - Setting next_dagrun for SCD2_snapshots to 2026-07-21 00:00:00+00:00, run_after=2026-07-22 00:00:00+00:00
[2026-07-21T04:09:10.480+0000] {processor.py:183} INFO - Processing /opt/airflow/dags/scd.py took 0.135 seconds
[2026-07-21T04:09:40.685+0000] {processor.py:161} INFO - Started process (PID=3025) to work on /opt/airflow/dags/scd.py
[2026-07-21T04:09:40.687+0000] {processor.py:830} INFO - Processing file /opt/airflow/dags/scd.py for tasks to queue
[2026-07-21T04:09:40.690+0000] {logging_mixin.py:188} INFO - [2026-07-21T04:09:40.690+0000] {dagbag.py:545} INFO - Filling up the DagBag from /opt/airflow/dags/scd.py
[2026-07-21T04:09:40.731+0000] {processor.py:840} INFO - DAG(s) 'SCD2_snapshots' retrieved from /opt/airflow/dags/scd.py
[2026-07-21T04:09:40.804+0000] {logging_mixin.py:188} INFO - [2026-07-21T04:09:40.804+0000] {dag.py:3089} INFO - Sync 1 DAGs
[2026-07-21T04:09:40.832+0000] {logging_mixin.py:188} INFO - [2026-07-21T04:09:40.832+0000] {dag.py:3947} INFO - Setting next_dagrun for SCD2_snapshots to 2026-07-21 00:00:00+00:00, run_after=2026-07-22 00:00:00+00:00
[2026-07-21T04:09:40.853+0000] {processor.py:183} INFO - Processing /opt/airflow/dags/scd.py took 0.178 seconds
[2026-07-21T04:10:10.910+0000] {processor.py:161} INFO - Started process (PID=3030) to work on /opt/airflow/dags/scd.py
[2026-07-21T04:10:10.912+0000] {processor.py:830} INFO - Processing file /opt/airflow/dags/scd.py for tasks to queue
[2026-07-21T04:10:10.914+0000] {logging_mixin.py:188} INFO - [2026-07-21T04:10:10.914+0000] {dagbag.py:545} INFO - Filling up the DagBag from /opt/airflow/dags/scd.py
[2026-07-21T04:10:10.944+0000] {processor.py:840} INFO - DAG(s) 'SCD2_snapshots' retrieved from /opt/airflow/dags/scd.py
[2026-07-21T04:10:10.982+0000] {logging_mixin.py:188} INFO - [2026-07-21T04:10:10.982+0000] {dag.py:3089} INFO - Sync 1 DAGs
[2026-07-21T04:10:11.017+0000] {logging_mixin.py:188} INFO - [2026-07-21T04:10:11.017+0000] {dag.py:3947} INFO - Setting next_dagrun for SCD2_snapshots to 2026-07-21 00:00:00+00:00, run_after=2026-07-22 00:00:00+00:00
[2026-07-21T04:10:11.053+0000] {processor.py:183} INFO - Processing /opt/airflow/dags/scd.py took 0.151 seconds
[2026-07-21T04:10:41.328+0000] {processor.py:161} INFO - Started process (PID=3035) to work on /opt/airflow/dags/scd.py
[2026-07-21T04:10:41.330+0000] {processor.py:830} INFO - Processing file /opt/airflow/dags/scd.py for tasks to queue
[2026-07-21T04:10:41.332+0000] {logging_mixin.py:188} INFO - [2026-07-21T04:10:41.332+0000] {dagbag.py:545} INFO - Filling up the DagBag from /opt/airflow/dags/scd.py
[2026-07-21T04:10:41.359+0000] {processor.py:840} INFO - DAG(s) 'SCD2_snapshots' retrieved from /opt/airflow/dags/scd.py
[2026-07-21T04:10:41.400+0000] {logging_mixin.py:188} INFO - [2026-07-21T04:10:41.400+0000] {dag.py:3089} INFO - Sync 1 DAGs
[2026-07-21T04:10:41.428+0000] {logging_mixin.py:188} INFO - [2026-07-21T04:10:41.428+0000] {dag.py:3947} INFO - Setting next_dagrun for SCD2_snapshots to 2026-07-21 00:00:00+00:00, run_after=2026-07-22 00:00:00+00:00
[2026-07-21T04:10:41.453+0000] {processor.py:183} INFO - Processing /opt/airflow/dags/scd.py took 0.134 seconds
[2026-07-21T04:11:11.772+0000] {processor.py:161} INFO - Started process (PID=3040) to work on /opt/airflow/dags/scd.py
[2026-07-21T04:11:11.773+0000] {processor.py:830} INFO - Processing file /opt/airflow/dags/scd.py for tasks to queue
[2026-07-21T04:11:11.777+0000] {logging_mixin.py:188} INFO - [2026-07-21T04:11:11.777+0000] {dagbag.py:545} INFO - Filling up the DagBag from /opt/airflow/dags/scd.py
[2026-07-21T04:11:11.801+0000] {processor.py:840} INFO - DAG(s) 'SCD2_snapshots' retrieved from /opt/airflow/dags/scd.py
[2026-07-21T04:11:11.842+0000] {logging_mixin.py:188} INFO - [2026-07-21T04:11:11.842+0000] {dag.py:3089} INFO - Sync 1 DAGs
[2026-07-21T04:11:11.870+0000] {logging_mixin.py:188} INFO - [2026-07-21T04:11:11.870+0000] {dag.py:3947} INFO - Setting next_dagrun for SCD2_snapshots to 2026-07-21 00:00:00+00:00, run_after=2026-07-22 00:00:00+00:00
[2026-07-21T04:11:11.895+0000] {processor.py:183} INFO - Processing /opt/airflow/dags/scd.py took 0.130 seconds
[2026-07-21T04:11:41.961+0000] {processor.py:161} INFO - Started process (PID=3045) to work on /opt/airflow/dags/scd.py
[2026-07-21T04:11:41.962+0000] {processor.py:830} INFO - Processing file /opt/airflow/dags/scd.py for tasks to queue
[2026-07-21T04:11:41.965+0000] {logging_mixin.py:188} INFO - [2026-07-21T04:11:41.965+0000] {dagbag.py:545} INFO - Filling up the DagBag from /opt/airflow/dags/scd.py
[2026-07-21T04:11:41.990+0000] {processor.py:840} INFO - DAG(s) 'SCD2_snapshots' retrieved from /opt/airflow/dags/scd.py
[2026-07-21T04:11:42.032+0000] {logging_mixin.py:188} INFO - [2026-07-21T04:11:42.031+0000] {dag.py:3089} INFO - Sync 1 DAGs
[2026-07-21T04:11:42.065+0000] {logging_mixin.py:188} INFO - [2026-07-21T04:11:42.064+0000] {dag.py:3947} INFO - Setting next_dagrun for SCD2_snapshots to 2026-07-21 00:00:00+00:00, run_after=2026-07-22 00:00:00+00:00
[2026-07-21T04:11:42.089+0000] {processor.py:183} INFO - Processing /opt/airflow/dags/scd.py took 0.136 seconds
[2026-07-21T04:12:12.210+0000] {processor.py:161} INFO - Started process (PID=3050) to work on /opt/airflow/dags/scd.py
[2026-07-21T04:12:12.212+0000] {processor.py:830} INFO - Processing file /opt/airflow/dags/scd.py for tasks to queue
[2026-07-21T04:12:12.215+0000] {logging_mixin.py:188} INFO - [2026-07-21T04:12:12.214+0000] {dagbag.py:545} INFO - Filling up the DagBag from /opt/airflow/dags/scd.py
[2026-07-21T04:12:12.244+0000] {processor.py:840} INFO - DAG(s) 'SCD2_snapshots' retrieved from /opt/airflow/dags/scd.py
[2026-07-21T04:12:12.284+0000] {logging_mixin.py:188} INFO - [2026-07-21T04:12:12.284+0000] {dag.py:3089} INFO - Sync 1 DAGs
[2026-07-21T04:12:12.311+0000] {logging_mixin.py:188} INFO - [2026-07-21T04:12:12.311+0000] {dag.py:3947} INFO - Setting next_dagrun for SCD2_snapshots to 2026-07-21 00:00:00+00:00, run_after=2026-07-22 00:00:00+00:00
[2026-07-21T04:12:12.339+0000] {processor.py:183} INFO - Processing /opt/airflow/dags/scd.py took 0.138 seconds
[2026-07-21T04:12:42.580+0000] {processor.py:161} INFO - Started process (PID=3055) to work on /opt/airflow/dags/scd.py
[2026-07-21T04:12:42.584+0000] {processor.py:830} INFO - Processing file /opt/airflow/dags/scd.py for tasks to queue
[2026-07-21T04:12:42.604+0000] {logging_mixin.py:188} INFO - [2026-07-21T04:12:42.603+0000] {dagbag.py:545} INFO - Filling up the DagBag from /opt/airflow/dags/scd.py
[2026-07-21T04:12:42.674+0000] {processor.py:840} INFO - DAG(s) 'SCD2_snapshots' retrieved from /opt/airflow/dags/scd.py
[2026-07-21T04:12:42.800+0000] {logging_mixin.py:188} INFO - [2026-07-21T04:12:42.799+0000] {dag.py:3089} INFO - Sync 1 DAGs
[2026-07-21T04:12:42.850+0000] {logging_mixin.py:188} INFO - [2026-07-21T04:12:42.850+0000] {dag.py:3947} INFO - Setting next_dagrun for SCD2_snapshots to 2026-07-21 00:00:00+00:00, run_after=2026-07-22 00:00:00+00:00
[2026-07-21T04:12:42.878+0000] {processor.py:183} INFO - Processing /opt/airflow/dags/scd.py took 0.371 seconds
[2026-07-21T04:13:13.171+0000] {processor.py:161} INFO - Started process (PID=3060) to work on /opt/airflow/dags/scd.py
[2026-07-21T04:13:13.173+0000] {processor.py:830} INFO - Processing file /opt/airflow/dags/scd.py for tasks to queue
[2026-07-21T04:13:13.176+0000] {logging_mixin.py:188} INFO - [2026-07-21T04:13:13.175+0000] {dagbag.py:545} INFO - Filling up the DagBag from /opt/airflow/dags/scd.py
[2026-07-21T04:13:13.207+0000] {processor.py:840} INFO - DAG(s) 'SCD2_snapshots' retrieved from /opt/airflow/dags/scd.py
[2026-07-21T04:13:13.250+0000] {logging_mixin.py:188} INFO - [2026-07-21T04:13:13.249+0000] {dag.py:3089} INFO - Sync 1 DAGs
[2026-07-21T04:13:13.281+0000] {logging_mixin.py:188} INFO - [2026-07-21T04:13:13.280+0000] {dag.py:3947} INFO - Setting next_dagrun for SCD2_snapshots to 2026-07-21 00:00:00+00:00, run_after=2026-07-22 00:00:00+00:00
[2026-07-21T04:13:13.304+0000] {processor.py:183} INFO - Processing /opt/airflow/dags/scd.py took 0.143 seconds
[2026-07-21T04:13:43.474+0000] {processor.py:161} INFO - Started process (PID=3065) to work on /opt/airflow/dags/scd.py
[2026-07-21T04:13:43.476+0000] {processor.py:830} INFO - Processing file /opt/airflow/dags/scd.py for tasks to queue
[2026-07-21T04:13:43.479+0000] {logging_mixin.py:188} INFO - [2026-07-21T04:13:43.478+0000] {dagbag.py:545} INFO - Filling up the DagBag from /opt/airflow/dags/scd.py
[2026-07-21T04:13:43.504+0000] {processor.py:840} INFO - DAG(s) 'SCD2_snapshots' retrieved from /opt/airflow/dags/scd.py
[2026-07-21T04:13:43.543+0000] {logging_mixin.py:188} INFO - [2026-07-21T04:13:43.542+0000] {dag.py:3089} INFO - Sync 1 DAGs
[2026-07-21T04:13:43.570+0000] {logging_mixin.py:188} INFO - [2026-07-21T04:13:43.570+0000] {dag.py:3947} INFO - Setting next_dagrun for SCD2_snapshots to 2026-07-21 00:00:00+00:00, run_after=2026-07-22 00:00:00+00:00
[2026-07-21T04:13:43.596+0000] {processor.py:183} INFO - Processing /opt/airflow/dags/scd.py took 0.129 seconds
[2026-07-21T04:14:13.823+0000] {processor.py:161} INFO - Started process (PID=3070) to work on /opt/airflow/dags/scd.py
[2026-07-21T04:14:13.825+0000] {processor.py:830} INFO - Processing file /opt/airflow/dags/scd.py for tasks to queue
[2026-07-21T04:14:13.827+0000] {logging_mixin.py:188} INFO - [2026-07-21T04:14:13.827+0000] {dagbag.py:545} INFO - Filling up the DagBag from /opt/airflow/dags/scd.py
[2026-07-21T04:14:13.855+0000] {processor.py:840} INFO - DAG(s) 'SCD2_snapshots' retrieved from /opt/airflow/dags/scd.py
[2026-07-21T04:14:13.891+0000] {logging_mixin.py:188} INFO - [2026-07-21T04:14:13.891+0000] {dag.py:3089} INFO - Sync 1 DAGs
[2026-07-21T04:14:13.922+0000] {logging_mixin.py:188} INFO - [2026-07-21T04:14:13.922+0000] {dag.py:3947} INFO - Setting next_dagrun for SCD2_snapshots to 2026-07-21 00:00:00+00:00, run_after=2026-07-22 00:00:00+00:00
[2026-07-21T04:14:13.951+0000] {processor.py:183} INFO - Processing /opt/airflow/dags/scd.py took 0.134 seconds
[2026-07-21T04:14:44.115+0000] {processor.py:161} INFO - Started process (PID=3075) to work on /opt/airflow/dags/scd.py
[2026-07-21T04:14:44.116+0000] {processor.py:830} INFO - Processing file /opt/airflow/dags/scd.py for tasks to queue
[2026-07-21T04:14:44.119+0000] {logging_mixin.py:188} INFO - [2026-07-21T04:14:44.119+0000] {dagbag.py:545} INFO - Filling up the DagBag from /opt/airflow/dags/scd.py
[2026-07-21T04:14:44.144+0000] {processor.py:840} INFO - DAG(s) 'SCD2_snapshots' retrieved from /opt/airflow/dags/scd.py
[2026-07-21T04:14:44.182+0000] {logging_mixin.py:188} INFO - [2026-07-21T04:14:44.182+0000] {dag.py:3089} INFO - Sync 1 DAGs
[2026-07-21T04:14:44.209+0000] {logging_mixin.py:188} INFO - [2026-07-21T04:14:44.209+0000] {dag.py:3947} INFO - Setting next_dagrun for SCD2_snapshots to 2026-07-21 00:00:00+00:00, run_after=2026-07-22 00:00:00+00:00
[2026-07-21T04:14:44.234+0000] {processor.py:183} INFO - Processing /opt/airflow/dags/scd.py took 0.127 seconds
[2026-07-21T04:15:14.523+0000] {processor.py:161} INFO - Started process (PID=3080) to work on /opt/airflow/dags/scd.py
[2026-07-21T04:15:14.524+0000] {processor.py:830} INFO - Processing file /opt/airflow/dags/scd.py for tasks to queue
[2026-07-21T04:15:14.527+0000] {logging_mixin.py:188} INFO - [2026-07-21T04:15:14.527+0000] {dagbag.py:545} INFO - Filling up the DagBag from /opt/airflow/dags/scd.py
[2026-07-21T04:15:14.554+0000] {processor.py:840} INFO - DAG(s) 'SCD2_snapshots' retrieved from /opt/airflow/dags/scd.py
[2026-07-21T04:15:14.595+0000] {logging_mixin.py:188} INFO - [2026-07-21T04:15:14.595+0000] {dag.py:3089} INFO - Sync 1 DAGs
[2026-07-21T04:15:14.623+0000] {logging_mixin.py:188} INFO - [2026-07-21T04:15:14.623+0000] {dag.py:3947} INFO - Setting next_dagrun for SCD2_snapshots to 2026-07-21 00:00:00+00:00, run_after=2026-07-22 00:00:00+00:00
[2026-07-21T04:15:14.648+0000] {processor.py:183} INFO - Processing /opt/airflow/dags/scd.py took 0.133 seconds
[2026-07-21T04:15:44.786+0000] {processor.py:161} INFO - Started process (PID=3085) to work on /opt/airflow/dags/scd.py
[2026-07-21T04:15:44.787+0000] {processor.py:830} INFO - Processing file /opt/airflow/dags/scd.py for tasks to queue
[2026-07-21T04:15:44.790+0000] {logging_mixin.py:188} INFO - [2026-07-21T04:15:44.790+0000] {dagbag.py:545} INFO - Filling up the DagBag from /opt/airflow/dags/scd.py
[2026-07-21T04:15:44.814+0000] {processor.py:840} INFO - DAG(s) 'SCD2_snapshots' retrieved from /opt/airflow/dags/scd.py
[2026-07-21T04:15:44.854+0000] {logging_mixin.py:188} INFO - [2026-07-21T04:15:44.854+0000] {dag.py:3089} INFO - Sync 1 DAGs
[2026-07-21T04:15:44.883+0000] {logging_mixin.py:188} INFO - [2026-07-21T04:15:44.882+0000] {dag.py:3947} INFO - Setting next_dagrun for SCD2_snapshots to 2026-07-21 00:00:00+00:00, run_after=2026-07-22 00:00:00+00:00
[2026-07-21T04:15:44.908+0000] {processor.py:183} INFO - Processing /opt/airflow/dags/scd.py took 0.130 seconds
[2026-07-21T04:16:15.185+0000] {processor.py:161} INFO - Started process (PID=3090) to work on /opt/airflow/dags/scd.py
[2026-07-21T04:16:15.187+0000] {processor.py:830} INFO - Processing file /opt/airflow/dags/scd.py for tasks to queue
[2026-07-21T04:16:15.189+0000] {logging_mixin.py:188} INFO - [2026-07-21T04:16:15.189+0000] {dagbag.py:545} INFO - Filling up the DagBag from /opt/airflow/dags/scd.py
[2026-07-21T04:16:15.216+0000] {processor.py:840} INFO - DAG(s) 'SCD2_snapshots' retrieved from /opt/airflow/dags/scd.py
[2026-07-21T04:16:15.251+0000] {logging_mixin.py:188} INFO - [2026-07-21T04:16:15.250+0000] {dag.py:3089} INFO - Sync 1 DAGs
[2026-07-21T04:16:15.275+0000] {logging_mixin.py:188} INFO - [2026-07-21T04:16:15.274+0000] {dag.py:3947} INFO - Setting next_dagrun for SCD2_snapshots to 2026-07-21 00:00:00+00:00, run_after=2026-07-22 00:00:00+00:00
[2026-07-21T04:16:15.299+0000] {processor.py:183} INFO - Processing /opt/airflow/dags/scd.py took 0.120 seconds
[2026-07-21T04:16:45.488+0000] {processor.py:161} INFO - Started process (PID=3095) to work on /opt/airflow/dags/scd.py
[2026-07-21T04:16:45.490+0000] {processor.py:830} INFO - Processing file /opt/airflow/dags/scd.py for tasks to queue
[2026-07-21T04:16:45.492+0000] {logging_mixin.py:188} INFO - [2026-07-21T04:16:45.491+0000] {dagbag.py:545} INFO - Filling up the DagBag from /opt/airflow/dags/scd.py
[2026-07-21T04:16:45.517+0000] {processor.py:840} INFO - DAG(s) 'SCD2_snapshots' retrieved from /opt/airflow/dags/scd.py
[2026-07-21T04:16:45.556+0000] {logging_mixin.py:188} INFO - [2026-07-21T04:16:45.556+0000] {dag.py:3089} INFO - Sync 1 DAGs
[2026-07-21T04:16:45.580+0000] {logging_mixin.py:188} INFO - [2026-07-21T04:16:45.580+0000] {dag.py:3947} INFO - Setting next_dagrun for SCD2_snapshots to 2026-07-21 00:00:00+00:00, run_after=2026-07-22 00:00:00+00:00
[2026-07-21T04:16:45.602+0000] {processor.py:183} INFO - Processing /opt/airflow/dags/scd.py took 0.121 seconds
[2026-07-21T04:17:15.785+0000] {processor.py:161} INFO - Started process (PID=3100) to work on /opt/airflow/dags/scd.py
[2026-07-21T04:17:15.788+0000] {processor.py:830} INFO - Processing file /opt/airflow/dags/scd.py for tasks to queue
[2026-07-21T04:17:15.790+0000] {logging_mixin.py:188} INFO - [2026-07-21T04:17:15.790+0000] {dagbag.py:545} INFO - Filling up the DagBag from /opt/airflow/dags/scd.py
[2026-07-21T04:17:15.814+0000] {processor.py:840} INFO - DAG(s) 'SCD2_snapshots' retrieved from /opt/airflow/dags/scd.py
[2026-07-21T04:17:15.851+0000] {logging_mixin.py:188} INFO - [2026-07-21T04:17:15.851+0000] {dag.py:3089} INFO - Sync 1 DAGs
[2026-07-21T04:17:15.876+0000] {logging_mixin.py:188} INFO - [2026-07-21T04:17:15.876+0000] {dag.py:3947} INFO - Setting next_dagrun for SCD2_snapshots to 2026-07-21 00:00:00+00:00, run_after=2026-07-22 00:00:00+00:00
[2026-07-21T04:17:15.902+0000] {processor.py:183} INFO - Processing /opt/airflow/dags/scd.py took 0.125 seconds
[2026-07-21T04:17:46.091+0000] {processor.py:161} INFO - Started process (PID=3105) to work on /opt/airflow/dags/scd.py
[2026-07-21T04:17:46.093+0000] {processor.py:830} INFO - Processing file /opt/airflow/dags/scd.py for tasks to queue
[2026-07-21T04:17:46.096+0000] {logging_mixin.py:188} INFO - [2026-07-21T04:17:46.095+0000] {dagbag.py:545} INFO - Filling up the DagBag from /opt/airflow/dags/scd.py
[2026-07-21T04:17:46.120+0000] {processor.py:840} INFO - DAG(s) 'SCD2_snapshots' retrieved from /opt/airflow/dags/scd.py
[2026-07-21T04:17:46.157+0000] {logging_mixin.py:188} INFO - [2026-07-21T04:17:46.157+0000] {dag.py:3089} INFO - Sync 1 DAGs
[2026-07-21T04:17:46.186+0000] {logging_mixin.py:188} INFO - [2026-07-21T04:17:46.185+0000] {dag.py:3947} INFO - Setting next_dagrun for SCD2_snapshots to 2026-07-21 00:00:00+00:00, run_after=2026-07-22 00:00:00+00:00
[2026-07-21T04:17:46.209+0000] {processor.py:183} INFO - Processing /opt/airflow/dags/scd.py took 0.125 seconds
[2026-07-21T04:18:16.410+0000] {processor.py:161} INFO - Started process (PID=3110) to work on /opt/airflow/dags/scd.py
[2026-07-21T04:18:16.412+0000] {processor.py:830} INFO - Processing file /opt/airflow/dags/scd.py for tasks to queue
[2026-07-21T04:18:16.414+0000] {logging_mixin.py:188} INFO - [2026-07-21T04:18:16.414+0000] {dagbag.py:545} INFO - Filling up the DagBag from /opt/airflow/dags/scd.py
[2026-07-21T04:18:16.445+0000] {processor.py:840} INFO - DAG(s) 'SCD2_snapshots' retrieved from /opt/airflow/dags/scd.py
[2026-07-21T04:18:16.481+0000] {logging_mixin.py:188} INFO - [2026-07-21T04:18:16.481+0000] {dag.py:3089} INFO - Sync 1 DAGs
[2026-07-21T04:18:16.506+0000] {logging_mixin.py:188} INFO - [2026-07-21T04:18:16.506+0000] {dag.py:3947} INFO - Setting next_dagrun for SCD2_snapshots to 2026-07-21 00:00:00+00:00, run_after=2026-07-22 00:00:00+00:00
[2026-07-21T04:18:16.530+0000] {processor.py:183} INFO - Processing /opt/airflow/dags/scd.py took 0.129 seconds
[2026-07-21T04:18:46.763+0000] {processor.py:161} INFO - Started process (PID=3115) to work on /opt/airflow/dags/scd.py
[2026-07-21T04:18:46.764+0000] {processor.py:830} INFO - Processing file /opt/airflow/dags/scd.py for tasks to queue
[2026-07-21T04:18:46.767+0000] {logging_mixin.py:188} INFO - [2026-07-21T04:18:46.767+0000] {dagbag.py:545} INFO - Filling up the DagBag from /opt/airflow/dags/scd.py
[2026-07-21T04:18:46.791+0000] {processor.py:840} INFO - DAG(s) 'SCD2_snapshots' retrieved from /opt/airflow/dags/scd.py
[2026-07-21T04:18:46.828+0000] {logging_mixin.py:188} INFO - [2026-07-21T04:18:46.828+0000] {dag.py:3089} INFO - Sync 1 DAGs
[2026-07-21T04:18:46.853+0000] {logging_mixin.py:188} INFO - [2026-07-21T04:18:46.853+0000] {dag.py:3947} INFO - Setting next_dagrun for SCD2_snapshots to 2026-07-21 00:00:00+00:00, run_after=2026-07-22 00:00:00+00:00
[2026-07-21T04:18:46.877+0000] {processor.py:183} INFO - Processing /opt/airflow/dags/scd.py took 0.122 seconds
[2026-07-21T04:19:17.035+0000] {processor.py:161} INFO - Started process (PID=3120) to work on /opt/airflow/dags/scd.py
[2026-07-21T04:19:17.037+0000] {processor.py:830} INFO - Processing file /opt/airflow/dags/scd.py for tasks to queue
[2026-07-21T04:19:17.041+0000] {logging_mixin.py:188} INFO - [2026-07-21T04:19:17.040+0000] {dagbag.py:545} INFO - Filling up the DagBag from /opt/airflow/dags/scd.py
[2026-07-21T04:19:17.072+0000] {processor.py:840} INFO - DAG(s) 'SCD2_snapshots' retrieved from /opt/airflow/dags/scd.py
[2026-07-21T04:19:17.110+0000] {logging_mixin.py:188} INFO - [2026-07-21T04:19:17.110+0000] {dag.py:3089} INFO - Sync 1 DAGs
[2026-07-21T04:19:17.138+0000] {logging_mixin.py:188} INFO - [2026-07-21T04:19:17.138+0000] {dag.py:3947} INFO - Setting next_dagrun for SCD2_snapshots to 2026-07-21 00:00:00+00:00, run_after=2026-07-22 00:00:00+00:00
[2026-07-21T04:19:17.162+0000] {processor.py:183} INFO - Processing /opt/airflow/dags/scd.py took 0.136 seconds
[2026-07-21T04:19:47.517+0000] {processor.py:161} INFO - Started process (PID=3125) to work on /opt/airflow/dags/scd.py
[2026-07-21T04:19:47.519+0000] {processor.py:830} INFO - Processing file /opt/airflow/dags/scd.py for tasks to queue
[2026-07-21T04:19:47.521+0000] {logging_mixin.py:188} INFO - [2026-07-21T04:19:47.521+0000] {dagbag.py:545} INFO - Filling up the DagBag from /opt/airflow/dags/scd.py
[2026-07-21T04:19:47.548+0000] {processor.py:840} INFO - DAG(s) 'SCD2_snapshots' retrieved from /opt/airflow/dags/scd.py
[2026-07-21T04:19:47.584+0000] {logging_mixin.py:188} INFO - [2026-07-21T04:19:47.584+0000] {dag.py:3089} INFO - Sync 1 DAGs
[2026-07-21T04:19:47.607+0000] {logging_mixin.py:188} INFO - [2026-07-21T04:19:47.607+0000] {dag.py:3947} INFO - Setting next_dagrun for SCD2_snapshots to 2026-07-21 00:00:00+00:00, run_after=2026-07-22 00:00:00+00:00
[2026-07-21T04:19:47.630+0000] {processor.py:183} INFO - Processing /opt/airflow/dags/scd.py took 0.120 seconds
[2026-07-21T04:20:17.837+0000] {processor.py:161} INFO - Started process (PID=3130) to work on /opt/airflow/dags/scd.py
[2026-07-21T04:20:17.839+0000] {processor.py:830} INFO - Processing file /opt/airflow/dags/scd.py for tasks to queue
[2026-07-21T04:20:17.841+0000] {logging_mixin.py:188} INFO - [2026-07-21T04:20:17.841+0000] {dagbag.py:545} INFO - Filling up the DagBag from /opt/airflow/dags/scd.py
[2026-07-21T04:20:17.866+0000] {processor.py:840} INFO - DAG(s) 'SCD2_snapshots' retrieved from /opt/airflow/dags/scd.py
[2026-07-21T04:20:17.902+0000] {logging_mixin.py:188} INFO - [2026-07-21T04:20:17.902+0000] {dag.py:3089} INFO - Sync 1 DAGs
[2026-07-21T04:20:17.926+0000] {logging_mixin.py:188} INFO - [2026-07-21T04:20:17.926+0000] {dag.py:3947} INFO - Setting next_dagrun for SCD2_snapshots to 2026-07-21 00:00:00+00:00, run_after=2026-07-22 00:00:00+00:00
[2026-07-21T04:20:17.948+0000] {processor.py:183} INFO - Processing /opt/airflow/dags/scd.py took 0.117 seconds
[2026-07-21T04:20:48.123+0000] {processor.py:161} INFO - Started process (PID=3135) to work on /opt/airflow/dags/scd.py
[2026-07-21T04:20:48.124+0000] {processor.py:830} INFO - Processing file /opt/airflow/dags/scd.py for tasks to queue
[2026-07-21T04:20:48.127+0000] {logging_mixin.py:188} INFO - [2026-07-21T04:20:48.127+0000] {dagbag.py:545} INFO - Filling up the DagBag from /opt/airflow/dags/scd.py
[2026-07-21T04:20:48.155+0000] {processor.py:840} INFO - DAG(s) 'SCD2_snapshots' retrieved from /opt/airflow/dags/scd.py
[2026-07-21T04:20:48.193+0000] {logging_mixin.py:188} INFO - [2026-07-21T04:20:48.192+0000] {dag.py:3089} INFO - Sync 1 DAGs
[2026-07-21T04:20:48.217+0000] {logging_mixin.py:188} INFO - [2026-07-21T04:20:48.217+0000] {dag.py:3947} INFO - Setting next_dagrun for SCD2_snapshots to 2026-07-21 00:00:00+00:00, run_after=2026-07-22 00:00:00+00:00
[2026-07-21T04:20:48.240+0000] {processor.py:183} INFO - Processing /opt/airflow/dags/scd.py took 0.125 seconds
[2026-07-21T04:21:18.439+0000] {processor.py:161} INFO - Started process (PID=3140) to work on /opt/airflow/dags/scd.py
[2026-07-21T04:21:18.441+0000] {processor.py:830} INFO - Processing file /opt/airflow/dags/scd.py for tasks to queue
[2026-07-21T04:21:18.443+0000] {logging_mixin.py:188} INFO - [2026-07-21T04:21:18.443+0000] {dagbag.py:545} INFO - Filling up the DagBag from /opt/airflow/dags/scd.py
[2026-07-21T04:21:18.470+0000] {processor.py:840} INFO - DAG(s) 'SCD2_snapshots' retrieved from /opt/airflow/dags/scd.py
[2026-07-21T04:21:18.507+0000] {logging_mixin.py:188} INFO - [2026-07-21T04:21:18.507+0000] {dag.py:3089} INFO - Sync 1 DAGs
[2026-07-21T04:21:18.539+0000] {logging_mixin.py:188} INFO - [2026-07-21T04:21:18.539+0000] {dag.py:3947} INFO - Setting next_dagrun for SCD2_snapshots to 2026-07-21 00:00:00+00:00, run_after=2026-07-22 00:00:00+00:00
[2026-07-21T04:21:18.567+0000] {processor.py:183} INFO - Processing /opt/airflow/dags/scd.py took 0.137 seconds
[2026-07-21T04:21:48.827+0000] {processor.py:161} INFO - Started process (PID=3145) to work on /opt/airflow/dags/scd.py
[2026-07-21T04:21:48.829+0000] {processor.py:830} INFO - Processing file /opt/airflow/dags/scd.py for tasks to queue
[2026-07-21T04:21:48.831+0000] {logging_mixin.py:188} INFO - [2026-07-21T04:21:48.831+0000] {dagbag.py:545} INFO - Filling up the DagBag from /opt/airflow/dags/scd.py
[2026-07-21T04:21:48.859+0000] {processor.py:840} INFO - DAG(s) 'SCD2_snapshots' retrieved from /opt/airflow/dags/scd.py
[2026-07-21T04:21:48.898+0000] {logging_mixin.py:188} INFO - [2026-07-21T04:21:48.898+0000] {dag.py:3089} INFO - Sync 1 DAGs
[2026-07-21T04:21:48.936+0000] {logging_mixin.py:188} INFO - [2026-07-21T04:21:48.936+0000] {dag.py:3947} INFO - Setting next_dagrun for SCD2_snapshots to 2026-07-21 00:00:00+00:00, run_after=2026-07-22 00:00:00+00:00
[2026-07-21T04:21:48.963+0000] {processor.py:183} INFO - Processing /opt/airflow/dags/scd.py took 0.153 seconds
[2026-07-21T04:22:19.092+0000] {processor.py:161} INFO - Started process (PID=3150) to work on /opt/airflow/dags/scd.py
[2026-07-21T04:22:19.093+0000] {processor.py:830} INFO - Processing file /opt/airflow/dags/scd.py for tasks to queue
[2026-07-21T04:22:19.096+0000] {logging_mixin.py:188} INFO - [2026-07-21T04:22:19.095+0000] {dagbag.py:545} INFO - Filling up the DagBag from /opt/airflow/dags/scd.py
[2026-07-21T04:22:19.125+0000] {processor.py:840} INFO - DAG(s) 'SCD2_snapshots' retrieved from /opt/airflow/dags/scd.py
[2026-07-21T04:22:19.176+0000] {logging_mixin.py:188} INFO - [2026-07-21T04:22:19.175+0000] {dag.py:3089} INFO - Sync 1 DAGs
[2026-07-21T04:22:19.211+0000] {logging_mixin.py:188} INFO - [2026-07-21T04:22:19.211+0000] {dag.py:3947} INFO - Setting next_dagrun for SCD2_snapshots to 2026-07-21 00:00:00+00:00, run_after=2026-07-22 00:00:00+00:00
[2026-07-21T04:22:19.247+0000] {processor.py:183} INFO - Processing /opt/airflow/dags/scd.py took 0.162 seconds
[2026-07-21T04:22:49.557+0000] {processor.py:161} INFO - Started process (PID=3155) to work on /opt/airflow/dags/scd.py
[2026-07-21T04:22:49.559+0000] {processor.py:830} INFO - Processing file /opt/airflow/dags/scd.py for tasks to queue
[2026-07-21T04:22:49.562+0000] {logging_mixin.py:188} INFO - [2026-07-21T04:22:49.562+0000] {dagbag.py:545} INFO - Filling up the DagBag from /opt/airflow/dags/scd.py
[2026-07-21T04:22:49.585+0000] {processor.py:840} INFO - DAG(s) 'SCD2_snapshots' retrieved from /opt/airflow/dags/scd.py
[2026-07-21T04:22:49.624+0000] {logging_mixin.py:188} INFO - [2026-07-21T04:22:49.623+0000] {dag.py:3089} INFO - Sync 1 DAGs
[2026-07-21T04:22:49.651+0000] {logging_mixin.py:188} INFO - [2026-07-21T04:22:49.651+0000] {dag.py:3947} INFO - Setting next_dagrun for SCD2_snapshots to 2026-07-21 00:00:00+00:00, run_after=2026-07-22 00:00:00+00:00
[2026-07-21T04:22:49.675+0000] {processor.py:183} INFO - Processing /opt/airflow/dags/scd.py took 0.125 seconds
[2026-07-21T04:23:19.863+0000] {processor.py:161} INFO - Started process (PID=3160) to work on /opt/airflow/dags/scd.py
[2026-07-21T04:23:19.865+0000] {processor.py:830} INFO - Processing file /opt/airflow/dags/scd.py for tasks to queue
[2026-07-21T04:23:19.867+0000] {logging_mixin.py:188} INFO - [2026-07-21T04:23:19.867+0000] {dagbag.py:545} INFO - Filling up the DagBag from /opt/airflow/dags/scd.py
[2026-07-21T04:23:19.895+0000] {processor.py:840} INFO - DAG(s) 'SCD2_snapshots' retrieved from /opt/airflow/dags/scd.py
[2026-07-21T04:23:19.932+0000] {logging_mixin.py:188} INFO - [2026-07-21T04:23:19.932+0000] {dag.py:3089} INFO - Sync 1 DAGs
[2026-07-21T04:23:19.962+0000] {logging_mixin.py:188} INFO - [2026-07-21T04:23:19.961+0000] {dag.py:3947} INFO - Setting next_dagrun for SCD2_snapshots to 2026-07-21 00:00:00+00:00, run_after=2026-07-22 00:00:00+00:00
[2026-07-21T04:23:19.988+0000] {processor.py:183} INFO - Processing /opt/airflow/dags/scd.py took 0.133 seconds
[2026-07-21T04:23:50.251+0000] {processor.py:161} INFO - Started process (PID=3165) to work on /opt/airflow/dags/scd.py
[2026-07-21T04:23:50.253+0000] {processor.py:830} INFO - Processing file /opt/airflow/dags/scd.py for tasks to queue
[2026-07-21T04:23:50.259+0000] {logging_mixin.py:188} INFO - [2026-07-21T04:23:50.258+0000] {dagbag.py:545} INFO - Filling up the DagBag from /opt/airflow/dags/scd.py
[2026-07-21T04:23:50.304+0000] {processor.py:840} INFO - DAG(s) 'SCD2_snapshots' retrieved from /opt/airflow/dags/scd.py
[2026-07-21T04:23:50.349+0000] {logging_mixin.py:188} INFO - [2026-07-21T04:23:50.348+0000] {dag.py:3089} INFO - Sync 1 DAGs
[2026-07-21T04:23:50.375+0000] {logging_mixin.py:188} INFO - [2026-07-21T04:23:50.375+0000] {dag.py:3947} INFO - Setting next_dagrun for SCD2_snapshots to 2026-07-21 00:00:00+00:00, run_after=2026-07-22 00:00:00+00:00
[2026-07-21T04:23:50.397+0000] {processor.py:183} INFO - Processing /opt/airflow/dags/scd.py took 0.160 seconds
[2026-07-21T04:24:20.652+0000] {processor.py:161} INFO - Started process (PID=3166) to work on /opt/airflow/dags/scd.py
[2026-07-21T04:24:20.654+0000] {processor.py:830} INFO - Processing file /opt/airflow/dags/scd.py for tasks to queue
[2026-07-21T04:24:20.657+0000] {logging_mixin.py:188} INFO - [2026-07-21T04:24:20.657+0000] {dagbag.py:545} INFO - Filling up the DagBag from /opt/airflow/dags/scd.py
[2026-07-21T04:24:20.692+0000] {processor.py:840} INFO - DAG(s) 'SCD2_snapshots' retrieved from /opt/airflow/dags/scd.py
[2026-07-21T04:24:20.741+0000] {logging_mixin.py:188} INFO - [2026-07-21T04:24:20.741+0000] {dag.py:3089} INFO - Sync 1 DAGs
[2026-07-21T04:24:20.770+0000] {logging_mixin.py:188} INFO - [2026-07-21T04:24:20.770+0000] {dag.py:3947} INFO - Setting next_dagrun for SCD2_snapshots to 2026-07-21 00:00:00+00:00, run_after=2026-07-22 00:00:00+00:00
[2026-07-21T04:24:20.796+0000] {processor.py:183} INFO - Processing /opt/airflow/dags/scd.py took 0.155 seconds
[2026-07-21T04:24:50.954+0000] {processor.py:161} INFO - Started process (PID=3171) to work on /opt/airflow/dags/scd.py
[2026-07-21T04:24:50.955+0000] {processor.py:830} INFO - Processing file /opt/airflow/dags/scd.py for tasks to queue
[2026-07-21T04:24:50.959+0000] {logging_mixin.py:188} INFO - [2026-07-21T04:24:50.958+0000] {dagbag.py:545} INFO - Filling up the DagBag from /opt/airflow/dags/scd.py
[2026-07-21T04:24:50.993+0000] {processor.py:840} INFO - DAG(s) 'SCD2_snapshots' retrieved from /opt/airflow/dags/scd.py
[2026-07-21T04:24:51.059+0000] {logging_mixin.py:188} INFO - [2026-07-21T04:24:51.058+0000] {dag.py:3089} INFO - Sync 1 DAGs
[2026-07-21T04:24:51.097+0000] {logging_mixin.py:188} INFO - [2026-07-21T04:24:51.097+0000] {dag.py:3947} INFO - Setting next_dagrun for SCD2_snapshots to 2026-07-21 00:00:00+00:00, run_after=2026-07-22 00:00:00+00:00
[2026-07-21T04:24:51.123+0000] {processor.py:183} INFO - Processing /opt/airflow/dags/scd.py took 0.183 seconds
[2026-07-21T04:25:21.240+0000] {processor.py:161} INFO - Started process (PID=3176) to work on /opt/airflow/dags/scd.py
[2026-07-21T04:25:21.242+0000] {processor.py:830} INFO - Processing file /opt/airflow/dags/scd.py for tasks to queue
[2026-07-21T04:25:21.244+0000] {logging_mixin.py:188} INFO - [2026-07-21T04:25:21.244+0000] {dagbag.py:545} INFO - Filling up the DagBag from /opt/airflow/dags/scd.py
[2026-07-21T04:25:21.276+0000] {processor.py:840} INFO - DAG(s) 'SCD2_snapshots' retrieved from /opt/airflow/dags/scd.py
[2026-07-21T04:25:21.344+0000] {logging_mixin.py:188} INFO - [2026-07-21T04:25:21.343+0000] {dag.py:3089} INFO - Sync 1 DAGs
[2026-07-21T04:25:21.395+0000] {logging_mixin.py:188} INFO - [2026-07-21T04:25:21.395+0000] {dag.py:3947} INFO - Setting next_dagrun for SCD2_snapshots to 2026-07-21 00:00:00+00:00, run_after=2026-07-22 00:00:00+00:00
[2026-07-21T04:25:21.453+0000] {processor.py:183} INFO - Processing /opt/airflow/dags/scd.py took 0.226 seconds
[2026-07-21T04:25:51.807+0000] {processor.py:161} INFO - Started process (PID=3181) to work on /opt/airflow/dags/scd.py
[2026-07-21T04:25:51.809+0000] {processor.py:830} INFO - Processing file /opt/airflow/dags/scd.py for tasks to queue
[2026-07-21T04:25:51.812+0000] {logging_mixin.py:188} INFO - [2026-07-21T04:25:51.812+0000] {dagbag.py:545} INFO - Filling up the DagBag from /opt/airflow/dags/scd.py
[2026-07-21T04:25:51.844+0000] {processor.py:840} INFO - DAG(s) 'SCD2_snapshots' retrieved from /opt/airflow/dags/scd.py
[2026-07-21T04:25:51.889+0000] {logging_mixin.py:188} INFO - [2026-07-21T04:25:51.889+0000] {dag.py:3089} INFO - Sync 1 DAGs
[2026-07-21T04:25:51.923+0000] {logging_mixin.py:188} INFO - [2026-07-21T04:25:51.923+0000] {dag.py:3947} INFO - Setting next_dagrun for SCD2_snapshots to 2026-07-21 00:00:00+00:00, run_after=2026-07-22 00:00:00+00:00
[2026-07-21T04:25:51.950+0000] {processor.py:183} INFO - Processing /opt/airflow/dags/scd.py took 0.156 seconds
[2026-07-21T04:26:22.225+0000] {processor.py:161} INFO - Started process (PID=3186) to work on /opt/airflow/dags/scd.py
[2026-07-21T04:26:22.227+0000] {processor.py:830} INFO - Processing file /opt/airflow/dags/scd.py for tasks to queue
[2026-07-21T04:26:22.231+0000] {logging_mixin.py:188} INFO - [2026-07-21T04:26:22.231+0000] {dagbag.py:545} INFO - Filling up the DagBag from /opt/airflow/dags/scd.py
[2026-07-21T04:26:22.267+0000] {processor.py:840} INFO - DAG(s) 'SCD2_snapshots' retrieved from /opt/airflow/dags/scd.py
[2026-07-21T04:26:22.305+0000] {logging_mixin.py:188} INFO - [2026-07-21T04:26:22.305+0000] {dag.py:3089} INFO - Sync 1 DAGs
[2026-07-21T04:26:22.335+0000] {logging_mixin.py:188} INFO - [2026-07-21T04:26:22.335+0000] {dag.py:3947} INFO - Setting next_dagrun for SCD2_snapshots to 2026-07-21 00:00:00+00:00, run_after=2026-07-22 00:00:00+00:00
[2026-07-21T04:26:22.362+0000] {processor.py:183} INFO - Processing /opt/airflow/dags/scd.py took 0.147 seconds
[2026-07-21T04:26:52.570+0000] {processor.py:161} INFO - Started process (PID=3191) to work on /opt/airflow/dags/scd.py
[2026-07-21T04:26:52.572+0000] {processor.py:830} INFO - Processing file /opt/airflow/dags/scd.py for tasks to queue
[2026-07-21T04:26:52.575+0000] {logging_mixin.py:188} INFO - [2026-07-21T04:26:52.574+0000] {dagbag.py:545} INFO - Filling up the DagBag from /opt/airflow/dags/scd.py
[2026-07-21T04:26:52.601+0000] {processor.py:840} INFO - DAG(s) 'SCD2_snapshots' retrieved from /opt/airflow/dags/scd.py
[2026-07-21T04:26:52.645+0000] {logging_mixin.py:188} INFO - [2026-07-21T04:26:52.645+0000] {dag.py:3089} INFO - Sync 1 DAGs
[2026-07-21T04:26:52.678+0000] {logging_mixin.py:188} INFO - [2026-07-21T04:26:52.677+0000] {dag.py:3947} INFO - Setting next_dagrun for SCD2_snapshots to 2026-07-21 00:00:00+00:00, run_after=2026-07-22 00:00:00+00:00
[2026-07-21T04:26:52.704+0000] {processor.py:183} INFO - Processing /opt/airflow/dags/scd.py took 0.142 seconds
[2026-07-21T04:27:23.063+0000] {processor.py:161} INFO - Started process (PID=3196) to work on /opt/airflow/dags/scd.py
[2026-07-21T04:27:23.065+0000] {processor.py:830} INFO - Processing file /opt/airflow/dags/scd.py for tasks to queue
[2026-07-21T04:27:23.070+0000] {logging_mixin.py:188} INFO - [2026-07-21T04:27:23.069+0000] {dagbag.py:545} INFO - Filling up the DagBag from /opt/airflow/dags/scd.py
[2026-07-21T04:27:23.107+0000] {processor.py:840} INFO - DAG(s) 'SCD2_snapshots' retrieved from /opt/airflow/dags/scd.py
[2026-07-21T04:27:23.149+0000] {logging_mixin.py:188} INFO - [2026-07-21T04:27:23.149+0000] {dag.py:3089} INFO - Sync 1 DAGs
[2026-07-21T04:27:23.179+0000] {logging_mixin.py:188} INFO - [2026-07-21T04:27:23.179+0000] {dag.py:3947} INFO - Setting next_dagrun for SCD2_snapshots to 2026-07-21 00:00:00+00:00, run_after=2026-07-22 00:00:00+00:00
[2026-07-21T04:27:23.207+0000] {processor.py:183} INFO - Processing /opt/airflow/dags/scd.py took 0.154 seconds
[2026-07-21T04:27:53.448+0000] {processor.py:161} INFO - Started process (PID=3201) to work on /opt/airflow/dags/scd.py
[2026-07-21T04:27:53.453+0000] {processor.py:830} INFO - Processing file /opt/airflow/dags/scd.py for tasks to queue
[2026-07-21T04:27:53.457+0000] {logging_mixin.py:188} INFO - [2026-07-21T04:27:53.457+0000] {dagbag.py:545} INFO - Filling up the DagBag from /opt/airflow/dags/scd.py
[2026-07-21T04:27:53.493+0000] {processor.py:840} INFO - DAG(s) 'SCD2_snapshots' retrieved from /opt/airflow/dags/scd.py
[2026-07-21T04:27:53.538+0000] {logging_mixin.py:188} INFO - [2026-07-21T04:27:53.538+0000] {dag.py:3089} INFO - Sync 1 DAGs
[2026-07-21T04:27:53.577+0000] {logging_mixin.py:188} INFO - [2026-07-21T04:27:53.577+0000] {dag.py:3947} INFO - Setting next_dagrun for SCD2_snapshots to 2026-07-21 00:00:00+00:00, run_after=2026-07-22 00:00:00+00:00
[2026-07-21T04:27:53.616+0000] {processor.py:183} INFO - Processing /opt/airflow/dags/scd.py took 0.176 seconds
[2026-07-21T04:28:24.011+0000] {processor.py:161} INFO - Started process (PID=3206) to work on /opt/airflow/dags/scd.py
[2026-07-21T04:28:24.014+0000] {processor.py:830} INFO - Processing file /opt/airflow/dags/scd.py for tasks to queue
[2026-07-21T04:28:24.017+0000] {logging_mixin.py:188} INFO - [2026-07-21T04:28:24.017+0000] {dagbag.py:545} INFO - Filling up the DagBag from /opt/airflow/dags/scd.py
[2026-07-21T04:28:24.067+0000] {processor.py:840} INFO - DAG(s) 'SCD2_snapshots' retrieved from /opt/airflow/dags/scd.py
[2026-07-21T04:28:24.138+0000] {logging_mixin.py:188} INFO - [2026-07-21T04:28:24.137+0000] {dag.py:3089} INFO - Sync 1 DAGs
[2026-07-21T04:28:24.184+0000] {logging_mixin.py:188} INFO - [2026-07-21T04:28:24.184+0000] {dag.py:3947} INFO - Setting next_dagrun for SCD2_snapshots to 2026-07-21 00:00:00+00:00, run_after=2026-07-22 00:00:00+00:00
[2026-07-21T04:28:24.243+0000] {processor.py:183} INFO - Processing /opt/airflow/dags/scd.py took 0.243 seconds
[2026-07-21T04:28:54.418+0000] {processor.py:161} INFO - Started process (PID=3211) to work on /opt/airflow/dags/scd.py
[2026-07-21T04:28:54.420+0000] {processor.py:830} INFO - Processing file /opt/airflow/dags/scd.py for tasks to queue
[2026-07-21T04:28:54.422+0000] {logging_mixin.py:188} INFO - [2026-07-21T04:28:54.422+0000] {dagbag.py:545} INFO - Filling up the DagBag from /opt/airflow/dags/scd.py
[2026-07-21T04:28:54.453+0000] {processor.py:840} INFO - DAG(s) 'SCD2_snapshots' retrieved from /opt/airflow/dags/scd.py
[2026-07-21T04:28:54.493+0000] {logging_mixin.py:188} INFO - [2026-07-21T04:28:54.492+0000] {dag.py:3089} INFO - Sync 1 DAGs
[2026-07-21T04:28:54.527+0000] {logging_mixin.py:188} INFO - [2026-07-21T04:28:54.527+0000] {dag.py:3947} INFO - Setting next_dagrun for SCD2_snapshots to 2026-07-21 00:00:00+00:00, run_after=2026-07-22 00:00:00+00:00
[2026-07-21T04:28:54.561+0000] {processor.py:183} INFO - Processing /opt/airflow/dags/scd.py took 0.151 seconds
[2026-07-21T04:29:24.709+0000] {processor.py:161} INFO - Started process (PID=3216) to work on /opt/airflow/dags/scd.py
[2026-07-21T04:29:24.710+0000] {processor.py:830} INFO - Processing file /opt/airflow/dags/scd.py for tasks to queue
[2026-07-21T04:29:24.713+0000] {logging_mixin.py:188} INFO - [2026-07-21T04:29:24.712+0000] {dagbag.py:545} INFO - Filling up the DagBag from /opt/airflow/dags/scd.py
[2026-07-21T04:29:24.741+0000] {processor.py:840} INFO - DAG(s) 'SCD2_snapshots' retrieved from /opt/airflow/dags/scd.py
[2026-07-21T04:29:24.785+0000] {logging_mixin.py:188} INFO - [2026-07-21T04:29:24.784+0000] {dag.py:3089} INFO - Sync 1 DAGs
[2026-07-21T04:29:24.812+0000] {logging_mixin.py:188} INFO - [2026-07-21T04:29:24.812+0000] {dag.py:3947} INFO - Setting next_dagrun for SCD2_snapshots to 2026-07-21 00:00:00+00:00, run_after=2026-07-22 00:00:00+00:00
[2026-07-21T04:29:24.839+0000] {processor.py:183} INFO - Processing /opt/airflow/dags/scd.py took 0.138 seconds
[2026-07-21T04:29:55.056+0000] {processor.py:161} INFO - Started process (PID=3221) to work on /opt/airflow/dags/scd.py
[2026-07-21T04:29:55.057+0000] {processor.py:830} INFO - Processing file /opt/airflow/dags/scd.py for tasks to queue
[2026-07-21T04:29:55.060+0000] {logging_mixin.py:188} INFO - [2026-07-21T04:29:55.060+0000] {dagbag.py:545} INFO - Filling up the DagBag from /opt/airflow/dags/scd.py
[2026-07-21T04:29:55.095+0000] {processor.py:840} INFO - DAG(s) 'SCD2_snapshots' retrieved from /opt/airflow/dags/scd.py
[2026-07-21T04:29:55.138+0000] {logging_mixin.py:188} INFO - [2026-07-21T04:29:55.138+0000] {dag.py:3089} INFO - Sync 1 DAGs
[2026-07-21T04:29:55.166+0000] {logging_mixin.py:188} INFO - [2026-07-21T04:29:55.166+0000] {dag.py:3947} INFO - Setting next_dagrun for SCD2_snapshots to 2026-07-21 00:00:00+00:00, run_after=2026-07-22 00:00:00+00:00
[2026-07-21T04:29:55.192+0000] {processor.py:183} INFO - Processing /opt/airflow/dags/scd.py took 0.150 seconds
[2026-07-21T04:30:25.347+0000] {processor.py:161} INFO - Started process (PID=3226) to work on /opt/airflow/dags/scd.py
[2026-07-21T04:30:25.349+0000] {processor.py:830} INFO - Processing file /opt/airflow/dags/scd.py for tasks to queue
[2026-07-21T04:30:25.353+0000] {logging_mixin.py:188} INFO - [2026-07-21T04:30:25.352+0000] {dagbag.py:545} INFO - Filling up the DagBag from /opt/airflow/dags/scd.py
[2026-07-21T04:30:25.381+0000] {processor.py:840} INFO - DAG(s) 'SCD2_snapshots' retrieved from /opt/airflow/dags/scd.py
[2026-07-21T04:30:25.421+0000] {logging_mixin.py:188} INFO - [2026-07-21T04:30:25.420+0000] {dag.py:3089} INFO - Sync 1 DAGs
[2026-07-21T04:30:25.447+0000] {logging_mixin.py:188} INFO - [2026-07-21T04:30:25.447+0000] {dag.py:3947} INFO - Setting next_dagrun for SCD2_snapshots to 2026-07-21 00:00:00+00:00, run_after=2026-07-22 00:00:00+00:00
[2026-07-21T04:30:25.472+0000] {processor.py:183} INFO - Processing /opt/airflow/dags/scd.py took 0.133 seconds
[2026-07-21T04:30:55.715+0000] {processor.py:161} INFO - Started process (PID=3231) to work on /opt/airflow/dags/scd.py
[2026-07-21T04:30:55.716+0000] {processor.py:830} INFO - Processing file /opt/airflow/dags/scd.py for tasks to queue
[2026-07-21T04:30:55.718+0000] {logging_mixin.py:188} INFO - [2026-07-21T04:30:55.718+0000] {dagbag.py:545} INFO - Filling up the DagBag from /opt/airflow/dags/scd.py
[2026-07-21T04:30:55.744+0000] {processor.py:840} INFO - DAG(s) 'SCD2_snapshots' retrieved from /opt/airflow/dags/scd.py
[2026-07-21T04:30:55.781+0000] {logging_mixin.py:188} INFO - [2026-07-21T04:30:55.781+0000] {dag.py:3089} INFO - Sync 1 DAGs
[2026-07-21T04:30:55.806+0000] {logging_mixin.py:188} INFO - [2026-07-21T04:30:55.806+0000] {dag.py:3947} INFO - Setting next_dagrun for SCD2_snapshots to 2026-07-21 00:00:00+00:00, run_after=2026-07-22 00:00:00+00:00
[2026-07-21T04:30:55.827+0000] {processor.py:183} INFO - Processing /opt/airflow/dags/scd.py took 0.121 seconds
[2026-07-21T04:31:26.032+0000] {processor.py:161} INFO - Started process (PID=3236) to work on /opt/airflow/dags/scd.py
[2026-07-21T04:31:26.034+0000] {processor.py:830} INFO - Processing file /opt/airflow/dags/scd.py for tasks to queue
[2026-07-21T04:31:26.038+0000] {logging_mixin.py:188} INFO - [2026-07-21T04:31:26.038+0000] {dagbag.py:545} INFO - Filling up the DagBag from /opt/airflow/dags/scd.py
[2026-07-21T04:31:26.075+0000] {processor.py:840} INFO - DAG(s) 'SCD2_snapshots' retrieved from /opt/airflow/dags/scd.py
[2026-07-21T04:31:26.115+0000] {logging_mixin.py:188} INFO - [2026-07-21T04:31:26.115+0000] {dag.py:3089} INFO - Sync 1 DAGs
[2026-07-21T04:31:26.140+0000] {logging_mixin.py:188} INFO - [2026-07-21T04:31:26.140+0000] {dag.py:3947} INFO - Setting next_dagrun for SCD2_snapshots to 2026-07-21 00:00:00+00:00, run_after=2026-07-22 00:00:00+00:00
[2026-07-21T04:31:26.166+0000] {processor.py:183} INFO - Processing /opt/airflow/dags/scd.py took 0.143 seconds
[2026-07-21T04:31:56.314+0000] {processor.py:161} INFO - Started process (PID=3241) to work on /opt/airflow/dags/scd.py
[2026-07-21T04:31:56.316+0000] {processor.py:830} INFO - Processing file /opt/airflow/dags/scd.py for tasks to queue
[2026-07-21T04:31:56.318+0000] {logging_mixin.py:188} INFO - [2026-07-21T04:31:56.318+0000] {dagbag.py:545} INFO - Filling up the DagBag from /opt/airflow/dags/scd.py
[2026-07-21T04:31:56.346+0000] {processor.py:840} INFO - DAG(s) 'SCD2_snapshots' retrieved from /opt/airflow/dags/scd.py
[2026-07-21T04:31:56.384+0000] {logging_mixin.py:188} INFO - [2026-07-21T04:31:56.384+0000] {dag.py:3089} INFO - Sync 1 DAGs
[2026-07-21T04:31:56.411+0000] {logging_mixin.py:188} INFO - [2026-07-21T04:31:56.411+0000] {dag.py:3947} INFO - Setting next_dagrun for SCD2_snapshots to 2026-07-21 00:00:00+00:00, run_after=2026-07-22 00:00:00+00:00
[2026-07-21T04:31:56.434+0000] {processor.py:183} INFO - Processing /opt/airflow/dags/scd.py took 0.128 seconds
[2026-07-21T04:32:26.853+0000] {processor.py:161} INFO - Started process (PID=3246) to work on /opt/airflow/dags/scd.py
[2026-07-21T04:32:26.855+0000] {processor.py:830} INFO - Processing file /opt/airflow/dags/scd.py for tasks to queue
[2026-07-21T04:32:26.858+0000] {logging_mixin.py:188} INFO - [2026-07-21T04:32:26.858+0000] {dagbag.py:545} INFO - Filling up the DagBag from /opt/airflow/dags/scd.py
[2026-07-21T04:32:26.882+0000] {processor.py:840} INFO - DAG(s) 'SCD2_snapshots' retrieved from /opt/airflow/dags/scd.py
[2026-07-21T04:32:26.929+0000] {logging_mixin.py:188} INFO - [2026-07-21T04:32:26.929+0000] {dag.py:3089} INFO - Sync 1 DAGs
[2026-07-21T04:32:26.967+0000] {logging_mixin.py:188} INFO - [2026-07-21T04:32:26.967+0000] {dag.py:3947} INFO - Setting next_dagrun for SCD2_snapshots to 2026-07-21 00:00:00+00:00, run_after=2026-07-22 00:00:00+00:00
[2026-07-21T04:32:27.001+0000] {processor.py:183} INFO - Processing /opt/airflow/dags/scd.py took 0.158 seconds
[2026-07-21T04:32:57.303+0000] {processor.py:161} INFO - Started process (PID=3251) to work on /opt/airflow/dags/scd.py
[2026-07-21T04:32:57.305+0000] {processor.py:830} INFO - Processing file /opt/airflow/dags/scd.py for tasks to queue
[2026-07-21T04:32:57.307+0000] {logging_mixin.py:188} INFO - [2026-07-21T04:32:57.307+0000] {dagbag.py:545} INFO - Filling up the DagBag from /opt/airflow/dags/scd.py
[2026-07-21T04:32:57.342+0000] {processor.py:840} INFO - DAG(s) 'SCD2_snapshots' retrieved from /opt/airflow/dags/scd.py
[2026-07-21T04:32:57.391+0000] {logging_mixin.py:188} INFO - [2026-07-21T04:32:57.391+0000] {dag.py:3089} INFO - Sync 1 DAGs
[2026-07-21T04:32:57.424+0000] {logging_mixin.py:188} INFO - [2026-07-21T04:32:57.424+0000] {dag.py:3947} INFO - Setting next_dagrun for SCD2_snapshots to 2026-07-21 00:00:00+00:00, run_after=2026-07-22 00:00:00+00:00
[2026-07-21T04:32:57.454+0000] {processor.py:183} INFO - Processing /opt/airflow/dags/scd.py took 0.160 seconds
[2026-07-21T04:33:27.801+0000] {processor.py:161} INFO - Started process (PID=3256) to work on /opt/airflow/dags/scd.py
[2026-07-21T04:33:27.802+0000] {processor.py:830} INFO - Processing file /opt/airflow/dags/scd.py for tasks to queue
[2026-07-21T04:33:27.805+0000] {logging_mixin.py:188} INFO - [2026-07-21T04:33:27.805+0000] {dagbag.py:545} INFO - Filling up the DagBag from /opt/airflow/dags/scd.py
[2026-07-21T04:33:27.831+0000] {processor.py:840} INFO - DAG(s) 'SCD2_snapshots' retrieved from /opt/airflow/dags/scd.py
[2026-07-21T04:33:27.867+0000] {logging_mixin.py:188} INFO - [2026-07-21T04:33:27.867+0000] {dag.py:3089} INFO - Sync 1 DAGs
[2026-07-21T04:33:27.894+0000] {logging_mixin.py:188} INFO - [2026-07-21T04:33:27.893+0000] {dag.py:3947} INFO - Setting next_dagrun for SCD2_snapshots to 2026-07-21 00:00:00+00:00, run_after=2026-07-22 00:00:00+00:00
[2026-07-21T04:33:27.918+0000] {processor.py:183} INFO - Processing /opt/airflow/dags/scd.py took 0.125 seconds
[2026-07-21T04:33:58.009+0000] {processor.py:161} INFO - Started process (PID=3261) to work on /opt/airflow/dags/scd.py
[2026-07-21T04:33:58.012+0000] {processor.py:830} INFO - Processing file /opt/airflow/dags/scd.py for tasks to queue
[2026-07-21T04:33:58.017+0000] {logging_mixin.py:188} INFO - [2026-07-21T04:33:58.016+0000] {dagbag.py:545} INFO - Filling up the DagBag from /opt/airflow/dags/scd.py
[2026-07-21T04:33:58.078+0000] {processor.py:840} INFO - DAG(s) 'SCD2_snapshots' retrieved from /opt/airflow/dags/scd.py
[2026-07-21T04:33:58.142+0000] {logging_mixin.py:188} INFO - [2026-07-21T04:33:58.142+0000] {dag.py:3089} INFO - Sync 1 DAGs
[2026-07-21T04:33:58.192+0000] {logging_mixin.py:188} INFO - [2026-07-21T04:33:58.192+0000] {dag.py:3947} INFO - Setting next_dagrun for SCD2_snapshots to 2026-07-21 00:00:00+00:00, run_after=2026-07-22 00:00:00+00:00
[2026-07-21T04:33:58.230+0000] {processor.py:183} INFO - Processing /opt/airflow/dags/scd.py took 0.239 seconds
[2026-07-21T04:34:28.617+0000] {processor.py:161} INFO - Started process (PID=3266) to work on /opt/airflow/dags/scd.py
[2026-07-21T04:34:28.619+0000] {processor.py:830} INFO - Processing file /opt/airflow/dags/scd.py for tasks to queue
[2026-07-21T04:34:28.622+0000] {logging_mixin.py:188} INFO - [2026-07-21T04:34:28.621+0000] {dagbag.py:545} INFO - Filling up the DagBag from /opt/airflow/dags/scd.py
[2026-07-21T04:34:28.649+0000] {processor.py:840} INFO - DAG(s) 'SCD2_snapshots' retrieved from /opt/airflow/dags/scd.py
[2026-07-21T04:34:28.692+0000] {logging_mixin.py:188} INFO - [2026-07-21T04:34:28.692+0000] {dag.py:3089} INFO - Sync 1 DAGs
[2026-07-21T04:34:28.720+0000] {logging_mixin.py:188} INFO - [2026-07-21T04:34:28.720+0000] {dag.py:3947} INFO - Setting next_dagrun for SCD2_snapshots to 2026-07-21 00:00:00+00:00, run_after=2026-07-22 00:00:00+00:00
[2026-07-21T04:34:28.749+0000] {processor.py:183} INFO - Processing /opt/airflow/dags/scd.py took 0.139 seconds
[2026-07-21T04:34:59.034+0000] {processor.py:161} INFO - Started process (PID=3271) to work on /opt/airflow/dags/scd.py
[2026-07-21T04:34:59.036+0000] {processor.py:830} INFO - Processing file /opt/airflow/dags/scd.py for tasks to queue
[2026-07-21T04:34:59.042+0000] {logging_mixin.py:188} INFO - [2026-07-21T04:34:59.041+0000] {dagbag.py:545} INFO - Filling up the DagBag from /opt/airflow/dags/scd.py
[2026-07-21T04:34:59.077+0000] {processor.py:840} INFO - DAG(s) 'SCD2_snapshots' retrieved from /opt/airflow/dags/scd.py
[2026-07-21T04:34:59.116+0000] {logging_mixin.py:188} INFO - [2026-07-21T04:34:59.116+0000] {dag.py:3089} INFO - Sync 1 DAGs
[2026-07-21T04:34:59.149+0000] {logging_mixin.py:188} INFO - [2026-07-21T04:34:59.148+0000] {dag.py:3947} INFO - Setting next_dagrun for SCD2_snapshots to 2026-07-21 00:00:00+00:00, run_after=2026-07-22 00:00:00+00:00
[2026-07-21T04:34:59.189+0000] {processor.py:183} INFO - Processing /opt/airflow/dags/scd.py took 0.162 seconds
[2026-07-21T04:35:29.496+0000] {processor.py:161} INFO - Started process (PID=3276) to work on /opt/airflow/dags/scd.py
[2026-07-21T04:35:29.498+0000] {processor.py:830} INFO - Processing file /opt/airflow/dags/scd.py for tasks to queue
[2026-07-21T04:35:29.502+0000] {logging_mixin.py:188} INFO - [2026-07-21T04:35:29.501+0000] {dagbag.py:545} INFO - Filling up the DagBag from /opt/airflow/dags/scd.py
[2026-07-21T04:35:29.540+0000] {processor.py:840} INFO - DAG(s) 'SCD2_snapshots' retrieved from /opt/airflow/dags/scd.py
[2026-07-21T04:35:29.594+0000] {logging_mixin.py:188} INFO - [2026-07-21T04:35:29.594+0000] {dag.py:3089} INFO - Sync 1 DAGs
[2026-07-21T04:35:29.638+0000] {logging_mixin.py:188} INFO - [2026-07-21T04:35:29.638+0000] {dag.py:3947} INFO - Setting next_dagrun for SCD2_snapshots to 2026-07-21 00:00:00+00:00, run_after=2026-07-22 00:00:00+00:00
[2026-07-21T04:35:29.671+0000] {processor.py:183} INFO - Processing /opt/airflow/dags/scd.py took 0.188 seconds
[2026-07-21T04:35:59.890+0000] {processor.py:161} INFO - Started process (PID=3281) to work on /opt/airflow/dags/scd.py
[2026-07-21T04:35:59.892+0000] {processor.py:830} INFO - Processing file /opt/airflow/dags/scd.py for tasks to queue
[2026-07-21T04:35:59.894+0000] {logging_mixin.py:188} INFO - [2026-07-21T04:35:59.894+0000] {dagbag.py:545} INFO - Filling up the DagBag from /opt/airflow/dags/scd.py
[2026-07-21T04:35:59.922+0000] {processor.py:840} INFO - DAG(s) 'SCD2_snapshots' retrieved from /opt/airflow/dags/scd.py
[2026-07-21T04:35:59.971+0000] {logging_mixin.py:188} INFO - [2026-07-21T04:35:59.971+0000] {dag.py:3089} INFO - Sync 1 DAGs
[2026-07-21T04:36:00.020+0000] {logging_mixin.py:188} INFO - [2026-07-21T04:36:00.020+0000] {dag.py:3947} INFO - Setting next_dagrun for SCD2_snapshots to 2026-07-21 00:00:00+00:00, run_after=2026-07-22 00:00:00+00:00
[2026-07-21T04:36:00.063+0000] {processor.py:183} INFO - Processing /opt/airflow/dags/scd.py took 0.180 seconds
[2026-07-21T04:36:30.372+0000] {processor.py:161} INFO - Started process (PID=3286) to work on /opt/airflow/dags/scd.py
[2026-07-21T04:36:30.380+0000] {processor.py:830} INFO - Processing file /opt/airflow/dags/scd.py for tasks to queue
[2026-07-21T04:36:30.388+0000] {logging_mixin.py:188} INFO - [2026-07-21T04:36:30.387+0000] {dagbag.py:545} INFO - Filling up the DagBag from /opt/airflow/dags/scd.py
[2026-07-21T04:36:30.456+0000] {processor.py:840} INFO - DAG(s) 'SCD2_snapshots' retrieved from /opt/airflow/dags/scd.py
[2026-07-21T04:36:30.545+0000] {logging_mixin.py:188} INFO - [2026-07-21T04:36:30.544+0000] {dag.py:3089} INFO - Sync 1 DAGs
[2026-07-21T04:36:30.646+0000] {logging_mixin.py:188} INFO - [2026-07-21T04:36:30.645+0000] {dag.py:3947} INFO - Setting next_dagrun for SCD2_snapshots to 2026-07-21 00:00:00+00:00, run_after=2026-07-22 00:00:00+00:00
[2026-07-21T04:36:30.719+0000] {processor.py:183} INFO - Processing /opt/airflow/dags/scd.py took 0.368 seconds
[2026-07-21T04:37:01.015+0000] {processor.py:161} INFO - Started process (PID=3291) to work on /opt/airflow/dags/scd.py
[2026-07-21T04:37:01.017+0000] {processor.py:830} INFO - Processing file /opt/airflow/dags/scd.py for tasks to queue
[2026-07-21T04:37:01.020+0000] {logging_mixin.py:188} INFO - [2026-07-21T04:37:01.019+0000] {dagbag.py:545} INFO - Filling up the DagBag from /opt/airflow/dags/scd.py
[2026-07-21T04:37:01.064+0000] {processor.py:840} INFO - DAG(s) 'SCD2_snapshots' retrieved from /opt/airflow/dags/scd.py
[2026-07-21T04:37:01.127+0000] {logging_mixin.py:188} INFO - [2026-07-21T04:37:01.127+0000] {dag.py:3089} INFO - Sync 1 DAGs
[2026-07-21T04:37:01.168+0000] {logging_mixin.py:188} INFO - [2026-07-21T04:37:01.168+0000] {dag.py:3947} INFO - Setting next_dagrun for SCD2_snapshots to 2026-07-21 00:00:00+00:00, run_after=2026-07-22 00:00:00+00:00
[2026-07-21T04:37:01.200+0000] {processor.py:183} INFO - Processing /opt/airflow/dags/scd.py took 0.195 seconds
[2026-07-21T04:37:31.543+0000] {processor.py:161} INFO - Started process (PID=3296) to work on /opt/airflow/dags/scd.py
[2026-07-21T04:37:31.545+0000] {processor.py:830} INFO - Processing file /opt/airflow/dags/scd.py for tasks to queue
[2026-07-21T04:37:31.548+0000] {logging_mixin.py:188} INFO - [2026-07-21T04:37:31.548+0000] {dagbag.py:545} INFO - Filling up the DagBag from /opt/airflow/dags/scd.py
[2026-07-21T04:37:31.581+0000] {processor.py:840} INFO - DAG(s) 'SCD2_snapshots' retrieved from /opt/airflow/dags/scd.py
[2026-07-21T04:37:31.619+0000] {logging_mixin.py:188} INFO - [2026-07-21T04:37:31.619+0000] {dag.py:3089} INFO - Sync 1 DAGs
[2026-07-21T04:37:31.649+0000] {logging_mixin.py:188} INFO - [2026-07-21T04:37:31.648+0000] {dag.py:3947} INFO - Setting next_dagrun for SCD2_snapshots to 2026-07-21 00:00:00+00:00, run_after=2026-07-22 00:00:00+00:00
[2026-07-21T04:37:31.673+0000] {processor.py:183} INFO - Processing /opt/airflow/dags/scd.py took 0.144 seconds
[2026-07-21T04:38:01.798+0000] {processor.py:161} INFO - Started process (PID=3301) to work on /opt/airflow/dags/scd.py
[2026-07-21T04:38:01.800+0000] {processor.py:830} INFO - Processing file /opt/airflow/dags/scd.py for tasks to queue
[2026-07-21T04:38:01.804+0000] {logging_mixin.py:188} INFO - [2026-07-21T04:38:01.803+0000] {dagbag.py:545} INFO - Filling up the DagBag from /opt/airflow/dags/scd.py
[2026-07-21T04:38:01.845+0000] {processor.py:840} INFO - DAG(s) 'SCD2_snapshots' retrieved from /opt/airflow/dags/scd.py
[2026-07-21T04:38:01.895+0000] {logging_mixin.py:188} INFO - [2026-07-21T04:38:01.894+0000] {dag.py:3089} INFO - Sync 1 DAGs
[2026-07-21T04:38:01.938+0000] {logging_mixin.py:188} INFO - [2026-07-21T04:38:01.938+0000] {dag.py:3947} INFO - Setting next_dagrun for SCD2_snapshots to 2026-07-21 00:00:00+00:00, run_after=2026-07-22 00:00:00+00:00
[2026-07-21T04:38:01.973+0000] {processor.py:183} INFO - Processing /opt/airflow/dags/scd.py took 0.186 seconds
[2026-07-21T04:38:32.228+0000] {processor.py:161} INFO - Started process (PID=3306) to work on /opt/airflow/dags/scd.py
[2026-07-21T04:38:32.229+0000] {processor.py:830} INFO - Processing file /opt/airflow/dags/scd.py for tasks to queue
[2026-07-21T04:38:32.232+0000] {logging_mixin.py:188} INFO - [2026-07-21T04:38:32.231+0000] {dagbag.py:545} INFO - Filling up the DagBag from /opt/airflow/dags/scd.py
[2026-07-21T04:38:32.265+0000] {processor.py:840} INFO - DAG(s) 'SCD2_snapshots' retrieved from /opt/airflow/dags/scd.py
[2026-07-21T04:38:32.308+0000] {logging_mixin.py:188} INFO - [2026-07-21T04:38:32.308+0000] {dag.py:3089} INFO - Sync 1 DAGs
[2026-07-21T04:38:32.370+0000] {logging_mixin.py:188} INFO - [2026-07-21T04:38:32.370+0000] {dag.py:3947} INFO - Setting next_dagrun for SCD2_snapshots to 2026-07-21 00:00:00+00:00, run_after=2026-07-22 00:00:00+00:00
[2026-07-21T04:38:32.409+0000] {processor.py:183} INFO - Processing /opt/airflow/dags/scd.py took 0.192 seconds
[2026-07-21T04:39:02.543+0000] {processor.py:161} INFO - Started process (PID=3311) to work on /opt/airflow/dags/scd.py
[2026-07-21T04:39:02.545+0000] {processor.py:830} INFO - Processing file /opt/airflow/dags/scd.py for tasks to queue
[2026-07-21T04:39:02.550+0000] {logging_mixin.py:188} INFO - [2026-07-21T04:39:02.548+0000] {dagbag.py:545} INFO - Filling up the DagBag from /opt/airflow/dags/scd.py
[2026-07-21T04:39:02.589+0000] {processor.py:840} INFO - DAG(s) 'SCD2_snapshots' retrieved from /opt/airflow/dags/scd.py
[2026-07-21T04:39:02.640+0000] {logging_mixin.py:188} INFO - [2026-07-21T04:39:02.640+0000] {dag.py:3089} INFO - Sync 1 DAGs
[2026-07-21T04:39:02.676+0000] {logging_mixin.py:188} INFO - [2026-07-21T04:39:02.676+0000] {dag.py:3947} INFO - Setting next_dagrun for SCD2_snapshots to 2026-07-21 00:00:00+00:00, run_after=2026-07-22 00:00:00+00:00
[2026-07-21T04:39:02.708+0000] {processor.py:183} INFO - Processing /opt/airflow/dags/scd.py took 0.179 seconds
[2026-07-21T04:39:33.028+0000] {processor.py:161} INFO - Started process (PID=3312) to work on /opt/airflow/dags/scd.py
[2026-07-21T04:39:33.029+0000] {processor.py:830} INFO - Processing file /opt/airflow/dags/scd.py for tasks to queue
[2026-07-21T04:39:33.033+0000] {logging_mixin.py:188} INFO - [2026-07-21T04:39:33.032+0000] {dagbag.py:545} INFO - Filling up the DagBag from /opt/airflow/dags/scd.py
[2026-07-21T04:39:33.077+0000] {processor.py:840} INFO - DAG(s) 'SCD2_snapshots' retrieved from /opt/airflow/dags/scd.py
[2026-07-21T04:39:33.121+0000] {logging_mixin.py:188} INFO - [2026-07-21T04:39:33.121+0000] {dag.py:3089} INFO - Sync 1 DAGs
[2026-07-21T04:39:33.150+0000] {logging_mixin.py:188} INFO - [2026-07-21T04:39:33.150+0000] {dag.py:3947} INFO - Setting next_dagrun for SCD2_snapshots to 2026-07-21 00:00:00+00:00, run_after=2026-07-22 00:00:00+00:00
[2026-07-21T04:39:33.176+0000] {processor.py:183} INFO - Processing /opt/airflow/dags/scd.py took 0.157 seconds
[2026-07-21T04:40:03.309+0000] {processor.py:161} INFO - Started process (PID=3317) to work on /opt/airflow/dags/scd.py
[2026-07-21T04:40:03.311+0000] {processor.py:830} INFO - Processing file /opt/airflow/dags/scd.py for tasks to queue
[2026-07-21T04:40:03.316+0000] {logging_mixin.py:188} INFO - [2026-07-21T04:40:03.315+0000] {dagbag.py:545} INFO - Filling up the DagBag from /opt/airflow/dags/scd.py
[2026-07-21T04:40:03.356+0000] {processor.py:840} INFO - DAG(s) 'SCD2_snapshots' retrieved from /opt/airflow/dags/scd.py
[2026-07-21T04:40:03.412+0000] {logging_mixin.py:188} INFO - [2026-07-21T04:40:03.412+0000] {dag.py:3089} INFO - Sync 1 DAGs
[2026-07-21T04:40:03.442+0000] {logging_mixin.py:188} INFO - [2026-07-21T04:40:03.442+0000] {dag.py:3947} INFO - Setting next_dagrun for SCD2_snapshots to 2026-07-21 00:00:00+00:00, run_after=2026-07-22 00:00:00+00:00
[2026-07-21T04:40:03.474+0000] {processor.py:183} INFO - Processing /opt/airflow/dags/scd.py took 0.178 seconds
[2026-07-21T04:40:33.694+0000] {processor.py:161} INFO - Started process (PID=3322) to work on /opt/airflow/dags/scd.py
[2026-07-21T04:40:33.696+0000] {processor.py:830} INFO - Processing file /opt/airflow/dags/scd.py for tasks to queue
[2026-07-21T04:40:33.698+0000] {logging_mixin.py:188} INFO - [2026-07-21T04:40:33.698+0000] {dagbag.py:545} INFO - Filling up the DagBag from /opt/airflow/dags/scd.py
[2026-07-21T04:40:33.729+0000] {processor.py:840} INFO - DAG(s) 'SCD2_snapshots' retrieved from /opt/airflow/dags/scd.py
[2026-07-21T04:40:33.768+0000] {logging_mixin.py:188} INFO - [2026-07-21T04:40:33.768+0000] {dag.py:3089} INFO - Sync 1 DAGs
[2026-07-21T04:40:33.798+0000] {logging_mixin.py:188} INFO - [2026-07-21T04:40:33.798+0000] {dag.py:3947} INFO - Setting next_dagrun for SCD2_snapshots to 2026-07-21 00:00:00+00:00, run_after=2026-07-22 00:00:00+00:00
[2026-07-21T04:40:33.823+0000] {processor.py:183} INFO - Processing /opt/airflow/dags/scd.py took 0.138 seconds
[2026-07-21T04:41:03.948+0000] {processor.py:161} INFO - Started process (PID=3327) to work on /opt/airflow/dags/scd.py
[2026-07-21T04:41:03.952+0000] {processor.py:830} INFO - Processing file /opt/airflow/dags/scd.py for tasks to queue
[2026-07-21T04:41:03.955+0000] {logging_mixin.py:188} INFO - [2026-07-21T04:41:03.955+0000] {dagbag.py:545} INFO - Filling up the DagBag from /opt/airflow/dags/scd.py
[2026-07-21T04:41:03.987+0000] {processor.py:840} INFO - DAG(s) 'SCD2_snapshots' retrieved from /opt/airflow/dags/scd.py
[2026-07-21T04:41:04.043+0000] {logging_mixin.py:188} INFO - [2026-07-21T04:41:04.042+0000] {dag.py:3089} INFO - Sync 1 DAGs
[2026-07-21T04:41:04.121+0000] {logging_mixin.py:188} INFO - [2026-07-21T04:41:04.121+0000] {dag.py:3947} INFO - Setting next_dagrun for SCD2_snapshots to 2026-07-21 00:00:00+00:00, run_after=2026-07-22 00:00:00+00:00
[2026-07-21T04:41:04.169+0000] {processor.py:183} INFO - Processing /opt/airflow/dags/scd.py took 0.233 seconds
[2026-07-21T04:41:34.256+0000] {processor.py:161} INFO - Started process (PID=3332) to work on /opt/airflow/dags/scd.py
[2026-07-21T04:41:34.257+0000] {processor.py:830} INFO - Processing file /opt/airflow/dags/scd.py for tasks to queue
[2026-07-21T04:41:34.259+0000] {logging_mixin.py:188} INFO - [2026-07-21T04:41:34.259+0000] {dagbag.py:545} INFO - Filling up the DagBag from /opt/airflow/dags/scd.py
[2026-07-21T04:41:34.286+0000] {processor.py:840} INFO - DAG(s) 'SCD2_snapshots' retrieved from /opt/airflow/dags/scd.py
[2026-07-21T04:41:34.326+0000] {logging_mixin.py:188} INFO - [2026-07-21T04:41:34.326+0000] {dag.py:3089} INFO - Sync 1 DAGs
[2026-07-21T04:41:34.353+0000] {logging_mixin.py:188} INFO - [2026-07-21T04:41:34.353+0000] {dag.py:3947} INFO - Setting next_dagrun for SCD2_snapshots to 2026-07-21 00:00:00+00:00, run_after=2026-07-22 00:00:00+00:00
[2026-07-21T04:41:34.375+0000] {processor.py:183} INFO - Processing /opt/airflow/dags/scd.py took 0.129 seconds
[2026-07-21T04:42:04.581+0000] {processor.py:161} INFO - Started process (PID=3337) to work on /opt/airflow/dags/scd.py
[2026-07-21T04:42:04.584+0000] {processor.py:830} INFO - Processing file /opt/airflow/dags/scd.py for tasks to queue
[2026-07-21T04:42:04.588+0000] {logging_mixin.py:188} INFO - [2026-07-21T04:42:04.588+0000] {dagbag.py:545} INFO - Filling up the DagBag from /opt/airflow/dags/scd.py
[2026-07-21T04:42:04.617+0000] {processor.py:840} INFO - DAG(s) 'SCD2_snapshots' retrieved from /opt/airflow/dags/scd.py
[2026-07-21T04:42:04.657+0000] {logging_mixin.py:188} INFO - [2026-07-21T04:42:04.657+0000] {dag.py:3089} INFO - Sync 1 DAGs
[2026-07-21T04:42:04.687+0000] {logging_mixin.py:188} INFO - [2026-07-21T04:42:04.686+0000] {dag.py:3947} INFO - Setting next_dagrun for SCD2_snapshots to 2026-07-21 00:00:00+00:00, run_after=2026-07-22 00:00:00+00:00
[2026-07-21T04:42:04.712+0000] {processor.py:183} INFO - Processing /opt/airflow/dags/scd.py took 0.138 seconds
[2026-07-21T04:42:35.134+0000] {processor.py:161} INFO - Started process (PID=3342) to work on /opt/airflow/dags/scd.py
[2026-07-21T04:42:35.136+0000] {processor.py:830} INFO - Processing file /opt/airflow/dags/scd.py for tasks to queue
[2026-07-21T04:42:35.138+0000] {logging_mixin.py:188} INFO - [2026-07-21T04:42:35.138+0000] {dagbag.py:545} INFO - Filling up the DagBag from /opt/airflow/dags/scd.py
[2026-07-21T04:42:35.170+0000] {processor.py:840} INFO - DAG(s) 'SCD2_snapshots' retrieved from /opt/airflow/dags/scd.py
[2026-07-21T04:42:35.209+0000] {logging_mixin.py:188} INFO - [2026-07-21T04:42:35.209+0000] {dag.py:3089} INFO - Sync 1 DAGs
[2026-07-21T04:42:35.240+0000] {logging_mixin.py:188} INFO - [2026-07-21T04:42:35.239+0000] {dag.py:3947} INFO - Setting next_dagrun for SCD2_snapshots to 2026-07-21 00:00:00+00:00, run_after=2026-07-22 00:00:00+00:00
[2026-07-21T04:42:35.265+0000] {processor.py:183} INFO - Processing /opt/airflow/dags/scd.py took 0.140 seconds
[2026-07-21T04:43:05.439+0000] {processor.py:161} INFO - Started process (PID=3347) to work on /opt/airflow/dags/scd.py
[2026-07-21T04:43:05.440+0000] {processor.py:830} INFO - Processing file /opt/airflow/dags/scd.py for tasks to queue
[2026-07-21T04:43:05.445+0000] {logging_mixin.py:188} INFO - [2026-07-21T04:43:05.444+0000] {dagbag.py:545} INFO - Filling up the DagBag from /opt/airflow/dags/scd.py
[2026-07-21T04:43:05.472+0000] {processor.py:840} INFO - DAG(s) 'SCD2_snapshots' retrieved from /opt/airflow/dags/scd.py
[2026-07-21T04:43:05.512+0000] {logging_mixin.py:188} INFO - [2026-07-21T04:43:05.512+0000] {dag.py:3089} INFO - Sync 1 DAGs
[2026-07-21T04:43:05.540+0000] {logging_mixin.py:188} INFO - [2026-07-21T04:43:05.540+0000] {dag.py:3947} INFO - Setting next_dagrun for SCD2_snapshots to 2026-07-21 00:00:00+00:00, run_after=2026-07-22 00:00:00+00:00
[2026-07-21T04:43:05.565+0000] {processor.py:183} INFO - Processing /opt/airflow/dags/scd.py took 0.134 seconds
[2026-07-21T04:43:35.967+0000] {processor.py:161} INFO - Started process (PID=3352) to work on /opt/airflow/dags/scd.py
[2026-07-21T04:43:35.968+0000] {processor.py:830} INFO - Processing file /opt/airflow/dags/scd.py for tasks to queue
[2026-07-21T04:43:35.970+0000] {logging_mixin.py:188} INFO - [2026-07-21T04:43:35.970+0000] {dagbag.py:545} INFO - Filling up the DagBag from /opt/airflow/dags/scd.py
[2026-07-21T04:43:36.001+0000] {processor.py:840} INFO - DAG(s) 'SCD2_snapshots' retrieved from /opt/airflow/dags/scd.py
[2026-07-21T04:43:36.038+0000] {logging_mixin.py:188} INFO - [2026-07-21T04:43:36.038+0000] {dag.py:3089} INFO - Sync 1 DAGs
[2026-07-21T04:43:36.079+0000] {logging_mixin.py:188} INFO - [2026-07-21T04:43:36.079+0000] {dag.py:3947} INFO - Setting next_dagrun for SCD2_snapshots to 2026-07-21 00:00:00+00:00, run_after=2026-07-22 00:00:00+00:00
[2026-07-21T04:43:36.104+0000] {processor.py:183} INFO - Processing /opt/airflow/dags/scd.py took 0.144 seconds
[2026-07-21T04:44:06.187+0000] {processor.py:161} INFO - Started process (PID=3357) to work on /opt/airflow/dags/scd.py
[2026-07-21T04:44:06.189+0000] {processor.py:830} INFO - Processing file /opt/airflow/dags/scd.py for tasks to queue
[2026-07-21T04:44:06.192+0000] {logging_mixin.py:188} INFO - [2026-07-21T04:44:06.191+0000] {dagbag.py:545} INFO - Filling up the DagBag from /opt/airflow/dags/scd.py
[2026-07-21T04:44:06.226+0000] {processor.py:840} INFO - DAG(s) 'SCD2_snapshots' retrieved from /opt/airflow/dags/scd.py
[2026-07-21T04:44:06.267+0000] {logging_mixin.py:188} INFO - [2026-07-21T04:44:06.267+0000] {dag.py:3089} INFO - Sync 1 DAGs
[2026-07-21T04:44:06.295+0000] {logging_mixin.py:188} INFO - [2026-07-21T04:44:06.295+0000] {dag.py:3947} INFO - Setting next_dagrun for SCD2_snapshots to 2026-07-21 00:00:00+00:00, run_after=2026-07-22 00:00:00+00:00
[2026-07-21T04:44:06.320+0000] {processor.py:183} INFO - Processing /opt/airflow/dags/scd.py took 0.144 seconds
[2026-07-21T04:44:36.642+0000] {processor.py:161} INFO - Started process (PID=3362) to work on /opt/airflow/dags/scd.py
[2026-07-21T04:44:36.644+0000] {processor.py:830} INFO - Processing file /opt/airflow/dags/scd.py for tasks to queue
[2026-07-21T04:44:36.646+0000] {logging_mixin.py:188} INFO - [2026-07-21T04:44:36.646+0000] {dagbag.py:545} INFO - Filling up the DagBag from /opt/airflow/dags/scd.py
[2026-07-21T04:44:36.678+0000] {processor.py:840} INFO - DAG(s) 'SCD2_snapshots' retrieved from /opt/airflow/dags/scd.py
[2026-07-21T04:44:36.720+0000] {logging_mixin.py:188} INFO - [2026-07-21T04:44:36.719+0000] {dag.py:3089} INFO - Sync 1 DAGs
[2026-07-21T04:44:36.748+0000] {logging_mixin.py:188} INFO - [2026-07-21T04:44:36.748+0000] {dag.py:3947} INFO - Setting next_dagrun for SCD2_snapshots to 2026-07-21 00:00:00+00:00, run_after=2026-07-22 00:00:00+00:00
[2026-07-21T04:44:36.775+0000] {processor.py:183} INFO - Processing /opt/airflow/dags/scd.py took 0.140 seconds
[2026-07-21T04:45:06.979+0000] {processor.py:161} INFO - Started process (PID=3367) to work on /opt/airflow/dags/scd.py
[2026-07-21T04:45:06.981+0000] {processor.py:830} INFO - Processing file /opt/airflow/dags/scd.py for tasks to queue
[2026-07-21T04:45:06.985+0000] {logging_mixin.py:188} INFO - [2026-07-21T04:45:06.984+0000] {dagbag.py:545} INFO - Filling up the DagBag from /opt/airflow/dags/scd.py
[2026-07-21T04:45:07.017+0000] {processor.py:840} INFO - DAG(s) 'SCD2_snapshots' retrieved from /opt/airflow/dags/scd.py
[2026-07-21T04:45:07.065+0000] {logging_mixin.py:188} INFO - [2026-07-21T04:45:07.065+0000] {dag.py:3089} INFO - Sync 1 DAGs
[2026-07-21T04:45:07.094+0000] {logging_mixin.py:188} INFO - [2026-07-21T04:45:07.093+0000] {dag.py:3947} INFO - Setting next_dagrun for SCD2_snapshots to 2026-07-21 00:00:00+00:00, run_after=2026-07-22 00:00:00+00:00
[2026-07-21T04:45:07.128+0000] {processor.py:183} INFO - Processing /opt/airflow/dags/scd.py took 0.157 seconds
[2026-07-21T04:45:37.327+0000] {processor.py:161} INFO - Started process (PID=3372) to work on /opt/airflow/dags/scd.py
[2026-07-21T04:45:37.330+0000] {processor.py:830} INFO - Processing file /opt/airflow/dags/scd.py for tasks to queue
[2026-07-21T04:45:37.334+0000] {logging_mixin.py:188} INFO - [2026-07-21T04:45:37.334+0000] {dagbag.py:545} INFO - Filling up the DagBag from /opt/airflow/dags/scd.py
[2026-07-21T04:45:37.369+0000] {processor.py:840} INFO - DAG(s) 'SCD2_snapshots' retrieved from /opt/airflow/dags/scd.py
[2026-07-21T04:45:37.434+0000] {logging_mixin.py:188} INFO - [2026-07-21T04:45:37.434+0000] {dag.py:3089} INFO - Sync 1 DAGs
[2026-07-21T04:45:37.476+0000] {logging_mixin.py:188} INFO - [2026-07-21T04:45:37.475+0000] {dag.py:3947} INFO - Setting next_dagrun for SCD2_snapshots to 2026-07-21 00:00:00+00:00, run_after=2026-07-22 00:00:00+00:00
[2026-07-21T04:45:37.517+0000] {processor.py:183} INFO - Processing /opt/airflow/dags/scd.py took 0.198 seconds
[2026-07-21T04:46:07.842+0000] {processor.py:161} INFO - Started process (PID=3377) to work on /opt/airflow/dags/scd.py
[2026-07-21T04:46:07.844+0000] {processor.py:830} INFO - Processing file /opt/airflow/dags/scd.py for tasks to queue
[2026-07-21T04:46:07.846+0000] {logging_mixin.py:188} INFO - [2026-07-21T04:46:07.846+0000] {dagbag.py:545} INFO - Filling up the DagBag from /opt/airflow/dags/scd.py
[2026-07-21T04:46:07.875+0000] {processor.py:840} INFO - DAG(s) 'SCD2_snapshots' retrieved from /opt/airflow/dags/scd.py
[2026-07-21T04:46:07.916+0000] {logging_mixin.py:188} INFO - [2026-07-21T04:46:07.915+0000] {dag.py:3089} INFO - Sync 1 DAGs
[2026-07-21T04:46:07.944+0000] {logging_mixin.py:188} INFO - [2026-07-21T04:46:07.944+0000] {dag.py:3947} INFO - Setting next_dagrun for SCD2_snapshots to 2026-07-21 00:00:00+00:00, run_after=2026-07-22 00:00:00+00:00
[2026-07-21T04:46:07.969+0000] {processor.py:183} INFO - Processing /opt/airflow/dags/scd.py took 0.135 seconds
[2026-07-21T04:46:38.309+0000] {processor.py:161} INFO - Started process (PID=3382) to work on /opt/airflow/dags/scd.py
[2026-07-21T04:46:38.311+0000] {processor.py:830} INFO - Processing file /opt/airflow/dags/scd.py for tasks to queue
[2026-07-21T04:46:38.314+0000] {logging_mixin.py:188} INFO - [2026-07-21T04:46:38.314+0000] {dagbag.py:545} INFO - Filling up the DagBag from /opt/airflow/dags/scd.py
[2026-07-21T04:46:38.353+0000] {processor.py:840} INFO - DAG(s) 'SCD2_snapshots' retrieved from /opt/airflow/dags/scd.py
[2026-07-21T04:46:38.394+0000] {logging_mixin.py:188} INFO - [2026-07-21T04:46:38.394+0000] {dag.py:3089} INFO - Sync 1 DAGs
[2026-07-21T04:46:38.422+0000] {logging_mixin.py:188} INFO - [2026-07-21T04:46:38.422+0000] {dag.py:3947} INFO - Setting next_dagrun for SCD2_snapshots to 2026-07-21 00:00:00+00:00, run_after=2026-07-22 00:00:00+00:00
[2026-07-21T04:46:38.449+0000] {processor.py:183} INFO - Processing /opt/airflow/dags/scd.py took 0.151 seconds
[2026-07-21T04:47:08.637+0000] {processor.py:161} INFO - Started process (PID=3387) to work on /opt/airflow/dags/scd.py
[2026-07-21T04:47:08.639+0000] {processor.py:830} INFO - Processing file /opt/airflow/dags/scd.py for tasks to queue
[2026-07-21T04:47:08.641+0000] {logging_mixin.py:188} INFO - [2026-07-21T04:47:08.641+0000] {dagbag.py:545} INFO - Filling up the DagBag from /opt/airflow/dags/scd.py
[2026-07-21T04:47:08.665+0000] {processor.py:840} INFO - DAG(s) 'SCD2_snapshots' retrieved from /opt/airflow/dags/scd.py
[2026-07-21T04:47:08.703+0000] {logging_mixin.py:188} INFO - [2026-07-21T04:47:08.703+0000] {dag.py:3089} INFO - Sync 1 DAGs
[2026-07-21T04:47:08.730+0000] {logging_mixin.py:188} INFO - [2026-07-21T04:47:08.730+0000] {dag.py:3947} INFO - Setting next_dagrun for SCD2_snapshots to 2026-07-21 00:00:00+00:00, run_after=2026-07-22 00:00:00+00:00
[2026-07-21T04:47:08.753+0000] {processor.py:183} INFO - Processing /opt/airflow/dags/scd.py took 0.123 seconds
[2026-07-21T04:47:38.998+0000] {processor.py:161} INFO - Started process (PID=3392) to work on /opt/airflow/dags/scd.py
[2026-07-21T04:47:38.999+0000] {processor.py:830} INFO - Processing file /opt/airflow/dags/scd.py for tasks to queue
[2026-07-21T04:47:39.006+0000] {logging_mixin.py:188} INFO - [2026-07-21T04:47:39.005+0000] {dagbag.py:545} INFO - Filling up the DagBag from /opt/airflow/dags/scd.py
[2026-07-21T04:47:39.041+0000] {processor.py:840} INFO - DAG(s) 'SCD2_snapshots' retrieved from /opt/airflow/dags/scd.py
[2026-07-21T04:47:39.097+0000] {logging_mixin.py:188} INFO - [2026-07-21T04:47:39.097+0000] {dag.py:3089} INFO - Sync 1 DAGs
[2026-07-21T04:47:39.144+0000] {logging_mixin.py:188} INFO - [2026-07-21T04:47:39.143+0000] {dag.py:3947} INFO - Setting next_dagrun for SCD2_snapshots to 2026-07-21 00:00:00+00:00, run_after=2026-07-22 00:00:00+00:00
[2026-07-21T04:47:39.180+0000] {processor.py:183} INFO - Processing /opt/airflow/dags/scd.py took 0.192 seconds
[2026-07-21T04:48:09.393+0000] {processor.py:161} INFO - Started process (PID=3397) to work on /opt/airflow/dags/scd.py
[2026-07-21T04:48:09.395+0000] {processor.py:830} INFO - Processing file /opt/airflow/dags/scd.py for tasks to queue
[2026-07-21T04:48:09.399+0000] {logging_mixin.py:188} INFO - [2026-07-21T04:48:09.398+0000] {dagbag.py:545} INFO - Filling up the DagBag from /opt/airflow/dags/scd.py
[2026-07-21T04:48:09.426+0000] {processor.py:840} INFO - DAG(s) 'SCD2_snapshots' retrieved from /opt/airflow/dags/scd.py
[2026-07-21T04:48:09.464+0000] {logging_mixin.py:188} INFO - [2026-07-21T04:48:09.464+0000] {dag.py:3089} INFO - Sync 1 DAGs
[2026-07-21T04:48:09.495+0000] {logging_mixin.py:188} INFO - [2026-07-21T04:48:09.495+0000] {dag.py:3947} INFO - Setting next_dagrun for SCD2_snapshots to 2026-07-21 00:00:00+00:00, run_after=2026-07-22 00:00:00+00:00
[2026-07-21T04:48:09.521+0000] {processor.py:183} INFO - Processing /opt/airflow/dags/scd.py took 0.135 seconds
[2026-07-21T04:48:39.741+0000] {processor.py:161} INFO - Started process (PID=3402) to work on /opt/airflow/dags/scd.py
[2026-07-21T04:48:39.743+0000] {processor.py:830} INFO - Processing file /opt/airflow/dags/scd.py for tasks to queue
[2026-07-21T04:48:39.746+0000] {logging_mixin.py:188} INFO - [2026-07-21T04:48:39.745+0000] {dagbag.py:545} INFO - Filling up the DagBag from /opt/airflow/dags/scd.py
[2026-07-21T04:48:39.775+0000] {processor.py:840} INFO - DAG(s) 'SCD2_snapshots' retrieved from /opt/airflow/dags/scd.py
[2026-07-21T04:48:39.823+0000] {logging_mixin.py:188} INFO - [2026-07-21T04:48:39.823+0000] {dag.py:3089} INFO - Sync 1 DAGs
[2026-07-21T04:48:39.859+0000] {logging_mixin.py:188} INFO - [2026-07-21T04:48:39.859+0000] {dag.py:3947} INFO - Setting next_dagrun for SCD2_snapshots to 2026-07-21 00:00:00+00:00, run_after=2026-07-22 00:00:00+00:00
[2026-07-21T04:48:39.885+0000] {processor.py:183} INFO - Processing /opt/airflow/dags/scd.py took 0.152 seconds
[2026-07-21T04:49:10.254+0000] {processor.py:161} INFO - Started process (PID=3407) to work on /opt/airflow/dags/scd.py
[2026-07-21T04:49:10.255+0000] {processor.py:830} INFO - Processing file /opt/airflow/dags/scd.py for tasks to queue
[2026-07-21T04:49:10.259+0000] {logging_mixin.py:188} INFO - [2026-07-21T04:49:10.259+0000] {dagbag.py:545} INFO - Filling up the DagBag from /opt/airflow/dags/scd.py
[2026-07-21T04:49:10.284+0000] {processor.py:840} INFO - DAG(s) 'SCD2_snapshots' retrieved from /opt/airflow/dags/scd.py
[2026-07-21T04:49:10.343+0000] {logging_mixin.py:188} INFO - [2026-07-21T04:49:10.343+0000] {dag.py:3089} INFO - Sync 1 DAGs
[2026-07-21T04:49:10.421+0000] {logging_mixin.py:188} INFO - [2026-07-21T04:49:10.419+0000] {dag.py:3947} INFO - Setting next_dagrun for SCD2_snapshots to 2026-07-21 00:00:00+00:00, run_after=2026-07-22 00:00:00+00:00
[2026-07-21T04:49:10.508+0000] {processor.py:183} INFO - Processing /opt/airflow/dags/scd.py took 0.263 seconds
[2026-07-21T04:49:40.977+0000] {processor.py:161} INFO - Started process (PID=3412) to work on /opt/airflow/dags/scd.py
[2026-07-21T04:49:40.978+0000] {processor.py:830} INFO - Processing file /opt/airflow/dags/scd.py for tasks to queue
[2026-07-21T04:49:40.981+0000] {logging_mixin.py:188} INFO - [2026-07-21T04:49:40.981+0000] {dagbag.py:545} INFO - Filling up the DagBag from /opt/airflow/dags/scd.py
[2026-07-21T04:49:41.011+0000] {processor.py:840} INFO - DAG(s) 'SCD2_snapshots' retrieved from /opt/airflow/dags/scd.py
[2026-07-21T04:49:41.097+0000] {logging_mixin.py:188} INFO - [2026-07-21T04:49:41.096+0000] {dag.py:3089} INFO - Sync 1 DAGs
[2026-07-21T04:49:41.149+0000] {logging_mixin.py:188} INFO - [2026-07-21T04:49:41.148+0000] {dag.py:3947} INFO - Setting next_dagrun for SCD2_snapshots to 2026-07-21 00:00:00+00:00, run_after=2026-07-22 00:00:00+00:00
[2026-07-21T04:49:41.202+0000] {processor.py:183} INFO - Processing /opt/airflow/dags/scd.py took 0.237 seconds
[2026-07-21T04:50:11.483+0000] {processor.py:161} INFO - Started process (PID=3417) to work on /opt/airflow/dags/scd.py
[2026-07-21T04:50:11.485+0000] {processor.py:830} INFO - Processing file /opt/airflow/dags/scd.py for tasks to queue
[2026-07-21T04:50:11.489+0000] {logging_mixin.py:188} INFO - [2026-07-21T04:50:11.489+0000] {dagbag.py:545} INFO - Filling up the DagBag from /opt/airflow/dags/scd.py
[2026-07-21T04:50:11.522+0000] {processor.py:840} INFO - DAG(s) 'SCD2_snapshots' retrieved from /opt/airflow/dags/scd.py
[2026-07-21T04:50:11.573+0000] {logging_mixin.py:188} INFO - [2026-07-21T04:50:11.573+0000] {dag.py:3089} INFO - Sync 1 DAGs
[2026-07-21T04:50:11.628+0000] {logging_mixin.py:188} INFO - [2026-07-21T04:50:11.627+0000] {dag.py:3947} INFO - Setting next_dagrun for SCD2_snapshots to 2026-07-21 00:00:00+00:00, run_after=2026-07-22 00:00:00+00:00
[2026-07-21T04:50:11.683+0000] {processor.py:183} INFO - Processing /opt/airflow/dags/scd.py took 0.208 seconds
[2026-07-21T04:50:41.868+0000] {processor.py:161} INFO - Started process (PID=3422) to work on /opt/airflow/dags/scd.py
[2026-07-21T04:50:41.870+0000] {processor.py:830} INFO - Processing file /opt/airflow/dags/scd.py for tasks to queue
[2026-07-21T04:50:41.872+0000] {logging_mixin.py:188} INFO - [2026-07-21T04:50:41.872+0000] {dagbag.py:545} INFO - Filling up the DagBag from /opt/airflow/dags/scd.py
[2026-07-21T04:50:41.900+0000] {processor.py:840} INFO - DAG(s) 'SCD2_snapshots' retrieved from /opt/airflow/dags/scd.py
[2026-07-21T04:50:41.939+0000] {logging_mixin.py:188} INFO - [2026-07-21T04:50:41.939+0000] {dag.py:3089} INFO - Sync 1 DAGs
[2026-07-21T04:50:41.971+0000] {logging_mixin.py:188} INFO - [2026-07-21T04:50:41.971+0000] {dag.py:3947} INFO - Setting next_dagrun for SCD2_snapshots to 2026-07-21 00:00:00+00:00, run_after=2026-07-22 00:00:00+00:00
[2026-07-21T04:50:42.005+0000] {processor.py:183} INFO - Processing /opt/airflow/dags/scd.py took 0.147 seconds
[2026-07-21T04:51:12.164+0000] {processor.py:161} INFO - Started process (PID=3427) to work on /opt/airflow/dags/scd.py
[2026-07-21T04:51:12.166+0000] {processor.py:830} INFO - Processing file /opt/airflow/dags/scd.py for tasks to queue
[2026-07-21T04:51:12.169+0000] {logging_mixin.py:188} INFO - [2026-07-21T04:51:12.168+0000] {dagbag.py:545} INFO - Filling up the DagBag from /opt/airflow/dags/scd.py
[2026-07-21T04:51:12.198+0000] {processor.py:840} INFO - DAG(s) 'SCD2_snapshots' retrieved from /opt/airflow/dags/scd.py
[2026-07-21T04:51:12.238+0000] {logging_mixin.py:188} INFO - [2026-07-21T04:51:12.238+0000] {dag.py:3089} INFO - Sync 1 DAGs
[2026-07-21T04:51:12.268+0000] {logging_mixin.py:188} INFO - [2026-07-21T04:51:12.267+0000] {dag.py:3947} INFO - Setting next_dagrun for SCD2_snapshots to 2026-07-21 00:00:00+00:00, run_after=2026-07-22 00:00:00+00:00
[2026-07-21T04:51:12.292+0000] {processor.py:183} INFO - Processing /opt/airflow/dags/scd.py took 0.137 seconds
[2026-07-21T04:51:42.607+0000] {processor.py:161} INFO - Started process (PID=3432) to work on /opt/airflow/dags/scd.py
[2026-07-21T04:51:42.609+0000] {processor.py:830} INFO - Processing file /opt/airflow/dags/scd.py for tasks to queue
[2026-07-21T04:51:42.611+0000] {logging_mixin.py:188} INFO - [2026-07-21T04:51:42.611+0000] {dagbag.py:545} INFO - Filling up the DagBag from /opt/airflow/dags/scd.py
[2026-07-21T04:51:42.641+0000] {processor.py:840} INFO - DAG(s) 'SCD2_snapshots' retrieved from /opt/airflow/dags/scd.py
[2026-07-21T04:51:42.680+0000] {logging_mixin.py:188} INFO - [2026-07-21T04:51:42.680+0000] {dag.py:3089} INFO - Sync 1 DAGs
[2026-07-21T04:51:42.708+0000] {logging_mixin.py:188} INFO - [2026-07-21T04:51:42.708+0000] {dag.py:3947} INFO - Setting next_dagrun for SCD2_snapshots to 2026-07-21 00:00:00+00:00, run_after=2026-07-22 00:00:00+00:00
[2026-07-21T04:51:42.736+0000] {processor.py:183} INFO - Processing /opt/airflow/dags/scd.py took 0.136 seconds
[2026-07-21T04:52:12.880+0000] {processor.py:161} INFO - Started process (PID=3437) to work on /opt/airflow/dags/scd.py
[2026-07-21T04:52:12.881+0000] {processor.py:830} INFO - Processing file /opt/airflow/dags/scd.py for tasks to queue
[2026-07-21T04:52:12.884+0000] {logging_mixin.py:188} INFO - [2026-07-21T04:52:12.883+0000] {dagbag.py:545} INFO - Filling up the DagBag from /opt/airflow/dags/scd.py
[2026-07-21T04:52:12.911+0000] {processor.py:840} INFO - DAG(s) 'SCD2_snapshots' retrieved from /opt/airflow/dags/scd.py
[2026-07-21T04:52:12.949+0000] {logging_mixin.py:188} INFO - [2026-07-21T04:52:12.949+0000] {dag.py:3089} INFO - Sync 1 DAGs
[2026-07-21T04:52:12.995+0000] {logging_mixin.py:188} INFO - [2026-07-21T04:52:12.994+0000] {dag.py:3947} INFO - Setting next_dagrun for SCD2_snapshots to 2026-07-21 00:00:00+00:00, run_after=2026-07-22 00:00:00+00:00
[2026-07-21T04:52:13.032+0000] {processor.py:183} INFO - Processing /opt/airflow/dags/scd.py took 0.160 seconds
[2026-07-21T04:52:43.406+0000] {processor.py:161} INFO - Started process (PID=3442) to work on /opt/airflow/dags/scd.py
[2026-07-21T04:52:43.408+0000] {processor.py:830} INFO - Processing file /opt/airflow/dags/scd.py for tasks to queue
[2026-07-21T04:52:43.410+0000] {logging_mixin.py:188} INFO - [2026-07-21T04:52:43.410+0000] {dagbag.py:545} INFO - Filling up the DagBag from /opt/airflow/dags/scd.py
[2026-07-21T04:52:43.436+0000] {processor.py:840} INFO - DAG(s) 'SCD2_snapshots' retrieved from /opt/airflow/dags/scd.py
[2026-07-21T04:52:43.476+0000] {logging_mixin.py:188} INFO - [2026-07-21T04:52:43.475+0000] {dag.py:3089} INFO - Sync 1 DAGs
[2026-07-21T04:52:43.503+0000] {logging_mixin.py:188} INFO - [2026-07-21T04:52:43.503+0000] {dag.py:3947} INFO - Setting next_dagrun for SCD2_snapshots to 2026-07-21 00:00:00+00:00, run_after=2026-07-22 00:00:00+00:00
[2026-07-21T04:52:43.528+0000] {processor.py:183} INFO - Processing /opt/airflow/dags/scd.py took 0.129 seconds
[2026-07-21T04:53:13.822+0000] {processor.py:161} INFO - Started process (PID=3447) to work on /opt/airflow/dags/scd.py
[2026-07-21T04:53:13.824+0000] {processor.py:830} INFO - Processing file /opt/airflow/dags/scd.py for tasks to queue
[2026-07-21T04:53:13.827+0000] {logging_mixin.py:188} INFO - [2026-07-21T04:53:13.826+0000] {dagbag.py:545} INFO - Filling up the DagBag from /opt/airflow/dags/scd.py
[2026-07-21T04:53:13.858+0000] {processor.py:840} INFO - DAG(s) 'SCD2_snapshots' retrieved from /opt/airflow/dags/scd.py
[2026-07-21T04:53:13.899+0000] {logging_mixin.py:188} INFO - [2026-07-21T04:53:13.899+0000] {dag.py:3089} INFO - Sync 1 DAGs
[2026-07-21T04:53:13.926+0000] {logging_mixin.py:188} INFO - [2026-07-21T04:53:13.926+0000] {dag.py:3947} INFO - Setting next_dagrun for SCD2_snapshots to 2026-07-21 00:00:00+00:00, run_after=2026-07-22 00:00:00+00:00
[2026-07-21T04:53:13.953+0000] {processor.py:183} INFO - Processing /opt/airflow/dags/scd.py took 0.139 seconds
[2026-07-21T04:53:44.276+0000] {processor.py:161} INFO - Started process (PID=3452) to work on /opt/airflow/dags/scd.py
[2026-07-21T04:53:44.278+0000] {processor.py:830} INFO - Processing file /opt/airflow/dags/scd.py for tasks to queue
[2026-07-21T04:53:44.280+0000] {logging_mixin.py:188} INFO - [2026-07-21T04:53:44.280+0000] {dagbag.py:545} INFO - Filling up the DagBag from /opt/airflow/dags/scd.py
[2026-07-21T04:53:44.322+0000] {processor.py:840} INFO - DAG(s) 'SCD2_snapshots' retrieved from /opt/airflow/dags/scd.py
[2026-07-21T04:53:44.370+0000] {logging_mixin.py:188} INFO - [2026-07-21T04:53:44.369+0000] {dag.py:3089} INFO - Sync 1 DAGs
[2026-07-21T04:53:44.400+0000] {logging_mixin.py:188} INFO - [2026-07-21T04:53:44.400+0000] {dag.py:3947} INFO - Setting next_dagrun for SCD2_snapshots to 2026-07-21 00:00:00+00:00, run_after=2026-07-22 00:00:00+00:00
[2026-07-21T04:53:44.429+0000] {processor.py:183} INFO - Processing /opt/airflow/dags/scd.py took 0.160 seconds
[2026-07-21T04:54:14.618+0000] {processor.py:161} INFO - Started process (PID=3457) to work on /opt/airflow/dags/scd.py
[2026-07-21T04:54:14.620+0000] {processor.py:830} INFO - Processing file /opt/airflow/dags/scd.py for tasks to queue
[2026-07-21T04:54:14.622+0000] {logging_mixin.py:188} INFO - [2026-07-21T04:54:14.622+0000] {dagbag.py:545} INFO - Filling up the DagBag from /opt/airflow/dags/scd.py
[2026-07-21T04:54:14.668+0000] {processor.py:840} INFO - DAG(s) 'SCD2_snapshots' retrieved from /opt/airflow/dags/scd.py
[2026-07-21T04:54:14.713+0000] {logging_mixin.py:188} INFO - [2026-07-21T04:54:14.713+0000] {dag.py:3089} INFO - Sync 1 DAGs
[2026-07-21T04:54:14.744+0000] {logging_mixin.py:188} INFO - [2026-07-21T04:54:14.744+0000] {dag.py:3947} INFO - Setting next_dagrun for SCD2_snapshots to 2026-07-21 00:00:00+00:00, run_after=2026-07-22 00:00:00+00:00
[2026-07-21T04:54:14.768+0000] {processor.py:183} INFO - Processing /opt/airflow/dags/scd.py took 0.163 seconds
[2026-07-21T04:54:45.003+0000] {processor.py:161} INFO - Started process (PID=3458) to work on /opt/airflow/dags/scd.py
[2026-07-21T04:54:45.005+0000] {processor.py:830} INFO - Processing file /opt/airflow/dags/scd.py for tasks to queue
[2026-07-21T04:54:45.009+0000] {logging_mixin.py:188} INFO - [2026-07-21T04:54:45.008+0000] {dagbag.py:545} INFO - Filling up the DagBag from /opt/airflow/dags/scd.py
[2026-07-21T04:54:45.039+0000] {processor.py:840} INFO - DAG(s) 'SCD2_snapshots' retrieved from /opt/airflow/dags/scd.py
[2026-07-21T04:54:45.096+0000] {logging_mixin.py:188} INFO - [2026-07-21T04:54:45.096+0000] {dag.py:3089} INFO - Sync 1 DAGs
[2026-07-21T04:54:45.125+0000] {logging_mixin.py:188} INFO - [2026-07-21T04:54:45.125+0000] {dag.py:3947} INFO - Setting next_dagrun for SCD2_snapshots to 2026-07-21 00:00:00+00:00, run_after=2026-07-22 00:00:00+00:00
[2026-07-21T04:54:45.159+0000] {processor.py:183} INFO - Processing /opt/airflow/dags/scd.py took 0.164 seconds
[2026-07-21T04:55:15.486+0000] {processor.py:161} INFO - Started process (PID=3463) to work on /opt/airflow/dags/scd.py
[2026-07-21T04:55:15.487+0000] {processor.py:830} INFO - Processing file /opt/airflow/dags/scd.py for tasks to queue
[2026-07-21T04:55:15.490+0000] {logging_mixin.py:188} INFO - [2026-07-21T04:55:15.489+0000] {dagbag.py:545} INFO - Filling up the DagBag from /opt/airflow/dags/scd.py
[2026-07-21T04:55:15.521+0000] {processor.py:840} INFO - DAG(s) 'SCD2_snapshots' retrieved from /opt/airflow/dags/scd.py
[2026-07-21T04:55:15.566+0000] {logging_mixin.py:188} INFO - [2026-07-21T04:55:15.565+0000] {dag.py:3089} INFO - Sync 1 DAGs
[2026-07-21T04:55:15.601+0000] {logging_mixin.py:188} INFO - [2026-07-21T04:55:15.601+0000] {dag.py:3947} INFO - Setting next_dagrun for SCD2_snapshots to 2026-07-21 00:00:00+00:00, run_after=2026-07-22 00:00:00+00:00
[2026-07-21T04:55:15.633+0000] {processor.py:183} INFO - Processing /opt/airflow/dags/scd.py took 0.154 seconds
[2026-07-21T04:55:45.731+0000] {processor.py:161} INFO - Started process (PID=3468) to work on /opt/airflow/dags/scd.py
[2026-07-21T04:55:45.733+0000] {processor.py:830} INFO - Processing file /opt/airflow/dags/scd.py for tasks to queue
[2026-07-21T04:55:45.736+0000] {logging_mixin.py:188} INFO - [2026-07-21T04:55:45.736+0000] {dagbag.py:545} INFO - Filling up the DagBag from /opt/airflow/dags/scd.py
[2026-07-21T04:55:45.764+0000] {processor.py:840} INFO - DAG(s) 'SCD2_snapshots' retrieved from /opt/airflow/dags/scd.py
[2026-07-21T04:55:45.807+0000] {logging_mixin.py:188} INFO - [2026-07-21T04:55:45.806+0000] {dag.py:3089} INFO - Sync 1 DAGs
[2026-07-21T04:55:45.834+0000] {logging_mixin.py:188} INFO - [2026-07-21T04:55:45.834+0000] {dag.py:3947} INFO - Setting next_dagrun for SCD2_snapshots to 2026-07-21 00:00:00+00:00, run_after=2026-07-22 00:00:00+00:00
[2026-07-21T04:55:45.858+0000] {processor.py:183} INFO - Processing /opt/airflow/dags/scd.py took 0.137 seconds
[2026-07-21T04:56:16.015+0000] {processor.py:161} INFO - Started process (PID=3473) to work on /opt/airflow/dags/scd.py
[2026-07-21T04:56:16.016+0000] {processor.py:830} INFO - Processing file /opt/airflow/dags/scd.py for tasks to queue
[2026-07-21T04:56:16.018+0000] {logging_mixin.py:188} INFO - [2026-07-21T04:56:16.018+0000] {dagbag.py:545} INFO - Filling up the DagBag from /opt/airflow/dags/scd.py
[2026-07-21T04:56:16.050+0000] {processor.py:840} INFO - DAG(s) 'SCD2_snapshots' retrieved from /opt/airflow/dags/scd.py
[2026-07-21T04:56:16.097+0000] {logging_mixin.py:188} INFO - [2026-07-21T04:56:16.097+0000] {dag.py:3089} INFO - Sync 1 DAGs
[2026-07-21T04:56:16.126+0000] {logging_mixin.py:188} INFO - [2026-07-21T04:56:16.126+0000] {dag.py:3947} INFO - Setting next_dagrun for SCD2_snapshots to 2026-07-21 00:00:00+00:00, run_after=2026-07-22 00:00:00+00:00
[2026-07-21T04:56:16.148+0000] {processor.py:183} INFO - Processing /opt/airflow/dags/scd.py took 0.142 seconds
[2026-07-21T04:56:46.298+0000] {processor.py:161} INFO - Started process (PID=3478) to work on /opt/airflow/dags/scd.py
[2026-07-21T04:56:46.301+0000] {processor.py:830} INFO - Processing file /opt/airflow/dags/scd.py for tasks to queue
[2026-07-21T04:56:46.304+0000] {logging_mixin.py:188} INFO - [2026-07-21T04:56:46.304+0000] {dagbag.py:545} INFO - Filling up the DagBag from /opt/airflow/dags/scd.py
[2026-07-21T04:56:46.331+0000] {processor.py:840} INFO - DAG(s) 'SCD2_snapshots' retrieved from /opt/airflow/dags/scd.py
[2026-07-21T04:56:46.402+0000] {logging_mixin.py:188} INFO - [2026-07-21T04:56:46.401+0000] {dag.py:3089} INFO - Sync 1 DAGs
[2026-07-21T04:56:46.462+0000] {logging_mixin.py:188} INFO - [2026-07-21T04:56:46.462+0000] {dag.py:3947} INFO - Setting next_dagrun for SCD2_snapshots to 2026-07-21 00:00:00+00:00, run_after=2026-07-22 00:00:00+00:00
[2026-07-21T04:56:46.487+0000] {processor.py:183} INFO - Processing /opt/airflow/dags/scd.py took 0.197 seconds
[2026-07-21T04:57:16.873+0000] {processor.py:161} INFO - Started process (PID=3483) to work on /opt/airflow/dags/scd.py
[2026-07-21T04:57:16.874+0000] {processor.py:830} INFO - Processing file /opt/airflow/dags/scd.py for tasks to queue
[2026-07-21T04:57:16.879+0000] {logging_mixin.py:188} INFO - [2026-07-21T04:57:16.878+0000] {dagbag.py:545} INFO - Filling up the DagBag from /opt/airflow/dags/scd.py
[2026-07-21T04:57:16.953+0000] {processor.py:840} INFO - DAG(s) 'SCD2_snapshots' retrieved from /opt/airflow/dags/scd.py
[2026-07-21T04:57:17.029+0000] {logging_mixin.py:188} INFO - [2026-07-21T04:57:17.028+0000] {dag.py:3089} INFO - Sync 1 DAGs
[2026-07-21T04:57:17.083+0000] {logging_mixin.py:188} INFO - [2026-07-21T04:57:17.082+0000] {dag.py:3947} INFO - Setting next_dagrun for SCD2_snapshots to 2026-07-21 00:00:00+00:00, run_after=2026-07-22 00:00:00+00:00
[2026-07-21T04:57:17.108+0000] {processor.py:183} INFO - Processing /opt/airflow/dags/scd.py took 0.243 seconds
[2026-07-21T04:57:47.598+0000] {processor.py:161} INFO - Started process (PID=3488) to work on /opt/airflow/dags/scd.py
[2026-07-21T04:57:47.600+0000] {processor.py:830} INFO - Processing file /opt/airflow/dags/scd.py for tasks to queue
[2026-07-21T04:57:47.603+0000] {logging_mixin.py:188} INFO - [2026-07-21T04:57:47.603+0000] {dagbag.py:545} INFO - Filling up the DagBag from /opt/airflow/dags/scd.py
[2026-07-21T04:57:47.631+0000] {processor.py:840} INFO - DAG(s) 'SCD2_snapshots' retrieved from /opt/airflow/dags/scd.py
[2026-07-21T04:57:47.690+0000] {logging_mixin.py:188} INFO - [2026-07-21T04:57:47.690+0000] {dag.py:3089} INFO - Sync 1 DAGs
[2026-07-21T04:57:47.736+0000] {logging_mixin.py:188} INFO - [2026-07-21T04:57:47.736+0000] {dag.py:3947} INFO - Setting next_dagrun for SCD2_snapshots to 2026-07-21 00:00:00+00:00, run_after=2026-07-22 00:00:00+00:00
[2026-07-21T04:57:47.776+0000] {processor.py:183} INFO - Processing /opt/airflow/dags/scd.py took 0.187 seconds
[2026-07-21T04:58:17.918+0000] {processor.py:161} INFO - Started process (PID=3493) to work on /opt/airflow/dags/scd.py
[2026-07-21T04:58:17.920+0000] {processor.py:830} INFO - Processing file /opt/airflow/dags/scd.py for tasks to queue
[2026-07-21T04:58:17.922+0000] {logging_mixin.py:188} INFO - [2026-07-21T04:58:17.922+0000] {dagbag.py:545} INFO - Filling up the DagBag from /opt/airflow/dags/scd.py
[2026-07-21T04:58:17.951+0000] {processor.py:840} INFO - DAG(s) 'SCD2_snapshots' retrieved from /opt/airflow/dags/scd.py
[2026-07-21T04:58:17.996+0000] {logging_mixin.py:188} INFO - [2026-07-21T04:58:17.996+0000] {dag.py:3089} INFO - Sync 1 DAGs
[2026-07-21T04:58:18.038+0000] {logging_mixin.py:188} INFO - [2026-07-21T04:58:18.038+0000] {dag.py:3947} INFO - Setting next_dagrun for SCD2_snapshots to 2026-07-21 00:00:00+00:00, run_after=2026-07-22 00:00:00+00:00
[2026-07-21T04:58:18.079+0000] {processor.py:183} INFO - Processing /opt/airflow/dags/scd.py took 0.169 seconds
[2026-07-21T04:58:48.211+0000] {processor.py:161} INFO - Started process (PID=3498) to work on /opt/airflow/dags/scd.py
[2026-07-21T04:58:48.212+0000] {processor.py:830} INFO - Processing file /opt/airflow/dags/scd.py for tasks to queue
[2026-07-21T04:58:48.217+0000] {logging_mixin.py:188} INFO - [2026-07-21T04:58:48.216+0000] {dagbag.py:545} INFO - Filling up the DagBag from /opt/airflow/dags/scd.py
[2026-07-21T04:58:48.257+0000] {processor.py:840} INFO - DAG(s) 'SCD2_snapshots' retrieved from /opt/airflow/dags/scd.py
[2026-07-21T04:58:48.319+0000] {logging_mixin.py:188} INFO - [2026-07-21T04:58:48.318+0000] {dag.py:3089} INFO - Sync 1 DAGs
[2026-07-21T04:58:48.363+0000] {logging_mixin.py:188} INFO - [2026-07-21T04:58:48.363+0000] {dag.py:3947} INFO - Setting next_dagrun for SCD2_snapshots to 2026-07-21 00:00:00+00:00, run_after=2026-07-22 00:00:00+00:00
[2026-07-21T04:58:48.408+0000] {processor.py:183} INFO - Processing /opt/airflow/dags/scd.py took 0.206 seconds
[2026-07-21T04:59:18.640+0000] {processor.py:161} INFO - Started process (PID=3503) to work on /opt/airflow/dags/scd.py
[2026-07-21T04:59:18.642+0000] {processor.py:830} INFO - Processing file /opt/airflow/dags/scd.py for tasks to queue
[2026-07-21T04:59:18.645+0000] {logging_mixin.py:188} INFO - [2026-07-21T04:59:18.644+0000] {dagbag.py:545} INFO - Filling up the DagBag from /opt/airflow/dags/scd.py
[2026-07-21T04:59:18.681+0000] {processor.py:840} INFO - DAG(s) 'SCD2_snapshots' retrieved from /opt/airflow/dags/scd.py
[2026-07-21T04:59:18.727+0000] {logging_mixin.py:188} INFO - [2026-07-21T04:59:18.727+0000] {dag.py:3089} INFO - Sync 1 DAGs
[2026-07-21T04:59:18.765+0000] {logging_mixin.py:188} INFO - [2026-07-21T04:59:18.765+0000] {dag.py:3947} INFO - Setting next_dagrun for SCD2_snapshots to 2026-07-21 00:00:00+00:00, run_after=2026-07-22 00:00:00+00:00
[2026-07-21T04:59:18.801+0000] {processor.py:183} INFO - Processing /opt/airflow/dags/scd.py took 0.169 seconds
[2026-07-21T04:59:49.003+0000] {processor.py:161} INFO - Started process (PID=3508) to work on /opt/airflow/dags/scd.py
[2026-07-21T04:59:49.005+0000] {processor.py:830} INFO - Processing file /opt/airflow/dags/scd.py for tasks to queue
[2026-07-21T04:59:49.008+0000] {logging_mixin.py:188} INFO - [2026-07-21T04:59:49.007+0000] {dagbag.py:545} INFO - Filling up the DagBag from /opt/airflow/dags/scd.py
[2026-07-21T04:59:49.044+0000] {processor.py:840} INFO - DAG(s) 'SCD2_snapshots' retrieved from /opt/airflow/dags/scd.py
[2026-07-21T04:59:49.099+0000] {logging_mixin.py:188} INFO - [2026-07-21T04:59:49.099+0000] {dag.py:3089} INFO - Sync 1 DAGs
[2026-07-21T04:59:49.130+0000] {logging_mixin.py:188} INFO - [2026-07-21T04:59:49.130+0000] {dag.py:3947} INFO - Setting next_dagrun for SCD2_snapshots to 2026-07-21 00:00:00+00:00, run_after=2026-07-22 00:00:00+00:00
[2026-07-21T04:59:49.156+0000] {processor.py:183} INFO - Processing /opt/airflow/dags/scd.py took 0.161 seconds
[2026-07-21T05:00:19.307+0000] {processor.py:161} INFO - Started process (PID=3513) to work on /opt/airflow/dags/scd.py
[2026-07-21T05:00:19.309+0000] {processor.py:830} INFO - Processing file /opt/airflow/dags/scd.py for tasks to queue
[2026-07-21T05:00:19.314+0000] {logging_mixin.py:188} INFO - [2026-07-21T05:00:19.312+0000] {dagbag.py:545} INFO - Filling up the DagBag from /opt/airflow/dags/scd.py
[2026-07-21T05:00:19.349+0000] {processor.py:840} INFO - DAG(s) 'SCD2_snapshots' retrieved from /opt/airflow/dags/scd.py
[2026-07-21T05:00:19.392+0000] {logging_mixin.py:188} INFO - [2026-07-21T05:00:19.392+0000] {dag.py:3089} INFO - Sync 1 DAGs
[2026-07-21T05:00:19.424+0000] {logging_mixin.py:188} INFO - [2026-07-21T05:00:19.424+0000] {dag.py:3947} INFO - Setting next_dagrun for SCD2_snapshots to 2026-07-21 00:00:00+00:00, run_after=2026-07-22 00:00:00+00:00
[2026-07-21T05:00:19.456+0000] {processor.py:183} INFO - Processing /opt/airflow/dags/scd.py took 0.156 seconds
[2026-07-21T05:00:49.674+0000] {processor.py:161} INFO - Started process (PID=3518) to work on /opt/airflow/dags/scd.py
[2026-07-21T05:00:49.676+0000] {processor.py:830} INFO - Processing file /opt/airflow/dags/scd.py for tasks to queue
[2026-07-21T05:00:49.679+0000] {logging_mixin.py:188} INFO - [2026-07-21T05:00:49.679+0000] {dagbag.py:545} INFO - Filling up the DagBag from /opt/airflow/dags/scd.py
[2026-07-21T05:00:49.708+0000] {processor.py:840} INFO - DAG(s) 'SCD2_snapshots' retrieved from /opt/airflow/dags/scd.py
[2026-07-21T05:00:49.747+0000] {logging_mixin.py:188} INFO - [2026-07-21T05:00:49.747+0000] {dag.py:3089} INFO - Sync 1 DAGs
[2026-07-21T05:00:49.773+0000] {logging_mixin.py:188} INFO - [2026-07-21T05:00:49.773+0000] {dag.py:3947} INFO - Setting next_dagrun for SCD2_snapshots to 2026-07-21 00:00:00+00:00, run_after=2026-07-22 00:00:00+00:00
[2026-07-21T05:00:49.799+0000] {processor.py:183} INFO - Processing /opt/airflow/dags/scd.py took 0.133 seconds
[2026-07-21T05:01:19.941+0000] {processor.py:161} INFO - Started process (PID=3523) to work on /opt/airflow/dags/scd.py
[2026-07-21T05:01:19.943+0000] {processor.py:830} INFO - Processing file /opt/airflow/dags/scd.py for tasks to queue
[2026-07-21T05:01:19.946+0000] {logging_mixin.py:188} INFO - [2026-07-21T05:01:19.946+0000] {dagbag.py:545} INFO - Filling up the DagBag from /opt/airflow/dags/scd.py
[2026-07-21T05:01:19.979+0000] {processor.py:840} INFO - DAG(s) 'SCD2_snapshots' retrieved from /opt/airflow/dags/scd.py
[2026-07-21T05:01:20.017+0000] {logging_mixin.py:188} INFO - [2026-07-21T05:01:20.017+0000] {dag.py:3089} INFO - Sync 1 DAGs
[2026-07-21T05:01:20.058+0000] {logging_mixin.py:188} INFO - [2026-07-21T05:01:20.058+0000] {dag.py:3947} INFO - Setting next_dagrun for SCD2_snapshots to 2026-07-21 00:00:00+00:00, run_after=2026-07-22 00:00:00+00:00
[2026-07-21T05:01:20.102+0000] {processor.py:183} INFO - Processing /opt/airflow/dags/scd.py took 0.168 seconds
[2026-07-21T05:01:50.423+0000] {processor.py:161} INFO - Started process (PID=3528) to work on /opt/airflow/dags/scd.py
[2026-07-21T05:01:50.425+0000] {processor.py:830} INFO - Processing file /opt/airflow/dags/scd.py for tasks to queue
[2026-07-21T05:01:50.428+0000] {logging_mixin.py:188} INFO - [2026-07-21T05:01:50.427+0000] {dagbag.py:545} INFO - Filling up the DagBag from /opt/airflow/dags/scd.py
[2026-07-21T05:01:50.455+0000] {processor.py:840} INFO - DAG(s) 'SCD2_snapshots' retrieved from /opt/airflow/dags/scd.py
[2026-07-21T05:01:50.496+0000] {logging_mixin.py:188} INFO - [2026-07-21T05:01:50.496+0000] {dag.py:3089} INFO - Sync 1 DAGs
[2026-07-21T05:01:50.522+0000] {logging_mixin.py:188} INFO - [2026-07-21T05:01:50.522+0000] {dag.py:3947} INFO - Setting next_dagrun for SCD2_snapshots to 2026-07-21 00:00:00+00:00, run_after=2026-07-22 00:00:00+00:00
[2026-07-21T05:01:50.548+0000] {processor.py:183} INFO - Processing /opt/airflow/dags/scd.py took 0.133 seconds
[2026-07-21T05:02:20.683+0000] {processor.py:161} INFO - Started process (PID=3533) to work on /opt/airflow/dags/scd.py
[2026-07-21T05:02:20.685+0000] {processor.py:830} INFO - Processing file /opt/airflow/dags/scd.py for tasks to queue
[2026-07-21T05:02:20.688+0000] {logging_mixin.py:188} INFO - [2026-07-21T05:02:20.687+0000] {dagbag.py:545} INFO - Filling up the DagBag from /opt/airflow/dags/scd.py
[2026-07-21T05:02:20.718+0000] {processor.py:840} INFO - DAG(s) 'SCD2_snapshots' retrieved from /opt/airflow/dags/scd.py
[2026-07-21T05:02:20.759+0000] {logging_mixin.py:188} INFO - [2026-07-21T05:02:20.759+0000] {dag.py:3089} INFO - Sync 1 DAGs
[2026-07-21T05:02:20.787+0000] {logging_mixin.py:188} INFO - [2026-07-21T05:02:20.787+0000] {dag.py:3947} INFO - Setting next_dagrun for SCD2_snapshots to 2026-07-21 00:00:00+00:00, run_after=2026-07-22 00:00:00+00:00
[2026-07-21T05:02:20.812+0000] {processor.py:183} INFO - Processing /opt/airflow/dags/scd.py took 0.138 seconds
[2026-07-21T05:02:50.975+0000] {processor.py:161} INFO - Started process (PID=3538) to work on /opt/airflow/dags/scd.py
[2026-07-21T05:02:50.976+0000] {processor.py:830} INFO - Processing file /opt/airflow/dags/scd.py for tasks to queue
[2026-07-21T05:02:50.978+0000] {logging_mixin.py:188} INFO - [2026-07-21T05:02:50.978+0000] {dagbag.py:545} INFO - Filling up the DagBag from /opt/airflow/dags/scd.py
[2026-07-21T05:02:51.005+0000] {processor.py:840} INFO - DAG(s) 'SCD2_snapshots' retrieved from /opt/airflow/dags/scd.py
[2026-07-21T05:02:51.042+0000] {logging_mixin.py:188} INFO - [2026-07-21T05:02:51.042+0000] {dag.py:3089} INFO - Sync 1 DAGs
[2026-07-21T05:02:51.077+0000] {logging_mixin.py:188} INFO - [2026-07-21T05:02:51.077+0000] {dag.py:3947} INFO - Setting next_dagrun for SCD2_snapshots to 2026-07-21 00:00:00+00:00, run_after=2026-07-22 00:00:00+00:00
[2026-07-21T05:02:51.107+0000] {processor.py:183} INFO - Processing /opt/airflow/dags/scd.py took 0.140 seconds
[2026-07-21T05:03:21.335+0000] {processor.py:161} INFO - Started process (PID=3543) to work on /opt/airflow/dags/scd.py
[2026-07-21T05:03:21.337+0000] {processor.py:830} INFO - Processing file /opt/airflow/dags/scd.py for tasks to queue
[2026-07-21T05:03:21.339+0000] {logging_mixin.py:188} INFO - [2026-07-21T05:03:21.339+0000] {dagbag.py:545} INFO - Filling up the DagBag from /opt/airflow/dags/scd.py
[2026-07-21T05:03:21.368+0000] {processor.py:840} INFO - DAG(s) 'SCD2_snapshots' retrieved from /opt/airflow/dags/scd.py
[2026-07-21T05:03:21.410+0000] {logging_mixin.py:188} INFO - [2026-07-21T05:03:21.410+0000] {dag.py:3089} INFO - Sync 1 DAGs
[2026-07-21T05:03:21.437+0000] {logging_mixin.py:188} INFO - [2026-07-21T05:03:21.437+0000] {dag.py:3947} INFO - Setting next_dagrun for SCD2_snapshots to 2026-07-21 00:00:00+00:00, run_after=2026-07-22 00:00:00+00:00
[2026-07-21T05:03:21.466+0000] {processor.py:183} INFO - Processing /opt/airflow/dags/scd.py took 0.142 seconds
[2026-07-21T05:03:51.705+0000] {processor.py:161} INFO - Started process (PID=3548) to work on /opt/airflow/dags/scd.py
[2026-07-21T05:03:51.707+0000] {processor.py:830} INFO - Processing file /opt/airflow/dags/scd.py for tasks to queue
[2026-07-21T05:03:51.710+0000] {logging_mixin.py:188} INFO - [2026-07-21T05:03:51.710+0000] {dagbag.py:545} INFO - Filling up the DagBag from /opt/airflow/dags/scd.py
[2026-07-21T05:03:51.743+0000] {processor.py:840} INFO - DAG(s) 'SCD2_snapshots' retrieved from /opt/airflow/dags/scd.py
[2026-07-21T05:03:51.799+0000] {logging_mixin.py:188} INFO - [2026-07-21T05:03:51.799+0000] {dag.py:3089} INFO - Sync 1 DAGs
[2026-07-21T05:03:51.832+0000] {logging_mixin.py:188} INFO - [2026-07-21T05:03:51.832+0000] {dag.py:3947} INFO - Setting next_dagrun for SCD2_snapshots to 2026-07-21 00:00:00+00:00, run_after=2026-07-22 00:00:00+00:00
[2026-07-21T05:03:51.867+0000] {processor.py:183} INFO - Processing /opt/airflow/dags/scd.py took 0.174 seconds
[2026-07-21T05:04:22.015+0000] {processor.py:161} INFO - Started process (PID=3553) to work on /opt/airflow/dags/scd.py
[2026-07-21T05:04:22.017+0000] {processor.py:830} INFO - Processing file /opt/airflow/dags/scd.py for tasks to queue
[2026-07-21T05:04:22.019+0000] {logging_mixin.py:188} INFO - [2026-07-21T05:04:22.018+0000] {dagbag.py:545} INFO - Filling up the DagBag from /opt/airflow/dags/scd.py
[2026-07-21T05:04:22.051+0000] {processor.py:840} INFO - DAG(s) 'SCD2_snapshots' retrieved from /opt/airflow/dags/scd.py
[2026-07-21T05:04:22.099+0000] {logging_mixin.py:188} INFO - [2026-07-21T05:04:22.099+0000] {dag.py:3089} INFO - Sync 1 DAGs
[2026-07-21T05:04:22.133+0000] {logging_mixin.py:188} INFO - [2026-07-21T05:04:22.132+0000] {dag.py:3947} INFO - Setting next_dagrun for SCD2_snapshots to 2026-07-21 00:00:00+00:00, run_after=2026-07-22 00:00:00+00:00
[2026-07-21T05:04:22.160+0000] {processor.py:183} INFO - Processing /opt/airflow/dags/scd.py took 0.156 seconds
[2026-07-21T05:04:52.494+0000] {processor.py:161} INFO - Started process (PID=3558) to work on /opt/airflow/dags/scd.py
[2026-07-21T05:04:52.496+0000] {processor.py:830} INFO - Processing file /opt/airflow/dags/scd.py for tasks to queue
[2026-07-21T05:04:52.499+0000] {logging_mixin.py:188} INFO - [2026-07-21T05:04:52.499+0000] {dagbag.py:545} INFO - Filling up the DagBag from /opt/airflow/dags/scd.py
[2026-07-21T05:04:52.538+0000] {processor.py:840} INFO - DAG(s) 'SCD2_snapshots' retrieved from /opt/airflow/dags/scd.py
[2026-07-21T05:04:52.591+0000] {logging_mixin.py:188} INFO - [2026-07-21T05:04:52.591+0000] {dag.py:3089} INFO - Sync 1 DAGs
[2026-07-21T05:04:52.633+0000] {logging_mixin.py:188} INFO - [2026-07-21T05:04:52.632+0000] {dag.py:3947} INFO - Setting next_dagrun for SCD2_snapshots to 2026-07-21 00:00:00+00:00, run_after=2026-07-22 00:00:00+00:00
[2026-07-21T05:04:52.661+0000] {processor.py:183} INFO - Processing /opt/airflow/dags/scd.py took 0.176 seconds
[2026-07-21T05:05:22.808+0000] {processor.py:161} INFO - Started process (PID=3563) to work on /opt/airflow/dags/scd.py
[2026-07-21T05:05:22.809+0000] {processor.py:830} INFO - Processing file /opt/airflow/dags/scd.py for tasks to queue
[2026-07-21T05:05:22.813+0000] {logging_mixin.py:188} INFO - [2026-07-21T05:05:22.812+0000] {dagbag.py:545} INFO - Filling up the DagBag from /opt/airflow/dags/scd.py
[2026-07-21T05:05:22.837+0000] {processor.py:840} INFO - DAG(s) 'SCD2_snapshots' retrieved from /opt/airflow/dags/scd.py
[2026-07-21T05:05:22.877+0000] {logging_mixin.py:188} INFO - [2026-07-21T05:05:22.877+0000] {dag.py:3089} INFO - Sync 1 DAGs
[2026-07-21T05:05:22.924+0000] {logging_mixin.py:188} INFO - [2026-07-21T05:05:22.922+0000] {dag.py:3947} INFO - Setting next_dagrun for SCD2_snapshots to 2026-07-21 00:00:00+00:00, run_after=2026-07-22 00:00:00+00:00
[2026-07-21T05:05:22.953+0000] {processor.py:183} INFO - Processing /opt/airflow/dags/scd.py took 0.159 seconds
[2026-07-21T05:05:53.118+0000] {processor.py:161} INFO - Started process (PID=3568) to work on /opt/airflow/dags/scd.py
[2026-07-21T05:05:53.122+0000] {processor.py:830} INFO - Processing file /opt/airflow/dags/scd.py for tasks to queue
[2026-07-21T05:05:53.126+0000] {logging_mixin.py:188} INFO - [2026-07-21T05:05:53.125+0000] {dagbag.py:545} INFO - Filling up the DagBag from /opt/airflow/dags/scd.py
[2026-07-21T05:05:53.158+0000] {processor.py:840} INFO - DAG(s) 'SCD2_snapshots' retrieved from /opt/airflow/dags/scd.py
[2026-07-21T05:05:53.202+0000] {logging_mixin.py:188} INFO - [2026-07-21T05:05:53.201+0000] {dag.py:3089} INFO - Sync 1 DAGs
[2026-07-21T05:05:53.245+0000] {logging_mixin.py:188} INFO - [2026-07-21T05:05:53.245+0000] {dag.py:3947} INFO - Setting next_dagrun for SCD2_snapshots to 2026-07-21 00:00:00+00:00, run_after=2026-07-22 00:00:00+00:00
[2026-07-21T05:05:53.276+0000] {processor.py:183} INFO - Processing /opt/airflow/dags/scd.py took 0.168 seconds
[2026-07-21T05:06:23.475+0000] {processor.py:161} INFO - Started process (PID=3573) to work on /opt/airflow/dags/scd.py
[2026-07-21T05:06:23.477+0000] {processor.py:830} INFO - Processing file /opt/airflow/dags/scd.py for tasks to queue
[2026-07-21T05:06:23.480+0000] {logging_mixin.py:188} INFO - [2026-07-21T05:06:23.479+0000] {dagbag.py:545} INFO - Filling up the DagBag from /opt/airflow/dags/scd.py
[2026-07-21T05:06:23.510+0000] {processor.py:840} INFO - DAG(s) 'SCD2_snapshots' retrieved from /opt/airflow/dags/scd.py
[2026-07-21T05:06:23.553+0000] {logging_mixin.py:188} INFO - [2026-07-21T05:06:23.552+0000] {dag.py:3089} INFO - Sync 1 DAGs
[2026-07-21T05:06:23.583+0000] {logging_mixin.py:188} INFO - [2026-07-21T05:06:23.583+0000] {dag.py:3947} INFO - Setting next_dagrun for SCD2_snapshots to 2026-07-21 00:00:00+00:00, run_after=2026-07-22 00:00:00+00:00
[2026-07-21T05:06:23.608+0000] {processor.py:183} INFO - Processing /opt/airflow/dags/scd.py took 0.140 seconds
[2026-07-21T05:06:53.828+0000] {processor.py:161} INFO - Started process (PID=3578) to work on /opt/airflow/dags/scd.py
[2026-07-21T05:06:53.829+0000] {processor.py:830} INFO - Processing file /opt/airflow/dags/scd.py for tasks to queue
[2026-07-21T05:06:53.831+0000] {logging_mixin.py:188} INFO - [2026-07-21T05:06:53.831+0000] {dagbag.py:545} INFO - Filling up the DagBag from /opt/airflow/dags/scd.py
[2026-07-21T05:06:53.858+0000] {processor.py:840} INFO - DAG(s) 'SCD2_snapshots' retrieved from /opt/airflow/dags/scd.py
[2026-07-21T05:06:53.899+0000] {logging_mixin.py:188} INFO - [2026-07-21T05:06:53.899+0000] {dag.py:3089} INFO - Sync 1 DAGs
[2026-07-21T05:06:53.927+0000] {logging_mixin.py:188} INFO - [2026-07-21T05:06:53.926+0000] {dag.py:3947} INFO - Setting next_dagrun for SCD2_snapshots to 2026-07-21 00:00:00+00:00, run_after=2026-07-22 00:00:00+00:00
[2026-07-21T05:06:53.972+0000] {processor.py:183} INFO - Processing /opt/airflow/dags/scd.py took 0.153 seconds
[2026-07-21T05:07:24.295+0000] {processor.py:161} INFO - Started process (PID=3583) to work on /opt/airflow/dags/scd.py
[2026-07-21T05:07:24.296+0000] {processor.py:830} INFO - Processing file /opt/airflow/dags/scd.py for tasks to queue
[2026-07-21T05:07:24.299+0000] {logging_mixin.py:188} INFO - [2026-07-21T05:07:24.298+0000] {dagbag.py:545} INFO - Filling up the DagBag from /opt/airflow/dags/scd.py
[2026-07-21T05:07:24.327+0000] {processor.py:840} INFO - DAG(s) 'SCD2_snapshots' retrieved from /opt/airflow/dags/scd.py
[2026-07-21T05:07:24.372+0000] {logging_mixin.py:188} INFO - [2026-07-21T05:07:24.371+0000] {dag.py:3089} INFO - Sync 1 DAGs
[2026-07-21T05:07:24.406+0000] {logging_mixin.py:188} INFO - [2026-07-21T05:07:24.406+0000] {dag.py:3947} INFO - Setting next_dagrun for SCD2_snapshots to 2026-07-21 00:00:00+00:00, run_after=2026-07-22 00:00:00+00:00
[2026-07-21T05:07:24.433+0000] {processor.py:183} INFO - Processing /opt/airflow/dags/scd.py took 0.146 seconds
[2026-07-21T05:07:54.719+0000] {processor.py:161} INFO - Started process (PID=3588) to work on /opt/airflow/dags/scd.py
[2026-07-21T05:07:54.722+0000] {processor.py:830} INFO - Processing file /opt/airflow/dags/scd.py for tasks to queue
[2026-07-21T05:07:54.724+0000] {logging_mixin.py:188} INFO - [2026-07-21T05:07:54.724+0000] {dagbag.py:545} INFO - Filling up the DagBag from /opt/airflow/dags/scd.py
[2026-07-21T05:07:54.752+0000] {processor.py:840} INFO - DAG(s) 'SCD2_snapshots' retrieved from /opt/airflow/dags/scd.py
[2026-07-21T05:07:54.797+0000] {logging_mixin.py:188} INFO - [2026-07-21T05:07:54.796+0000] {dag.py:3089} INFO - Sync 1 DAGs
[2026-07-21T05:07:54.839+0000] {logging_mixin.py:188} INFO - [2026-07-21T05:07:54.838+0000] {dag.py:3947} INFO - Setting next_dagrun for SCD2_snapshots to 2026-07-21 00:00:00+00:00, run_after=2026-07-22 00:00:00+00:00
[2026-07-21T05:07:54.873+0000] {processor.py:183} INFO - Processing /opt/airflow/dags/scd.py took 0.161 seconds
[2026-07-21T05:08:25.161+0000] {processor.py:161} INFO - Started process (PID=3593) to work on /opt/airflow/dags/scd.py
[2026-07-21T05:08:25.163+0000] {processor.py:830} INFO - Processing file /opt/airflow/dags/scd.py for tasks to queue
[2026-07-21T05:08:25.166+0000] {logging_mixin.py:188} INFO - [2026-07-21T05:08:25.165+0000] {dagbag.py:545} INFO - Filling up the DagBag from /opt/airflow/dags/scd.py
[2026-07-21T05:08:25.203+0000] {processor.py:840} INFO - DAG(s) 'SCD2_snapshots' retrieved from /opt/airflow/dags/scd.py
[2026-07-21T05:08:25.257+0000] {logging_mixin.py:188} INFO - [2026-07-21T05:08:25.257+0000] {dag.py:3089} INFO - Sync 1 DAGs
[2026-07-21T05:08:25.290+0000] {logging_mixin.py:188} INFO - [2026-07-21T05:08:25.290+0000] {dag.py:3947} INFO - Setting next_dagrun for SCD2_snapshots to 2026-07-21 00:00:00+00:00, run_after=2026-07-22 00:00:00+00:00
[2026-07-21T05:08:25.317+0000] {processor.py:183} INFO - Processing /opt/airflow/dags/scd.py took 0.168 seconds
[2026-07-21T05:08:55.545+0000] {processor.py:161} INFO - Started process (PID=3598) to work on /opt/airflow/dags/scd.py
[2026-07-21T05:08:55.547+0000] {processor.py:830} INFO - Processing file /opt/airflow/dags/scd.py for tasks to queue
[2026-07-21T05:08:55.551+0000] {logging_mixin.py:188} INFO - [2026-07-21T05:08:55.551+0000] {dagbag.py:545} INFO - Filling up the DagBag from /opt/airflow/dags/scd.py
[2026-07-21T05:08:55.582+0000] {processor.py:840} INFO - DAG(s) 'SCD2_snapshots' retrieved from /opt/airflow/dags/scd.py
[2026-07-21T05:08:55.625+0000] {logging_mixin.py:188} INFO - [2026-07-21T05:08:55.624+0000] {dag.py:3089} INFO - Sync 1 DAGs
[2026-07-21T05:08:55.655+0000] {logging_mixin.py:188} INFO - [2026-07-21T05:08:55.655+0000] {dag.py:3947} INFO - Setting next_dagrun for SCD2_snapshots to 2026-07-21 00:00:00+00:00, run_after=2026-07-22 00:00:00+00:00
[2026-07-21T05:08:55.680+0000] {processor.py:183} INFO - Processing /opt/airflow/dags/scd.py took 0.143 seconds
[2026-07-21T05:09:25.987+0000] {processor.py:161} INFO - Started process (PID=3603) to work on /opt/airflow/dags/scd.py
[2026-07-21T05:09:25.988+0000] {processor.py:830} INFO - Processing file /opt/airflow/dags/scd.py for tasks to queue
[2026-07-21T05:09:25.991+0000] {logging_mixin.py:188} INFO - [2026-07-21T05:09:25.990+0000] {dagbag.py:545} INFO - Filling up the DagBag from /opt/airflow/dags/scd.py
[2026-07-21T05:09:26.019+0000] {processor.py:840} INFO - DAG(s) 'SCD2_snapshots' retrieved from /opt/airflow/dags/scd.py
[2026-07-21T05:09:26.072+0000] {logging_mixin.py:188} INFO - [2026-07-21T05:09:26.071+0000] {dag.py:3089} INFO - Sync 1 DAGs
[2026-07-21T05:09:26.103+0000] {logging_mixin.py:188} INFO - [2026-07-21T05:09:26.103+0000] {dag.py:3947} INFO - Setting next_dagrun for SCD2_snapshots to 2026-07-21 00:00:00+00:00, run_after=2026-07-22 00:00:00+00:00
[2026-07-21T05:09:26.127+0000] {processor.py:183} INFO - Processing /opt/airflow/dags/scd.py took 0.149 seconds
[2026-07-21T05:09:56.320+0000] {processor.py:161} INFO - Started process (PID=3607) to work on /opt/airflow/dags/scd.py
[2026-07-21T05:09:56.322+0000] {processor.py:830} INFO - Processing file /opt/airflow/dags/scd.py for tasks to queue
[2026-07-21T05:09:56.327+0000] {logging_mixin.py:188} INFO - [2026-07-21T05:09:56.326+0000] {dagbag.py:545} INFO - Filling up the DagBag from /opt/airflow/dags/scd.py
[2026-07-21T05:09:56.363+0000] {processor.py:840} INFO - DAG(s) 'SCD2_snapshots' retrieved from /opt/airflow/dags/scd.py
[2026-07-21T05:09:56.419+0000] {logging_mixin.py:188} INFO - [2026-07-21T05:09:56.419+0000] {dag.py:3089} INFO - Sync 1 DAGs
[2026-07-21T05:09:56.481+0000] {logging_mixin.py:188} INFO - [2026-07-21T05:09:56.481+0000] {dag.py:3947} INFO - Setting next_dagrun for SCD2_snapshots to 2026-07-21 00:00:00+00:00, run_after=2026-07-22 00:00:00+00:00
[2026-07-21T05:09:56.518+0000] {processor.py:183} INFO - Processing /opt/airflow/dags/scd.py took 0.211 seconds
[2026-07-21T05:10:26.760+0000] {processor.py:161} INFO - Started process (PID=3609) to work on /opt/airflow/dags/scd.py
[2026-07-21T05:10:26.762+0000] {processor.py:830} INFO - Processing file /opt/airflow/dags/scd.py for tasks to queue
[2026-07-21T05:10:26.766+0000] {logging_mixin.py:188} INFO - [2026-07-21T05:10:26.765+0000] {dagbag.py:545} INFO - Filling up the DagBag from /opt/airflow/dags/scd.py
[2026-07-21T05:10:26.804+0000] {processor.py:840} INFO - DAG(s) 'SCD2_snapshots' retrieved from /opt/airflow/dags/scd.py
[2026-07-21T05:10:26.874+0000] {logging_mixin.py:188} INFO - [2026-07-21T05:10:26.873+0000] {dag.py:3089} INFO - Sync 1 DAGs
[2026-07-21T05:10:26.913+0000] {logging_mixin.py:188} INFO - [2026-07-21T05:10:26.912+0000] {dag.py:3947} INFO - Setting next_dagrun for SCD2_snapshots to 2026-07-21 00:00:00+00:00, run_after=2026-07-22 00:00:00+00:00
[2026-07-21T05:10:26.936+0000] {processor.py:183} INFO - Processing /opt/airflow/dags/scd.py took 0.189 seconds
[2026-07-21T05:10:57.141+0000] {processor.py:161} INFO - Started process (PID=3614) to work on /opt/airflow/dags/scd.py
[2026-07-21T05:10:57.143+0000] {processor.py:830} INFO - Processing file /opt/airflow/dags/scd.py for tasks to queue
[2026-07-21T05:10:57.146+0000] {logging_mixin.py:188} INFO - [2026-07-21T05:10:57.146+0000] {dagbag.py:545} INFO - Filling up the DagBag from /opt/airflow/dags/scd.py
[2026-07-21T05:10:57.176+0000] {processor.py:840} INFO - DAG(s) 'SCD2_snapshots' retrieved from /opt/airflow/dags/scd.py
[2026-07-21T05:10:57.216+0000] {logging_mixin.py:188} INFO - [2026-07-21T05:10:57.216+0000] {dag.py:3089} INFO - Sync 1 DAGs
[2026-07-21T05:10:57.243+0000] {logging_mixin.py:188} INFO - [2026-07-21T05:10:57.243+0000] {dag.py:3947} INFO - Setting next_dagrun for SCD2_snapshots to 2026-07-21 00:00:00+00:00, run_after=2026-07-22 00:00:00+00:00
[2026-07-21T05:10:57.266+0000] {processor.py:183} INFO - Processing /opt/airflow/dags/scd.py took 0.136 seconds
[2026-07-21T05:11:27.548+0000] {processor.py:161} INFO - Started process (PID=3619) to work on /opt/airflow/dags/scd.py
[2026-07-21T05:11:27.550+0000] {processor.py:830} INFO - Processing file /opt/airflow/dags/scd.py for tasks to queue
[2026-07-21T05:11:27.552+0000] {logging_mixin.py:188} INFO - [2026-07-21T05:11:27.552+0000] {dagbag.py:545} INFO - Filling up the DagBag from /opt/airflow/dags/scd.py
[2026-07-21T05:11:27.579+0000] {processor.py:840} INFO - DAG(s) 'SCD2_snapshots' retrieved from /opt/airflow/dags/scd.py
[2026-07-21T05:11:27.619+0000] {logging_mixin.py:188} INFO - [2026-07-21T05:11:27.619+0000] {dag.py:3089} INFO - Sync 1 DAGs
[2026-07-21T05:11:27.646+0000] {logging_mixin.py:188} INFO - [2026-07-21T05:11:27.646+0000] {dag.py:3947} INFO - Setting next_dagrun for SCD2_snapshots to 2026-07-21 00:00:00+00:00, run_after=2026-07-22 00:00:00+00:00
[2026-07-21T05:11:27.675+0000] {processor.py:183} INFO - Processing /opt/airflow/dags/scd.py took 0.135 seconds
[2026-07-21T05:11:57.844+0000] {processor.py:161} INFO - Started process (PID=3624) to work on /opt/airflow/dags/scd.py
[2026-07-21T05:11:57.846+0000] {processor.py:830} INFO - Processing file /opt/airflow/dags/scd.py for tasks to queue
[2026-07-21T05:11:57.849+0000] {logging_mixin.py:188} INFO - [2026-07-21T05:11:57.849+0000] {dagbag.py:545} INFO - Filling up the DagBag from /opt/airflow/dags/scd.py
[2026-07-21T05:11:57.874+0000] {processor.py:840} INFO - DAG(s) 'SCD2_snapshots' retrieved from /opt/airflow/dags/scd.py
[2026-07-21T05:11:57.911+0000] {logging_mixin.py:188} INFO - [2026-07-21T05:11:57.911+0000] {dag.py:3089} INFO - Sync 1 DAGs
[2026-07-21T05:11:57.950+0000] {logging_mixin.py:188} INFO - [2026-07-21T05:11:57.950+0000] {dag.py:3947} INFO - Setting next_dagrun for SCD2_snapshots to 2026-07-21 00:00:00+00:00, run_after=2026-07-22 00:00:00+00:00
[2026-07-21T05:11:57.985+0000] {processor.py:183} INFO - Processing /opt/airflow/dags/scd.py took 0.149 seconds
[2026-07-21T05:12:28.187+0000] {processor.py:161} INFO - Started process (PID=3629) to work on /opt/airflow/dags/scd.py
[2026-07-21T05:12:28.189+0000] {processor.py:830} INFO - Processing file /opt/airflow/dags/scd.py for tasks to queue
[2026-07-21T05:12:28.192+0000] {logging_mixin.py:188} INFO - [2026-07-21T05:12:28.191+0000] {dagbag.py:545} INFO - Filling up the DagBag from /opt/airflow/dags/scd.py
[2026-07-21T05:12:28.223+0000] {processor.py:840} INFO - DAG(s) 'SCD2_snapshots' retrieved from /opt/airflow/dags/scd.py
[2026-07-21T05:12:28.273+0000] {logging_mixin.py:188} INFO - [2026-07-21T05:12:28.273+0000] {dag.py:3089} INFO - Sync 1 DAGs
[2026-07-21T05:12:28.311+0000] {logging_mixin.py:188} INFO - [2026-07-21T05:12:28.310+0000] {dag.py:3947} INFO - Setting next_dagrun for SCD2_snapshots to 2026-07-21 00:00:00+00:00, run_after=2026-07-22 00:00:00+00:00
[2026-07-21T05:12:28.338+0000] {processor.py:183} INFO - Processing /opt/airflow/dags/scd.py took 0.161 seconds
[2026-07-21T05:12:58.668+0000] {processor.py:161} INFO - Started process (PID=3634) to work on /opt/airflow/dags/scd.py
[2026-07-21T05:12:58.669+0000] {processor.py:830} INFO - Processing file /opt/airflow/dags/scd.py for tasks to queue
[2026-07-21T05:12:58.672+0000] {logging_mixin.py:188} INFO - [2026-07-21T05:12:58.671+0000] {dagbag.py:545} INFO - Filling up the DagBag from /opt/airflow/dags/scd.py
[2026-07-21T05:12:58.699+0000] {processor.py:840} INFO - DAG(s) 'SCD2_snapshots' retrieved from /opt/airflow/dags/scd.py
[2026-07-21T05:12:58.737+0000] {logging_mixin.py:188} INFO - [2026-07-21T05:12:58.737+0000] {dag.py:3089} INFO - Sync 1 DAGs
[2026-07-21T05:12:58.766+0000] {logging_mixin.py:188} INFO - [2026-07-21T05:12:58.766+0000] {dag.py:3947} INFO - Setting next_dagrun for SCD2_snapshots to 2026-07-21 00:00:00+00:00, run_after=2026-07-22 00:00:00+00:00
[2026-07-21T05:12:58.792+0000] {processor.py:183} INFO - Processing /opt/airflow/dags/scd.py took 0.132 seconds
[2026-07-21T05:13:29.136+0000] {processor.py:161} INFO - Started process (PID=3639) to work on /opt/airflow/dags/scd.py
[2026-07-21T05:13:29.139+0000] {processor.py:830} INFO - Processing file /opt/airflow/dags/scd.py for tasks to queue
[2026-07-21T05:13:29.142+0000] {logging_mixin.py:188} INFO - [2026-07-21T05:13:29.142+0000] {dagbag.py:545} INFO - Filling up the DagBag from /opt/airflow/dags/scd.py
[2026-07-21T05:13:29.175+0000] {processor.py:840} INFO - DAG(s) 'SCD2_snapshots' retrieved from /opt/airflow/dags/scd.py
[2026-07-21T05:13:29.231+0000] {logging_mixin.py:188} INFO - [2026-07-21T05:13:29.230+0000] {dag.py:3089} INFO - Sync 1 DAGs
[2026-07-21T05:13:29.270+0000] {logging_mixin.py:188} INFO - [2026-07-21T05:13:29.270+0000] {dag.py:3947} INFO - Setting next_dagrun for SCD2_snapshots to 2026-07-21 00:00:00+00:00, run_after=2026-07-22 00:00:00+00:00
[2026-07-21T05:13:29.307+0000] {processor.py:183} INFO - Processing /opt/airflow/dags/scd.py took 0.178 seconds
[2026-07-21T05:13:59.413+0000] {processor.py:161} INFO - Started process (PID=3644) to work on /opt/airflow/dags/scd.py
[2026-07-21T05:13:59.415+0000] {processor.py:830} INFO - Processing file /opt/airflow/dags/scd.py for tasks to queue
[2026-07-21T05:13:59.417+0000] {logging_mixin.py:188} INFO - [2026-07-21T05:13:59.417+0000] {dagbag.py:545} INFO - Filling up the DagBag from /opt/airflow/dags/scd.py
[2026-07-21T05:13:59.444+0000] {processor.py:840} INFO - DAG(s) 'SCD2_snapshots' retrieved from /opt/airflow/dags/scd.py
[2026-07-21T05:13:59.481+0000] {logging_mixin.py:188} INFO - [2026-07-21T05:13:59.481+0000] {dag.py:3089} INFO - Sync 1 DAGs
[2026-07-21T05:13:59.510+0000] {logging_mixin.py:188} INFO - [2026-07-21T05:13:59.510+0000] {dag.py:3947} INFO - Setting next_dagrun for SCD2_snapshots to 2026-07-21 00:00:00+00:00, run_after=2026-07-22 00:00:00+00:00
[2026-07-21T05:13:59.533+0000] {processor.py:183} INFO - Processing /opt/airflow/dags/scd.py took 0.127 seconds
[2026-07-21T05:14:29.743+0000] {processor.py:161} INFO - Started process (PID=3649) to work on /opt/airflow/dags/scd.py
[2026-07-21T05:14:29.745+0000] {processor.py:830} INFO - Processing file /opt/airflow/dags/scd.py for tasks to queue
[2026-07-21T05:14:29.747+0000] {logging_mixin.py:188} INFO - [2026-07-21T05:14:29.746+0000] {dagbag.py:545} INFO - Filling up the DagBag from /opt/airflow/dags/scd.py
[2026-07-21T05:14:29.777+0000] {processor.py:840} INFO - DAG(s) 'SCD2_snapshots' retrieved from /opt/airflow/dags/scd.py
[2026-07-21T05:14:29.817+0000] {logging_mixin.py:188} INFO - [2026-07-21T05:14:29.817+0000] {dag.py:3089} INFO - Sync 1 DAGs
[2026-07-21T05:14:29.845+0000] {logging_mixin.py:188} INFO - [2026-07-21T05:14:29.844+0000] {dag.py:3947} INFO - Setting next_dagrun for SCD2_snapshots to 2026-07-21 00:00:00+00:00, run_after=2026-07-22 00:00:00+00:00
[2026-07-21T05:14:29.871+0000] {processor.py:183} INFO - Processing /opt/airflow/dags/scd.py took 0.136 seconds
[2026-07-21T05:15:00.201+0000] {processor.py:161} INFO - Started process (PID=3654) to work on /opt/airflow/dags/scd.py
[2026-07-21T05:15:00.202+0000] {processor.py:830} INFO - Processing file /opt/airflow/dags/scd.py for tasks to queue
[2026-07-21T05:15:00.205+0000] {logging_mixin.py:188} INFO - [2026-07-21T05:15:00.204+0000] {dagbag.py:545} INFO - Filling up the DagBag from /opt/airflow/dags/scd.py
[2026-07-21T05:15:00.236+0000] {processor.py:840} INFO - DAG(s) 'SCD2_snapshots' retrieved from /opt/airflow/dags/scd.py
[2026-07-21T05:15:00.278+0000] {logging_mixin.py:188} INFO - [2026-07-21T05:15:00.278+0000] {dag.py:3089} INFO - Sync 1 DAGs
[2026-07-21T05:15:00.307+0000] {logging_mixin.py:188} INFO - [2026-07-21T05:15:00.307+0000] {dag.py:3947} INFO - Setting next_dagrun for SCD2_snapshots to 2026-07-21 00:00:00+00:00, run_after=2026-07-22 00:00:00+00:00
[2026-07-21T05:15:00.334+0000] {processor.py:183} INFO - Processing /opt/airflow/dags/scd.py took 0.142 seconds
[2026-07-21T05:15:30.481+0000] {processor.py:161} INFO - Started process (PID=3659) to work on /opt/airflow/dags/scd.py
[2026-07-21T05:15:30.483+0000] {processor.py:830} INFO - Processing file /opt/airflow/dags/scd.py for tasks to queue
[2026-07-21T05:15:30.485+0000] {logging_mixin.py:188} INFO - [2026-07-21T05:15:30.484+0000] {dagbag.py:545} INFO - Filling up the DagBag from /opt/airflow/dags/scd.py
[2026-07-21T05:15:30.514+0000] {processor.py:840} INFO - DAG(s) 'SCD2_snapshots' retrieved from /opt/airflow/dags/scd.py
[2026-07-21T05:15:30.556+0000] {logging_mixin.py:188} INFO - [2026-07-21T05:15:30.556+0000] {dag.py:3089} INFO - Sync 1 DAGs
[2026-07-21T05:15:30.585+0000] {logging_mixin.py:188} INFO - [2026-07-21T05:15:30.584+0000] {dag.py:3947} INFO - Setting next_dagrun for SCD2_snapshots to 2026-07-21 00:00:00+00:00, run_after=2026-07-22 00:00:00+00:00
[2026-07-21T05:15:30.610+0000] {processor.py:183} INFO - Processing /opt/airflow/dags/scd.py took 0.137 seconds
[2026-07-21T05:16:00.713+0000] {processor.py:161} INFO - Started process (PID=3664) to work on /opt/airflow/dags/scd.py
[2026-07-21T05:16:00.715+0000] {processor.py:830} INFO - Processing file /opt/airflow/dags/scd.py for tasks to queue
[2026-07-21T05:16:00.717+0000] {logging_mixin.py:188} INFO - [2026-07-21T05:16:00.716+0000] {dagbag.py:545} INFO - Filling up the DagBag from /opt/airflow/dags/scd.py
[2026-07-21T05:16:00.744+0000] {processor.py:840} INFO - DAG(s) 'SCD2_snapshots' retrieved from /opt/airflow/dags/scd.py
[2026-07-21T05:16:00.785+0000] {logging_mixin.py:188} INFO - [2026-07-21T05:16:00.785+0000] {dag.py:3089} INFO - Sync 1 DAGs
[2026-07-21T05:16:00.813+0000] {logging_mixin.py:188} INFO - [2026-07-21T05:16:00.813+0000] {dag.py:3947} INFO - Setting next_dagrun for SCD2_snapshots to 2026-07-21 00:00:00+00:00, run_after=2026-07-22 00:00:00+00:00
[2026-07-21T05:16:00.837+0000] {processor.py:183} INFO - Processing /opt/airflow/dags/scd.py took 0.132 seconds
[2026-07-21T05:16:31.118+0000] {processor.py:161} INFO - Started process (PID=3669) to work on /opt/airflow/dags/scd.py
[2026-07-21T05:16:31.119+0000] {processor.py:830} INFO - Processing file /opt/airflow/dags/scd.py for tasks to queue
[2026-07-21T05:16:31.123+0000] {logging_mixin.py:188} INFO - [2026-07-21T05:16:31.122+0000] {dagbag.py:545} INFO - Filling up the DagBag from /opt/airflow/dags/scd.py
[2026-07-21T05:16:31.148+0000] {processor.py:840} INFO - DAG(s) 'SCD2_snapshots' retrieved from /opt/airflow/dags/scd.py
[2026-07-21T05:16:31.187+0000] {logging_mixin.py:188} INFO - [2026-07-21T05:16:31.187+0000] {dag.py:3089} INFO - Sync 1 DAGs
[2026-07-21T05:16:31.215+0000] {logging_mixin.py:188} INFO - [2026-07-21T05:16:31.215+0000] {dag.py:3947} INFO - Setting next_dagrun for SCD2_snapshots to 2026-07-21 00:00:00+00:00, run_after=2026-07-22 00:00:00+00:00
[2026-07-21T05:16:31.240+0000] {processor.py:183} INFO - Processing /opt/airflow/dags/scd.py took 0.130 seconds
[2026-07-21T05:17:01.374+0000] {processor.py:161} INFO - Started process (PID=3674) to work on /opt/airflow/dags/scd.py
[2026-07-21T05:17:01.376+0000] {processor.py:830} INFO - Processing file /opt/airflow/dags/scd.py for tasks to queue
[2026-07-21T05:17:01.378+0000] {logging_mixin.py:188} INFO - [2026-07-21T05:17:01.378+0000] {dagbag.py:545} INFO - Filling up the DagBag from /opt/airflow/dags/scd.py
[2026-07-21T05:17:01.410+0000] {processor.py:840} INFO - DAG(s) 'SCD2_snapshots' retrieved from /opt/airflow/dags/scd.py
[2026-07-21T05:17:01.452+0000] {logging_mixin.py:188} INFO - [2026-07-21T05:17:01.451+0000] {dag.py:3089} INFO - Sync 1 DAGs
[2026-07-21T05:17:01.478+0000] {logging_mixin.py:188} INFO - [2026-07-21T05:17:01.478+0000] {dag.py:3947} INFO - Setting next_dagrun for SCD2_snapshots to 2026-07-21 00:00:00+00:00, run_after=2026-07-22 00:00:00+00:00
[2026-07-21T05:17:01.504+0000] {processor.py:183} INFO - Processing /opt/airflow/dags/scd.py took 0.140 seconds
[2026-07-21T05:17:31.781+0000] {processor.py:161} INFO - Started process (PID=3679) to work on /opt/airflow/dags/scd.py
[2026-07-21T05:17:31.785+0000] {processor.py:830} INFO - Processing file /opt/airflow/dags/scd.py for tasks to queue
[2026-07-21T05:17:31.788+0000] {logging_mixin.py:188} INFO - [2026-07-21T05:17:31.787+0000] {dagbag.py:545} INFO - Filling up the DagBag from /opt/airflow/dags/scd.py
[2026-07-21T05:17:31.837+0000] {processor.py:840} INFO - DAG(s) 'SCD2_snapshots' retrieved from /opt/airflow/dags/scd.py
[2026-07-21T05:17:31.912+0000] {logging_mixin.py:188} INFO - [2026-07-21T05:17:31.911+0000] {dag.py:3089} INFO - Sync 1 DAGs
[2026-07-21T05:17:31.959+0000] {logging_mixin.py:188} INFO - [2026-07-21T05:17:31.959+0000] {dag.py:3947} INFO - Setting next_dagrun for SCD2_snapshots to 2026-07-21 00:00:00+00:00, run_after=2026-07-22 00:00:00+00:00
[2026-07-21T05:17:31.990+0000] {processor.py:183} INFO - Processing /opt/airflow/dags/scd.py took 0.223 seconds
[2026-07-21T05:18:02.164+0000] {processor.py:161} INFO - Started process (PID=3684) to work on /opt/airflow/dags/scd.py
[2026-07-21T05:18:02.166+0000] {processor.py:830} INFO - Processing file /opt/airflow/dags/scd.py for tasks to queue
[2026-07-21T05:18:02.168+0000] {logging_mixin.py:188} INFO - [2026-07-21T05:18:02.168+0000] {dagbag.py:545} INFO - Filling up the DagBag from /opt/airflow/dags/scd.py
[2026-07-21T05:18:02.200+0000] {processor.py:840} INFO - DAG(s) 'SCD2_snapshots' retrieved from /opt/airflow/dags/scd.py
[2026-07-21T05:18:02.243+0000] {logging_mixin.py:188} INFO - [2026-07-21T05:18:02.243+0000] {dag.py:3089} INFO - Sync 1 DAGs
[2026-07-21T05:18:02.282+0000] {logging_mixin.py:188} INFO - [2026-07-21T05:18:02.281+0000] {dag.py:3947} INFO - Setting next_dagrun for SCD2_snapshots to 2026-07-21 00:00:00+00:00, run_after=2026-07-22 00:00:00+00:00
[2026-07-21T05:18:02.311+0000] {processor.py:183} INFO - Processing /opt/airflow/dags/scd.py took 0.156 seconds
[2026-07-21T05:18:32.679+0000] {processor.py:161} INFO - Started process (PID=3689) to work on /opt/airflow/dags/scd.py
[2026-07-21T05:18:32.682+0000] {processor.py:830} INFO - Processing file /opt/airflow/dags/scd.py for tasks to queue
[2026-07-21T05:18:32.688+0000] {logging_mixin.py:188} INFO - [2026-07-21T05:18:32.686+0000] {dagbag.py:545} INFO - Filling up the DagBag from /opt/airflow/dags/scd.py
[2026-07-21T05:18:32.743+0000] {processor.py:840} INFO - DAG(s) 'SCD2_snapshots' retrieved from /opt/airflow/dags/scd.py
[2026-07-21T05:18:32.790+0000] {logging_mixin.py:188} INFO - [2026-07-21T05:18:32.790+0000] {dag.py:3089} INFO - Sync 1 DAGs
[2026-07-21T05:18:32.821+0000] {logging_mixin.py:188} INFO - [2026-07-21T05:18:32.821+0000] {dag.py:3947} INFO - Setting next_dagrun for SCD2_snapshots to 2026-07-21 00:00:00+00:00, run_after=2026-07-22 00:00:00+00:00
[2026-07-21T05:18:32.846+0000] {processor.py:183} INFO - Processing /opt/airflow/dags/scd.py took 0.185 seconds
[2026-07-21T05:19:02.948+0000] {processor.py:161} INFO - Started process (PID=3694) to work on /opt/airflow/dags/scd.py
[2026-07-21T05:19:02.950+0000] {processor.py:830} INFO - Processing file /opt/airflow/dags/scd.py for tasks to queue
[2026-07-21T05:19:02.952+0000] {logging_mixin.py:188} INFO - [2026-07-21T05:19:02.952+0000] {dagbag.py:545} INFO - Filling up the DagBag from /opt/airflow/dags/scd.py
[2026-07-21T05:19:02.982+0000] {processor.py:840} INFO - DAG(s) 'SCD2_snapshots' retrieved from /opt/airflow/dags/scd.py
[2026-07-21T05:19:03.028+0000] {logging_mixin.py:188} INFO - [2026-07-21T05:19:03.028+0000] {dag.py:3089} INFO - Sync 1 DAGs
[2026-07-21T05:19:03.062+0000] {logging_mixin.py:188} INFO - [2026-07-21T05:19:03.062+0000] {dag.py:3947} INFO - Setting next_dagrun for SCD2_snapshots to 2026-07-21 00:00:00+00:00, run_after=2026-07-22 00:00:00+00:00
[2026-07-21T05:19:03.090+0000] {processor.py:183} INFO - Processing /opt/airflow/dags/scd.py took 0.152 seconds
[2026-07-21T05:19:33.433+0000] {processor.py:161} INFO - Started process (PID=3699) to work on /opt/airflow/dags/scd.py
[2026-07-21T05:19:33.436+0000] {processor.py:830} INFO - Processing file /opt/airflow/dags/scd.py for tasks to queue
[2026-07-21T05:19:33.440+0000] {logging_mixin.py:188} INFO - [2026-07-21T05:19:33.439+0000] {dagbag.py:545} INFO - Filling up the DagBag from /opt/airflow/dags/scd.py
[2026-07-21T05:19:33.480+0000] {processor.py:840} INFO - DAG(s) 'SCD2_snapshots' retrieved from /opt/airflow/dags/scd.py
[2026-07-21T05:19:33.524+0000] {logging_mixin.py:188} INFO - [2026-07-21T05:19:33.523+0000] {dag.py:3089} INFO - Sync 1 DAGs
[2026-07-21T05:19:33.559+0000] {logging_mixin.py:188} INFO - [2026-07-21T05:19:33.559+0000] {dag.py:3947} INFO - Setting next_dagrun for SCD2_snapshots to 2026-07-21 00:00:00+00:00, run_after=2026-07-22 00:00:00+00:00
[2026-07-21T05:19:33.582+0000] {processor.py:183} INFO - Processing /opt/airflow/dags/scd.py took 0.166 seconds
[2026-07-21T05:20:03.670+0000] {processor.py:161} INFO - Started process (PID=3704) to work on /opt/airflow/dags/scd.py
[2026-07-21T05:20:03.672+0000] {processor.py:830} INFO - Processing file /opt/airflow/dags/scd.py for tasks to queue
[2026-07-21T05:20:03.674+0000] {logging_mixin.py:188} INFO - [2026-07-21T05:20:03.674+0000] {dagbag.py:545} INFO - Filling up the DagBag from /opt/airflow/dags/scd.py
[2026-07-21T05:20:03.704+0000] {processor.py:840} INFO - DAG(s) 'SCD2_snapshots' retrieved from /opt/airflow/dags/scd.py
[2026-07-21T05:20:03.749+0000] {logging_mixin.py:188} INFO - [2026-07-21T05:20:03.748+0000] {dag.py:3089} INFO - Sync 1 DAGs
[2026-07-21T05:20:03.782+0000] {logging_mixin.py:188} INFO - [2026-07-21T05:20:03.782+0000] {dag.py:3947} INFO - Setting next_dagrun for SCD2_snapshots to 2026-07-21 00:00:00+00:00, run_after=2026-07-22 00:00:00+00:00
[2026-07-21T05:20:03.813+0000] {processor.py:183} INFO - Processing /opt/airflow/dags/scd.py took 0.152 seconds
[2026-07-21T05:20:34.007+0000] {processor.py:161} INFO - Started process (PID=3709) to work on /opt/airflow/dags/scd.py
[2026-07-21T05:20:34.009+0000] {processor.py:830} INFO - Processing file /opt/airflow/dags/scd.py for tasks to queue
[2026-07-21T05:20:34.011+0000] {logging_mixin.py:188} INFO - [2026-07-21T05:20:34.011+0000] {dagbag.py:545} INFO - Filling up the DagBag from /opt/airflow/dags/scd.py
[2026-07-21T05:20:34.039+0000] {processor.py:840} INFO - DAG(s) 'SCD2_snapshots' retrieved from /opt/airflow/dags/scd.py
[2026-07-21T05:20:34.088+0000] {logging_mixin.py:188} INFO - [2026-07-21T05:20:34.088+0000] {dag.py:3089} INFO - Sync 1 DAGs
[2026-07-21T05:20:34.117+0000] {logging_mixin.py:188} INFO - [2026-07-21T05:20:34.117+0000] {dag.py:3947} INFO - Setting next_dagrun for SCD2_snapshots to 2026-07-21 00:00:00+00:00, run_after=2026-07-22 00:00:00+00:00
[2026-07-21T05:20:34.141+0000] {processor.py:183} INFO - Processing /opt/airflow/dags/scd.py took 0.140 seconds
[2026-07-21T05:21:04.305+0000] {processor.py:161} INFO - Started process (PID=3714) to work on /opt/airflow/dags/scd.py
[2026-07-21T05:21:04.307+0000] {processor.py:830} INFO - Processing file /opt/airflow/dags/scd.py for tasks to queue
[2026-07-21T05:21:04.310+0000] {logging_mixin.py:188} INFO - [2026-07-21T05:21:04.310+0000] {dagbag.py:545} INFO - Filling up the DagBag from /opt/airflow/dags/scd.py
[2026-07-21T05:21:04.337+0000] {processor.py:840} INFO - DAG(s) 'SCD2_snapshots' retrieved from /opt/airflow/dags/scd.py
[2026-07-21T05:21:04.378+0000] {logging_mixin.py:188} INFO - [2026-07-21T05:21:04.378+0000] {dag.py:3089} INFO - Sync 1 DAGs
[2026-07-21T05:21:04.406+0000] {logging_mixin.py:188} INFO - [2026-07-21T05:21:04.406+0000] {dag.py:3947} INFO - Setting next_dagrun for SCD2_snapshots to 2026-07-21 00:00:00+00:00, run_after=2026-07-22 00:00:00+00:00
[2026-07-21T05:21:04.433+0000] {processor.py:183} INFO - Processing /opt/airflow/dags/scd.py took 0.134 seconds
[2026-07-21T05:21:34.620+0000] {processor.py:161} INFO - Started process (PID=3719) to work on /opt/airflow/dags/scd.py
[2026-07-21T05:21:34.622+0000] {processor.py:830} INFO - Processing file /opt/airflow/dags/scd.py for tasks to queue
[2026-07-21T05:21:34.625+0000] {logging_mixin.py:188} INFO - [2026-07-21T05:21:34.624+0000] {dagbag.py:545} INFO - Filling up the DagBag from /opt/airflow/dags/scd.py
[2026-07-21T05:21:34.652+0000] {processor.py:840} INFO - DAG(s) 'SCD2_snapshots' retrieved from /opt/airflow/dags/scd.py
[2026-07-21T05:21:34.699+0000] {logging_mixin.py:188} INFO - [2026-07-21T05:21:34.698+0000] {dag.py:3089} INFO - Sync 1 DAGs
[2026-07-21T05:21:34.769+0000] {logging_mixin.py:188} INFO - [2026-07-21T05:21:34.769+0000] {dag.py:3947} INFO - Setting next_dagrun for SCD2_snapshots to 2026-07-21 00:00:00+00:00, run_after=2026-07-22 00:00:00+00:00
[2026-07-21T05:21:34.795+0000] {processor.py:183} INFO - Processing /opt/airflow/dags/scd.py took 0.182 seconds
[2026-07-21T05:22:04.908+0000] {processor.py:161} INFO - Started process (PID=3724) to work on /opt/airflow/dags/scd.py
[2026-07-21T05:22:04.910+0000] {processor.py:830} INFO - Processing file /opt/airflow/dags/scd.py for tasks to queue
[2026-07-21T05:22:04.912+0000] {logging_mixin.py:188} INFO - [2026-07-21T05:22:04.912+0000] {dagbag.py:545} INFO - Filling up the DagBag from /opt/airflow/dags/scd.py
[2026-07-21T05:22:04.945+0000] {processor.py:840} INFO - DAG(s) 'SCD2_snapshots' retrieved from /opt/airflow/dags/scd.py
[2026-07-21T05:22:05.001+0000] {logging_mixin.py:188} INFO - [2026-07-21T05:22:05.001+0000] {dag.py:3089} INFO - Sync 1 DAGs
[2026-07-21T05:22:05.044+0000] {logging_mixin.py:188} INFO - [2026-07-21T05:22:05.044+0000] {dag.py:3947} INFO - Setting next_dagrun for SCD2_snapshots to 2026-07-21 00:00:00+00:00, run_after=2026-07-22 00:00:00+00:00
[2026-07-21T05:22:05.080+0000] {processor.py:183} INFO - Processing /opt/airflow/dags/scd.py took 0.182 seconds
[2026-07-21T05:22:35.292+0000] {processor.py:161} INFO - Started process (PID=3729) to work on /opt/airflow/dags/scd.py
[2026-07-21T05:22:35.294+0000] {processor.py:830} INFO - Processing file /opt/airflow/dags/scd.py for tasks to queue
[2026-07-21T05:22:35.297+0000] {logging_mixin.py:188} INFO - [2026-07-21T05:22:35.296+0000] {dagbag.py:545} INFO - Filling up the DagBag from /opt/airflow/dags/scd.py
[2026-07-21T05:22:35.326+0000] {processor.py:840} INFO - DAG(s) 'SCD2_snapshots' retrieved from /opt/airflow/dags/scd.py
[2026-07-21T05:22:35.373+0000] {logging_mixin.py:188} INFO - [2026-07-21T05:22:35.373+0000] {dag.py:3089} INFO - Sync 1 DAGs
[2026-07-21T05:22:35.401+0000] {logging_mixin.py:188} INFO - [2026-07-21T05:22:35.401+0000] {dag.py:3947} INFO - Setting next_dagrun for SCD2_snapshots to 2026-07-21 00:00:00+00:00, run_after=2026-07-22 00:00:00+00:00
[2026-07-21T05:22:35.428+0000] {processor.py:183} INFO - Processing /opt/airflow/dags/scd.py took 0.144 seconds
[2026-07-21T05:23:05.601+0000] {processor.py:161} INFO - Started process (PID=3734) to work on /opt/airflow/dags/scd.py
[2026-07-21T05:23:05.602+0000] {processor.py:830} INFO - Processing file /opt/airflow/dags/scd.py for tasks to queue
[2026-07-21T05:23:05.605+0000] {logging_mixin.py:188} INFO - [2026-07-21T05:23:05.604+0000] {dagbag.py:545} INFO - Filling up the DagBag from /opt/airflow/dags/scd.py
[2026-07-21T05:23:05.636+0000] {processor.py:840} INFO - DAG(s) 'SCD2_snapshots' retrieved from /opt/airflow/dags/scd.py
[2026-07-21T05:23:05.677+0000] {logging_mixin.py:188} INFO - [2026-07-21T05:23:05.676+0000] {dag.py:3089} INFO - Sync 1 DAGs
[2026-07-21T05:23:05.712+0000] {logging_mixin.py:188} INFO - [2026-07-21T05:23:05.712+0000] {dag.py:3947} INFO - Setting next_dagrun for SCD2_snapshots to 2026-07-21 00:00:00+00:00, run_after=2026-07-22 00:00:00+00:00
[2026-07-21T05:23:05.743+0000] {processor.py:183} INFO - Processing /opt/airflow/dags/scd.py took 0.151 seconds
[2026-07-21T05:23:35.893+0000] {processor.py:161} INFO - Started process (PID=3739) to work on /opt/airflow/dags/scd.py
[2026-07-21T05:23:35.894+0000] {processor.py:830} INFO - Processing file /opt/airflow/dags/scd.py for tasks to queue
[2026-07-21T05:23:35.897+0000] {logging_mixin.py:188} INFO - [2026-07-21T05:23:35.897+0000] {dagbag.py:545} INFO - Filling up the DagBag from /opt/airflow/dags/scd.py
[2026-07-21T05:23:35.922+0000] {processor.py:840} INFO - DAG(s) 'SCD2_snapshots' retrieved from /opt/airflow/dags/scd.py
[2026-07-21T05:23:35.961+0000] {logging_mixin.py:188} INFO - [2026-07-21T05:23:35.961+0000] {dag.py:3089} INFO - Sync 1 DAGs
[2026-07-21T05:23:35.991+0000] {logging_mixin.py:188} INFO - [2026-07-21T05:23:35.991+0000] {dag.py:3947} INFO - Setting next_dagrun for SCD2_snapshots to 2026-07-21 00:00:00+00:00, run_after=2026-07-22 00:00:00+00:00
[2026-07-21T05:23:36.019+0000] {processor.py:183} INFO - Processing /opt/airflow/dags/scd.py took 0.133 seconds
[2026-07-21T05:24:06.406+0000] {processor.py:161} INFO - Started process (PID=3744) to work on /opt/airflow/dags/scd.py
[2026-07-21T05:24:06.408+0000] {processor.py:830} INFO - Processing file /opt/airflow/dags/scd.py for tasks to queue
[2026-07-21T05:24:06.412+0000] {logging_mixin.py:188} INFO - [2026-07-21T05:24:06.411+0000] {dagbag.py:545} INFO - Filling up the DagBag from /opt/airflow/dags/scd.py
[2026-07-21T05:24:06.441+0000] {processor.py:840} INFO - DAG(s) 'SCD2_snapshots' retrieved from /opt/airflow/dags/scd.py
[2026-07-21T05:24:06.481+0000] {logging_mixin.py:188} INFO - [2026-07-21T05:24:06.481+0000] {dag.py:3089} INFO - Sync 1 DAGs
[2026-07-21T05:24:06.511+0000] {logging_mixin.py:188} INFO - [2026-07-21T05:24:06.511+0000] {dag.py:3947} INFO - Setting next_dagrun for SCD2_snapshots to 2026-07-21 00:00:00+00:00, run_after=2026-07-22 00:00:00+00:00
[2026-07-21T05:24:06.536+0000] {processor.py:183} INFO - Processing /opt/airflow/dags/scd.py took 0.139 seconds
[2026-07-21T05:24:36.837+0000] {processor.py:161} INFO - Started process (PID=3749) to work on /opt/airflow/dags/scd.py
[2026-07-21T05:24:36.840+0000] {processor.py:830} INFO - Processing file /opt/airflow/dags/scd.py for tasks to queue
[2026-07-21T05:24:36.843+0000] {logging_mixin.py:188} INFO - [2026-07-21T05:24:36.843+0000] {dagbag.py:545} INFO - Filling up the DagBag from /opt/airflow/dags/scd.py
[2026-07-21T05:24:36.872+0000] {processor.py:840} INFO - DAG(s) 'SCD2_snapshots' retrieved from /opt/airflow/dags/scd.py
[2026-07-21T05:24:36.913+0000] {logging_mixin.py:188} INFO - [2026-07-21T05:24:36.913+0000] {dag.py:3089} INFO - Sync 1 DAGs
[2026-07-21T05:24:36.942+0000] {logging_mixin.py:188} INFO - [2026-07-21T05:24:36.942+0000] {dag.py:3947} INFO - Setting next_dagrun for SCD2_snapshots to 2026-07-21 00:00:00+00:00, run_after=2026-07-22 00:00:00+00:00
[2026-07-21T05:24:36.965+0000] {processor.py:183} INFO - Processing /opt/airflow/dags/scd.py took 0.137 seconds
[2026-07-21T05:25:07.112+0000] {processor.py:161} INFO - Started process (PID=3754) to work on /opt/airflow/dags/scd.py
[2026-07-21T05:25:07.114+0000] {processor.py:830} INFO - Processing file /opt/airflow/dags/scd.py for tasks to queue
[2026-07-21T05:25:07.116+0000] {logging_mixin.py:188} INFO - [2026-07-21T05:25:07.115+0000] {dagbag.py:545} INFO - Filling up the DagBag from /opt/airflow/dags/scd.py
[2026-07-21T05:25:07.144+0000] {processor.py:840} INFO - DAG(s) 'SCD2_snapshots' retrieved from /opt/airflow/dags/scd.py
[2026-07-21T05:25:07.183+0000] {logging_mixin.py:188} INFO - [2026-07-21T05:25:07.183+0000] {dag.py:3089} INFO - Sync 1 DAGs
[2026-07-21T05:25:07.210+0000] {logging_mixin.py:188} INFO - [2026-07-21T05:25:07.209+0000] {dag.py:3947} INFO - Setting next_dagrun for SCD2_snapshots to 2026-07-21 00:00:00+00:00, run_after=2026-07-22 00:00:00+00:00
[2026-07-21T05:25:07.232+0000] {processor.py:183} INFO - Processing /opt/airflow/dags/scd.py took 0.128 seconds
[2026-07-21T05:25:37.477+0000] {processor.py:161} INFO - Started process (PID=3759) to work on /opt/airflow/dags/scd.py
[2026-07-21T05:25:37.479+0000] {processor.py:830} INFO - Processing file /opt/airflow/dags/scd.py for tasks to queue
[2026-07-21T05:25:37.481+0000] {logging_mixin.py:188} INFO - [2026-07-21T05:25:37.481+0000] {dagbag.py:545} INFO - Filling up the DagBag from /opt/airflow/dags/scd.py
[2026-07-21T05:25:37.506+0000] {processor.py:840} INFO - DAG(s) 'SCD2_snapshots' retrieved from /opt/airflow/dags/scd.py
[2026-07-21T05:25:37.544+0000] {logging_mixin.py:188} INFO - [2026-07-21T05:25:37.544+0000] {dag.py:3089} INFO - Sync 1 DAGs
[2026-07-21T05:25:37.568+0000] {logging_mixin.py:188} INFO - [2026-07-21T05:25:37.568+0000] {dag.py:3947} INFO - Setting next_dagrun for SCD2_snapshots to 2026-07-21 00:00:00+00:00, run_after=2026-07-22 00:00:00+00:00
[2026-07-21T05:25:37.590+0000] {processor.py:183} INFO - Processing /opt/airflow/dags/scd.py took 0.120 seconds
[2026-07-21T05:26:07.786+0000] {processor.py:161} INFO - Started process (PID=3760) to work on /opt/airflow/dags/scd.py
[2026-07-21T05:26:07.788+0000] {processor.py:830} INFO - Processing file /opt/airflow/dags/scd.py for tasks to queue
[2026-07-21T05:26:07.791+0000] {logging_mixin.py:188} INFO - [2026-07-21T05:26:07.790+0000] {dagbag.py:545} INFO - Filling up the DagBag from /opt/airflow/dags/scd.py
[2026-07-21T05:26:07.829+0000] {processor.py:840} INFO - DAG(s) 'SCD2_snapshots' retrieved from /opt/airflow/dags/scd.py
[2026-07-21T05:26:07.873+0000] {logging_mixin.py:188} INFO - [2026-07-21T05:26:07.873+0000] {dag.py:3089} INFO - Sync 1 DAGs
[2026-07-21T05:26:07.904+0000] {logging_mixin.py:188} INFO - [2026-07-21T05:26:07.904+0000] {dag.py:3947} INFO - Setting next_dagrun for SCD2_snapshots to 2026-07-21 00:00:00+00:00, run_after=2026-07-22 00:00:00+00:00
[2026-07-21T05:26:07.931+0000] {processor.py:183} INFO - Processing /opt/airflow/dags/scd.py took 0.153 seconds
[2026-07-21T05:26:38.220+0000] {processor.py:161} INFO - Started process (PID=3765) to work on /opt/airflow/dags/scd.py
[2026-07-21T05:26:38.222+0000] {processor.py:830} INFO - Processing file /opt/airflow/dags/scd.py for tasks to queue
[2026-07-21T05:26:38.226+0000] {logging_mixin.py:188} INFO - [2026-07-21T05:26:38.225+0000] {dagbag.py:545} INFO - Filling up the DagBag from /opt/airflow/dags/scd.py
[2026-07-21T05:26:38.259+0000] {processor.py:840} INFO - DAG(s) 'SCD2_snapshots' retrieved from /opt/airflow/dags/scd.py
[2026-07-21T05:26:38.307+0000] {logging_mixin.py:188} INFO - [2026-07-21T05:26:38.307+0000] {dag.py:3089} INFO - Sync 1 DAGs
[2026-07-21T05:26:38.334+0000] {logging_mixin.py:188} INFO - [2026-07-21T05:26:38.333+0000] {dag.py:3947} INFO - Setting next_dagrun for SCD2_snapshots to 2026-07-21 00:00:00+00:00, run_after=2026-07-22 00:00:00+00:00
[2026-07-21T05:26:38.357+0000] {processor.py:183} INFO - Processing /opt/airflow/dags/scd.py took 0.149 seconds
[2026-07-21T05:27:08.677+0000] {processor.py:161} INFO - Started process (PID=3770) to work on /opt/airflow/dags/scd.py
[2026-07-21T05:27:08.679+0000] {processor.py:830} INFO - Processing file /opt/airflow/dags/scd.py for tasks to queue
[2026-07-21T05:27:08.683+0000] {logging_mixin.py:188} INFO - [2026-07-21T05:27:08.683+0000] {dagbag.py:545} INFO - Filling up the DagBag from /opt/airflow/dags/scd.py
[2026-07-21T05:27:08.715+0000] {processor.py:840} INFO - DAG(s) 'SCD2_snapshots' retrieved from /opt/airflow/dags/scd.py
[2026-07-21T05:27:08.751+0000] {logging_mixin.py:188} INFO - [2026-07-21T05:27:08.751+0000] {dag.py:3089} INFO - Sync 1 DAGs
[2026-07-21T05:27:08.778+0000] {logging_mixin.py:188} INFO - [2026-07-21T05:27:08.778+0000] {dag.py:3947} INFO - Setting next_dagrun for SCD2_snapshots to 2026-07-21 00:00:00+00:00, run_after=2026-07-22 00:00:00+00:00
[2026-07-21T05:27:08.801+0000] {processor.py:183} INFO - Processing /opt/airflow/dags/scd.py took 0.141 seconds
[2026-07-21T05:27:39.085+0000] {processor.py:161} INFO - Started process (PID=3775) to work on /opt/airflow/dags/scd.py
[2026-07-21T05:27:39.086+0000] {processor.py:830} INFO - Processing file /opt/airflow/dags/scd.py for tasks to queue
[2026-07-21T05:27:39.089+0000] {logging_mixin.py:188} INFO - [2026-07-21T05:27:39.089+0000] {dagbag.py:545} INFO - Filling up the DagBag from /opt/airflow/dags/scd.py
[2026-07-21T05:27:39.117+0000] {processor.py:840} INFO - DAG(s) 'SCD2_snapshots' retrieved from /opt/airflow/dags/scd.py
[2026-07-21T05:27:39.156+0000] {logging_mixin.py:188} INFO - [2026-07-21T05:27:39.156+0000] {dag.py:3089} INFO - Sync 1 DAGs
[2026-07-21T05:27:39.183+0000] {logging_mixin.py:188} INFO - [2026-07-21T05:27:39.182+0000] {dag.py:3947} INFO - Setting next_dagrun for SCD2_snapshots to 2026-07-21 00:00:00+00:00, run_after=2026-07-22 00:00:00+00:00
[2026-07-21T05:27:39.206+0000] {processor.py:183} INFO - Processing /opt/airflow/dags/scd.py took 0.131 seconds
[2026-07-21T05:28:09.311+0000] {processor.py:161} INFO - Started process (PID=3780) to work on /opt/airflow/dags/scd.py
[2026-07-21T05:28:09.312+0000] {processor.py:830} INFO - Processing file /opt/airflow/dags/scd.py for tasks to queue
[2026-07-21T05:28:09.315+0000] {logging_mixin.py:188} INFO - [2026-07-21T05:28:09.314+0000] {dagbag.py:545} INFO - Filling up the DagBag from /opt/airflow/dags/scd.py
[2026-07-21T05:28:09.346+0000] {processor.py:840} INFO - DAG(s) 'SCD2_snapshots' retrieved from /opt/airflow/dags/scd.py
[2026-07-21T05:28:09.393+0000] {logging_mixin.py:188} INFO - [2026-07-21T05:28:09.393+0000] {dag.py:3089} INFO - Sync 1 DAGs
[2026-07-21T05:28:09.426+0000] {logging_mixin.py:188} INFO - [2026-07-21T05:28:09.426+0000] {dag.py:3947} INFO - Setting next_dagrun for SCD2_snapshots to 2026-07-21 00:00:00+00:00, run_after=2026-07-22 00:00:00+00:00
[2026-07-21T05:28:09.454+0000] {processor.py:183} INFO - Processing /opt/airflow/dags/scd.py took 0.154 seconds
[2026-07-21T05:28:39.784+0000] {processor.py:161} INFO - Started process (PID=3785) to work on /opt/airflow/dags/scd.py
[2026-07-21T05:28:39.786+0000] {processor.py:830} INFO - Processing file /opt/airflow/dags/scd.py for tasks to queue
[2026-07-21T05:28:39.789+0000] {logging_mixin.py:188} INFO - [2026-07-21T05:28:39.789+0000] {dagbag.py:545} INFO - Filling up the DagBag from /opt/airflow/dags/scd.py
[2026-07-21T05:28:39.823+0000] {processor.py:840} INFO - DAG(s) 'SCD2_snapshots' retrieved from /opt/airflow/dags/scd.py
[2026-07-21T05:28:39.867+0000] {logging_mixin.py:188} INFO - [2026-07-21T05:28:39.866+0000] {dag.py:3089} INFO - Sync 1 DAGs
[2026-07-21T05:28:39.898+0000] {logging_mixin.py:188} INFO - [2026-07-21T05:28:39.897+0000] {dag.py:3947} INFO - Setting next_dagrun for SCD2_snapshots to 2026-07-21 00:00:00+00:00, run_after=2026-07-22 00:00:00+00:00
[2026-07-21T05:28:39.932+0000] {processor.py:183} INFO - Processing /opt/airflow/dags/scd.py took 0.160 seconds
[2026-07-21T05:29:10.227+0000] {processor.py:161} INFO - Started process (PID=3790) to work on /opt/airflow/dags/scd.py
[2026-07-21T05:29:10.229+0000] {processor.py:830} INFO - Processing file /opt/airflow/dags/scd.py for tasks to queue
[2026-07-21T05:29:10.231+0000] {logging_mixin.py:188} INFO - [2026-07-21T05:29:10.231+0000] {dagbag.py:545} INFO - Filling up the DagBag from /opt/airflow/dags/scd.py
[2026-07-21T05:29:10.257+0000] {processor.py:840} INFO - DAG(s) 'SCD2_snapshots' retrieved from /opt/airflow/dags/scd.py
[2026-07-21T05:29:10.295+0000] {logging_mixin.py:188} INFO - [2026-07-21T05:29:10.295+0000] {dag.py:3089} INFO - Sync 1 DAGs
[2026-07-21T05:29:10.324+0000] {logging_mixin.py:188} INFO - [2026-07-21T05:29:10.324+0000] {dag.py:3947} INFO - Setting next_dagrun for SCD2_snapshots to 2026-07-21 00:00:00+00:00, run_after=2026-07-22 00:00:00+00:00
[2026-07-21T05:29:10.347+0000] {processor.py:183} INFO - Processing /opt/airflow/dags/scd.py took 0.128 seconds
[2026-07-21T05:29:40.511+0000] {processor.py:161} INFO - Started process (PID=3795) to work on /opt/airflow/dags/scd.py
[2026-07-21T05:29:40.513+0000] {processor.py:830} INFO - Processing file /opt/airflow/dags/scd.py for tasks to queue
[2026-07-21T05:29:40.516+0000] {logging_mixin.py:188} INFO - [2026-07-21T05:29:40.516+0000] {dagbag.py:545} INFO - Filling up the DagBag from /opt/airflow/dags/scd.py
[2026-07-21T05:29:40.545+0000] {processor.py:840} INFO - DAG(s) 'SCD2_snapshots' retrieved from /opt/airflow/dags/scd.py
[2026-07-21T05:29:40.586+0000] {logging_mixin.py:188} INFO - [2026-07-21T05:29:40.586+0000] {dag.py:3089} INFO - Sync 1 DAGs
[2026-07-21T05:29:40.615+0000] {logging_mixin.py:188} INFO - [2026-07-21T05:29:40.615+0000] {dag.py:3947} INFO - Setting next_dagrun for SCD2_snapshots to 2026-07-21 00:00:00+00:00, run_after=2026-07-22 00:00:00+00:00
[2026-07-21T05:29:40.642+0000] {processor.py:183} INFO - Processing /opt/airflow/dags/scd.py took 0.141 seconds
[2026-07-21T05:30:10.849+0000] {processor.py:161} INFO - Started process (PID=3800) to work on /opt/airflow/dags/scd.py
[2026-07-21T05:30:10.850+0000] {processor.py:830} INFO - Processing file /opt/airflow/dags/scd.py for tasks to queue
[2026-07-21T05:30:10.852+0000] {logging_mixin.py:188} INFO - [2026-07-21T05:30:10.852+0000] {dagbag.py:545} INFO - Filling up the DagBag from /opt/airflow/dags/scd.py
[2026-07-21T05:30:10.877+0000] {processor.py:840} INFO - DAG(s) 'SCD2_snapshots' retrieved from /opt/airflow/dags/scd.py
[2026-07-21T05:30:10.914+0000] {logging_mixin.py:188} INFO - [2026-07-21T05:30:10.914+0000] {dag.py:3089} INFO - Sync 1 DAGs
[2026-07-21T05:30:10.941+0000] {logging_mixin.py:188} INFO - [2026-07-21T05:30:10.941+0000] {dag.py:3947} INFO - Setting next_dagrun for SCD2_snapshots to 2026-07-21 00:00:00+00:00, run_after=2026-07-22 00:00:00+00:00
[2026-07-21T05:30:10.968+0000] {processor.py:183} INFO - Processing /opt/airflow/dags/scd.py took 0.127 seconds
[2026-07-21T05:30:41.097+0000] {processor.py:161} INFO - Started process (PID=3805) to work on /opt/airflow/dags/scd.py
[2026-07-21T05:30:41.098+0000] {processor.py:830} INFO - Processing file /opt/airflow/dags/scd.py for tasks to queue
[2026-07-21T05:30:41.101+0000] {logging_mixin.py:188} INFO - [2026-07-21T05:30:41.101+0000] {dagbag.py:545} INFO - Filling up the DagBag from /opt/airflow/dags/scd.py
[2026-07-21T05:30:41.131+0000] {processor.py:840} INFO - DAG(s) 'SCD2_snapshots' retrieved from /opt/airflow/dags/scd.py
[2026-07-21T05:30:41.173+0000] {logging_mixin.py:188} INFO - [2026-07-21T05:30:41.173+0000] {dag.py:3089} INFO - Sync 1 DAGs
[2026-07-21T05:30:41.202+0000] {logging_mixin.py:188} INFO - [2026-07-21T05:30:41.202+0000] {dag.py:3947} INFO - Setting next_dagrun for SCD2_snapshots to 2026-07-21 00:00:00+00:00, run_after=2026-07-22 00:00:00+00:00
[2026-07-21T05:30:41.225+0000] {processor.py:183} INFO - Processing /opt/airflow/dags/scd.py took 0.139 seconds
[2026-07-21T05:31:11.435+0000] {processor.py:161} INFO - Started process (PID=3810) to work on /opt/airflow/dags/scd.py
[2026-07-21T05:31:11.436+0000] {processor.py:830} INFO - Processing file /opt/airflow/dags/scd.py for tasks to queue
[2026-07-21T05:31:11.439+0000] {logging_mixin.py:188} INFO - [2026-07-21T05:31:11.439+0000] {dagbag.py:545} INFO - Filling up the DagBag from /opt/airflow/dags/scd.py
[2026-07-21T05:31:11.466+0000] {processor.py:840} INFO - DAG(s) 'SCD2_snapshots' retrieved from /opt/airflow/dags/scd.py
[2026-07-21T05:31:11.506+0000] {logging_mixin.py:188} INFO - [2026-07-21T05:31:11.506+0000] {dag.py:3089} INFO - Sync 1 DAGs
[2026-07-21T05:31:11.532+0000] {logging_mixin.py:188} INFO - [2026-07-21T05:31:11.531+0000] {dag.py:3947} INFO - Setting next_dagrun for SCD2_snapshots to 2026-07-21 00:00:00+00:00, run_after=2026-07-22 00:00:00+00:00
[2026-07-21T05:31:11.555+0000] {processor.py:183} INFO - Processing /opt/airflow/dags/scd.py took 0.128 seconds
[2026-07-21T05:31:41.715+0000] {processor.py:161} INFO - Started process (PID=3815) to work on /opt/airflow/dags/scd.py
[2026-07-21T05:31:41.717+0000] {processor.py:830} INFO - Processing file /opt/airflow/dags/scd.py for tasks to queue
[2026-07-21T05:31:41.720+0000] {logging_mixin.py:188} INFO - [2026-07-21T05:31:41.719+0000] {dagbag.py:545} INFO - Filling up the DagBag from /opt/airflow/dags/scd.py
[2026-07-21T05:31:41.746+0000] {processor.py:840} INFO - DAG(s) 'SCD2_snapshots' retrieved from /opt/airflow/dags/scd.py
[2026-07-21T05:31:41.785+0000] {logging_mixin.py:188} INFO - [2026-07-21T05:31:41.784+0000] {dag.py:3089} INFO - Sync 1 DAGs
[2026-07-21T05:31:41.810+0000] {logging_mixin.py:188} INFO - [2026-07-21T05:31:41.810+0000] {dag.py:3947} INFO - Setting next_dagrun for SCD2_snapshots to 2026-07-21 00:00:00+00:00, run_after=2026-07-22 00:00:00+00:00
[2026-07-21T05:31:41.836+0000] {processor.py:183} INFO - Processing /opt/airflow/dags/scd.py took 0.128 seconds
[2026-07-21T05:32:12.156+0000] {processor.py:161} INFO - Started process (PID=3820) to work on /opt/airflow/dags/scd.py
[2026-07-21T05:32:12.158+0000] {processor.py:830} INFO - Processing file /opt/airflow/dags/scd.py for tasks to queue
[2026-07-21T05:32:12.160+0000] {logging_mixin.py:188} INFO - [2026-07-21T05:32:12.160+0000] {dagbag.py:545} INFO - Filling up the DagBag from /opt/airflow/dags/scd.py
[2026-07-21T05:32:12.192+0000] {processor.py:840} INFO - DAG(s) 'SCD2_snapshots' retrieved from /opt/airflow/dags/scd.py
[2026-07-21T05:32:12.231+0000] {logging_mixin.py:188} INFO - [2026-07-21T05:32:12.231+0000] {dag.py:3089} INFO - Sync 1 DAGs
[2026-07-21T05:32:12.261+0000] {logging_mixin.py:188} INFO - [2026-07-21T05:32:12.261+0000] {dag.py:3947} INFO - Setting next_dagrun for SCD2_snapshots to 2026-07-21 00:00:00+00:00, run_after=2026-07-22 00:00:00+00:00
[2026-07-21T05:32:12.292+0000] {processor.py:183} INFO - Processing /opt/airflow/dags/scd.py took 0.145 seconds
[2026-07-21T05:32:42.566+0000] {processor.py:161} INFO - Started process (PID=3825) to work on /opt/airflow/dags/scd.py
[2026-07-21T05:32:42.568+0000] {processor.py:830} INFO - Processing file /opt/airflow/dags/scd.py for tasks to queue
[2026-07-21T05:32:42.571+0000] {logging_mixin.py:188} INFO - [2026-07-21T05:32:42.570+0000] {dagbag.py:545} INFO - Filling up the DagBag from /opt/airflow/dags/scd.py
[2026-07-21T05:32:42.600+0000] {processor.py:840} INFO - DAG(s) 'SCD2_snapshots' retrieved from /opt/airflow/dags/scd.py
[2026-07-21T05:32:42.643+0000] {logging_mixin.py:188} INFO - [2026-07-21T05:32:42.642+0000] {dag.py:3089} INFO - Sync 1 DAGs
[2026-07-21T05:32:42.677+0000] {logging_mixin.py:188} INFO - [2026-07-21T05:32:42.677+0000] {dag.py:3947} INFO - Setting next_dagrun for SCD2_snapshots to 2026-07-21 00:00:00+00:00, run_after=2026-07-22 00:00:00+00:00
[2026-07-21T05:32:42.711+0000] {processor.py:183} INFO - Processing /opt/airflow/dags/scd.py took 0.156 seconds
[2026-07-21T05:33:12.895+0000] {processor.py:161} INFO - Started process (PID=3830) to work on /opt/airflow/dags/scd.py
[2026-07-21T05:33:12.897+0000] {processor.py:830} INFO - Processing file /opt/airflow/dags/scd.py for tasks to queue
[2026-07-21T05:33:12.899+0000] {logging_mixin.py:188} INFO - [2026-07-21T05:33:12.899+0000] {dagbag.py:545} INFO - Filling up the DagBag from /opt/airflow/dags/scd.py
[2026-07-21T05:33:12.932+0000] {processor.py:840} INFO - DAG(s) 'SCD2_snapshots' retrieved from /opt/airflow/dags/scd.py
[2026-07-21T05:33:12.980+0000] {logging_mixin.py:188} INFO - [2026-07-21T05:33:12.980+0000] {dag.py:3089} INFO - Sync 1 DAGs
[2026-07-21T05:33:13.012+0000] {logging_mixin.py:188} INFO - [2026-07-21T05:33:13.012+0000] {dag.py:3947} INFO - Setting next_dagrun for SCD2_snapshots to 2026-07-21 00:00:00+00:00, run_after=2026-07-22 00:00:00+00:00
[2026-07-21T05:33:13.036+0000] {processor.py:183} INFO - Processing /opt/airflow/dags/scd.py took 0.150 seconds
[2026-07-21T05:33:43.255+0000] {processor.py:161} INFO - Started process (PID=3835) to work on /opt/airflow/dags/scd.py
[2026-07-21T05:33:43.257+0000] {processor.py:830} INFO - Processing file /opt/airflow/dags/scd.py for tasks to queue
[2026-07-21T05:33:43.262+0000] {logging_mixin.py:188} INFO - [2026-07-21T05:33:43.261+0000] {dagbag.py:545} INFO - Filling up the DagBag from /opt/airflow/dags/scd.py
[2026-07-21T05:33:43.318+0000] {processor.py:840} INFO - DAG(s) 'SCD2_snapshots' retrieved from /opt/airflow/dags/scd.py
[2026-07-21T05:33:43.395+0000] {logging_mixin.py:188} INFO - [2026-07-21T05:33:43.394+0000] {dag.py:3089} INFO - Sync 1 DAGs
[2026-07-21T05:33:43.483+0000] {logging_mixin.py:188} INFO - [2026-07-21T05:33:43.482+0000] {dag.py:3947} INFO - Setting next_dagrun for SCD2_snapshots to 2026-07-21 00:00:00+00:00, run_after=2026-07-22 00:00:00+00:00
[2026-07-21T05:33:43.552+0000] {processor.py:183} INFO - Processing /opt/airflow/dags/scd.py took 0.316 seconds
[2026-07-21T05:34:13.713+0000] {processor.py:161} INFO - Started process (PID=3840) to work on /opt/airflow/dags/scd.py
[2026-07-21T05:34:13.715+0000] {processor.py:830} INFO - Processing file /opt/airflow/dags/scd.py for tasks to queue
[2026-07-21T05:34:13.719+0000] {logging_mixin.py:188} INFO - [2026-07-21T05:34:13.718+0000] {dagbag.py:545} INFO - Filling up the DagBag from /opt/airflow/dags/scd.py
[2026-07-21T05:34:13.750+0000] {processor.py:840} INFO - DAG(s) 'SCD2_snapshots' retrieved from /opt/airflow/dags/scd.py
[2026-07-21T05:34:13.792+0000] {logging_mixin.py:188} INFO - [2026-07-21T05:34:13.792+0000] {dag.py:3089} INFO - Sync 1 DAGs
[2026-07-21T05:34:13.822+0000] {logging_mixin.py:188} INFO - [2026-07-21T05:34:13.822+0000] {dag.py:3947} INFO - Setting next_dagrun for SCD2_snapshots to 2026-07-21 00:00:00+00:00, run_after=2026-07-22 00:00:00+00:00
[2026-07-21T05:34:13.845+0000] {processor.py:183} INFO - Processing /opt/airflow/dags/scd.py took 0.144 seconds
[2026-07-21T05:34:44.148+0000] {processor.py:161} INFO - Started process (PID=3845) to work on /opt/airflow/dags/scd.py
[2026-07-21T05:34:44.150+0000] {processor.py:830} INFO - Processing file /opt/airflow/dags/scd.py for tasks to queue
[2026-07-21T05:34:44.154+0000] {logging_mixin.py:188} INFO - [2026-07-21T05:34:44.153+0000] {dagbag.py:545} INFO - Filling up the DagBag from /opt/airflow/dags/scd.py
[2026-07-21T05:34:44.183+0000] {processor.py:840} INFO - DAG(s) 'SCD2_snapshots' retrieved from /opt/airflow/dags/scd.py
[2026-07-21T05:34:44.228+0000] {logging_mixin.py:188} INFO - [2026-07-21T05:34:44.228+0000] {dag.py:3089} INFO - Sync 1 DAGs
[2026-07-21T05:34:44.268+0000] {logging_mixin.py:188} INFO - [2026-07-21T05:34:44.266+0000] {dag.py:3947} INFO - Setting next_dagrun for SCD2_snapshots to 2026-07-21 00:00:00+00:00, run_after=2026-07-22 00:00:00+00:00
[2026-07-21T05:34:44.309+0000] {processor.py:183} INFO - Processing /opt/airflow/dags/scd.py took 0.168 seconds
[2026-07-21T05:35:14.717+0000] {processor.py:161} INFO - Started process (PID=3850) to work on /opt/airflow/dags/scd.py
[2026-07-21T05:35:14.720+0000] {processor.py:830} INFO - Processing file /opt/airflow/dags/scd.py for tasks to queue
[2026-07-21T05:35:14.724+0000] {logging_mixin.py:188} INFO - [2026-07-21T05:35:14.723+0000] {dagbag.py:545} INFO - Filling up the DagBag from /opt/airflow/dags/scd.py
[2026-07-21T05:35:14.765+0000] {processor.py:840} INFO - DAG(s) 'SCD2_snapshots' retrieved from /opt/airflow/dags/scd.py
[2026-07-21T05:35:14.816+0000] {logging_mixin.py:188} INFO - [2026-07-21T05:35:14.816+0000] {dag.py:3089} INFO - Sync 1 DAGs
[2026-07-21T05:35:14.859+0000] {logging_mixin.py:188} INFO - [2026-07-21T05:35:14.859+0000] {dag.py:3947} INFO - Setting next_dagrun for SCD2_snapshots to 2026-07-21 00:00:00+00:00, run_after=2026-07-22 00:00:00+00:00
[2026-07-21T05:35:14.883+0000] {processor.py:183} INFO - Processing /opt/airflow/dags/scd.py took 0.194 seconds
[2026-07-21T05:35:45.004+0000] {processor.py:161} INFO - Started process (PID=3855) to work on /opt/airflow/dags/scd.py
[2026-07-21T05:35:45.006+0000] {processor.py:830} INFO - Processing file /opt/airflow/dags/scd.py for tasks to queue
[2026-07-21T05:35:45.008+0000] {logging_mixin.py:188} INFO - [2026-07-21T05:35:45.007+0000] {dagbag.py:545} INFO - Filling up the DagBag from /opt/airflow/dags/scd.py
[2026-07-21T05:35:45.036+0000] {processor.py:840} INFO - DAG(s) 'SCD2_snapshots' retrieved from /opt/airflow/dags/scd.py
[2026-07-21T05:35:45.087+0000] {logging_mixin.py:188} INFO - [2026-07-21T05:35:45.086+0000] {dag.py:3089} INFO - Sync 1 DAGs
[2026-07-21T05:35:45.119+0000] {logging_mixin.py:188} INFO - [2026-07-21T05:35:45.119+0000] {dag.py:3947} INFO - Setting next_dagrun for SCD2_snapshots to 2026-07-21 00:00:00+00:00, run_after=2026-07-22 00:00:00+00:00
[2026-07-21T05:35:45.145+0000] {processor.py:183} INFO - Processing /opt/airflow/dags/scd.py took 0.150 seconds
[2026-07-21T05:36:15.323+0000] {processor.py:161} INFO - Started process (PID=3860) to work on /opt/airflow/dags/scd.py
[2026-07-21T05:36:15.325+0000] {processor.py:830} INFO - Processing file /opt/airflow/dags/scd.py for tasks to queue
[2026-07-21T05:36:15.328+0000] {logging_mixin.py:188} INFO - [2026-07-21T05:36:15.328+0000] {dagbag.py:545} INFO - Filling up the DagBag from /opt/airflow/dags/scd.py
[2026-07-21T05:36:15.355+0000] {processor.py:840} INFO - DAG(s) 'SCD2_snapshots' retrieved from /opt/airflow/dags/scd.py
[2026-07-21T05:36:15.391+0000] {logging_mixin.py:188} INFO - [2026-07-21T05:36:15.391+0000] {dag.py:3089} INFO - Sync 1 DAGs
[2026-07-21T05:36:15.417+0000] {logging_mixin.py:188} INFO - [2026-07-21T05:36:15.417+0000] {dag.py:3947} INFO - Setting next_dagrun for SCD2_snapshots to 2026-07-21 00:00:00+00:00, run_after=2026-07-22 00:00:00+00:00
[2026-07-21T05:36:15.439+0000] {processor.py:183} INFO - Processing /opt/airflow/dags/scd.py took 0.123 seconds
[2026-07-21T05:36:45.687+0000] {processor.py:161} INFO - Started process (PID=3865) to work on /opt/airflow/dags/scd.py
[2026-07-21T05:36:45.691+0000] {processor.py:830} INFO - Processing file /opt/airflow/dags/scd.py for tasks to queue
[2026-07-21T05:36:45.698+0000] {logging_mixin.py:188} INFO - [2026-07-21T05:36:45.697+0000] {dagbag.py:545} INFO - Filling up the DagBag from /opt/airflow/dags/scd.py
[2026-07-21T05:36:45.732+0000] {processor.py:840} INFO - DAG(s) 'SCD2_snapshots' retrieved from /opt/airflow/dags/scd.py
[2026-07-21T05:36:45.772+0000] {logging_mixin.py:188} INFO - [2026-07-21T05:36:45.772+0000] {dag.py:3089} INFO - Sync 1 DAGs
[2026-07-21T05:36:45.800+0000] {logging_mixin.py:188} INFO - [2026-07-21T05:36:45.800+0000] {dag.py:3947} INFO - Setting next_dagrun for SCD2_snapshots to 2026-07-21 00:00:00+00:00, run_after=2026-07-22 00:00:00+00:00
[2026-07-21T05:36:45.825+0000] {processor.py:183} INFO - Processing /opt/airflow/dags/scd.py took 0.162 seconds
[2026-07-21T05:37:15.931+0000] {processor.py:161} INFO - Started process (PID=3870) to work on /opt/airflow/dags/scd.py
[2026-07-21T05:37:15.933+0000] {processor.py:830} INFO - Processing file /opt/airflow/dags/scd.py for tasks to queue
[2026-07-21T05:37:15.939+0000] {logging_mixin.py:188} INFO - [2026-07-21T05:37:15.938+0000] {dagbag.py:545} INFO - Filling up the DagBag from /opt/airflow/dags/scd.py
[2026-07-21T05:37:15.977+0000] {processor.py:840} INFO - DAG(s) 'SCD2_snapshots' retrieved from /opt/airflow/dags/scd.py
[2026-07-21T05:37:16.031+0000] {logging_mixin.py:188} INFO - [2026-07-21T05:37:16.030+0000] {dag.py:3089} INFO - Sync 1 DAGs
[2026-07-21T05:37:16.062+0000] {logging_mixin.py:188} INFO - [2026-07-21T05:37:16.061+0000] {dag.py:3947} INFO - Setting next_dagrun for SCD2_snapshots to 2026-07-21 00:00:00+00:00, run_after=2026-07-22 00:00:00+00:00
[2026-07-21T05:37:16.087+0000] {processor.py:183} INFO - Processing /opt/airflow/dags/scd.py took 0.165 seconds
[2026-07-21T05:37:46.300+0000] {processor.py:161} INFO - Started process (PID=3875) to work on /opt/airflow/dags/scd.py
[2026-07-21T05:37:46.302+0000] {processor.py:830} INFO - Processing file /opt/airflow/dags/scd.py for tasks to queue
[2026-07-21T05:37:46.305+0000] {logging_mixin.py:188} INFO - [2026-07-21T05:37:46.304+0000] {dagbag.py:545} INFO - Filling up the DagBag from /opt/airflow/dags/scd.py
[2026-07-21T05:37:46.345+0000] {processor.py:840} INFO - DAG(s) 'SCD2_snapshots' retrieved from /opt/airflow/dags/scd.py
[2026-07-21T05:37:46.388+0000] {logging_mixin.py:188} INFO - [2026-07-21T05:37:46.388+0000] {dag.py:3089} INFO - Sync 1 DAGs
[2026-07-21T05:37:46.413+0000] {logging_mixin.py:188} INFO - [2026-07-21T05:37:46.412+0000] {dag.py:3947} INFO - Setting next_dagrun for SCD2_snapshots to 2026-07-21 00:00:00+00:00, run_after=2026-07-22 00:00:00+00:00
[2026-07-21T05:37:46.436+0000] {processor.py:183} INFO - Processing /opt/airflow/dags/scd.py took 0.143 seconds
[2026-07-21T05:38:16.612+0000] {processor.py:161} INFO - Started process (PID=3880) to work on /opt/airflow/dags/scd.py
[2026-07-21T05:38:16.613+0000] {processor.py:830} INFO - Processing file /opt/airflow/dags/scd.py for tasks to queue
[2026-07-21T05:38:16.616+0000] {logging_mixin.py:188} INFO - [2026-07-21T05:38:16.615+0000] {dagbag.py:545} INFO - Filling up the DagBag from /opt/airflow/dags/scd.py
[2026-07-21T05:38:16.643+0000] {processor.py:840} INFO - DAG(s) 'SCD2_snapshots' retrieved from /opt/airflow/dags/scd.py
[2026-07-21T05:38:16.692+0000] {logging_mixin.py:188} INFO - [2026-07-21T05:38:16.692+0000] {dag.py:3089} INFO - Sync 1 DAGs
[2026-07-21T05:38:16.716+0000] {logging_mixin.py:188} INFO - [2026-07-21T05:38:16.716+0000] {dag.py:3947} INFO - Setting next_dagrun for SCD2_snapshots to 2026-07-21 00:00:00+00:00, run_after=2026-07-22 00:00:00+00:00
[2026-07-21T05:38:16.739+0000] {processor.py:183} INFO - Processing /opt/airflow/dags/scd.py took 0.135 seconds
[2026-07-21T05:38:46.950+0000] {processor.py:161} INFO - Started process (PID=3885) to work on /opt/airflow/dags/scd.py
[2026-07-21T05:38:46.952+0000] {processor.py:830} INFO - Processing file /opt/airflow/dags/scd.py for tasks to queue
[2026-07-21T05:38:46.954+0000] {logging_mixin.py:188} INFO - [2026-07-21T05:38:46.954+0000] {dagbag.py:545} INFO - Filling up the DagBag from /opt/airflow/dags/scd.py
[2026-07-21T05:38:46.983+0000] {processor.py:840} INFO - DAG(s) 'SCD2_snapshots' retrieved from /opt/airflow/dags/scd.py
[2026-07-21T05:38:47.022+0000] {logging_mixin.py:188} INFO - [2026-07-21T05:38:47.021+0000] {dag.py:3089} INFO - Sync 1 DAGs
[2026-07-21T05:38:47.056+0000] {logging_mixin.py:188} INFO - [2026-07-21T05:38:47.056+0000] {dag.py:3947} INFO - Setting next_dagrun for SCD2_snapshots to 2026-07-21 00:00:00+00:00, run_after=2026-07-22 00:00:00+00:00
[2026-07-21T05:38:47.091+0000] {processor.py:183} INFO - Processing /opt/airflow/dags/scd.py took 0.148 seconds
[2026-07-21T05:39:17.291+0000] {processor.py:161} INFO - Started process (PID=3890) to work on /opt/airflow/dags/scd.py
[2026-07-21T05:39:17.293+0000] {processor.py:830} INFO - Processing file /opt/airflow/dags/scd.py for tasks to queue
[2026-07-21T05:39:17.296+0000] {logging_mixin.py:188} INFO - [2026-07-21T05:39:17.295+0000] {dagbag.py:545} INFO - Filling up the DagBag from /opt/airflow/dags/scd.py
[2026-07-21T05:39:17.327+0000] {processor.py:840} INFO - DAG(s) 'SCD2_snapshots' retrieved from /opt/airflow/dags/scd.py
[2026-07-21T05:39:17.372+0000] {logging_mixin.py:188} INFO - [2026-07-21T05:39:17.371+0000] {dag.py:3089} INFO - Sync 1 DAGs
[2026-07-21T05:39:17.399+0000] {logging_mixin.py:188} INFO - [2026-07-21T05:39:17.398+0000] {dag.py:3947} INFO - Setting next_dagrun for SCD2_snapshots to 2026-07-21 00:00:00+00:00, run_after=2026-07-22 00:00:00+00:00
[2026-07-21T05:39:17.420+0000] {processor.py:183} INFO - Processing /opt/airflow/dags/scd.py took 0.139 seconds
[2026-07-21T05:39:47.693+0000] {processor.py:161} INFO - Started process (PID=3895) to work on /opt/airflow/dags/scd.py
[2026-07-21T05:39:47.696+0000] {processor.py:830} INFO - Processing file /opt/airflow/dags/scd.py for tasks to queue
[2026-07-21T05:39:47.699+0000] {logging_mixin.py:188} INFO - [2026-07-21T05:39:47.698+0000] {dagbag.py:545} INFO - Filling up the DagBag from /opt/airflow/dags/scd.py
[2026-07-21T05:39:47.733+0000] {processor.py:840} INFO - DAG(s) 'SCD2_snapshots' retrieved from /opt/airflow/dags/scd.py
[2026-07-21T05:39:47.773+0000] {logging_mixin.py:188} INFO - [2026-07-21T05:39:47.773+0000] {dag.py:3089} INFO - Sync 1 DAGs
[2026-07-21T05:39:47.807+0000] {logging_mixin.py:188} INFO - [2026-07-21T05:39:47.806+0000] {dag.py:3947} INFO - Setting next_dagrun for SCD2_snapshots to 2026-07-21 00:00:00+00:00, run_after=2026-07-22 00:00:00+00:00
[2026-07-21T05:39:47.836+0000] {processor.py:183} INFO - Processing /opt/airflow/dags/scd.py took 0.151 seconds
[2026-07-21T05:40:18.075+0000] {processor.py:161} INFO - Started process (PID=3900) to work on /opt/airflow/dags/scd.py
[2026-07-21T05:40:18.077+0000] {processor.py:830} INFO - Processing file /opt/airflow/dags/scd.py for tasks to queue
[2026-07-21T05:40:18.080+0000] {logging_mixin.py:188} INFO - [2026-07-21T05:40:18.080+0000] {dagbag.py:545} INFO - Filling up the DagBag from /opt/airflow/dags/scd.py
[2026-07-21T05:40:18.113+0000] {processor.py:840} INFO - DAG(s) 'SCD2_snapshots' retrieved from /opt/airflow/dags/scd.py
[2026-07-21T05:40:18.150+0000] {logging_mixin.py:188} INFO - [2026-07-21T05:40:18.149+0000] {dag.py:3089} INFO - Sync 1 DAGs
[2026-07-21T05:40:18.179+0000] {logging_mixin.py:188} INFO - [2026-07-21T05:40:18.179+0000] {dag.py:3947} INFO - Setting next_dagrun for SCD2_snapshots to 2026-07-21 00:00:00+00:00, run_after=2026-07-22 00:00:00+00:00
[2026-07-21T05:40:18.205+0000] {processor.py:183} INFO - Processing /opt/airflow/dags/scd.py took 0.144 seconds
[2026-07-21T05:40:48.349+0000] {processor.py:161} INFO - Started process (PID=3905) to work on /opt/airflow/dags/scd.py
[2026-07-21T05:40:48.351+0000] {processor.py:830} INFO - Processing file /opt/airflow/dags/scd.py for tasks to queue
[2026-07-21T05:40:48.353+0000] {logging_mixin.py:188} INFO - [2026-07-21T05:40:48.352+0000] {dagbag.py:545} INFO - Filling up the DagBag from /opt/airflow/dags/scd.py
[2026-07-21T05:40:48.382+0000] {processor.py:840} INFO - DAG(s) 'SCD2_snapshots' retrieved from /opt/airflow/dags/scd.py
[2026-07-21T05:40:48.421+0000] {logging_mixin.py:188} INFO - [2026-07-21T05:40:48.421+0000] {dag.py:3089} INFO - Sync 1 DAGs
[2026-07-21T05:40:48.447+0000] {logging_mixin.py:188} INFO - [2026-07-21T05:40:48.447+0000] {dag.py:3947} INFO - Setting next_dagrun for SCD2_snapshots to 2026-07-21 00:00:00+00:00, run_after=2026-07-22 00:00:00+00:00
[2026-07-21T05:40:48.470+0000] {processor.py:183} INFO - Processing /opt/airflow/dags/scd.py took 0.128 seconds
[2026-07-21T05:41:18.671+0000] {processor.py:161} INFO - Started process (PID=3910) to work on /opt/airflow/dags/scd.py
[2026-07-21T05:41:18.672+0000] {processor.py:830} INFO - Processing file /opt/airflow/dags/scd.py for tasks to queue
[2026-07-21T05:41:18.675+0000] {logging_mixin.py:188} INFO - [2026-07-21T05:41:18.675+0000] {dagbag.py:545} INFO - Filling up the DagBag from /opt/airflow/dags/scd.py
[2026-07-21T05:41:18.708+0000] {processor.py:840} INFO - DAG(s) 'SCD2_snapshots' retrieved from /opt/airflow/dags/scd.py
[2026-07-21T05:41:18.747+0000] {logging_mixin.py:188} INFO - [2026-07-21T05:41:18.746+0000] {dag.py:3089} INFO - Sync 1 DAGs
[2026-07-21T05:41:18.772+0000] {logging_mixin.py:188} INFO - [2026-07-21T05:41:18.772+0000] {dag.py:3947} INFO - Setting next_dagrun for SCD2_snapshots to 2026-07-21 00:00:00+00:00, run_after=2026-07-22 00:00:00+00:00
[2026-07-21T05:41:18.796+0000] {processor.py:183} INFO - Processing /opt/airflow/dags/scd.py took 0.133 seconds
[2026-07-21T05:41:49.168+0000] {processor.py:161} INFO - Started process (PID=3911) to work on /opt/airflow/dags/scd.py
[2026-07-21T05:41:49.170+0000] {processor.py:830} INFO - Processing file /opt/airflow/dags/scd.py for tasks to queue
[2026-07-21T05:41:49.173+0000] {logging_mixin.py:188} INFO - [2026-07-21T05:41:49.172+0000] {dagbag.py:545} INFO - Filling up the DagBag from /opt/airflow/dags/scd.py
[2026-07-21T05:41:49.213+0000] {processor.py:840} INFO - DAG(s) 'SCD2_snapshots' retrieved from /opt/airflow/dags/scd.py
[2026-07-21T05:41:49.267+0000] {logging_mixin.py:188} INFO - [2026-07-21T05:41:49.267+0000] {dag.py:3089} INFO - Sync 1 DAGs
[2026-07-21T05:41:49.305+0000] {logging_mixin.py:188} INFO - [2026-07-21T05:41:49.305+0000] {dag.py:3947} INFO - Setting next_dagrun for SCD2_snapshots to 2026-07-21 00:00:00+00:00, run_after=2026-07-22 00:00:00+00:00
[2026-07-21T05:41:49.335+0000] {processor.py:183} INFO - Processing /opt/airflow/dags/scd.py took 0.182 seconds
[2026-07-21T05:42:19.778+0000] {processor.py:161} INFO - Started process (PID=3916) to work on /opt/airflow/dags/scd.py
[2026-07-21T05:42:19.780+0000] {processor.py:830} INFO - Processing file /opt/airflow/dags/scd.py for tasks to queue
[2026-07-21T05:42:19.784+0000] {logging_mixin.py:188} INFO - [2026-07-21T05:42:19.784+0000] {dagbag.py:545} INFO - Filling up the DagBag from /opt/airflow/dags/scd.py
[2026-07-21T05:42:19.841+0000] {processor.py:840} INFO - DAG(s) 'SCD2_snapshots' retrieved from /opt/airflow/dags/scd.py
[2026-07-21T05:42:19.891+0000] {logging_mixin.py:188} INFO - [2026-07-21T05:42:19.891+0000] {dag.py:3089} INFO - Sync 1 DAGs
[2026-07-21T05:42:20.002+0000] {logging_mixin.py:188} INFO - [2026-07-21T05:42:20.002+0000] {dag.py:3947} INFO - Setting next_dagrun for SCD2_snapshots to 2026-07-21 00:00:00+00:00, run_after=2026-07-22 00:00:00+00:00
[2026-07-21T05:42:20.063+0000] {processor.py:183} INFO - Processing /opt/airflow/dags/scd.py took 0.298 seconds
[2026-07-21T05:42:50.216+0000] {processor.py:161} INFO - Started process (PID=3921) to work on /opt/airflow/dags/scd.py
[2026-07-21T05:42:50.217+0000] {processor.py:830} INFO - Processing file /opt/airflow/dags/scd.py for tasks to queue
[2026-07-21T05:42:50.220+0000] {logging_mixin.py:188} INFO - [2026-07-21T05:42:50.219+0000] {dagbag.py:545} INFO - Filling up the DagBag from /opt/airflow/dags/scd.py
[2026-07-21T05:42:50.261+0000] {processor.py:840} INFO - DAG(s) 'SCD2_snapshots' retrieved from /opt/airflow/dags/scd.py
[2026-07-21T05:42:50.310+0000] {logging_mixin.py:188} INFO - [2026-07-21T05:42:50.310+0000] {dag.py:3089} INFO - Sync 1 DAGs
[2026-07-21T05:42:50.346+0000] {logging_mixin.py:188} INFO - [2026-07-21T05:42:50.346+0000] {dag.py:3947} INFO - Setting next_dagrun for SCD2_snapshots to 2026-07-21 00:00:00+00:00, run_after=2026-07-22 00:00:00+00:00
[2026-07-21T05:42:50.379+0000] {processor.py:183} INFO - Processing /opt/airflow/dags/scd.py took 0.176 seconds
[2026-07-21T05:43:20.848+0000] {processor.py:161} INFO - Started process (PID=3926) to work on /opt/airflow/dags/scd.py
[2026-07-21T05:43:20.850+0000] {processor.py:830} INFO - Processing file /opt/airflow/dags/scd.py for tasks to queue
[2026-07-21T05:43:20.856+0000] {logging_mixin.py:188} INFO - [2026-07-21T05:43:20.853+0000] {dagbag.py:545} INFO - Filling up the DagBag from /opt/airflow/dags/scd.py
[2026-07-21T05:43:20.894+0000] {processor.py:840} INFO - DAG(s) 'SCD2_snapshots' retrieved from /opt/airflow/dags/scd.py
[2026-07-21T05:43:20.943+0000] {logging_mixin.py:188} INFO - [2026-07-21T05:43:20.942+0000] {dag.py:3089} INFO - Sync 1 DAGs
[2026-07-21T05:43:20.975+0000] {logging_mixin.py:188} INFO - [2026-07-21T05:43:20.974+0000] {dag.py:3947} INFO - Setting next_dagrun for SCD2_snapshots to 2026-07-21 00:00:00+00:00, run_after=2026-07-22 00:00:00+00:00
[2026-07-21T05:43:21.000+0000] {processor.py:183} INFO - Processing /opt/airflow/dags/scd.py took 0.166 seconds
[2026-07-21T05:43:51.466+0000] {processor.py:161} INFO - Started process (PID=3931) to work on /opt/airflow/dags/scd.py
[2026-07-21T05:43:51.475+0000] {processor.py:830} INFO - Processing file /opt/airflow/dags/scd.py for tasks to queue
[2026-07-21T05:43:51.480+0000] {logging_mixin.py:188} INFO - [2026-07-21T05:43:51.480+0000] {dagbag.py:545} INFO - Filling up the DagBag from /opt/airflow/dags/scd.py
[2026-07-21T05:43:51.543+0000] {processor.py:840} INFO - DAG(s) 'SCD2_snapshots' retrieved from /opt/airflow/dags/scd.py
[2026-07-21T05:43:51.611+0000] {logging_mixin.py:188} INFO - [2026-07-21T05:43:51.611+0000] {dag.py:3089} INFO - Sync 1 DAGs
[2026-07-21T05:43:51.661+0000] {logging_mixin.py:188} INFO - [2026-07-21T05:43:51.660+0000] {dag.py:3947} INFO - Setting next_dagrun for SCD2_snapshots to 2026-07-21 00:00:00+00:00, run_after=2026-07-22 00:00:00+00:00
[2026-07-21T05:43:51.706+0000] {processor.py:183} INFO - Processing /opt/airflow/dags/scd.py took 0.275 seconds
[2026-07-21T05:44:22.148+0000] {processor.py:161} INFO - Started process (PID=3936) to work on /opt/airflow/dags/scd.py
[2026-07-21T05:44:22.150+0000] {processor.py:830} INFO - Processing file /opt/airflow/dags/scd.py for tasks to queue
[2026-07-21T05:44:22.155+0000] {logging_mixin.py:188} INFO - [2026-07-21T05:44:22.155+0000] {dagbag.py:545} INFO - Filling up the DagBag from /opt/airflow/dags/scd.py
[2026-07-21T05:44:22.194+0000] {processor.py:840} INFO - DAG(s) 'SCD2_snapshots' retrieved from /opt/airflow/dags/scd.py
[2026-07-21T05:44:22.242+0000] {logging_mixin.py:188} INFO - [2026-07-21T05:44:22.242+0000] {dag.py:3089} INFO - Sync 1 DAGs
[2026-07-21T05:44:22.269+0000] {logging_mixin.py:188} INFO - [2026-07-21T05:44:22.268+0000] {dag.py:3947} INFO - Setting next_dagrun for SCD2_snapshots to 2026-07-21 00:00:00+00:00, run_after=2026-07-22 00:00:00+00:00
[2026-07-21T05:44:22.291+0000] {processor.py:183} INFO - Processing /opt/airflow/dags/scd.py took 0.154 seconds
[2026-07-21T05:44:52.437+0000] {processor.py:161} INFO - Started process (PID=3941) to work on /opt/airflow/dags/scd.py
[2026-07-21T05:44:52.439+0000] {processor.py:830} INFO - Processing file /opt/airflow/dags/scd.py for tasks to queue
[2026-07-21T05:44:52.442+0000] {logging_mixin.py:188} INFO - [2026-07-21T05:44:52.442+0000] {dagbag.py:545} INFO - Filling up the DagBag from /opt/airflow/dags/scd.py
[2026-07-21T05:44:52.470+0000] {processor.py:840} INFO - DAG(s) 'SCD2_snapshots' retrieved from /opt/airflow/dags/scd.py
[2026-07-21T05:44:52.509+0000] {logging_mixin.py:188} INFO - [2026-07-21T05:44:52.508+0000] {dag.py:3089} INFO - Sync 1 DAGs
[2026-07-21T05:44:52.544+0000] {logging_mixin.py:188} INFO - [2026-07-21T05:44:52.543+0000] {dag.py:3947} INFO - Setting next_dagrun for SCD2_snapshots to 2026-07-21 00:00:00+00:00, run_after=2026-07-22 00:00:00+00:00
[2026-07-21T05:44:52.572+0000] {processor.py:183} INFO - Processing /opt/airflow/dags/scd.py took 0.143 seconds
[2026-07-21T05:45:22.649+0000] {processor.py:161} INFO - Started process (PID=3946) to work on /opt/airflow/dags/scd.py
[2026-07-21T05:45:22.651+0000] {processor.py:830} INFO - Processing file /opt/airflow/dags/scd.py for tasks to queue
[2026-07-21T05:45:22.653+0000] {logging_mixin.py:188} INFO - [2026-07-21T05:45:22.653+0000] {dagbag.py:545} INFO - Filling up the DagBag from /opt/airflow/dags/scd.py
[2026-07-21T05:45:22.680+0000] {processor.py:840} INFO - DAG(s) 'SCD2_snapshots' retrieved from /opt/airflow/dags/scd.py
[2026-07-21T05:45:22.718+0000] {logging_mixin.py:188} INFO - [2026-07-21T05:45:22.717+0000] {dag.py:3089} INFO - Sync 1 DAGs
[2026-07-21T05:45:22.744+0000] {logging_mixin.py:188} INFO - [2026-07-21T05:45:22.743+0000] {dag.py:3947} INFO - Setting next_dagrun for SCD2_snapshots to 2026-07-21 00:00:00+00:00, run_after=2026-07-22 00:00:00+00:00
[2026-07-21T05:45:22.772+0000] {processor.py:183} INFO - Processing /opt/airflow/dags/scd.py took 0.131 seconds
[2026-07-21T05:45:53.120+0000] {processor.py:161} INFO - Started process (PID=3951) to work on /opt/airflow/dags/scd.py
[2026-07-21T05:45:53.122+0000] {processor.py:830} INFO - Processing file /opt/airflow/dags/scd.py for tasks to queue
[2026-07-21T05:45:53.124+0000] {logging_mixin.py:188} INFO - [2026-07-21T05:45:53.124+0000] {dagbag.py:545} INFO - Filling up the DagBag from /opt/airflow/dags/scd.py
[2026-07-21T05:45:53.148+0000] {processor.py:840} INFO - DAG(s) 'SCD2_snapshots' retrieved from /opt/airflow/dags/scd.py
[2026-07-21T05:45:53.185+0000] {logging_mixin.py:188} INFO - [2026-07-21T05:45:53.185+0000] {dag.py:3089} INFO - Sync 1 DAGs
[2026-07-21T05:45:53.212+0000] {logging_mixin.py:188} INFO - [2026-07-21T05:45:53.212+0000] {dag.py:3947} INFO - Setting next_dagrun for SCD2_snapshots to 2026-07-21 00:00:00+00:00, run_after=2026-07-22 00:00:00+00:00
[2026-07-21T05:45:53.238+0000] {processor.py:183} INFO - Processing /opt/airflow/dags/scd.py took 0.125 seconds
[2026-07-21T05:46:23.329+0000] {processor.py:161} INFO - Started process (PID=3956) to work on /opt/airflow/dags/scd.py
[2026-07-21T05:46:23.330+0000] {processor.py:830} INFO - Processing file /opt/airflow/dags/scd.py for tasks to queue
[2026-07-21T05:46:23.333+0000] {logging_mixin.py:188} INFO - [2026-07-21T05:46:23.332+0000] {dagbag.py:545} INFO - Filling up the DagBag from /opt/airflow/dags/scd.py
[2026-07-21T05:46:23.361+0000] {processor.py:840} INFO - DAG(s) 'SCD2_snapshots' retrieved from /opt/airflow/dags/scd.py
[2026-07-21T05:46:23.405+0000] {logging_mixin.py:188} INFO - [2026-07-21T05:46:23.404+0000] {dag.py:3089} INFO - Sync 1 DAGs
[2026-07-21T05:46:23.440+0000] {logging_mixin.py:188} INFO - [2026-07-21T05:46:23.439+0000] {dag.py:3947} INFO - Setting next_dagrun for SCD2_snapshots to 2026-07-21 00:00:00+00:00, run_after=2026-07-22 00:00:00+00:00
[2026-07-21T05:46:23.465+0000] {processor.py:183} INFO - Processing /opt/airflow/dags/scd.py took 0.144 seconds
[2026-07-21T05:46:53.785+0000] {processor.py:161} INFO - Started process (PID=3961) to work on /opt/airflow/dags/scd.py
[2026-07-21T05:46:53.786+0000] {processor.py:830} INFO - Processing file /opt/airflow/dags/scd.py for tasks to queue
[2026-07-21T05:46:53.789+0000] {logging_mixin.py:188} INFO - [2026-07-21T05:46:53.788+0000] {dagbag.py:545} INFO - Filling up the DagBag from /opt/airflow/dags/scd.py
[2026-07-21T05:46:53.817+0000] {processor.py:840} INFO - DAG(s) 'SCD2_snapshots' retrieved from /opt/airflow/dags/scd.py
[2026-07-21T05:46:53.854+0000] {logging_mixin.py:188} INFO - [2026-07-21T05:46:53.854+0000] {dag.py:3089} INFO - Sync 1 DAGs
[2026-07-21T05:46:53.879+0000] {logging_mixin.py:188} INFO - [2026-07-21T05:46:53.879+0000] {dag.py:3947} INFO - Setting next_dagrun for SCD2_snapshots to 2026-07-21 00:00:00+00:00, run_after=2026-07-22 00:00:00+00:00
[2026-07-21T05:46:53.905+0000] {processor.py:183} INFO - Processing /opt/airflow/dags/scd.py took 0.128 seconds
[2026-07-21T05:47:24.067+0000] {processor.py:161} INFO - Started process (PID=3966) to work on /opt/airflow/dags/scd.py
[2026-07-21T05:47:24.076+0000] {processor.py:830} INFO - Processing file /opt/airflow/dags/scd.py for tasks to queue
[2026-07-21T05:47:24.081+0000] {logging_mixin.py:188} INFO - [2026-07-21T05:47:24.080+0000] {dagbag.py:545} INFO - Filling up the DagBag from /opt/airflow/dags/scd.py
[2026-07-21T05:47:24.181+0000] {processor.py:840} INFO - DAG(s) 'SCD2_snapshots' retrieved from /opt/airflow/dags/scd.py
[2026-07-21T05:47:24.295+0000] {logging_mixin.py:188} INFO - [2026-07-21T05:47:24.294+0000] {dag.py:3089} INFO - Sync 1 DAGs
[2026-07-21T05:47:24.372+0000] {logging_mixin.py:188} INFO - [2026-07-21T05:47:24.372+0000] {dag.py:3947} INFO - Setting next_dagrun for SCD2_snapshots to 2026-07-21 00:00:00+00:00, run_after=2026-07-22 00:00:00+00:00
[2026-07-21T05:47:24.422+0000] {processor.py:183} INFO - Processing /opt/airflow/dags/scd.py took 0.387 seconds
[2026-07-21T05:47:54.869+0000] {processor.py:161} INFO - Started process (PID=3971) to work on /opt/airflow/dags/scd.py
[2026-07-21T05:47:54.871+0000] {processor.py:830} INFO - Processing file /opt/airflow/dags/scd.py for tasks to queue
[2026-07-21T05:47:54.874+0000] {logging_mixin.py:188} INFO - [2026-07-21T05:47:54.873+0000] {dagbag.py:545} INFO - Filling up the DagBag from /opt/airflow/dags/scd.py
[2026-07-21T05:47:54.922+0000] {processor.py:840} INFO - DAG(s) 'SCD2_snapshots' retrieved from /opt/airflow/dags/scd.py
[2026-07-21T05:47:54.970+0000] {logging_mixin.py:188} INFO - [2026-07-21T05:47:54.970+0000] {dag.py:3089} INFO - Sync 1 DAGs
[2026-07-21T05:47:55.006+0000] {logging_mixin.py:188} INFO - [2026-07-21T05:47:55.005+0000] {dag.py:3947} INFO - Setting next_dagrun for SCD2_snapshots to 2026-07-21 00:00:00+00:00, run_after=2026-07-22 00:00:00+00:00
[2026-07-21T05:47:55.037+0000] {processor.py:183} INFO - Processing /opt/airflow/dags/scd.py took 0.174 seconds
[2026-07-21T05:48:25.332+0000] {processor.py:161} INFO - Started process (PID=3976) to work on /opt/airflow/dags/scd.py
[2026-07-21T05:48:25.333+0000] {processor.py:830} INFO - Processing file /opt/airflow/dags/scd.py for tasks to queue
[2026-07-21T05:48:25.336+0000] {logging_mixin.py:188} INFO - [2026-07-21T05:48:25.335+0000] {dagbag.py:545} INFO - Filling up the DagBag from /opt/airflow/dags/scd.py
[2026-07-21T05:48:25.372+0000] {processor.py:840} INFO - DAG(s) 'SCD2_snapshots' retrieved from /opt/airflow/dags/scd.py
[2026-07-21T05:48:25.413+0000] {logging_mixin.py:188} INFO - [2026-07-21T05:48:25.412+0000] {dag.py:3089} INFO - Sync 1 DAGs
[2026-07-21T05:48:25.441+0000] {logging_mixin.py:188} INFO - [2026-07-21T05:48:25.441+0000] {dag.py:3947} INFO - Setting next_dagrun for SCD2_snapshots to 2026-07-21 00:00:00+00:00, run_after=2026-07-22 00:00:00+00:00
[2026-07-21T05:48:25.468+0000] {processor.py:183} INFO - Processing /opt/airflow/dags/scd.py took 0.144 seconds
[2026-07-21T05:48:55.623+0000] {processor.py:161} INFO - Started process (PID=3981) to work on /opt/airflow/dags/scd.py
[2026-07-21T05:48:55.625+0000] {processor.py:830} INFO - Processing file /opt/airflow/dags/scd.py for tasks to queue
[2026-07-21T05:48:55.627+0000] {logging_mixin.py:188} INFO - [2026-07-21T05:48:55.627+0000] {dagbag.py:545} INFO - Filling up the DagBag from /opt/airflow/dags/scd.py
[2026-07-21T05:48:55.653+0000] {processor.py:840} INFO - DAG(s) 'SCD2_snapshots' retrieved from /opt/airflow/dags/scd.py
[2026-07-21T05:48:55.691+0000] {logging_mixin.py:188} INFO - [2026-07-21T05:48:55.690+0000] {dag.py:3089} INFO - Sync 1 DAGs
[2026-07-21T05:48:55.717+0000] {logging_mixin.py:188} INFO - [2026-07-21T05:48:55.717+0000] {dag.py:3947} INFO - Setting next_dagrun for SCD2_snapshots to 2026-07-21 00:00:00+00:00, run_after=2026-07-22 00:00:00+00:00
[2026-07-21T05:48:55.744+0000] {processor.py:183} INFO - Processing /opt/airflow/dags/scd.py took 0.128 seconds
[2026-07-21T05:49:26.025+0000] {processor.py:161} INFO - Started process (PID=3986) to work on /opt/airflow/dags/scd.py
[2026-07-21T05:49:26.026+0000] {processor.py:830} INFO - Processing file /opt/airflow/dags/scd.py for tasks to queue
[2026-07-21T05:49:26.029+0000] {logging_mixin.py:188} INFO - [2026-07-21T05:49:26.028+0000] {dagbag.py:545} INFO - Filling up the DagBag from /opt/airflow/dags/scd.py
[2026-07-21T05:49:26.058+0000] {processor.py:840} INFO - DAG(s) 'SCD2_snapshots' retrieved from /opt/airflow/dags/scd.py
[2026-07-21T05:49:26.100+0000] {logging_mixin.py:188} INFO - [2026-07-21T05:49:26.099+0000] {dag.py:3089} INFO - Sync 1 DAGs
[2026-07-21T05:49:26.126+0000] {logging_mixin.py:188} INFO - [2026-07-21T05:49:26.126+0000] {dag.py:3947} INFO - Setting next_dagrun for SCD2_snapshots to 2026-07-21 00:00:00+00:00, run_after=2026-07-22 00:00:00+00:00
[2026-07-21T05:49:26.147+0000] {processor.py:183} INFO - Processing /opt/airflow/dags/scd.py took 0.130 seconds
[2026-07-21T05:49:56.350+0000] {processor.py:161} INFO - Started process (PID=3991) to work on /opt/airflow/dags/scd.py
[2026-07-21T05:49:56.355+0000] {processor.py:830} INFO - Processing file /opt/airflow/dags/scd.py for tasks to queue
[2026-07-21T05:49:56.360+0000] {logging_mixin.py:188} INFO - [2026-07-21T05:49:56.359+0000] {dagbag.py:545} INFO - Filling up the DagBag from /opt/airflow/dags/scd.py
[2026-07-21T05:49:56.403+0000] {processor.py:840} INFO - DAG(s) 'SCD2_snapshots' retrieved from /opt/airflow/dags/scd.py
[2026-07-21T05:49:56.542+0000] {logging_mixin.py:188} INFO - [2026-07-21T05:49:56.542+0000] {dag.py:3089} INFO - Sync 1 DAGs
[2026-07-21T05:49:56.655+0000] {logging_mixin.py:188} INFO - [2026-07-21T05:49:56.654+0000] {dag.py:3947} INFO - Setting next_dagrun for SCD2_snapshots to 2026-07-21 00:00:00+00:00, run_after=2026-07-22 00:00:00+00:00
[2026-07-21T05:49:56.706+0000] {processor.py:183} INFO - Processing /opt/airflow/dags/scd.py took 0.367 seconds
[2026-07-21T05:50:26.893+0000] {processor.py:161} INFO - Started process (PID=3996) to work on /opt/airflow/dags/scd.py
[2026-07-21T05:50:26.895+0000] {processor.py:830} INFO - Processing file /opt/airflow/dags/scd.py for tasks to queue
[2026-07-21T05:50:26.899+0000] {logging_mixin.py:188} INFO - [2026-07-21T05:50:26.898+0000] {dagbag.py:545} INFO - Filling up the DagBag from /opt/airflow/dags/scd.py
[2026-07-21T05:50:26.932+0000] {processor.py:840} INFO - DAG(s) 'SCD2_snapshots' retrieved from /opt/airflow/dags/scd.py
[2026-07-21T05:50:26.970+0000] {logging_mixin.py:188} INFO - [2026-07-21T05:50:26.970+0000] {dag.py:3089} INFO - Sync 1 DAGs
[2026-07-21T05:50:26.996+0000] {logging_mixin.py:188} INFO - [2026-07-21T05:50:26.996+0000] {dag.py:3947} INFO - Setting next_dagrun for SCD2_snapshots to 2026-07-21 00:00:00+00:00, run_after=2026-07-22 00:00:00+00:00
[2026-07-21T05:50:27.024+0000] {processor.py:183} INFO - Processing /opt/airflow/dags/scd.py took 0.150 seconds
[2026-07-21T05:50:57.148+0000] {processor.py:161} INFO - Started process (PID=4001) to work on /opt/airflow/dags/scd.py
[2026-07-21T05:50:57.149+0000] {processor.py:830} INFO - Processing file /opt/airflow/dags/scd.py for tasks to queue
[2026-07-21T05:50:57.152+0000] {logging_mixin.py:188} INFO - [2026-07-21T05:50:57.152+0000] {dagbag.py:545} INFO - Filling up the DagBag from /opt/airflow/dags/scd.py
[2026-07-21T05:50:57.178+0000] {processor.py:840} INFO - DAG(s) 'SCD2_snapshots' retrieved from /opt/airflow/dags/scd.py
[2026-07-21T05:50:57.217+0000] {logging_mixin.py:188} INFO - [2026-07-21T05:50:57.217+0000] {dag.py:3089} INFO - Sync 1 DAGs
[2026-07-21T05:50:57.242+0000] {logging_mixin.py:188} INFO - [2026-07-21T05:50:57.242+0000] {dag.py:3947} INFO - Setting next_dagrun for SCD2_snapshots to 2026-07-21 00:00:00+00:00, run_after=2026-07-22 00:00:00+00:00
[2026-07-21T05:50:57.266+0000] {processor.py:183} INFO - Processing /opt/airflow/dags/scd.py took 0.126 seconds
[2026-07-21T05:51:27.465+0000] {processor.py:161} INFO - Started process (PID=4006) to work on /opt/airflow/dags/scd.py
[2026-07-21T05:51:27.467+0000] {processor.py:830} INFO - Processing file /opt/airflow/dags/scd.py for tasks to queue
[2026-07-21T05:51:27.469+0000] {logging_mixin.py:188} INFO - [2026-07-21T05:51:27.469+0000] {dagbag.py:545} INFO - Filling up the DagBag from /opt/airflow/dags/scd.py
[2026-07-21T05:51:27.498+0000] {processor.py:840} INFO - DAG(s) 'SCD2_snapshots' retrieved from /opt/airflow/dags/scd.py
[2026-07-21T05:51:27.543+0000] {logging_mixin.py:188} INFO - [2026-07-21T05:51:27.543+0000] {dag.py:3089} INFO - Sync 1 DAGs
[2026-07-21T05:51:27.580+0000] {logging_mixin.py:188} INFO - [2026-07-21T05:51:27.579+0000] {dag.py:3947} INFO - Setting next_dagrun for SCD2_snapshots to 2026-07-21 00:00:00+00:00, run_after=2026-07-22 00:00:00+00:00
[2026-07-21T05:51:27.604+0000] {processor.py:183} INFO - Processing /opt/airflow/dags/scd.py took 0.147 seconds
[2026-07-21T05:51:57.756+0000] {processor.py:161} INFO - Started process (PID=4011) to work on /opt/airflow/dags/scd.py
[2026-07-21T05:51:57.760+0000] {processor.py:830} INFO - Processing file /opt/airflow/dags/scd.py for tasks to queue
[2026-07-21T05:51:57.764+0000] {logging_mixin.py:188} INFO - [2026-07-21T05:51:57.763+0000] {dagbag.py:545} INFO - Filling up the DagBag from /opt/airflow/dags/scd.py
[2026-07-21T05:51:57.794+0000] {processor.py:840} INFO - DAG(s) 'SCD2_snapshots' retrieved from /opt/airflow/dags/scd.py
[2026-07-21T05:51:57.834+0000] {logging_mixin.py:188} INFO - [2026-07-21T05:51:57.834+0000] {dag.py:3089} INFO - Sync 1 DAGs
[2026-07-21T05:51:57.862+0000] {logging_mixin.py:188} INFO - [2026-07-21T05:51:57.862+0000] {dag.py:3947} INFO - Setting next_dagrun for SCD2_snapshots to 2026-07-21 00:00:00+00:00, run_after=2026-07-22 00:00:00+00:00
[2026-07-21T05:51:57.887+0000] {processor.py:183} INFO - Processing /opt/airflow/dags/scd.py took 0.140 seconds
[2026-07-21T05:52:28.220+0000] {processor.py:161} INFO - Started process (PID=4016) to work on /opt/airflow/dags/scd.py
[2026-07-21T05:52:28.221+0000] {processor.py:830} INFO - Processing file /opt/airflow/dags/scd.py for tasks to queue
[2026-07-21T05:52:28.224+0000] {logging_mixin.py:188} INFO - [2026-07-21T05:52:28.224+0000] {dagbag.py:545} INFO - Filling up the DagBag from /opt/airflow/dags/scd.py
[2026-07-21T05:52:28.254+0000] {processor.py:840} INFO - DAG(s) 'SCD2_snapshots' retrieved from /opt/airflow/dags/scd.py
[2026-07-21T05:52:28.291+0000] {logging_mixin.py:188} INFO - [2026-07-21T05:52:28.291+0000] {dag.py:3089} INFO - Sync 1 DAGs
[2026-07-21T05:52:28.325+0000] {logging_mixin.py:188} INFO - [2026-07-21T05:52:28.325+0000] {dag.py:3947} INFO - Setting next_dagrun for SCD2_snapshots to 2026-07-21 00:00:00+00:00, run_after=2026-07-22 00:00:00+00:00
[2026-07-21T05:52:28.359+0000] {processor.py:183} INFO - Processing /opt/airflow/dags/scd.py took 0.147 seconds
[2026-07-21T05:52:58.674+0000] {processor.py:161} INFO - Started process (PID=4021) to work on /opt/airflow/dags/scd.py
[2026-07-21T05:52:58.676+0000] {processor.py:830} INFO - Processing file /opt/airflow/dags/scd.py for tasks to queue
[2026-07-21T05:52:58.679+0000] {logging_mixin.py:188} INFO - [2026-07-21T05:52:58.679+0000] {dagbag.py:545} INFO - Filling up the DagBag from /opt/airflow/dags/scd.py
[2026-07-21T05:52:58.721+0000] {processor.py:840} INFO - DAG(s) 'SCD2_snapshots' retrieved from /opt/airflow/dags/scd.py
[2026-07-21T05:52:58.768+0000] {logging_mixin.py:188} INFO - [2026-07-21T05:52:58.768+0000] {dag.py:3089} INFO - Sync 1 DAGs
[2026-07-21T05:52:58.810+0000] {logging_mixin.py:188} INFO - [2026-07-21T05:52:58.810+0000] {dag.py:3947} INFO - Setting next_dagrun for SCD2_snapshots to 2026-07-21 00:00:00+00:00, run_after=2026-07-22 00:00:00+00:00
[2026-07-21T05:52:58.837+0000] {processor.py:183} INFO - Processing /opt/airflow/dags/scd.py took 0.177 seconds
[2026-07-21T05:53:29.156+0000] {processor.py:161} INFO - Started process (PID=4026) to work on /opt/airflow/dags/scd.py
[2026-07-21T05:53:29.158+0000] {processor.py:830} INFO - Processing file /opt/airflow/dags/scd.py for tasks to queue
[2026-07-21T05:53:29.164+0000] {logging_mixin.py:188} INFO - [2026-07-21T05:53:29.163+0000] {dagbag.py:545} INFO - Filling up the DagBag from /opt/airflow/dags/scd.py
[2026-07-21T05:53:29.203+0000] {processor.py:840} INFO - DAG(s) 'SCD2_snapshots' retrieved from /opt/airflow/dags/scd.py
[2026-07-21T05:53:29.258+0000] {logging_mixin.py:188} INFO - [2026-07-21T05:53:29.258+0000] {dag.py:3089} INFO - Sync 1 DAGs
[2026-07-21T05:53:29.306+0000] {logging_mixin.py:188} INFO - [2026-07-21T05:53:29.306+0000] {dag.py:3947} INFO - Setting next_dagrun for SCD2_snapshots to 2026-07-21 00:00:00+00:00, run_after=2026-07-22 00:00:00+00:00
[2026-07-21T05:53:29.336+0000] {processor.py:183} INFO - Processing /opt/airflow/dags/scd.py took 0.198 seconds
[2026-07-21T05:53:59.594+0000] {processor.py:161} INFO - Started process (PID=4031) to work on /opt/airflow/dags/scd.py
[2026-07-21T05:53:59.598+0000] {processor.py:830} INFO - Processing file /opt/airflow/dags/scd.py for tasks to queue
[2026-07-21T05:53:59.603+0000] {logging_mixin.py:188} INFO - [2026-07-21T05:53:59.602+0000] {dagbag.py:545} INFO - Filling up the DagBag from /opt/airflow/dags/scd.py
[2026-07-21T05:53:59.662+0000] {processor.py:840} INFO - DAG(s) 'SCD2_snapshots' retrieved from /opt/airflow/dags/scd.py
[2026-07-21T05:53:59.746+0000] {logging_mixin.py:188} INFO - [2026-07-21T05:53:59.745+0000] {dag.py:3089} INFO - Sync 1 DAGs
[2026-07-21T05:53:59.796+0000] {logging_mixin.py:188} INFO - [2026-07-21T05:53:59.795+0000] {dag.py:3947} INFO - Setting next_dagrun for SCD2_snapshots to 2026-07-21 00:00:00+00:00, run_after=2026-07-22 00:00:00+00:00
[2026-07-21T05:53:59.841+0000] {processor.py:183} INFO - Processing /opt/airflow/dags/scd.py took 0.269 seconds
[2026-07-21T05:54:30.139+0000] {processor.py:161} INFO - Started process (PID=4036) to work on /opt/airflow/dags/scd.py
[2026-07-21T05:54:30.142+0000] {processor.py:830} INFO - Processing file /opt/airflow/dags/scd.py for tasks to queue
[2026-07-21T05:54:30.146+0000] {logging_mixin.py:188} INFO - [2026-07-21T05:54:30.145+0000] {dagbag.py:545} INFO - Filling up the DagBag from /opt/airflow/dags/scd.py
[2026-07-21T05:54:30.182+0000] {processor.py:840} INFO - DAG(s) 'SCD2_snapshots' retrieved from /opt/airflow/dags/scd.py
[2026-07-21T05:54:30.230+0000] {logging_mixin.py:188} INFO - [2026-07-21T05:54:30.230+0000] {dag.py:3089} INFO - Sync 1 DAGs
[2026-07-21T05:54:30.259+0000] {logging_mixin.py:188} INFO - [2026-07-21T05:54:30.259+0000] {dag.py:3947} INFO - Setting next_dagrun for SCD2_snapshots to 2026-07-21 00:00:00+00:00, run_after=2026-07-22 00:00:00+00:00
[2026-07-21T05:54:30.284+0000] {processor.py:183} INFO - Processing /opt/airflow/dags/scd.py took 0.154 seconds
[2026-07-21T05:55:00.473+0000] {processor.py:161} INFO - Started process (PID=4041) to work on /opt/airflow/dags/scd.py
[2026-07-21T05:55:00.475+0000] {processor.py:830} INFO - Processing file /opt/airflow/dags/scd.py for tasks to queue
[2026-07-21T05:55:00.477+0000] {logging_mixin.py:188} INFO - [2026-07-21T05:55:00.477+0000] {dagbag.py:545} INFO - Filling up the DagBag from /opt/airflow/dags/scd.py
[2026-07-21T05:55:00.508+0000] {processor.py:840} INFO - DAG(s) 'SCD2_snapshots' retrieved from /opt/airflow/dags/scd.py
[2026-07-21T05:55:00.546+0000] {logging_mixin.py:188} INFO - [2026-07-21T05:55:00.546+0000] {dag.py:3089} INFO - Sync 1 DAGs
[2026-07-21T05:55:00.572+0000] {logging_mixin.py:188} INFO - [2026-07-21T05:55:00.572+0000] {dag.py:3947} INFO - Setting next_dagrun for SCD2_snapshots to 2026-07-21 00:00:00+00:00, run_after=2026-07-22 00:00:00+00:00
[2026-07-21T05:55:00.598+0000] {processor.py:183} INFO - Processing /opt/airflow/dags/scd.py took 0.135 seconds
[2026-07-21T05:55:30.854+0000] {processor.py:161} INFO - Started process (PID=4046) to work on /opt/airflow/dags/scd.py
[2026-07-21T05:55:30.856+0000] {processor.py:830} INFO - Processing file /opt/airflow/dags/scd.py for tasks to queue
[2026-07-21T05:55:30.859+0000] {logging_mixin.py:188} INFO - [2026-07-21T05:55:30.859+0000] {dagbag.py:545} INFO - Filling up the DagBag from /opt/airflow/dags/scd.py
[2026-07-21T05:55:30.888+0000] {processor.py:840} INFO - DAG(s) 'SCD2_snapshots' retrieved from /opt/airflow/dags/scd.py
[2026-07-21T05:55:30.928+0000] {logging_mixin.py:188} INFO - [2026-07-21T05:55:30.927+0000] {dag.py:3089} INFO - Sync 1 DAGs
[2026-07-21T05:55:30.963+0000] {logging_mixin.py:188} INFO - [2026-07-21T05:55:30.963+0000] {dag.py:3947} INFO - Setting next_dagrun for SCD2_snapshots to 2026-07-21 00:00:00+00:00, run_after=2026-07-22 00:00:00+00:00
[2026-07-21T05:55:30.992+0000] {processor.py:183} INFO - Processing /opt/airflow/dags/scd.py took 0.150 seconds
[2026-07-21T05:56:01.271+0000] {processor.py:161} INFO - Started process (PID=4051) to work on /opt/airflow/dags/scd.py
[2026-07-21T05:56:01.273+0000] {processor.py:830} INFO - Processing file /opt/airflow/dags/scd.py for tasks to queue
[2026-07-21T05:56:01.278+0000] {logging_mixin.py:188} INFO - [2026-07-21T05:56:01.277+0000] {dagbag.py:545} INFO - Filling up the DagBag from /opt/airflow/dags/scd.py
[2026-07-21T05:56:01.307+0000] {processor.py:840} INFO - DAG(s) 'SCD2_snapshots' retrieved from /opt/airflow/dags/scd.py
[2026-07-21T05:56:01.351+0000] {logging_mixin.py:188} INFO - [2026-07-21T05:56:01.350+0000] {dag.py:3089} INFO - Sync 1 DAGs
[2026-07-21T05:56:01.377+0000] {logging_mixin.py:188} INFO - [2026-07-21T05:56:01.376+0000] {dag.py:3947} INFO - Setting next_dagrun for SCD2_snapshots to 2026-07-21 00:00:00+00:00, run_after=2026-07-22 00:00:00+00:00
[2026-07-21T05:56:01.403+0000] {processor.py:183} INFO - Processing /opt/airflow/dags/scd.py took 0.145 seconds
[2026-07-21T05:56:31.559+0000] {processor.py:161} INFO - Started process (PID=4056) to work on /opt/airflow/dags/scd.py
[2026-07-21T05:56:31.561+0000] {processor.py:830} INFO - Processing file /opt/airflow/dags/scd.py for tasks to queue
[2026-07-21T05:56:31.563+0000] {logging_mixin.py:188} INFO - [2026-07-21T05:56:31.563+0000] {dagbag.py:545} INFO - Filling up the DagBag from /opt/airflow/dags/scd.py
[2026-07-21T05:56:31.592+0000] {processor.py:840} INFO - DAG(s) 'SCD2_snapshots' retrieved from /opt/airflow/dags/scd.py
[2026-07-21T05:56:31.633+0000] {logging_mixin.py:188} INFO - [2026-07-21T05:56:31.632+0000] {dag.py:3089} INFO - Sync 1 DAGs
[2026-07-21T05:56:31.662+0000] {logging_mixin.py:188} INFO - [2026-07-21T05:56:31.662+0000] {dag.py:3947} INFO - Setting next_dagrun for SCD2_snapshots to 2026-07-21 00:00:00+00:00, run_after=2026-07-22 00:00:00+00:00
[2026-07-21T05:56:31.687+0000] {processor.py:183} INFO - Processing /opt/airflow/dags/scd.py took 0.138 seconds
[2026-07-21T05:57:01.902+0000] {processor.py:161} INFO - Started process (PID=4061) to work on /opt/airflow/dags/scd.py
[2026-07-21T05:57:01.904+0000] {processor.py:830} INFO - Processing file /opt/airflow/dags/scd.py for tasks to queue
[2026-07-21T05:57:01.907+0000] {logging_mixin.py:188} INFO - [2026-07-21T05:57:01.906+0000] {dagbag.py:545} INFO - Filling up the DagBag from /opt/airflow/dags/scd.py
[2026-07-21T05:57:01.943+0000] {processor.py:840} INFO - DAG(s) 'SCD2_snapshots' retrieved from /opt/airflow/dags/scd.py
[2026-07-21T05:57:01.984+0000] {logging_mixin.py:188} INFO - [2026-07-21T05:57:01.983+0000] {dag.py:3089} INFO - Sync 1 DAGs
[2026-07-21T05:57:02.014+0000] {logging_mixin.py:188} INFO - [2026-07-21T05:57:02.013+0000] {dag.py:3947} INFO - Setting next_dagrun for SCD2_snapshots to 2026-07-21 00:00:00+00:00, run_after=2026-07-22 00:00:00+00:00
[2026-07-21T05:57:02.037+0000] {processor.py:183} INFO - Processing /opt/airflow/dags/scd.py took 0.145 seconds
[2026-07-21T05:57:32.214+0000] {processor.py:161} INFO - Started process (PID=4062) to work on /opt/airflow/dags/scd.py
[2026-07-21T05:57:32.215+0000] {processor.py:830} INFO - Processing file /opt/airflow/dags/scd.py for tasks to queue
[2026-07-21T05:57:32.218+0000] {logging_mixin.py:188} INFO - [2026-07-21T05:57:32.217+0000] {dagbag.py:545} INFO - Filling up the DagBag from /opt/airflow/dags/scd.py
[2026-07-21T05:57:32.246+0000] {processor.py:840} INFO - DAG(s) 'SCD2_snapshots' retrieved from /opt/airflow/dags/scd.py
[2026-07-21T05:57:32.291+0000] {logging_mixin.py:188} INFO - [2026-07-21T05:57:32.291+0000] {dag.py:3089} INFO - Sync 1 DAGs
[2026-07-21T05:57:32.321+0000] {logging_mixin.py:188} INFO - [2026-07-21T05:57:32.321+0000] {dag.py:3947} INFO - Setting next_dagrun for SCD2_snapshots to 2026-07-21 00:00:00+00:00, run_after=2026-07-22 00:00:00+00:00
[2026-07-21T05:57:32.349+0000] {processor.py:183} INFO - Processing /opt/airflow/dags/scd.py took 0.144 seconds
[2026-07-21T05:58:02.514+0000] {processor.py:161} INFO - Started process (PID=4067) to work on /opt/airflow/dags/scd.py
[2026-07-21T05:58:02.516+0000] {processor.py:830} INFO - Processing file /opt/airflow/dags/scd.py for tasks to queue
[2026-07-21T05:58:02.520+0000] {logging_mixin.py:188} INFO - [2026-07-21T05:58:02.520+0000] {dagbag.py:545} INFO - Filling up the DagBag from /opt/airflow/dags/scd.py
[2026-07-21T05:58:02.559+0000] {processor.py:840} INFO - DAG(s) 'SCD2_snapshots' retrieved from /opt/airflow/dags/scd.py
[2026-07-21T05:58:02.607+0000] {logging_mixin.py:188} INFO - [2026-07-21T05:58:02.607+0000] {dag.py:3089} INFO - Sync 1 DAGs
[2026-07-21T05:58:02.639+0000] {logging_mixin.py:188} INFO - [2026-07-21T05:58:02.638+0000] {dag.py:3947} INFO - Setting next_dagrun for SCD2_snapshots to 2026-07-21 00:00:00+00:00, run_after=2026-07-22 00:00:00+00:00
[2026-07-21T05:58:02.667+0000] {processor.py:183} INFO - Processing /opt/airflow/dags/scd.py took 0.163 seconds
[2026-07-21T05:58:32.980+0000] {processor.py:161} INFO - Started process (PID=4072) to work on /opt/airflow/dags/scd.py
[2026-07-21T05:58:32.983+0000] {processor.py:830} INFO - Processing file /opt/airflow/dags/scd.py for tasks to queue
[2026-07-21T05:58:32.987+0000] {logging_mixin.py:188} INFO - [2026-07-21T05:58:32.986+0000] {dagbag.py:545} INFO - Filling up the DagBag from /opt/airflow/dags/scd.py
[2026-07-21T05:58:33.027+0000] {processor.py:840} INFO - DAG(s) 'SCD2_snapshots' retrieved from /opt/airflow/dags/scd.py
[2026-07-21T05:58:33.075+0000] {logging_mixin.py:188} INFO - [2026-07-21T05:58:33.075+0000] {dag.py:3089} INFO - Sync 1 DAGs
[2026-07-21T05:58:33.107+0000] {logging_mixin.py:188} INFO - [2026-07-21T05:58:33.107+0000] {dag.py:3947} INFO - Setting next_dagrun for SCD2_snapshots to 2026-07-21 00:00:00+00:00, run_after=2026-07-22 00:00:00+00:00
[2026-07-21T05:58:33.137+0000] {processor.py:183} INFO - Processing /opt/airflow/dags/scd.py took 0.179 seconds
[2026-07-21T05:59:03.404+0000] {processor.py:161} INFO - Started process (PID=4077) to work on /opt/airflow/dags/scd.py
[2026-07-21T05:59:03.406+0000] {processor.py:830} INFO - Processing file /opt/airflow/dags/scd.py for tasks to queue
[2026-07-21T05:59:03.408+0000] {logging_mixin.py:188} INFO - [2026-07-21T05:59:03.408+0000] {dagbag.py:545} INFO - Filling up the DagBag from /opt/airflow/dags/scd.py
[2026-07-21T05:59:03.450+0000] {processor.py:840} INFO - DAG(s) 'SCD2_snapshots' retrieved from /opt/airflow/dags/scd.py
[2026-07-21T05:59:03.504+0000] {logging_mixin.py:188} INFO - [2026-07-21T05:59:03.504+0000] {dag.py:3089} INFO - Sync 1 DAGs
[2026-07-21T05:59:03.541+0000] {logging_mixin.py:188} INFO - [2026-07-21T05:59:03.541+0000] {dag.py:3947} INFO - Setting next_dagrun for SCD2_snapshots to 2026-07-21 00:00:00+00:00, run_after=2026-07-22 00:00:00+00:00
[2026-07-21T05:59:03.575+0000] {processor.py:183} INFO - Processing /opt/airflow/dags/scd.py took 0.183 seconds
[2026-07-21T05:59:33.947+0000] {processor.py:161} INFO - Started process (PID=4082) to work on /opt/airflow/dags/scd.py
[2026-07-21T05:59:33.949+0000] {processor.py:830} INFO - Processing file /opt/airflow/dags/scd.py for tasks to queue
[2026-07-21T05:59:33.952+0000] {logging_mixin.py:188} INFO - [2026-07-21T05:59:33.952+0000] {dagbag.py:545} INFO - Filling up the DagBag from /opt/airflow/dags/scd.py
[2026-07-21T05:59:33.992+0000] {processor.py:840} INFO - DAG(s) 'SCD2_snapshots' retrieved from /opt/airflow/dags/scd.py
[2026-07-21T05:59:34.037+0000] {logging_mixin.py:188} INFO - [2026-07-21T05:59:34.037+0000] {dag.py:3089} INFO - Sync 1 DAGs
[2026-07-21T05:59:34.070+0000] {logging_mixin.py:188} INFO - [2026-07-21T05:59:34.070+0000] {dag.py:3947} INFO - Setting next_dagrun for SCD2_snapshots to 2026-07-21 00:00:00+00:00, run_after=2026-07-22 00:00:00+00:00
[2026-07-21T05:59:34.098+0000] {processor.py:183} INFO - Processing /opt/airflow/dags/scd.py took 0.164 seconds
[2026-07-21T06:00:04.192+0000] {processor.py:161} INFO - Started process (PID=4087) to work on /opt/airflow/dags/scd.py
[2026-07-21T06:00:04.194+0000] {processor.py:830} INFO - Processing file /opt/airflow/dags/scd.py for tasks to queue
[2026-07-21T06:00:04.197+0000] {logging_mixin.py:188} INFO - [2026-07-21T06:00:04.197+0000] {dagbag.py:545} INFO - Filling up the DagBag from /opt/airflow/dags/scd.py
[2026-07-21T06:00:04.227+0000] {processor.py:840} INFO - DAG(s) 'SCD2_snapshots' retrieved from /opt/airflow/dags/scd.py
[2026-07-21T06:00:04.267+0000] {logging_mixin.py:188} INFO - [2026-07-21T06:00:04.267+0000] {dag.py:3089} INFO - Sync 1 DAGs
[2026-07-21T06:00:04.295+0000] {logging_mixin.py:188} INFO - [2026-07-21T06:00:04.294+0000] {dag.py:3947} INFO - Setting next_dagrun for SCD2_snapshots to 2026-07-21 00:00:00+00:00, run_after=2026-07-22 00:00:00+00:00
[2026-07-21T06:00:04.317+0000] {processor.py:183} INFO - Processing /opt/airflow/dags/scd.py took 0.133 seconds
[2026-07-21T06:00:34.419+0000] {processor.py:161} INFO - Started process (PID=4092) to work on /opt/airflow/dags/scd.py
[2026-07-21T06:00:34.421+0000] {processor.py:830} INFO - Processing file /opt/airflow/dags/scd.py for tasks to queue
[2026-07-21T06:00:34.427+0000] {logging_mixin.py:188} INFO - [2026-07-21T06:00:34.426+0000] {dagbag.py:545} INFO - Filling up the DagBag from /opt/airflow/dags/scd.py
[2026-07-21T06:00:34.470+0000] {processor.py:840} INFO - DAG(s) 'SCD2_snapshots' retrieved from /opt/airflow/dags/scd.py
[2026-07-21T06:00:34.522+0000] {logging_mixin.py:188} INFO - [2026-07-21T06:00:34.521+0000] {dag.py:3089} INFO - Sync 1 DAGs
[2026-07-21T06:00:34.555+0000] {logging_mixin.py:188} INFO - [2026-07-21T06:00:34.554+0000] {dag.py:3947} INFO - Setting next_dagrun for SCD2_snapshots to 2026-07-21 00:00:00+00:00, run_after=2026-07-22 00:00:00+00:00
[2026-07-21T06:00:34.594+0000] {processor.py:183} INFO - Processing /opt/airflow/dags/scd.py took 0.186 seconds
[2026-07-21T06:01:04.875+0000] {processor.py:161} INFO - Started process (PID=4097) to work on /opt/airflow/dags/scd.py
[2026-07-21T06:01:04.878+0000] {processor.py:830} INFO - Processing file /opt/airflow/dags/scd.py for tasks to queue
[2026-07-21T06:01:04.881+0000] {logging_mixin.py:188} INFO - [2026-07-21T06:01:04.880+0000] {dagbag.py:545} INFO - Filling up the DagBag from /opt/airflow/dags/scd.py
[2026-07-21T06:01:04.925+0000] {processor.py:840} INFO - DAG(s) 'SCD2_snapshots' retrieved from /opt/airflow/dags/scd.py
[2026-07-21T06:01:05.030+0000] {logging_mixin.py:188} INFO - [2026-07-21T06:01:05.029+0000] {dag.py:3089} INFO - Sync 1 DAGs
[2026-07-21T06:01:05.087+0000] {logging_mixin.py:188} INFO - [2026-07-21T06:01:05.087+0000] {dag.py:3947} INFO - Setting next_dagrun for SCD2_snapshots to 2026-07-21 00:00:00+00:00, run_after=2026-07-22 00:00:00+00:00
[2026-07-21T06:01:05.142+0000] {processor.py:183} INFO - Processing /opt/airflow/dags/scd.py took 0.276 seconds
[2026-07-21T06:01:35.522+0000] {processor.py:161} INFO - Started process (PID=4102) to work on /opt/airflow/dags/scd.py
[2026-07-21T06:01:35.524+0000] {processor.py:830} INFO - Processing file /opt/airflow/dags/scd.py for tasks to queue
[2026-07-21T06:01:35.527+0000] {logging_mixin.py:188} INFO - [2026-07-21T06:01:35.527+0000] {dagbag.py:545} INFO - Filling up the DagBag from /opt/airflow/dags/scd.py
[2026-07-21T06:01:35.561+0000] {processor.py:840} INFO - DAG(s) 'SCD2_snapshots' retrieved from /opt/airflow/dags/scd.py
[2026-07-21T06:01:35.608+0000] {logging_mixin.py:188} INFO - [2026-07-21T06:01:35.607+0000] {dag.py:3089} INFO - Sync 1 DAGs
[2026-07-21T06:01:35.636+0000] {logging_mixin.py:188} INFO - [2026-07-21T06:01:35.636+0000] {dag.py:3947} INFO - Setting next_dagrun for SCD2_snapshots to 2026-07-21 00:00:00+00:00, run_after=2026-07-22 00:00:00+00:00
[2026-07-21T06:01:35.672+0000] {processor.py:183} INFO - Processing /opt/airflow/dags/scd.py took 0.162 seconds
[2026-07-21T06:02:05.823+0000] {processor.py:161} INFO - Started process (PID=4107) to work on /opt/airflow/dags/scd.py
[2026-07-21T06:02:05.826+0000] {processor.py:830} INFO - Processing file /opt/airflow/dags/scd.py for tasks to queue
[2026-07-21T06:02:05.830+0000] {logging_mixin.py:188} INFO - [2026-07-21T06:02:05.830+0000] {dagbag.py:545} INFO - Filling up the DagBag from /opt/airflow/dags/scd.py
[2026-07-21T06:02:05.875+0000] {processor.py:840} INFO - DAG(s) 'SCD2_snapshots' retrieved from /opt/airflow/dags/scd.py
[2026-07-21T06:02:05.916+0000] {logging_mixin.py:188} INFO - [2026-07-21T06:02:05.915+0000] {dag.py:3089} INFO - Sync 1 DAGs
[2026-07-21T06:02:05.941+0000] {logging_mixin.py:188} INFO - [2026-07-21T06:02:05.940+0000] {dag.py:3947} INFO - Setting next_dagrun for SCD2_snapshots to 2026-07-21 00:00:00+00:00, run_after=2026-07-22 00:00:00+00:00
[2026-07-21T06:02:05.962+0000] {processor.py:183} INFO - Processing /opt/airflow/dags/scd.py took 0.154 seconds
[2026-07-21T06:02:36.141+0000] {processor.py:161} INFO - Started process (PID=4112) to work on /opt/airflow/dags/scd.py
[2026-07-21T06:02:36.144+0000] {processor.py:830} INFO - Processing file /opt/airflow/dags/scd.py for tasks to queue
[2026-07-21T06:02:36.146+0000] {logging_mixin.py:188} INFO - [2026-07-21T06:02:36.146+0000] {dagbag.py:545} INFO - Filling up the DagBag from /opt/airflow/dags/scd.py
[2026-07-21T06:02:36.177+0000] {processor.py:840} INFO - DAG(s) 'SCD2_snapshots' retrieved from /opt/airflow/dags/scd.py
[2026-07-21T06:02:36.218+0000] {logging_mixin.py:188} INFO - [2026-07-21T06:02:36.217+0000] {dag.py:3089} INFO - Sync 1 DAGs
[2026-07-21T06:02:36.246+0000] {logging_mixin.py:188} INFO - [2026-07-21T06:02:36.246+0000] {dag.py:3947} INFO - Setting next_dagrun for SCD2_snapshots to 2026-07-21 00:00:00+00:00, run_after=2026-07-22 00:00:00+00:00
[2026-07-21T06:02:36.272+0000] {processor.py:183} INFO - Processing /opt/airflow/dags/scd.py took 0.140 seconds
[2026-07-21T06:03:06.514+0000] {processor.py:161} INFO - Started process (PID=4117) to work on /opt/airflow/dags/scd.py
[2026-07-21T06:03:06.515+0000] {processor.py:830} INFO - Processing file /opt/airflow/dags/scd.py for tasks to queue
[2026-07-21T06:03:06.518+0000] {logging_mixin.py:188} INFO - [2026-07-21T06:03:06.517+0000] {dagbag.py:545} INFO - Filling up the DagBag from /opt/airflow/dags/scd.py
[2026-07-21T06:03:06.546+0000] {processor.py:840} INFO - DAG(s) 'SCD2_snapshots' retrieved from /opt/airflow/dags/scd.py
[2026-07-21T06:03:06.587+0000] {logging_mixin.py:188} INFO - [2026-07-21T06:03:06.587+0000] {dag.py:3089} INFO - Sync 1 DAGs
[2026-07-21T06:03:06.612+0000] {logging_mixin.py:188} INFO - [2026-07-21T06:03:06.612+0000] {dag.py:3947} INFO - Setting next_dagrun for SCD2_snapshots to 2026-07-21 00:00:00+00:00, run_after=2026-07-22 00:00:00+00:00
[2026-07-21T06:03:06.637+0000] {processor.py:183} INFO - Processing /opt/airflow/dags/scd.py took 0.131 seconds
[2026-07-21T06:03:36.848+0000] {processor.py:161} INFO - Started process (PID=4122) to work on /opt/airflow/dags/scd.py
[2026-07-21T06:03:36.850+0000] {processor.py:830} INFO - Processing file /opt/airflow/dags/scd.py for tasks to queue
[2026-07-21T06:03:36.852+0000] {logging_mixin.py:188} INFO - [2026-07-21T06:03:36.852+0000] {dagbag.py:545} INFO - Filling up the DagBag from /opt/airflow/dags/scd.py
[2026-07-21T06:03:36.884+0000] {processor.py:840} INFO - DAG(s) 'SCD2_snapshots' retrieved from /opt/airflow/dags/scd.py
[2026-07-21T06:03:36.923+0000] {logging_mixin.py:188} INFO - [2026-07-21T06:03:36.923+0000] {dag.py:3089} INFO - Sync 1 DAGs
[2026-07-21T06:03:36.947+0000] {logging_mixin.py:188} INFO - [2026-07-21T06:03:36.947+0000] {dag.py:3947} INFO - Setting next_dagrun for SCD2_snapshots to 2026-07-21 00:00:00+00:00, run_after=2026-07-22 00:00:00+00:00
[2026-07-21T06:03:36.975+0000] {processor.py:183} INFO - Processing /opt/airflow/dags/scd.py took 0.135 seconds
[2026-07-21T06:04:07.224+0000] {processor.py:161} INFO - Started process (PID=4127) to work on /opt/airflow/dags/scd.py
[2026-07-21T06:04:07.226+0000] {processor.py:830} INFO - Processing file /opt/airflow/dags/scd.py for tasks to queue
[2026-07-21T06:04:07.228+0000] {logging_mixin.py:188} INFO - [2026-07-21T06:04:07.228+0000] {dagbag.py:545} INFO - Filling up the DagBag from /opt/airflow/dags/scd.py
[2026-07-21T06:04:07.257+0000] {processor.py:840} INFO - DAG(s) 'SCD2_snapshots' retrieved from /opt/airflow/dags/scd.py
[2026-07-21T06:04:07.301+0000] {logging_mixin.py:188} INFO - [2026-07-21T06:04:07.300+0000] {dag.py:3089} INFO - Sync 1 DAGs
[2026-07-21T06:04:07.360+0000] {logging_mixin.py:188} INFO - [2026-07-21T06:04:07.359+0000] {dag.py:3947} INFO - Setting next_dagrun for SCD2_snapshots to 2026-07-21 00:00:00+00:00, run_after=2026-07-22 00:00:00+00:00
[2026-07-21T06:04:07.387+0000] {processor.py:183} INFO - Processing /opt/airflow/dags/scd.py took 0.172 seconds
[2026-07-21T06:04:37.719+0000] {processor.py:161} INFO - Started process (PID=4132) to work on /opt/airflow/dags/scd.py
[2026-07-21T06:04:37.721+0000] {processor.py:830} INFO - Processing file /opt/airflow/dags/scd.py for tasks to queue
[2026-07-21T06:04:37.724+0000] {logging_mixin.py:188} INFO - [2026-07-21T06:04:37.723+0000] {dagbag.py:545} INFO - Filling up the DagBag from /opt/airflow/dags/scd.py
[2026-07-21T06:04:37.753+0000] {processor.py:840} INFO - DAG(s) 'SCD2_snapshots' retrieved from /opt/airflow/dags/scd.py
[2026-07-21T06:04:37.792+0000] {logging_mixin.py:188} INFO - [2026-07-21T06:04:37.792+0000] {dag.py:3089} INFO - Sync 1 DAGs
[2026-07-21T06:04:37.820+0000] {logging_mixin.py:188} INFO - [2026-07-21T06:04:37.819+0000] {dag.py:3947} INFO - Setting next_dagrun for SCD2_snapshots to 2026-07-21 00:00:00+00:00, run_after=2026-07-22 00:00:00+00:00
[2026-07-21T06:04:37.845+0000] {processor.py:183} INFO - Processing /opt/airflow/dags/scd.py took 0.136 seconds
[2026-07-21T06:05:07.923+0000] {processor.py:161} INFO - Started process (PID=4137) to work on /opt/airflow/dags/scd.py
[2026-07-21T06:05:07.925+0000] {processor.py:830} INFO - Processing file /opt/airflow/dags/scd.py for tasks to queue
[2026-07-21T06:05:07.928+0000] {logging_mixin.py:188} INFO - [2026-07-21T06:05:07.927+0000] {dagbag.py:545} INFO - Filling up the DagBag from /opt/airflow/dags/scd.py
[2026-07-21T06:05:07.958+0000] {processor.py:840} INFO - DAG(s) 'SCD2_snapshots' retrieved from /opt/airflow/dags/scd.py
[2026-07-21T06:05:07.996+0000] {logging_mixin.py:188} INFO - [2026-07-21T06:05:07.996+0000] {dag.py:3089} INFO - Sync 1 DAGs
[2026-07-21T06:05:08.023+0000] {logging_mixin.py:188} INFO - [2026-07-21T06:05:08.022+0000] {dag.py:3947} INFO - Setting next_dagrun for SCD2_snapshots to 2026-07-21 00:00:00+00:00, run_after=2026-07-22 00:00:00+00:00
[2026-07-21T06:05:08.046+0000] {processor.py:183} INFO - Processing /opt/airflow/dags/scd.py took 0.130 seconds
[2026-07-21T06:05:38.122+0000] {processor.py:161} INFO - Started process (PID=4142) to work on /opt/airflow/dags/scd.py
[2026-07-21T06:05:38.124+0000] {processor.py:830} INFO - Processing file /opt/airflow/dags/scd.py for tasks to queue
[2026-07-21T06:05:38.126+0000] {logging_mixin.py:188} INFO - [2026-07-21T06:05:38.126+0000] {dagbag.py:545} INFO - Filling up the DagBag from /opt/airflow/dags/scd.py
[2026-07-21T06:05:38.157+0000] {processor.py:840} INFO - DAG(s) 'SCD2_snapshots' retrieved from /opt/airflow/dags/scd.py
[2026-07-21T06:05:38.210+0000] {logging_mixin.py:188} INFO - [2026-07-21T06:05:38.210+0000] {dag.py:3089} INFO - Sync 1 DAGs
[2026-07-21T06:05:38.251+0000] {logging_mixin.py:188} INFO - [2026-07-21T06:05:38.250+0000] {dag.py:3947} INFO - Setting next_dagrun for SCD2_snapshots to 2026-07-21 00:00:00+00:00, run_after=2026-07-22 00:00:00+00:00
[2026-07-21T06:05:38.279+0000] {processor.py:183} INFO - Processing /opt/airflow/dags/scd.py took 0.164 seconds
[2026-07-21T06:06:08.357+0000] {processor.py:161} INFO - Started process (PID=4147) to work on /opt/airflow/dags/scd.py
[2026-07-21T06:06:08.359+0000] {processor.py:830} INFO - Processing file /opt/airflow/dags/scd.py for tasks to queue
[2026-07-21T06:06:08.361+0000] {logging_mixin.py:188} INFO - [2026-07-21T06:06:08.361+0000] {dagbag.py:545} INFO - Filling up the DagBag from /opt/airflow/dags/scd.py
[2026-07-21T06:06:08.390+0000] {processor.py:840} INFO - DAG(s) 'SCD2_snapshots' retrieved from /opt/airflow/dags/scd.py
[2026-07-21T06:06:08.430+0000] {logging_mixin.py:188} INFO - [2026-07-21T06:06:08.429+0000] {dag.py:3089} INFO - Sync 1 DAGs
[2026-07-21T06:06:08.456+0000] {logging_mixin.py:188} INFO - [2026-07-21T06:06:08.455+0000] {dag.py:3947} INFO - Setting next_dagrun for SCD2_snapshots to 2026-07-21 00:00:00+00:00, run_after=2026-07-22 00:00:00+00:00
[2026-07-21T06:06:08.483+0000] {processor.py:183} INFO - Processing /opt/airflow/dags/scd.py took 0.134 seconds
[2026-07-21T06:06:38.654+0000] {processor.py:161} INFO - Started process (PID=4152) to work on /opt/airflow/dags/scd.py
[2026-07-21T06:06:38.656+0000] {processor.py:830} INFO - Processing file /opt/airflow/dags/scd.py for tasks to queue
[2026-07-21T06:06:38.660+0000] {logging_mixin.py:188} INFO - [2026-07-21T06:06:38.659+0000] {dagbag.py:545} INFO - Filling up the DagBag from /opt/airflow/dags/scd.py
[2026-07-21T06:06:38.692+0000] {processor.py:840} INFO - DAG(s) 'SCD2_snapshots' retrieved from /opt/airflow/dags/scd.py
[2026-07-21T06:06:38.736+0000] {logging_mixin.py:188} INFO - [2026-07-21T06:06:38.735+0000] {dag.py:3089} INFO - Sync 1 DAGs
[2026-07-21T06:06:38.769+0000] {logging_mixin.py:188} INFO - [2026-07-21T06:06:38.769+0000] {dag.py:3947} INFO - Setting next_dagrun for SCD2_snapshots to 2026-07-21 00:00:00+00:00, run_after=2026-07-22 00:00:00+00:00
[2026-07-21T06:06:38.795+0000] {processor.py:183} INFO - Processing /opt/airflow/dags/scd.py took 0.154 seconds
[2026-07-21T06:07:09.120+0000] {processor.py:161} INFO - Started process (PID=4157) to work on /opt/airflow/dags/scd.py
[2026-07-21T06:07:09.122+0000] {processor.py:830} INFO - Processing file /opt/airflow/dags/scd.py for tasks to queue
[2026-07-21T06:07:09.124+0000] {logging_mixin.py:188} INFO - [2026-07-21T06:07:09.124+0000] {dagbag.py:545} INFO - Filling up the DagBag from /opt/airflow/dags/scd.py
[2026-07-21T06:07:09.150+0000] {processor.py:840} INFO - DAG(s) 'SCD2_snapshots' retrieved from /opt/airflow/dags/scd.py
[2026-07-21T06:07:09.187+0000] {logging_mixin.py:188} INFO - [2026-07-21T06:07:09.187+0000] {dag.py:3089} INFO - Sync 1 DAGs
[2026-07-21T06:07:09.216+0000] {logging_mixin.py:188} INFO - [2026-07-21T06:07:09.216+0000] {dag.py:3947} INFO - Setting next_dagrun for SCD2_snapshots to 2026-07-21 00:00:00+00:00, run_after=2026-07-22 00:00:00+00:00
[2026-07-21T06:07:09.240+0000] {processor.py:183} INFO - Processing /opt/airflow/dags/scd.py took 0.128 seconds
[2026-07-21T06:07:39.560+0000] {processor.py:161} INFO - Started process (PID=4162) to work on /opt/airflow/dags/scd.py
[2026-07-21T06:07:39.562+0000] {processor.py:830} INFO - Processing file /opt/airflow/dags/scd.py for tasks to queue
[2026-07-21T06:07:39.565+0000] {logging_mixin.py:188} INFO - [2026-07-21T06:07:39.564+0000] {dagbag.py:545} INFO - Filling up the DagBag from /opt/airflow/dags/scd.py
[2026-07-21T06:07:39.594+0000] {processor.py:840} INFO - DAG(s) 'SCD2_snapshots' retrieved from /opt/airflow/dags/scd.py
[2026-07-21T06:07:39.634+0000] {logging_mixin.py:188} INFO - [2026-07-21T06:07:39.634+0000] {dag.py:3089} INFO - Sync 1 DAGs
[2026-07-21T06:07:39.662+0000] {logging_mixin.py:188} INFO - [2026-07-21T06:07:39.662+0000] {dag.py:3947} INFO - Setting next_dagrun for SCD2_snapshots to 2026-07-21 00:00:00+00:00, run_after=2026-07-22 00:00:00+00:00
[2026-07-21T06:07:39.690+0000] {processor.py:183} INFO - Processing /opt/airflow/dags/scd.py took 0.139 seconds
[2026-07-21T06:08:09.888+0000] {processor.py:161} INFO - Started process (PID=4167) to work on /opt/airflow/dags/scd.py
[2026-07-21T06:08:09.890+0000] {processor.py:830} INFO - Processing file /opt/airflow/dags/scd.py for tasks to queue
[2026-07-21T06:08:09.893+0000] {logging_mixin.py:188} INFO - [2026-07-21T06:08:09.893+0000] {dagbag.py:545} INFO - Filling up the DagBag from /opt/airflow/dags/scd.py
[2026-07-21T06:08:09.919+0000] {processor.py:840} INFO - DAG(s) 'SCD2_snapshots' retrieved from /opt/airflow/dags/scd.py
[2026-07-21T06:08:09.956+0000] {logging_mixin.py:188} INFO - [2026-07-21T06:08:09.956+0000] {dag.py:3089} INFO - Sync 1 DAGs
[2026-07-21T06:08:09.983+0000] {logging_mixin.py:188} INFO - [2026-07-21T06:08:09.982+0000] {dag.py:3947} INFO - Setting next_dagrun for SCD2_snapshots to 2026-07-21 00:00:00+00:00, run_after=2026-07-22 00:00:00+00:00
[2026-07-21T06:08:10.011+0000] {processor.py:183} INFO - Processing /opt/airflow/dags/scd.py took 0.129 seconds
[2026-07-21T06:08:40.331+0000] {processor.py:161} INFO - Started process (PID=4172) to work on /opt/airflow/dags/scd.py
[2026-07-21T06:08:40.333+0000] {processor.py:830} INFO - Processing file /opt/airflow/dags/scd.py for tasks to queue
[2026-07-21T06:08:40.336+0000] {logging_mixin.py:188} INFO - [2026-07-21T06:08:40.336+0000] {dagbag.py:545} INFO - Filling up the DagBag from /opt/airflow/dags/scd.py
[2026-07-21T06:08:40.364+0000] {processor.py:840} INFO - DAG(s) 'SCD2_snapshots' retrieved from /opt/airflow/dags/scd.py
[2026-07-21T06:08:40.403+0000] {logging_mixin.py:188} INFO - [2026-07-21T06:08:40.402+0000] {dag.py:3089} INFO - Sync 1 DAGs
[2026-07-21T06:08:40.427+0000] {logging_mixin.py:188} INFO - [2026-07-21T06:08:40.427+0000] {dag.py:3947} INFO - Setting next_dagrun for SCD2_snapshots to 2026-07-21 00:00:00+00:00, run_after=2026-07-22 00:00:00+00:00
[2026-07-21T06:08:40.452+0000] {processor.py:183} INFO - Processing /opt/airflow/dags/scd.py took 0.128 seconds
[2026-07-21T06:09:10.613+0000] {processor.py:161} INFO - Started process (PID=4177) to work on /opt/airflow/dags/scd.py
[2026-07-21T06:09:10.614+0000] {processor.py:830} INFO - Processing file /opt/airflow/dags/scd.py for tasks to queue
[2026-07-21T06:09:10.616+0000] {logging_mixin.py:188} INFO - [2026-07-21T06:09:10.616+0000] {dagbag.py:545} INFO - Filling up the DagBag from /opt/airflow/dags/scd.py
[2026-07-21T06:09:10.642+0000] {processor.py:840} INFO - DAG(s) 'SCD2_snapshots' retrieved from /opt/airflow/dags/scd.py
[2026-07-21T06:09:10.679+0000] {logging_mixin.py:188} INFO - [2026-07-21T06:09:10.679+0000] {dag.py:3089} INFO - Sync 1 DAGs
[2026-07-21T06:09:10.706+0000] {logging_mixin.py:188} INFO - [2026-07-21T06:09:10.706+0000] {dag.py:3947} INFO - Setting next_dagrun for SCD2_snapshots to 2026-07-21 00:00:00+00:00, run_after=2026-07-22 00:00:00+00:00
[2026-07-21T06:09:10.730+0000] {processor.py:183} INFO - Processing /opt/airflow/dags/scd.py took 0.124 seconds
[2026-07-21T06:09:40.982+0000] {processor.py:161} INFO - Started process (PID=4182) to work on /opt/airflow/dags/scd.py
[2026-07-21T06:09:40.985+0000] {processor.py:830} INFO - Processing file /opt/airflow/dags/scd.py for tasks to queue
[2026-07-21T06:09:40.989+0000] {logging_mixin.py:188} INFO - [2026-07-21T06:09:40.988+0000] {dagbag.py:545} INFO - Filling up the DagBag from /opt/airflow/dags/scd.py
[2026-07-21T06:09:41.029+0000] {processor.py:840} INFO - DAG(s) 'SCD2_snapshots' retrieved from /opt/airflow/dags/scd.py
[2026-07-21T06:09:41.072+0000] {logging_mixin.py:188} INFO - [2026-07-21T06:09:41.072+0000] {dag.py:3089} INFO - Sync 1 DAGs
[2026-07-21T06:09:41.103+0000] {logging_mixin.py:188} INFO - [2026-07-21T06:09:41.102+0000] {dag.py:3947} INFO - Setting next_dagrun for SCD2_snapshots to 2026-07-21 00:00:00+00:00, run_after=2026-07-22 00:00:00+00:00
[2026-07-21T06:09:41.128+0000] {processor.py:183} INFO - Processing /opt/airflow/dags/scd.py took 0.153 seconds
[2026-07-21T06:10:11.399+0000] {processor.py:161} INFO - Started process (PID=4187) to work on /opt/airflow/dags/scd.py
[2026-07-21T06:10:11.401+0000] {processor.py:830} INFO - Processing file /opt/airflow/dags/scd.py for tasks to queue
[2026-07-21T06:10:11.404+0000] {logging_mixin.py:188} INFO - [2026-07-21T06:10:11.403+0000] {dagbag.py:545} INFO - Filling up the DagBag from /opt/airflow/dags/scd.py
[2026-07-21T06:10:11.430+0000] {processor.py:840} INFO - DAG(s) 'SCD2_snapshots' retrieved from /opt/airflow/dags/scd.py
[2026-07-21T06:10:11.471+0000] {logging_mixin.py:188} INFO - [2026-07-21T06:10:11.471+0000] {dag.py:3089} INFO - Sync 1 DAGs
[2026-07-21T06:10:11.500+0000] {logging_mixin.py:188} INFO - [2026-07-21T06:10:11.500+0000] {dag.py:3947} INFO - Setting next_dagrun for SCD2_snapshots to 2026-07-21 00:00:00+00:00, run_after=2026-07-22 00:00:00+00:00
[2026-07-21T06:10:11.524+0000] {processor.py:183} INFO - Processing /opt/airflow/dags/scd.py took 0.137 seconds
[2026-07-21T06:10:41.655+0000] {processor.py:161} INFO - Started process (PID=4192) to work on /opt/airflow/dags/scd.py
[2026-07-21T06:10:41.656+0000] {processor.py:830} INFO - Processing file /opt/airflow/dags/scd.py for tasks to queue
[2026-07-21T06:10:41.659+0000] {logging_mixin.py:188} INFO - [2026-07-21T06:10:41.658+0000] {dagbag.py:545} INFO - Filling up the DagBag from /opt/airflow/dags/scd.py
[2026-07-21T06:10:41.685+0000] {processor.py:840} INFO - DAG(s) 'SCD2_snapshots' retrieved from /opt/airflow/dags/scd.py
[2026-07-21T06:10:41.723+0000] {logging_mixin.py:188} INFO - [2026-07-21T06:10:41.723+0000] {dag.py:3089} INFO - Sync 1 DAGs
[2026-07-21T06:10:41.748+0000] {logging_mixin.py:188} INFO - [2026-07-21T06:10:41.748+0000] {dag.py:3947} INFO - Setting next_dagrun for SCD2_snapshots to 2026-07-21 00:00:00+00:00, run_after=2026-07-22 00:00:00+00:00
[2026-07-21T06:10:41.774+0000] {processor.py:183} INFO - Processing /opt/airflow/dags/scd.py took 0.126 seconds
[2026-07-21T06:11:12.145+0000] {processor.py:161} INFO - Started process (PID=4197) to work on /opt/airflow/dags/scd.py
[2026-07-21T06:11:12.147+0000] {processor.py:830} INFO - Processing file /opt/airflow/dags/scd.py for tasks to queue
[2026-07-21T06:11:12.154+0000] {logging_mixin.py:188} INFO - [2026-07-21T06:11:12.153+0000] {dagbag.py:545} INFO - Filling up the DagBag from /opt/airflow/dags/scd.py
[2026-07-21T06:11:12.196+0000] {processor.py:840} INFO - DAG(s) 'SCD2_snapshots' retrieved from /opt/airflow/dags/scd.py
[2026-07-21T06:11:12.251+0000] {logging_mixin.py:188} INFO - [2026-07-21T06:11:12.250+0000] {dag.py:3089} INFO - Sync 1 DAGs
[2026-07-21T06:11:12.297+0000] {logging_mixin.py:188} INFO - [2026-07-21T06:11:12.296+0000] {dag.py:3947} INFO - Setting next_dagrun for SCD2_snapshots to 2026-07-21 00:00:00+00:00, run_after=2026-07-22 00:00:00+00:00
[2026-07-21T06:11:12.335+0000] {processor.py:183} INFO - Processing /opt/airflow/dags/scd.py took 0.203 seconds
[2026-07-21T06:11:42.490+0000] {processor.py:161} INFO - Started process (PID=4202) to work on /opt/airflow/dags/scd.py
[2026-07-21T06:11:42.493+0000] {processor.py:830} INFO - Processing file /opt/airflow/dags/scd.py for tasks to queue
[2026-07-21T06:11:42.496+0000] {logging_mixin.py:188} INFO - [2026-07-21T06:11:42.495+0000] {dagbag.py:545} INFO - Filling up the DagBag from /opt/airflow/dags/scd.py
[2026-07-21T06:11:42.526+0000] {processor.py:840} INFO - DAG(s) 'SCD2_snapshots' retrieved from /opt/airflow/dags/scd.py
[2026-07-21T06:11:42.565+0000] {logging_mixin.py:188} INFO - [2026-07-21T06:11:42.565+0000] {dag.py:3089} INFO - Sync 1 DAGs
[2026-07-21T06:11:42.597+0000] {logging_mixin.py:188} INFO - [2026-07-21T06:11:42.596+0000] {dag.py:3947} INFO - Setting next_dagrun for SCD2_snapshots to 2026-07-21 00:00:00+00:00, run_after=2026-07-22 00:00:00+00:00
[2026-07-21T06:11:42.623+0000] {processor.py:183} INFO - Processing /opt/airflow/dags/scd.py took 0.141 seconds
[2026-07-21T06:12:12.885+0000] {processor.py:161} INFO - Started process (PID=4207) to work on /opt/airflow/dags/scd.py
[2026-07-21T06:12:12.886+0000] {processor.py:830} INFO - Processing file /opt/airflow/dags/scd.py for tasks to queue
[2026-07-21T06:12:12.889+0000] {logging_mixin.py:188} INFO - [2026-07-21T06:12:12.888+0000] {dagbag.py:545} INFO - Filling up the DagBag from /opt/airflow/dags/scd.py
[2026-07-21T06:12:12.914+0000] {processor.py:840} INFO - DAG(s) 'SCD2_snapshots' retrieved from /opt/airflow/dags/scd.py
[2026-07-21T06:12:12.960+0000] {logging_mixin.py:188} INFO - [2026-07-21T06:12:12.959+0000] {dag.py:3089} INFO - Sync 1 DAGs
[2026-07-21T06:12:13.009+0000] {logging_mixin.py:188} INFO - [2026-07-21T06:12:13.008+0000] {dag.py:3947} INFO - Setting next_dagrun for SCD2_snapshots to 2026-07-21 00:00:00+00:00, run_after=2026-07-22 00:00:00+00:00
[2026-07-21T06:12:13.047+0000] {processor.py:183} INFO - Processing /opt/airflow/dags/scd.py took 0.169 seconds
